country,year,regime_irr,eff_regime,is_floating_irr,has_policy_autonomy,meets_hypothesis
Algeria,1973,12,3.299999952316284,TRUE,TRUE,TRUE
Algeria,1974,10,3.6700000762939453,FALSE,FALSE,FALSE
Algeria,1975,10,3.630000114440918,FALSE,FALSE,FALSE
Algeria,1976,10,3.619999885559082,FALSE,FALSE,FALSE
Algeria,1977,10,3.609999895095825,FALSE,FALSE,FALSE
Algeria,1978,10,3.6600000858306885,FALSE,FALSE,FALSE
Algeria,1979,10,3.6600000858306885,FALSE,FALSE,FALSE
Algeria,1980,10,3.640000104904175,FALSE,FALSE,FALSE
Algeria,1981,10,3.7100000381469727,FALSE,FALSE,FALSE
Algeria,1982,10,3.690000057220459,FALSE,FALSE,FALSE
Algeria,1983,10,3.819999933242798,FALSE,FALSE,FALSE
Algeria,1984,10,3.8299999237060547,FALSE,FALSE,FALSE
Algeria,1985,10,3.8299999237060547,FALSE,FALSE,FALSE
Algeria,1986,10,3.8499999046325684,FALSE,FALSE,FALSE
Algeria,1987,10,3.859999895095825,FALSE,FALSE,FALSE
Algeria,1988,12,3.8499999046325684,TRUE,FALSE,FALSE
Algeria,1989,12,3.8399999141693115,TRUE,FALSE,FALSE
Algeria,1990,12,3.809999942779541,TRUE,FALSE,FALSE
Algeria,1991,12,3.7899999618530273,TRUE,FALSE,FALSE
Algeria,1992,12,3.799999952316284,TRUE,FALSE,FALSE
Algeria,1993,12,3.809999942779541,TRUE,FALSE,FALSE
Algeria,1995,8,2.6700000762939453,FALSE,TRUE,FALSE
Algeria,1996,8,2.7100000381469727,FALSE,TRUE,FALSE
Algeria,1997,8,2.700000047683716,FALSE,TRUE,FALSE
Algeria,1998,8,2.7200000286102295,FALSE,TRUE,FALSE
Algeria,1999,8,2.7300000190734863,FALSE,FALSE,FALSE
Algeria,2000,8,2.7799999713897705,FALSE,FALSE,FALSE
Algeria,2001,8,2.759999990463257,FALSE,FALSE,FALSE
Algeria,2002,8,3.5299999713897705,FALSE,FALSE,FALSE
Algeria,2003,8,3.509999990463257,FALSE,FALSE,FALSE
Algeria,2004,8,3.549999952316284,FALSE,FALSE,FALSE
Algeria,2005,8,3.5299999713897705,FALSE,FALSE,FALSE
Algeria,2006,8,3.5,FALSE,FALSE,FALSE
Algeria,2007,8,3.4600000381469727,FALSE,FALSE,FALSE
Algeria,2008,8,3.430000066757202,FALSE,FALSE,FALSE
Algeria,2009,8,3.390000104904175,FALSE,FALSE,FALSE
Algeria,2010,8,3.380000114440918,FALSE,FALSE,FALSE
Algeria,2011,8,3.369999885559082,FALSE,FALSE,FALSE
Algeria,2012,8,2.9600000381469727,FALSE,FALSE,FALSE
Algeria,2013,8,2.9600000381469727,FALSE,FALSE,FALSE
Algeria,2014,8,2.950000047683716,FALSE,FALSE,FALSE
Algeria,2015,8,2.9700000286102295,FALSE,FALSE,FALSE
Algeria,2016,8,2.950000047683716,FALSE,FALSE,FALSE
Algeria,2017,8,2.7699999809265137,FALSE,FALSE,FALSE
Algeria,2018,8,2.809999942779541,FALSE,FALSE,FALSE
Algeria,2019,8,2.8399999141693115,FALSE,FALSE,FALSE
Argentina,1979,5,3,FALSE,FALSE,FALSE
Argentina,1980,5,2.930000066757202,FALSE,FALSE,FALSE
Argentina,1985,2,2.9000000953674316,FALSE,FALSE,FALSE
Argentina,1991,2,2.75,FALSE,FALSE,FALSE
Argentina,1992,2,2.7100000381469727,FALSE,FALSE,FALSE
Argentina,1993,2,2.630000114440918,FALSE,FALSE,FALSE
Argentina,1994,2,2.4700000286102295,FALSE,FALSE,FALSE
Argentina,1995,2,2.450000047683716,FALSE,FALSE,FALSE
Argentina,1996,2,2.5,FALSE,FALSE,FALSE
Argentina,1997,2,2.5299999713897705,FALSE,FALSE,FALSE
Argentina,1998,2,2.559999942779541,FALSE,FALSE,FALSE
Argentina,1999,2,2.7300000190734863,FALSE,FALSE,FALSE
Argentina,2000,2,2.7899999618530273,FALSE,FALSE,FALSE
Argentina,2001,2,2.7699999809265137,FALSE,FALSE,FALSE
Argentina,2003,8,3.299999952316284,FALSE,FALSE,FALSE
Argentina,2004,8,3.319999933242798,FALSE,FALSE,FALSE
Argentina,2005,8,3.359999895095825,FALSE,FALSE,FALSE
Argentina,2006,8,3.359999895095825,FALSE,FALSE,FALSE
Argentina,2007,8,3.3499999046325684,FALSE,FALSE,FALSE
Argentina,2008,8,3.3299999237060547,FALSE,FALSE,FALSE
Argentina,2009,8,2.950000047683716,FALSE,FALSE,FALSE
Argentina,2010,8,2.930000066757202,FALSE,FALSE,FALSE
Argentina,2011,8,2.930000066757202,FALSE,FALSE,FALSE
Argentina,2012,8,2.9200000762939453,FALSE,FALSE,FALSE
Argentina,2013,8,2.9000000953674316,FALSE,FALSE,FALSE
Argentina,2014,8,2.880000114440918,FALSE,FALSE,FALSE
Argentina,2015,8,2.859999895095825,FALSE,FALSE,FALSE
Australia,1973,2,2.549999952316284,FALSE,FALSE,FALSE
Australia,1974,2,2.5199999809265137,FALSE,FALSE,FALSE
Australia,1975,8,2.759999990463257,FALSE,FALSE,FALSE
Australia,1976,8,2.740000009536743,FALSE,FALSE,FALSE
Australia,1977,8,2.7200000286102295,FALSE,FALSE,FALSE
Australia,1978,8,3.109999895095825,FALSE,FALSE,FALSE
Australia,1979,8,3.069999933242798,FALSE,FALSE,FALSE
Australia,1980,8,3.0299999713897705,FALSE,FALSE,FALSE
Australia,1981,8,3.0199999809265137,FALSE,FALSE,FALSE
Australia,1982,8,3,FALSE,FALSE,FALSE
Australia,1983,12,3.4600000381469727,TRUE,FALSE,FALSE
Australia,1984,13,3.9600000381469727,TRUE,TRUE,TRUE
Australia,1985,13,3.9600000381469727,TRUE,TRUE,TRUE
Australia,1986,13,3.9600000381469727,TRUE,TRUE,TRUE
Australia,1987,13,3.950000047683716,TRUE,TRUE,TRUE
Australia,1988,13,3.950000047683716,TRUE,TRUE,TRUE
Australia,1989,13,3.950000047683716,TRUE,TRUE,TRUE
Australia,1990,13,3.950000047683716,TRUE,TRUE,TRUE
Australia,1991,13,3.950000047683716,TRUE,TRUE,TRUE
Australia,1992,13,3.950000047683716,TRUE,TRUE,TRUE
Australia,1993,13,3.950000047683716,TRUE,TRUE,TRUE
Australia,1994,13,3.950000047683716,TRUE,TRUE,TRUE
Australia,1995,13,3.940000057220459,TRUE,TRUE,TRUE
Australia,1996,13,3.940000057220459,TRUE,TRUE,TRUE
Australia,1997,13,3.940000057220459,TRUE,TRUE,TRUE
Australia,1998,13,3.940000057220459,TRUE,TRUE,TRUE
Australia,1999,13,3.950000047683716,TRUE,TRUE,TRUE
Australia,2000,13,3.9600000381469727,TRUE,TRUE,TRUE
Australia,2001,13,3.9600000381469727,TRUE,TRUE,TRUE
Australia,2002,13,3.9600000381469727,TRUE,TRUE,TRUE
Australia,2003,13,3.9600000381469727,TRUE,TRUE,TRUE
Australia,2004,13,3.9600000381469727,TRUE,TRUE,TRUE
Australia,2005,13,3.9600000381469727,TRUE,TRUE,TRUE
Australia,2006,13,3.9600000381469727,TRUE,TRUE,TRUE
Australia,2007,13,3.9600000381469727,TRUE,TRUE,TRUE
Australia,2008,13,3.9700000286102295,TRUE,TRUE,TRUE
Australia,2009,13,3.9700000286102295,TRUE,TRUE,TRUE
Australia,2010,13,3.9600000381469727,TRUE,TRUE,TRUE
Australia,2011,13,3.9600000381469727,TRUE,TRUE,TRUE
Australia,2012,13,3.9600000381469727,TRUE,TRUE,TRUE
Australia,2013,13,3.9700000286102295,TRUE,TRUE,TRUE
Australia,2014,13,3.9700000286102295,TRUE,TRUE,TRUE
Australia,2015,13,3.9700000286102295,TRUE,TRUE,TRUE
Australia,2016,13,3.9700000286102295,TRUE,TRUE,TRUE
Australia,2017,13,3.950000047683716,TRUE,TRUE,TRUE
Australia,2018,13,3.9600000381469727,TRUE,TRUE,TRUE
Australia,2019,13,3.9600000381469727,TRUE,TRUE,TRUE
Austria,1973,7,2.75,FALSE,TRUE,FALSE
Austria,1974,7,2.700000047683716,FALSE,TRUE,FALSE
Austria,1975,7,2.7100000381469727,FALSE,TRUE,FALSE
Austria,1976,7,2.7200000286102295,FALSE,TRUE,FALSE
Austria,1977,7,2.7300000190734863,FALSE,TRUE,FALSE
Austria,1978,7,2.7200000286102295,FALSE,TRUE,FALSE
Austria,1979,7,2.7200000286102295,FALSE,TRUE,FALSE
Austria,1980,7,2.7200000286102295,FALSE,TRUE,FALSE
Austria,1981,4,2.259999990463257,FALSE,TRUE,FALSE
Austria,1982,4,2.2300000190734863,FALSE,TRUE,FALSE
Austria,1983,4,2,FALSE,TRUE,FALSE
Austria,1984,4,1.9700000286102295,FALSE,TRUE,FALSE
Austria,1985,4,1.9500000476837158,FALSE,TRUE,FALSE
Austria,1986,4,1.9500000476837158,FALSE,TRUE,FALSE
Austria,1987,4,1.850000023841858,FALSE,TRUE,FALSE
Austria,1988,4,1.840000033378601,FALSE,TRUE,FALSE
Austria,1989,4,1.8300000429153442,FALSE,TRUE,FALSE
Austria,1990,4,1.840000033378601,FALSE,TRUE,FALSE
Austria,1991,4,1.850000023841858,FALSE,TRUE,FALSE
Austria,1992,4,1.840000033378601,FALSE,TRUE,FALSE
Austria,1993,4,1.8600000143051147,FALSE,TRUE,FALSE
Austria,1994,4,1.850000023841858,FALSE,TRUE,FALSE
Austria,1995,4,1.8799999952316284,FALSE,TRUE,FALSE
Austria,1996,4,1.8899999856948853,FALSE,TRUE,FALSE
Austria,1997,4,1.7400000095367432,FALSE,TRUE,FALSE
Austria,1998,4,1.7200000286102295,FALSE,TRUE,FALSE
Austria,1999,1,1.7300000190734863,FALSE,FALSE,FALSE
Austria,2000,1,1.7699999809265137,FALSE,FALSE,FALSE
Austria,2001,1,1.7400000095367432,FALSE,FALSE,FALSE
Austria,2002,1,1.7000000476837158,FALSE,FALSE,FALSE
Austria,2003,1,1.7599999904632568,FALSE,FALSE,FALSE
Austria,2004,1,1.7200000286102295,FALSE,FALSE,FALSE
Austria,2005,1,1.690000057220459,FALSE,FALSE,FALSE
Austria,2006,1,1.6699999570846558,FALSE,FALSE,FALSE
Austria,2007,1,1.6699999570846558,FALSE,FALSE,FALSE
Austria,2008,1,1.690000057220459,FALSE,FALSE,FALSE
Austria,2009,1,1.690000057220459,FALSE,FALSE,FALSE
Austria,2010,1,1.7000000476837158,FALSE,FALSE,FALSE
Austria,2011,1,1.7100000381469727,FALSE,FALSE,FALSE
Austria,2012,1,1.590000033378601,FALSE,FALSE,FALSE
Austria,2013,1,1.6100000143051147,FALSE,FALSE,FALSE
Austria,2014,1,1.5499999523162842,FALSE,FALSE,FALSE
Austria,2015,1,1.6699999570846558,FALSE,FALSE,FALSE
Austria,2016,1,1.6399999856948853,FALSE,FALSE,FALSE
Austria,2017,1,1.5800000429153442,FALSE,FALSE,FALSE
Austria,2018,1,1.590000033378601,FALSE,FALSE,FALSE
Austria,2019,1,1.559999942779541,FALSE,FALSE,FALSE
Bangladesh,1976,7,3.5,FALSE,TRUE,FALSE
Bangladesh,1977,7,3.569999933242798,FALSE,TRUE,FALSE
Bangladesh,1978,7,3.5799999237060547,FALSE,TRUE,FALSE
Bangladesh,1979,7,3.700000047683716,FALSE,TRUE,FALSE
Bangladesh,1980,7,3.690000057220459,FALSE,TRUE,FALSE
Bangladesh,1981,7,3.700000047683716,FALSE,TRUE,FALSE
Bangladesh,1982,7,3.7100000381469727,FALSE,TRUE,FALSE
Bangladesh,1983,7,2.8499999046325684,FALSE,FALSE,FALSE
Bangladesh,1984,7,2.880000114440918,FALSE,FALSE,FALSE
Bangladesh,1985,7,2.9100000858306885,FALSE,FALSE,FALSE
Bangladesh,1986,7,2.9100000858306885,FALSE,FALSE,FALSE
Bangladesh,1987,7,2.9700000286102295,FALSE,FALSE,FALSE
Bangladesh,1988,7,2.9700000286102295,FALSE,FALSE,FALSE
Bangladesh,1989,7,3.0199999809265137,FALSE,FALSE,FALSE
Bangladesh,1990,7,2.9800000190734863,FALSE,FALSE,FALSE
Bangladesh,1991,7,3.009999990463257,FALSE,FALSE,FALSE
Bangladesh,1992,7,2.9800000190734863,FALSE,FALSE,FALSE
Bangladesh,1993,7,2.8499999046325684,FALSE,FALSE,FALSE
Bangladesh,1994,7,2.759999990463257,FALSE,FALSE,FALSE
Bangladesh,1995,7,2.7100000381469727,FALSE,FALSE,FALSE
Bangladesh,1996,7,2.690000057220459,FALSE,FALSE,FALSE
Bangladesh,1997,7,2.6700000762939453,FALSE,FALSE,FALSE
Bangladesh,1998,7,2.809999942779541,FALSE,FALSE,FALSE
Bangladesh,1999,7,2.7699999809265137,FALSE,FALSE,FALSE
Bangladesh,2000,7,2.759999990463257,FALSE,FALSE,FALSE
Bangladesh,2001,7,2.7899999618530273,FALSE,FALSE,FALSE
Bangladesh,2002,7,2.8299999237060547,FALSE,FALSE,FALSE
Bangladesh,2003,7,2.809999942779541,FALSE,FALSE,FALSE
Bangladesh,2004,7,2.75,FALSE,FALSE,FALSE
Bangladesh,2005,7,2.7300000190734863,FALSE,FALSE,FALSE
Bangladesh,2006,7,2.6700000762939453,FALSE,FALSE,FALSE
Bangladesh,2007,7,2.609999895095825,FALSE,FALSE,FALSE
Bangladesh,2008,7,2.5899999141693115,FALSE,FALSE,FALSE
Bangladesh,2009,7,2.7300000190734863,FALSE,FALSE,FALSE
Bangladesh,2010,7,2.759999990463257,FALSE,FALSE,FALSE
Bangladesh,2011,7,2.759999990463257,FALSE,FALSE,FALSE
Bangladesh,2012,4,2.4000000953674316,FALSE,FALSE,FALSE
Bangladesh,2013,4,2.369999885559082,FALSE,FALSE,FALSE
Bangladesh,2014,4,2.359999895095825,FALSE,FALSE,FALSE
Bangladesh,2015,4,2.359999895095825,FALSE,FALSE,FALSE
Bangladesh,2016,4,2.299999952316284,FALSE,FALSE,FALSE
Bangladesh,2017,4,2.759999990463257,FALSE,FALSE,FALSE
Bangladesh,2018,4,2.8299999237060547,FALSE,FALSE,FALSE
Bangladesh,2019,4,2.819999933242798,FALSE,FALSE,FALSE
Barbados,1973,1,2.6600000858306885,FALSE,TRUE,FALSE
Barbados,1974,2,2.7100000381469727,FALSE,TRUE,FALSE
Barbados,1975,2,2.680000066757202,FALSE,FALSE,FALSE
Barbados,1976,2,2.25,FALSE,FALSE,FALSE
Barbados,1977,2,2.1600000858306885,FALSE,FALSE,FALSE
Barbados,1978,2,2.2200000286102295,FALSE,FALSE,FALSE
Barbados,1979,2,2.1600000858306885,FALSE,FALSE,FALSE
Barbados,1980,2,2.109999895095825,FALSE,FALSE,FALSE
Barbados,1981,2,2.0299999713897705,FALSE,FALSE,FALSE
Barbados,1982,2,1.9700000286102295,FALSE,FALSE,FALSE
Barbados,1983,2,2.0799999237060547,FALSE,FALSE,FALSE
Barbados,1984,2,2.0399999618530273,FALSE,FALSE,FALSE
Barbados,1985,2,1.9500000476837158,FALSE,FALSE,FALSE
Barbados,1986,2,1.9299999475479126,FALSE,FALSE,FALSE
Barbados,1987,2,1.9600000381469727,FALSE,FALSE,FALSE
Barbados,1988,2,2.0899999141693115,FALSE,FALSE,FALSE
Barbados,1989,2,2.1600000858306885,FALSE,FALSE,FALSE
Barbados,1990,2,2.1500000953674316,FALSE,FALSE,FALSE
Barbados,1991,2,2.1700000762939453,FALSE,FALSE,FALSE
Barbados,1992,2,2.1500000953674316,FALSE,FALSE,FALSE
Barbados,1993,2,2.069999933242798,FALSE,FALSE,FALSE
Barbados,1994,2,1.9800000190734863,FALSE,FALSE,FALSE
Barbados,1995,2,1.9199999570846558,FALSE,FALSE,FALSE
Barbados,1996,2,1.9500000476837158,FALSE,FALSE,FALSE
Barbados,1997,2,1.9299999475479126,FALSE,FALSE,FALSE
Barbados,1998,2,1.940000057220459,FALSE,FALSE,FALSE
Barbados,1999,2,1.9299999475479126,FALSE,FALSE,FALSE
Barbados,2000,2,1.9700000286102295,FALSE,FALSE,FALSE
Barbados,2001,2,1.9500000476837158,FALSE,FALSE,FALSE
Barbados,2002,2,2,FALSE,FALSE,FALSE
Barbados,2003,2,1.9800000190734863,FALSE,FALSE,FALSE
Barbados,2004,2,1.9800000190734863,FALSE,FALSE,FALSE
Barbados,2005,2,2,FALSE,FALSE,FALSE
Barbados,2006,2,1.9800000190734863,FALSE,FALSE,FALSE
Barbados,2007,2,1.940000057220459,FALSE,FALSE,FALSE
Barbados,2008,2,1.940000057220459,FALSE,FALSE,FALSE
Barbados,2009,2,1.9299999475479126,FALSE,FALSE,FALSE
Barbados,2010,2,1.940000057220459,FALSE,FALSE,FALSE
Barbados,2011,2,1.9299999475479126,FALSE,FALSE,FALSE
Barbados,2012,2,1.899999976158142,FALSE,FALSE,FALSE
Barbados,2013,2,1.840000033378601,FALSE,FALSE,FALSE
Barbados,2014,2,1.7799999713897705,FALSE,FALSE,FALSE
Barbados,2015,2,1.7599999904632568,FALSE,FALSE,FALSE
Barbados,2016,2,1.8200000524520874,FALSE,FALSE,FALSE
Barbados,2017,2,1.909999966621399,FALSE,FALSE,FALSE
Barbados,2018,2,1.9199999570846558,FALSE,FALSE,FALSE
Barbados,2019,2,1.899999976158142,FALSE,FALSE,FALSE
Belgium,2000,1,1.9700000286102295,FALSE,FALSE,FALSE
Belgium,2001,1,1.9800000190734863,FALSE,FALSE,FALSE
Belgium,2002,1,2,FALSE,FALSE,FALSE
Belgium,2003,1,2,FALSE,FALSE,FALSE
Belgium,2004,1,1.9500000476837158,FALSE,FALSE,FALSE
Belgium,2005,1,1.9500000476837158,FALSE,FALSE,FALSE
Belgium,2006,1,1.940000057220459,FALSE,FALSE,FALSE
Belgium,2007,1,1.940000057220459,FALSE,FALSE,FALSE
Belgium,2008,1,1.9600000381469727,FALSE,FALSE,FALSE
Belgium,2009,1,2.049999952316284,FALSE,FALSE,FALSE
Belgium,2010,1,2.049999952316284,FALSE,FALSE,FALSE
Belgium,2011,1,2.049999952316284,FALSE,FALSE,FALSE
Belgium,2012,1,2.0399999618530273,FALSE,FALSE,FALSE
Belgium,2013,1,2.069999933242798,FALSE,FALSE,FALSE
Belgium,2014,1,2.059999942779541,FALSE,FALSE,FALSE
Belgium,2015,1,2.0899999141693115,FALSE,FALSE,FALSE
Belgium,2016,1,2.109999895095825,FALSE,FALSE,FALSE
Belgium,2017,1,2.049999952316284,FALSE,FALSE,FALSE
Belgium,2018,1,2.069999933242798,FALSE,FALSE,FALSE
Belgium,2019,1,2.0199999809265137,FALSE,FALSE,FALSE
Bolivia,1975,12,3.2899999618530273,TRUE,FALSE,FALSE
Bolivia,1976,12,3.25,TRUE,FALSE,FALSE
Bolivia,1977,12,3.25,TRUE,FALSE,FALSE
Bolivia,1978,12,3.4600000381469727,TRUE,FALSE,FALSE
Bolivia,1979,12,3.4000000953674316,TRUE,FALSE,FALSE
Bolivia,1987,10,3.490000009536743,FALSE,FALSE,FALSE
Bolivia,1988,8,3.049999952316284,FALSE,FALSE,FALSE
Bolivia,1989,8,3.0199999809265137,FALSE,FALSE,FALSE
Bolivia,1990,8,2.990000009536743,FALSE,FALSE,FALSE
Bolivia,1991,8,2.8299999237060547,FALSE,FALSE,FALSE
Bolivia,1992,7,2.859999895095825,FALSE,FALSE,FALSE
Bolivia,1993,7,2.9000000953674316,FALSE,FALSE,FALSE
Bolivia,1994,7,2.7799999713897705,FALSE,FALSE,FALSE
Bolivia,1995,7,2.7799999713897705,FALSE,FALSE,FALSE
Bolivia,1996,7,2.759999990463257,FALSE,FALSE,FALSE
Bolivia,1997,7,2.7100000381469727,FALSE,FALSE,FALSE
Bolivia,1998,7,2.7100000381469727,FALSE,FALSE,FALSE
Bolivia,1999,7,2.8299999237060547,FALSE,FALSE,FALSE
Bolivia,2000,7,2.799999952316284,FALSE,FALSE,FALSE
Bolivia,2001,7,2.75,FALSE,FALSE,FALSE
Bolivia,2002,7,2.799999952316284,FALSE,FALSE,FALSE
Bolivia,2003,7,2.9000000953674316,FALSE,FALSE,FALSE
Bolivia,2004,7,2.9200000762939453,FALSE,FALSE,FALSE
Bolivia,2005,7,2.9700000286102295,FALSE,FALSE,FALSE
Bolivia,2006,7,3,FALSE,FALSE,FALSE
Bolivia,2007,7,3.0199999809265137,FALSE,FALSE,FALSE
Bolivia,2008,7,3.0199999809265137,FALSE,FALSE,FALSE
Bolivia,2009,4,2.619999885559082,FALSE,FALSE,FALSE
Bolivia,2010,4,2.5899999141693115,FALSE,FALSE,FALSE
Bolivia,2011,4,2.549999952316284,FALSE,FALSE,FALSE
Bolivia,2012,4,2.430000066757202,FALSE,FALSE,FALSE
Bolivia,2013,4,2.4100000858306885,FALSE,FALSE,FALSE
Bolivia,2014,4,2.430000066757202,FALSE,FALSE,FALSE
Bolivia,2015,4,2.4200000762939453,FALSE,FALSE,FALSE
Bolivia,2016,4,2.509999990463257,FALSE,FALSE,FALSE
Bolivia,2017,4,2.869999885559082,FALSE,FALSE,FALSE
Bolivia,2018,4,2.890000104904175,FALSE,FALSE,FALSE
Bolivia,2019,4,2.9200000762939453,FALSE,FALSE,FALSE
Botswana,2003,8,2.380000114440918,FALSE,TRUE,FALSE
Botswana,2004,8,2.319999933242798,FALSE,TRUE,FALSE
Botswana,2005,8,2.309999942779541,FALSE,TRUE,FALSE
Botswana,2006,8,2.2799999713897705,FALSE,TRUE,FALSE
Botswana,2007,8,2.259999990463257,FALSE,TRUE,FALSE
Botswana,2008,8,2.259999990463257,FALSE,TRUE,FALSE
Botswana,2009,8,2.3299999237060547,FALSE,TRUE,FALSE
Botswana,2010,8,2.390000104904175,FALSE,TRUE,FALSE
Botswana,2011,8,2.4700000286102295,FALSE,TRUE,FALSE
Botswana,2012,8,2.5399999618530273,FALSE,TRUE,FALSE
Botswana,2013,8,2.559999942779541,FALSE,TRUE,FALSE
Botswana,2014,8,2.509999990463257,FALSE,TRUE,FALSE
Botswana,2015,8,2.4600000381469727,FALSE,TRUE,FALSE
Botswana,2016,8,2.390000104904175,FALSE,TRUE,FALSE
Botswana,2017,8,2.390000104904175,FALSE,TRUE,FALSE
Botswana,2018,8,2.4100000858306885,FALSE,TRUE,FALSE
Botswana,2019,8,2.450000047683716,FALSE,TRUE,FALSE
Brazil,1973,10,3.3399999141693115,FALSE,FALSE,FALSE
Brazil,1974,10,3.319999933242798,FALSE,FALSE,FALSE
Brazil,1994,6,2.809999942779541,FALSE,FALSE,FALSE
Brazil,1995,6,2.859999895095825,FALSE,FALSE,FALSE
Brazil,1996,6,2.8499999046325684,FALSE,FALSE,FALSE
Brazil,1997,6,2.8399999141693115,FALSE,FALSE,FALSE
Brazil,1998,6,2.880000114440918,FALSE,FALSE,FALSE
Brazil,2000,12,3.4000000953674316,TRUE,FALSE,FALSE
Brazil,2001,12,3.4000000953674316,TRUE,FALSE,FALSE
Brazil,2002,12,3.4600000381469727,TRUE,FALSE,FALSE
Brazil,2003,13,4,TRUE,TRUE,TRUE
Brazil,2004,13,4,TRUE,TRUE,TRUE
Brazil,2005,13,4,TRUE,TRUE,TRUE
Brazil,2006,13,4,TRUE,TRUE,TRUE
Brazil,2007,13,4,TRUE,TRUE,TRUE
Brazil,2008,13,4,TRUE,TRUE,TRUE
Brazil,2009,12,3.3299999237060547,TRUE,FALSE,FALSE
Brazil,2010,12,3.3299999237060547,TRUE,FALSE,FALSE
Brazil,2011,12,3.3299999237060547,TRUE,FALSE,FALSE
Brazil,2012,12,3.3299999237060547,TRUE,FALSE,FALSE
Brazil,2013,12,3.3299999237060547,TRUE,FALSE,FALSE
Brazil,2014,12,3.319999933242798,TRUE,FALSE,FALSE
Brazil,2015,12,3.3299999237060547,TRUE,FALSE,FALSE
Brazil,2016,12,3.380000114440918,TRUE,FALSE,FALSE
Brazil,2017,12,3.450000047683716,TRUE,FALSE,FALSE
Brazil,2018,12,3.4700000286102295,TRUE,FALSE,FALSE
Brazil,2019,12,3.4700000286102295,TRUE,FALSE,FALSE
Burkina Faso,1973,1,1.6200000047683716,FALSE,TRUE,FALSE
Burkina Faso,1974,1,1.5299999713897705,FALSE,TRUE,FALSE
Burkina Faso,1975,1,1.559999942779541,FALSE,TRUE,FALSE
Burkina Faso,1976,1,1.6100000143051147,FALSE,TRUE,FALSE
Burkina Faso,1977,1,1.6799999475479126,FALSE,TRUE,FALSE
Burkina Faso,1978,1,1.7300000190734863,FALSE,TRUE,FALSE
Burkina Faso,1979,1,1.809999942779541,FALSE,TRUE,FALSE
Burkina Faso,1980,1,1.8600000143051147,FALSE,TRUE,FALSE
Burkina Faso,1981,1,1.840000033378601,FALSE,TRUE,FALSE
Burkina Faso,1982,1,1.8300000429153442,FALSE,TRUE,FALSE
Burkina Faso,1983,1,1.7599999904632568,FALSE,TRUE,FALSE
Burkina Faso,1984,1,1.7799999713897705,FALSE,TRUE,FALSE
Burkina Faso,1985,1,1.850000023841858,FALSE,TRUE,FALSE
Burkina Faso,1986,1,1.940000057220459,FALSE,TRUE,FALSE
Burkina Faso,1987,1,1.7999999523162842,FALSE,TRUE,FALSE
Burkina Faso,1988,1,1.7899999618530273,FALSE,TRUE,FALSE
Burkina Faso,1989,1,1.7300000190734863,FALSE,TRUE,FALSE
Burkina Faso,1990,1,1.7799999713897705,FALSE,TRUE,FALSE
Burkina Faso,1991,1,1.75,FALSE,TRUE,FALSE
Burkina Faso,1992,1,1.6799999475479126,FALSE,TRUE,FALSE
Burkina Faso,1993,1,1.659999966621399,FALSE,TRUE,FALSE
Burkina Faso,1994,1,1.7400000095367432,FALSE,TRUE,FALSE
Burkina Faso,1995,1,1.8899999856948853,FALSE,TRUE,FALSE
Burkina Faso,1996,1,2.0199999809265137,FALSE,TRUE,FALSE
Burkina Faso,1997,1,2,FALSE,TRUE,FALSE
Burkina Faso,1998,1,1.9700000286102295,FALSE,TRUE,FALSE
Burkina Faso,1999,1,1.9700000286102295,FALSE,FALSE,FALSE
Burkina Faso,2000,1,1.5700000524520874,FALSE,FALSE,FALSE
Burkina Faso,2001,1,1.600000023841858,FALSE,FALSE,FALSE
Burkina Faso,2002,1,1.7699999809265137,FALSE,FALSE,FALSE
Burkina Faso,2003,1,1.9700000286102295,FALSE,FALSE,FALSE
Burkina Faso,2004,1,1.8200000524520874,FALSE,FALSE,FALSE
Burkina Faso,2005,1,1.7000000476837158,FALSE,FALSE,FALSE
Burkina Faso,2006,1,1.850000023841858,FALSE,FALSE,FALSE
Burkina Faso,2007,1,2,FALSE,FALSE,FALSE
Burkina Faso,2008,1,2.240000009536743,FALSE,FALSE,FALSE
Burkina Faso,2009,1,2.390000104904175,FALSE,FALSE,FALSE
Burkina Faso,2010,1,2.450000047683716,FALSE,FALSE,FALSE
Burkina Faso,2011,1,2.4600000381469727,FALSE,FALSE,FALSE
Burkina Faso,2012,1,2.4600000381469727,FALSE,FALSE,FALSE
Burkina Faso,2013,1,2.559999942779541,FALSE,FALSE,FALSE
Burkina Faso,2014,1,2.5199999809265137,FALSE,FALSE,FALSE
Burkina Faso,2015,1,2.4700000286102295,FALSE,FALSE,FALSE
Burkina Faso,2016,1,2.4100000858306885,FALSE,FALSE,FALSE
Burkina Faso,2017,1,2.240000009536743,FALSE,FALSE,FALSE
Burkina Faso,2018,1,2.309999942779541,FALSE,FALSE,FALSE
Burkina Faso,2019,1,2.380000114440918,FALSE,FALSE,FALSE
Canada,1973,8,2.2899999618530273,FALSE,FALSE,FALSE
Canada,1974,8,2.2699999809265137,FALSE,FALSE,FALSE
Canada,1975,8,2.25,FALSE,FALSE,FALSE
Canada,1976,8,2.240000009536743,FALSE,FALSE,FALSE
Canada,1977,8,2.25,FALSE,FALSE,FALSE
Canada,1978,8,2.319999933242798,FALSE,FALSE,FALSE
Canada,1979,8,2.309999942779541,FALSE,FALSE,FALSE
Canada,1980,8,2.299999952316284,FALSE,FALSE,FALSE
Canada,1981,8,2.299999952316284,FALSE,FALSE,FALSE
Canada,1982,8,2.309999942779541,FALSE,FALSE,FALSE
Canada,1983,8,2.369999885559082,FALSE,FALSE,FALSE
Canada,1984,8,2.380000114440918,FALSE,FALSE,FALSE
Canada,1985,8,2.390000104904175,FALSE,FALSE,FALSE
Canada,1986,8,2.390000104904175,FALSE,FALSE,FALSE
Canada,1987,8,2.4100000858306885,FALSE,FALSE,FALSE
Canada,1988,8,2.430000066757202,FALSE,FALSE,FALSE
Canada,1989,8,2.4600000381469727,FALSE,FALSE,FALSE
Canada,1990,8,2.4700000286102295,FALSE,FALSE,FALSE
Canada,1991,8,2.4800000190734863,FALSE,FALSE,FALSE
Canada,1992,8,2.4800000190734863,FALSE,FALSE,FALSE
Canada,1993,8,2.4600000381469727,FALSE,FALSE,FALSE
Canada,1994,8,2.450000047683716,FALSE,FALSE,FALSE
Canada,1995,8,2.4100000858306885,FALSE,FALSE,FALSE
Canada,1996,8,2.4000000953674316,FALSE,FALSE,FALSE
Canada,1997,8,2.4000000953674316,FALSE,FALSE,FALSE
Canada,1998,8,2.430000066757202,FALSE,FALSE,FALSE
Canada,1999,8,2.4100000858306885,FALSE,FALSE,FALSE
Canada,2000,8,2.4200000762939453,FALSE,FALSE,FALSE
Canada,2001,8,2.430000066757202,FALSE,FALSE,FALSE
Canada,2002,13,4,TRUE,TRUE,TRUE
Canada,2003,13,4,TRUE,TRUE,TRUE
Canada,2004,13,4,TRUE,TRUE,TRUE
Canada,2005,13,4,TRUE,TRUE,TRUE
Canada,2006,13,4,TRUE,TRUE,TRUE
Canada,2007,13,4,TRUE,TRUE,TRUE
Canada,2008,13,4,TRUE,TRUE,TRUE
Canada,2009,13,4,TRUE,TRUE,TRUE
Canada,2010,13,4,TRUE,TRUE,TRUE
Canada,2011,13,4,TRUE,TRUE,TRUE
Canada,2012,13,4,TRUE,TRUE,TRUE
Canada,2013,13,4,TRUE,TRUE,TRUE
Canada,2014,13,4,TRUE,TRUE,TRUE
Canada,2015,13,4,TRUE,TRUE,TRUE
Canada,2016,13,4,TRUE,TRUE,TRUE
Canada,2017,13,4,TRUE,TRUE,TRUE
Canada,2018,13,4,TRUE,TRUE,TRUE
Canada,2019,13,4,TRUE,TRUE,TRUE
Central African Republic,1973,1,1.899999976158142,FALSE,TRUE,FALSE
Central African Republic,1974,1,1.7799999713897705,FALSE,TRUE,FALSE
Central African Republic,1975,1,1.75,FALSE,TRUE,FALSE
Central African Republic,1976,1,1.690000057220459,FALSE,TRUE,FALSE
Central African Republic,1977,1,1.7599999904632568,FALSE,TRUE,FALSE
Central African Republic,1978,1,1.809999942779541,FALSE,TRUE,FALSE
Central African Republic,1979,1,1.8899999856948853,FALSE,TRUE,FALSE
Central African Republic,1980,1,1.7999999523162842,FALSE,TRUE,FALSE
Central African Republic,1981,1,1.659999966621399,FALSE,TRUE,FALSE
Central African Republic,1982,1,1.6200000047683716,FALSE,TRUE,FALSE
Central African Republic,1983,1,1.5700000524520874,FALSE,TRUE,FALSE
Central African Republic,1988,1,1.5299999713897705,FALSE,TRUE,FALSE
Central African Republic,1989,1,1.5499999523162842,FALSE,TRUE,FALSE
Central African Republic,1990,1,1.5299999713897705,FALSE,TRUE,FALSE
Central African Republic,1991,1,1.5800000429153442,FALSE,TRUE,FALSE
Central African Republic,1992,1,1.5299999713897705,FALSE,TRUE,FALSE
Central African Republic,1993,1,1.4900000095367432,FALSE,TRUE,FALSE
Central African Republic,1994,1,1.4700000286102295,FALSE,TRUE,FALSE
Central African Republic,1995,1,1.4800000190734863,FALSE,TRUE,FALSE
Central African Republic,1996,1,1.7599999904632568,FALSE,TRUE,FALSE
Central African Republic,1997,1,1.7100000381469727,FALSE,TRUE,FALSE
Central African Republic,1998,1,1.7300000190734863,FALSE,TRUE,FALSE
Central African Republic,1999,1,1.5800000429153442,FALSE,FALSE,FALSE
Central African Republic,2000,1,1.5099999904632568,FALSE,FALSE,FALSE
Central African Republic,2001,1,1.4900000095367432,FALSE,FALSE,FALSE
Central African Republic,2002,1,1.559999942779541,FALSE,FALSE,FALSE
Central African Republic,2003,1,1.6399999856948853,FALSE,FALSE,FALSE
Central African Republic,2004,1,1.5800000429153442,FALSE,FALSE,FALSE
Central African Republic,2005,1,1.690000057220459,FALSE,FALSE,FALSE
Central African Republic,2006,1,1.649999976158142,FALSE,FALSE,FALSE
Central African Republic,2007,1,1.659999966621399,FALSE,FALSE,FALSE
Central African Republic,2008,1,1.7200000286102295,FALSE,FALSE,FALSE
Central African Republic,2009,1,1.7000000476837158,FALSE,FALSE,FALSE
Central African Republic,2010,1,2.140000104904175,FALSE,FALSE,FALSE
Central African Republic,2011,1,2.240000009536743,FALSE,FALSE,FALSE
Central African Republic,2012,1,2.2699999809265137,FALSE,FALSE,FALSE
Central African Republic,2013,1,2.259999990463257,FALSE,FALSE,FALSE
Central African Republic,2014,1,2.240000009536743,FALSE,FALSE,FALSE
Central African Republic,2015,1,2.390000104904175,FALSE,FALSE,FALSE
Central African Republic,2016,1,2.430000066757202,FALSE,FALSE,FALSE
Central African Republic,2017,1,2.319999933242798,FALSE,FALSE,FALSE
Central African Republic,2018,1,2.180000066757202,FALSE,FALSE,FALSE
Central African Republic,2019,1,2.140000104904175,FALSE,FALSE,FALSE
Chile,1978,5,2.7699999809265137,FALSE,FALSE,FALSE
Chile,1979,2,2.240000009536743,FALSE,FALSE,FALSE
Chile,1980,2,2.3399999141693115,FALSE,FALSE,FALSE
Chile,1981,2,2.4100000858306885,FALSE,FALSE,FALSE
Chile,1983,12,3.450000047683716,TRUE,FALSE,FALSE
Chile,1984,12,3.430000066757202,TRUE,FALSE,FALSE
Chile,1985,12,3.380000114440918,TRUE,FALSE,FALSE
Chile,1986,12,3.4100000858306885,TRUE,FALSE,FALSE
Chile,1987,12,3.5199999809265137,TRUE,FALSE,FALSE
Chile,1988,10,3.5199999809265137,FALSE,FALSE,FALSE
Chile,1989,9,3.5199999809265137,FALSE,FALSE,FALSE
Chile,1990,9,3.4800000190734863,FALSE,FALSE,FALSE
Chile,1991,9,3.4600000381469727,FALSE,FALSE,FALSE
Chile,1992,10,3.4600000381469727,FALSE,FALSE,FALSE
Chile,1993,10,3.4700000286102295,FALSE,FALSE,FALSE
Chile,1994,10,3.390000104904175,FALSE,FALSE,FALSE
Chile,1995,10,3.380000114440918,FALSE,FALSE,FALSE
Chile,1996,10,3.3299999237060547,FALSE,FALSE,FALSE
Chile,1997,10,3.309999942779541,FALSE,FALSE,FALSE
Chile,1998,9,3.319999933242798,FALSE,FALSE,FALSE
Chile,1999,9,3.3299999237060547,FALSE,FALSE,FALSE
Chile,2000,12,3.309999942779541,TRUE,FALSE,FALSE
Chile,2001,12,3.2799999713897705,TRUE,FALSE,FALSE
Chile,2002,12,3.359999895095825,TRUE,FALSE,FALSE
Chile,2003,12,3.380000114440918,TRUE,FALSE,FALSE
Chile,2004,12,3.390000104904175,TRUE,FALSE,FALSE
Chile,2005,12,3.380000114440918,TRUE,FALSE,FALSE
Chile,2006,12,3.369999885559082,TRUE,FALSE,FALSE
Chile,2007,12,3.359999895095825,TRUE,FALSE,FALSE
Chile,2008,12,3.3499999046325684,TRUE,FALSE,FALSE
Chile,2009,12,3.2200000286102295,TRUE,FALSE,FALSE
Chile,2010,12,3.2200000286102295,TRUE,FALSE,FALSE
Chile,2011,12,3.2300000190734863,TRUE,FALSE,FALSE
Chile,2012,12,3.2300000190734863,TRUE,FALSE,FALSE
Chile,2013,12,3.2200000286102295,TRUE,FALSE,FALSE
Chile,2014,12,3.2200000286102295,TRUE,FALSE,FALSE
Chile,2015,12,3.2200000286102295,TRUE,FALSE,FALSE
Chile,2016,12,3.2799999713897705,TRUE,FALSE,FALSE
Chile,2017,12,3.369999885559082,TRUE,FALSE,FALSE
Chile,2018,12,3.369999885559082,TRUE,FALSE,FALSE
Chile,2019,12,3.369999885559082,TRUE,FALSE,FALSE
China,1981,12,3.5399999618530273,TRUE,FALSE,FALSE
China,1982,12,3.5199999809265137,TRUE,FALSE,FALSE
China,1983,12,3.4800000190734863,TRUE,FALSE,FALSE
China,1984,12,3.5399999618530273,TRUE,FALSE,FALSE
China,1985,12,3.5399999618530273,TRUE,FALSE,FALSE
China,1986,12,3.609999895095825,TRUE,FALSE,FALSE
China,1987,12,3.630000114440918,TRUE,FALSE,FALSE
China,1988,12,3.609999895095825,TRUE,FALSE,FALSE
China,1989,12,3.5399999618530273,TRUE,FALSE,FALSE
China,1990,12,3.4800000190734863,TRUE,FALSE,FALSE
China,1991,12,3.440000057220459,TRUE,FALSE,FALSE
China,1992,12,3.4200000762939453,TRUE,FALSE,FALSE
China,1993,8,2.819999933242798,FALSE,FALSE,FALSE
China,1994,4,2.5199999809265137,FALSE,FALSE,FALSE
China,1995,4,2.680000066757202,FALSE,FALSE,FALSE
China,1996,4,2.7899999618530273,FALSE,FALSE,FALSE
China,1997,4,2.7799999713897705,FALSE,FALSE,FALSE
China,1998,4,2.9600000381469727,FALSE,FALSE,FALSE
China,1999,4,2.9100000858306885,FALSE,FALSE,FALSE
China,2000,4,2.9000000953674316,FALSE,FALSE,FALSE
China,2001,4,2.890000104904175,FALSE,FALSE,FALSE
China,2002,4,2.9100000858306885,FALSE,FALSE,FALSE
China,2003,4,2.9100000858306885,FALSE,FALSE,FALSE
China,2004,4,2.9600000381469727,FALSE,FALSE,FALSE
China,2005,4,3.0299999713897705,FALSE,FALSE,FALSE
China,2006,3,3.0199999809265137,FALSE,FALSE,FALSE
China,2007,3,2.9800000190734863,FALSE,FALSE,FALSE
China,2008,3,2.9600000381469727,FALSE,FALSE,FALSE
China,2009,3,2.930000066757202,FALSE,FALSE,FALSE
China,2010,3,2.930000066757202,FALSE,FALSE,FALSE
China,2011,3,2.9700000286102295,FALSE,FALSE,FALSE
China,2012,3,2.9800000190734863,FALSE,FALSE,FALSE
China,2013,3,2.930000066757202,FALSE,FALSE,FALSE
China,2014,3,2.9200000762939453,FALSE,FALSE,FALSE
China,2015,3,2.9200000762939453,FALSE,FALSE,FALSE
China,2016,3,2.930000066757202,FALSE,FALSE,FALSE
Colombia,1973,10,3.25,FALSE,FALSE,FALSE
Colombia,1974,8,2.569999933242798,FALSE,FALSE,FALSE
Colombia,1975,8,2.559999942779541,FALSE,FALSE,FALSE
Colombia,1976,8,2.559999942779541,FALSE,FALSE,FALSE
Colombia,1977,8,2.549999952316284,FALSE,FALSE,FALSE
Colombia,1978,8,2.7100000381469727,FALSE,FALSE,FALSE
Colombia,1979,8,2.690000057220459,FALSE,FALSE,FALSE
Colombia,1980,8,2.6700000762939453,FALSE,FALSE,FALSE
Colombia,1981,8,2.7300000190734863,FALSE,FALSE,FALSE
Colombia,1982,8,2.7699999809265137,FALSE,FALSE,FALSE
Colombia,1983,8,2.869999885559082,FALSE,FALSE,FALSE
Colombia,1984,12,3.369999885559082,TRUE,FALSE,FALSE
Colombia,1985,10,3.369999885559082,FALSE,FALSE,FALSE
Colombia,1986,10,3.380000114440918,FALSE,FALSE,FALSE
Colombia,1987,10,3.430000066757202,FALSE,FALSE,FALSE
Colombia,1988,10,3.440000057220459,FALSE,FALSE,FALSE
Colombia,1989,10,3.4200000762939453,FALSE,FALSE,FALSE
Colombia,1990,10,3.390000104904175,FALSE,FALSE,FALSE
Colombia,1991,10,3.369999885559082,FALSE,FALSE,FALSE
Colombia,1992,10,3.369999885559082,FALSE,FALSE,FALSE
Colombia,1993,10,3.380000114440918,FALSE,FALSE,FALSE
Colombia,1994,10,3.3399999141693115,FALSE,FALSE,FALSE
Colombia,1995,10,3.359999895095825,FALSE,FALSE,FALSE
Colombia,1996,10,3.299999952316284,FALSE,FALSE,FALSE
Colombia,1997,10,3.299999952316284,FALSE,FALSE,FALSE
Colombia,1998,10,3.299999952316284,FALSE,FALSE,FALSE
Colombia,1999,10,3.309999942779541,FALSE,FALSE,FALSE
Colombia,2000,12,3.2899999618530273,TRUE,FALSE,FALSE
Colombia,2001,12,3.2699999809265137,TRUE,FALSE,FALSE
Colombia,2002,12,3.299999952316284,TRUE,FALSE,FALSE
Colombia,2003,12,3.3399999141693115,TRUE,FALSE,FALSE
Colombia,2004,12,3.3399999141693115,TRUE,FALSE,FALSE
Colombia,2005,12,3.3299999237060547,TRUE,FALSE,FALSE
Colombia,2006,12,3.319999933242798,TRUE,FALSE,FALSE
Colombia,2007,12,3.309999942779541,TRUE,FALSE,FALSE
Colombia,2008,12,3.299999952316284,TRUE,FALSE,FALSE
Colombia,2009,12,3.2200000286102295,TRUE,FALSE,FALSE
Colombia,2010,12,3.2200000286102295,TRUE,FALSE,FALSE
Colombia,2011,12,3.2200000286102295,TRUE,FALSE,FALSE
Colombia,2012,12,3.2200000286102295,TRUE,FALSE,FALSE
Colombia,2013,12,3.2100000381469727,TRUE,FALSE,FALSE
Colombia,2014,12,3.200000047683716,TRUE,FALSE,FALSE
Colombia,2015,12,3.200000047683716,TRUE,FALSE,FALSE
Colombia,2016,12,3.299999952316284,TRUE,FALSE,FALSE
Colombia,2017,12,3.359999895095825,TRUE,FALSE,FALSE
Colombia,2018,12,3.369999885559082,TRUE,FALSE,FALSE
Colombia,2019,12,3.380000114440918,TRUE,FALSE,FALSE
Costa Rica,1973,10,3.190000057220459,FALSE,FALSE,FALSE
Costa Rica,1974,2,1.7899999618530273,FALSE,FALSE,FALSE
Costa Rica,1975,2,1.7400000095367432,FALSE,FALSE,FALSE
Costa Rica,1976,2,1.7100000381469727,FALSE,FALSE,FALSE
Costa Rica,1977,2,1.690000057220459,FALSE,FALSE,FALSE
Costa Rica,1978,2,1.940000057220459,FALSE,FALSE,FALSE
Costa Rica,1979,2,2.1500000953674316,FALSE,FALSE,FALSE
Costa Rica,1980,2,2.140000104904175,FALSE,FALSE,FALSE
Costa Rica,1984,10,3.259999990463257,FALSE,FALSE,FALSE
Costa Rica,1985,10,3.259999990463257,FALSE,FALSE,FALSE
Costa Rica,1986,10,3.2699999809265137,FALSE,FALSE,FALSE
Costa Rica,1987,10,3.3299999237060547,FALSE,FALSE,FALSE
Costa Rica,1988,10,3.3299999237060547,FALSE,FALSE,FALSE
Costa Rica,1989,10,3.309999942779541,FALSE,FALSE,FALSE
Costa Rica,1990,10,3.25,FALSE,FALSE,FALSE
Costa Rica,1991,8,2.5799999237060547,FALSE,FALSE,FALSE
Costa Rica,1992,8,2.559999942779541,FALSE,FALSE,FALSE
Costa Rica,1993,8,2.4800000190734863,FALSE,FALSE,FALSE
Costa Rica,1994,8,2.509999990463257,FALSE,FALSE,FALSE
Costa Rica,1995,8,2.4800000190734863,FALSE,FALSE,FALSE
Costa Rica,1996,8,2.4700000286102295,FALSE,FALSE,FALSE
Costa Rica,1997,8,2.430000066757202,FALSE,FALSE,FALSE
Costa Rica,1998,8,2.4600000381469727,FALSE,FALSE,FALSE
Costa Rica,1999,8,2.5199999809265137,FALSE,FALSE,FALSE
Costa Rica,2000,8,2.559999942779541,FALSE,FALSE,FALSE
Costa Rica,2001,8,2.569999933242798,FALSE,FALSE,FALSE
Costa Rica,2002,5,2.6600000858306885,FALSE,FALSE,FALSE
Costa Rica,2003,5,2.7200000286102295,FALSE,FALSE,FALSE
Costa Rica,2004,5,2.6600000858306885,FALSE,FALSE,FALSE
Costa Rica,2005,5,2.630000114440918,FALSE,FALSE,FALSE
Costa Rica,2006,5,2.619999885559082,FALSE,FALSE,FALSE
Costa Rica,2007,3,2.069999933242798,FALSE,FALSE,FALSE
Costa Rica,2008,3,2.0799999237060547,FALSE,FALSE,FALSE
Costa Rica,2009,3,2,FALSE,FALSE,FALSE
Costa Rica,2010,3,1.9700000286102295,FALSE,FALSE,FALSE
Costa Rica,2011,3,1.9199999570846558,FALSE,FALSE,FALSE
Costa Rica,2012,3,1.8700000047683716,FALSE,FALSE,FALSE
Costa Rica,2013,3,1.8200000524520874,FALSE,FALSE,FALSE
Costa Rica,2014,3,1.7899999618530273,FALSE,FALSE,FALSE
Costa Rica,2015,3,1.7899999618530273,FALSE,FALSE,FALSE
Costa Rica,2016,3,1.8899999856948853,FALSE,FALSE,FALSE
Costa Rica,2017,3,2.0799999237060547,FALSE,FALSE,FALSE
Costa Rica,2018,3,2.130000114440918,FALSE,FALSE,FALSE
Costa Rica,2019,3,2.109999895095825,FALSE,FALSE,FALSE
Cyprus,1973,8,3.2300000190734863,FALSE,TRUE,FALSE
Cyprus,1974,8,3.140000104904175,FALSE,TRUE,FALSE
Cyprus,1975,8,3.180000066757202,FALSE,TRUE,FALSE
Cyprus,1976,8,3.200000047683716,FALSE,TRUE,FALSE
Cyprus,1977,8,3.2300000190734863,FALSE,TRUE,FALSE
Cyprus,1978,8,3.259999990463257,FALSE,TRUE,FALSE
Cyprus,1979,8,3.2899999618530273,FALSE,TRUE,FALSE
Cyprus,1980,8,3.299999952316284,FALSE,TRUE,FALSE
Cyprus,1981,8,3.2699999809265137,FALSE,TRUE,FALSE
Cyprus,1982,8,3.2799999713897705,FALSE,TRUE,FALSE
Cyprus,1983,8,3.0799999237060547,FALSE,TRUE,FALSE
Cyprus,1984,8,3.0899999141693115,FALSE,TRUE,FALSE
Cyprus,1985,8,2.880000114440918,FALSE,TRUE,FALSE
Cyprus,1986,8,2.8299999237060547,FALSE,TRUE,FALSE
Cyprus,1987,8,2.7699999809265137,FALSE,TRUE,FALSE
Cyprus,1988,8,2.7799999713897705,FALSE,TRUE,FALSE
Cyprus,1989,8,2.7899999618530273,FALSE,TRUE,FALSE
Cyprus,1990,8,2.809999942779541,FALSE,TRUE,FALSE
Cyprus,1991,8,2.8399999141693115,FALSE,TRUE,FALSE
Cyprus,1992,4,2.559999942779541,FALSE,TRUE,FALSE
Cyprus,1993,4,2.5999999046325684,FALSE,TRUE,FALSE
Cyprus,1994,4,2.569999933242798,FALSE,TRUE,FALSE
Cyprus,1995,4,2.559999942779541,FALSE,TRUE,FALSE
Cyprus,1996,4,2.630000114440918,FALSE,TRUE,FALSE
Cyprus,1997,4,2.569999933242798,FALSE,TRUE,FALSE
Cyprus,1998,4,2.609999895095825,FALSE,TRUE,FALSE
Cyprus,1999,4,2.5799999237060547,FALSE,FALSE,FALSE
Cyprus,2000,4,2.619999885559082,FALSE,FALSE,FALSE
Cyprus,2001,4,2.5299999713897705,FALSE,FALSE,FALSE
Cyprus,2002,4,2.4600000381469727,FALSE,FALSE,FALSE
Cyprus,2003,4,2.4000000953674316,FALSE,FALSE,FALSE
Cyprus,2004,4,2.309999942779541,FALSE,FALSE,FALSE
Cyprus,2005,4,2.2100000381469727,FALSE,FALSE,FALSE
Cyprus,2006,4,2.1500000953674316,FALSE,FALSE,FALSE
Cyprus,2007,4,1.9800000190734863,FALSE,FALSE,FALSE
Cyprus,2008,1,1.9800000190734863,FALSE,FALSE,FALSE
Cyprus,2009,1,2.0899999141693115,FALSE,FALSE,FALSE
Cyprus,2010,1,2.049999952316284,FALSE,FALSE,FALSE
Cyprus,2011,1,1.9900000095367432,FALSE,FALSE,FALSE
Cyprus,2012,1,1.9299999475479126,FALSE,FALSE,FALSE
Cyprus,2013,1,1.909999966621399,FALSE,FALSE,FALSE
Cyprus,2014,1,1.840000033378601,FALSE,FALSE,FALSE
Cyprus,2015,1,1.850000023841858,FALSE,FALSE,FALSE
Cyprus,2016,1,1.8700000047683716,FALSE,FALSE,FALSE
Cyprus,2017,1,1.8200000524520874,FALSE,FALSE,FALSE
Cyprus,2018,1,1.899999976158142,FALSE,FALSE,FALSE
Cyprus,2019,1,1.940000057220459,FALSE,FALSE,FALSE
Denmark,1973,8,2.799999952316284,FALSE,TRUE,FALSE
Denmark,1974,8,2.740000009536743,FALSE,TRUE,FALSE
Denmark,1975,8,2.7300000190734863,FALSE,TRUE,FALSE
Denmark,1976,8,2.740000009536743,FALSE,TRUE,FALSE
Denmark,1977,8,2.7300000190734863,FALSE,TRUE,FALSE
Denmark,1978,8,2.7200000286102295,FALSE,TRUE,FALSE
Denmark,1979,7,2.7200000286102295,FALSE,TRUE,FALSE
Denmark,1980,7,2.7100000381469727,FALSE,TRUE,FALSE
Denmark,1981,7,2.6700000762939453,FALSE,TRUE,FALSE
Denmark,1982,7,2.680000066757202,FALSE,TRUE,FALSE
Denmark,1983,7,2.619999885559082,FALSE,TRUE,FALSE
Denmark,1984,7,2.609999895095825,FALSE,TRUE,FALSE
Denmark,1985,7,2.5799999237060547,FALSE,TRUE,FALSE
Denmark,1986,7,2.569999933242798,FALSE,TRUE,FALSE
Denmark,1987,7,2.559999942779541,FALSE,TRUE,FALSE
Denmark,1988,7,2.549999952316284,FALSE,TRUE,FALSE
Denmark,1989,7,2.549999952316284,FALSE,TRUE,FALSE
Denmark,1990,7,2.559999942779541,FALSE,TRUE,FALSE
Denmark,1991,7,2.569999933242798,FALSE,TRUE,FALSE
Denmark,1992,7,2.569999933242798,FALSE,TRUE,FALSE
Denmark,1993,7,2.680000066757202,FALSE,TRUE,FALSE
Denmark,1994,7,2.680000066757202,FALSE,TRUE,FALSE
Denmark,1995,7,2.690000057220459,FALSE,TRUE,FALSE
Denmark,1996,7,2.680000066757202,FALSE,TRUE,FALSE
Denmark,1997,7,2.6700000762939453,FALSE,TRUE,FALSE
Denmark,1998,7,2.6600000858306885,FALSE,TRUE,FALSE
Denmark,1999,2,2,FALSE,FALSE,FALSE
Denmark,2000,2,2.009999990463257,FALSE,FALSE,FALSE
Denmark,2001,2,2.0299999713897705,FALSE,FALSE,FALSE
Denmark,2002,2,1.9700000286102295,FALSE,FALSE,FALSE
Denmark,2003,2,2.0199999809265137,FALSE,FALSE,FALSE
Denmark,2004,2,1.9900000095367432,FALSE,FALSE,FALSE
Denmark,2005,2,2,FALSE,FALSE,FALSE
Denmark,2006,2,2.0299999713897705,FALSE,FALSE,FALSE
Denmark,2007,2,2.0399999618530273,FALSE,FALSE,FALSE
Denmark,2008,2,2.0399999618530273,FALSE,FALSE,FALSE
Denmark,2009,2,2.2100000381469727,FALSE,FALSE,FALSE
Denmark,2010,2,2.2300000190734863,FALSE,FALSE,FALSE
Denmark,2011,2,2.2699999809265137,FALSE,FALSE,FALSE
Denmark,2012,2,2.2799999713897705,FALSE,FALSE,FALSE
Denmark,2013,2,2.2799999713897705,FALSE,FALSE,FALSE
Denmark,2014,2,2.240000009536743,FALSE,FALSE,FALSE
Denmark,2015,2,2.240000009536743,FALSE,FALSE,FALSE
Denmark,2016,2,2.2200000286102295,FALSE,FALSE,FALSE
Denmark,2017,2,2.059999942779541,FALSE,FALSE,FALSE
Denmark,2018,2,2.0399999618530273,FALSE,FALSE,FALSE
Denmark,2019,2,2,FALSE,FALSE,FALSE
Ecuador,1973,2,2.109999895095825,FALSE,FALSE,FALSE
Ecuador,1974,2,2.119999885559082,FALSE,FALSE,FALSE
Ecuador,1975,2,2.109999895095825,FALSE,FALSE,FALSE
Ecuador,1976,2,2.0799999237060547,FALSE,FALSE,FALSE
Ecuador,1977,2,2.0399999618530273,FALSE,FALSE,FALSE
Ecuador,1978,2,2.369999885559082,FALSE,FALSE,FALSE
Ecuador,1979,2,2.3499999046325684,FALSE,FALSE,FALSE
Ecuador,1980,2,2.309999942779541,FALSE,FALSE,FALSE
Ecuador,1981,2,2.3499999046325684,FALSE,FALSE,FALSE
Ecuador,1984,12,3.450000047683716,TRUE,FALSE,FALSE
Ecuador,1985,12,3.4600000381469727,TRUE,FALSE,FALSE
Ecuador,1986,12,3.4800000190734863,TRUE,FALSE,FALSE
Ecuador,1994,10,3.4100000858306885,FALSE,FALSE,FALSE
Ecuador,1995,10,3.4100000858306885,FALSE,FALSE,FALSE
Ecuador,1996,10,3.3299999237060547,FALSE,FALSE,FALSE
Ecuador,1997,8,2.75,FALSE,FALSE,FALSE
Ecuador,2000,1,2.319999933242798,FALSE,FALSE,FALSE
Ecuador,2001,1,2.3499999046325684,FALSE,FALSE,FALSE
Ecuador,2002,1,2.440000057220459,FALSE,FALSE,FALSE
Ecuador,2003,1,2.549999952316284,FALSE,FALSE,FALSE
Ecuador,2004,1,2.5299999713897705,FALSE,FALSE,FALSE
Ecuador,2005,1,2.5199999809265137,FALSE,FALSE,FALSE
Ecuador,2006,1,2.490000009536743,FALSE,FALSE,FALSE
Ecuador,2007,1,2.4600000381469727,FALSE,FALSE,FALSE
Ecuador,2008,1,2.4200000762939453,FALSE,FALSE,FALSE
Ecuador,2009,1,2.319999933242798,FALSE,FALSE,FALSE
Ecuador,2010,1,2.299999952316284,FALSE,FALSE,FALSE
Ecuador,2011,1,2.2799999713897705,FALSE,FALSE,FALSE
Ecuador,2012,1,2.1600000858306885,FALSE,FALSE,FALSE
Ecuador,2013,1,2.119999885559082,FALSE,FALSE,FALSE
Ecuador,2014,1,2.0799999237060547,FALSE,FALSE,FALSE
Ecuador,2015,1,2.049999952316284,FALSE,FALSE,FALSE
Ecuador,2016,1,2.059999942779541,FALSE,FALSE,FALSE
Ecuador,2017,1,2.259999990463257,FALSE,FALSE,FALSE
Ecuador,2018,1,2.3399999141693115,FALSE,FALSE,FALSE
Ecuador,2019,1,2.3499999046325684,FALSE,FALSE,FALSE
Egypt,1973,10,3.450000047683716,FALSE,FALSE,FALSE
Egypt,1974,10,3.430000066757202,FALSE,FALSE,FALSE
Egypt,1975,10,3.430000066757202,FALSE,FALSE,FALSE
Egypt,1976,10,3.4100000858306885,FALSE,FALSE,FALSE
Egypt,1977,10,3.4100000858306885,FALSE,FALSE,FALSE
Egypt,1978,10,3.4700000286102295,FALSE,FALSE,FALSE
Egypt,1979,10,3.4700000286102295,FALSE,FALSE,FALSE
Egypt,1980,10,3.4700000286102295,FALSE,FALSE,FALSE
Egypt,1981,10,3.5,FALSE,FALSE,FALSE
Egypt,1982,10,3.509999990463257,FALSE,FALSE,FALSE
Egypt,1983,10,3.5999999046325684,FALSE,FALSE,FALSE
Egypt,1984,10,3.640000104904175,FALSE,FALSE,FALSE
Egypt,1985,10,3.7100000381469727,FALSE,FALSE,FALSE
Egypt,1986,10,3.7200000286102295,FALSE,FALSE,FALSE
Egypt,1987,10,3.7200000286102295,FALSE,FALSE,FALSE
Egypt,1988,10,3.7100000381469727,FALSE,FALSE,FALSE
Egypt,1989,10,3.7100000381469727,FALSE,FALSE,FALSE
Egypt,1990,10,3.700000047683716,FALSE,FALSE,FALSE
Egypt,1991,10,3.690000057220459,FALSE,FALSE,FALSE
Egypt,1992,4,3.119999885559082,FALSE,FALSE,FALSE
Egypt,1993,4,3.069999933242798,FALSE,FALSE,FALSE
Egypt,1994,4,3,FALSE,FALSE,FALSE
Egypt,1995,4,2.990000009536743,FALSE,FALSE,FALSE
Egypt,1996,4,2.9200000762939453,FALSE,FALSE,FALSE
Egypt,1997,4,2.8399999141693115,FALSE,FALSE,FALSE
Egypt,1998,4,2.940000057220459,FALSE,FALSE,FALSE
Egypt,1999,4,2.9100000858306885,FALSE,FALSE,FALSE
Egypt,2000,4,2.890000104904175,FALSE,FALSE,FALSE
Egypt,2001,7,3.130000114440918,FALSE,FALSE,FALSE
Egypt,2002,7,3.119999885559082,FALSE,FALSE,FALSE
Egypt,2003,7,3.0999999046325684,FALSE,FALSE,FALSE
Egypt,2004,7,3.119999885559082,FALSE,FALSE,FALSE
Egypt,2005,7,3.109999895095825,FALSE,FALSE,FALSE
Egypt,2006,7,3.059999942779541,FALSE,FALSE,FALSE
Egypt,2007,7,2.990000009536743,FALSE,FALSE,FALSE
Egypt,2008,7,2.940000057220459,FALSE,FALSE,FALSE
Egypt,2009,7,2.9100000858306885,FALSE,FALSE,FALSE
Egypt,2010,7,2.950000047683716,FALSE,FALSE,FALSE
Egypt,2011,7,2.990000009536743,FALSE,FALSE,FALSE
Egypt,2012,7,3.009999990463257,FALSE,FALSE,FALSE
Egypt,2013,7,2.990000009536743,FALSE,FALSE,FALSE
Egypt,2014,7,3.0199999809265137,FALSE,FALSE,FALSE
Egypt,2015,8,3.0399999618530273,FALSE,FALSE,FALSE
Egypt,2016,8,3.059999942779541,FALSE,FALSE,FALSE
Egypt,2017,8,3.2100000381469727,FALSE,FALSE,FALSE
Egypt,2018,8,3.180000066757202,FALSE,FALSE,FALSE
Egypt,2019,8,3.130000114440918,FALSE,FALSE,FALSE
El Salvador,1973,8,2.4200000762939453,FALSE,FALSE,FALSE
El Salvador,1974,8,2.369999885559082,FALSE,FALSE,FALSE
El Salvador,1975,8,2.359999895095825,FALSE,FALSE,FALSE
El Salvador,1976,8,2.359999895095825,FALSE,FALSE,FALSE
El Salvador,1977,8,2.3399999141693115,FALSE,FALSE,FALSE
El Salvador,1978,8,2.5199999809265137,FALSE,FALSE,FALSE
El Salvador,1979,8,2.5999999046325684,FALSE,FALSE,FALSE
El Salvador,1980,8,2.569999933242798,FALSE,FALSE,FALSE
El Salvador,1981,8,2.509999990463257,FALSE,FALSE,FALSE
El Salvador,1982,8,2.4600000381469727,FALSE,FALSE,FALSE
El Salvador,1983,12,3.200000047683716,TRUE,FALSE,FALSE
El Salvador,1984,12,3.200000047683716,TRUE,FALSE,FALSE
El Salvador,1985,12,3.240000009536743,TRUE,FALSE,FALSE
El Salvador,1986,12,3.180000066757202,TRUE,FALSE,FALSE
El Salvador,1987,12,3.200000047683716,TRUE,FALSE,FALSE
El Salvador,1988,12,3.2100000381469727,TRUE,FALSE,FALSE
El Salvador,1989,12,3.2300000190734863,TRUE,FALSE,FALSE
El Salvador,1990,4,2.0899999141693115,FALSE,FALSE,FALSE
El Salvador,1991,4,2,FALSE,FALSE,FALSE
El Salvador,1992,4,1.899999976158142,FALSE,FALSE,FALSE
El Salvador,1993,4,1.809999942779541,FALSE,FALSE,FALSE
El Salvador,1994,4,1.940000057220459,FALSE,FALSE,FALSE
El Salvador,1995,4,1.850000023841858,FALSE,FALSE,FALSE
El Salvador,1996,4,1.8799999952316284,FALSE,FALSE,FALSE
El Salvador,1997,4,1.8899999856948853,FALSE,FALSE,FALSE
El Salvador,1998,4,1.899999976158142,FALSE,FALSE,FALSE
El Salvador,1999,4,1.909999966621399,FALSE,FALSE,FALSE
El Salvador,2000,4,1.899999976158142,FALSE,FALSE,FALSE
El Salvador,2001,1,1.809999942779541,FALSE,FALSE,FALSE
El Salvador,2002,1,1.7599999904632568,FALSE,FALSE,FALSE
El Salvador,2003,1,1.7200000286102295,FALSE,FALSE,FALSE
El Salvador,2004,1,1.7300000190734863,FALSE,FALSE,FALSE
El Salvador,2005,1,1.7300000190734863,FALSE,FALSE,FALSE
El Salvador,2006,1,1.809999942779541,FALSE,FALSE,FALSE
El Salvador,2007,1,1.850000023841858,FALSE,FALSE,FALSE
El Salvador,2008,1,1.899999976158142,FALSE,FALSE,FALSE
El Salvador,2009,1,1.8600000143051147,FALSE,FALSE,FALSE
El Salvador,2010,1,1.850000023841858,FALSE,FALSE,FALSE
El Salvador,2011,1,1.8600000143051147,FALSE,FALSE,FALSE
El Salvador,2012,1,1.8200000524520874,FALSE,FALSE,FALSE
El Salvador,2013,1,1.809999942779541,FALSE,FALSE,FALSE
El Salvador,2014,1,1.809999942779541,FALSE,FALSE,FALSE
El Salvador,2015,1,1.7899999618530273,FALSE,FALSE,FALSE
El Salvador,2016,1,1.8600000143051147,FALSE,FALSE,FALSE
El Salvador,2017,1,1.9199999570846558,FALSE,FALSE,FALSE
El Salvador,2018,1,1.9500000476837158,FALSE,FALSE,FALSE
El Salvador,2019,1,2,FALSE,FALSE,FALSE
Finland,1973,8,2.740000009536743,FALSE,TRUE,FALSE
Finland,1974,8,2.690000057220459,FALSE,TRUE,FALSE
Finland,1975,8,2.680000066757202,FALSE,TRUE,FALSE
Finland,1976,8,2.7100000381469727,FALSE,TRUE,FALSE
Finland,1977,8,2.7300000190734863,FALSE,TRUE,FALSE
Finland,1978,8,2.759999990463257,FALSE,TRUE,FALSE
Finland,1979,8,2.7799999713897705,FALSE,TRUE,FALSE
Finland,1980,8,2.809999942779541,FALSE,TRUE,FALSE
Finland,1981,8,2.799999952316284,FALSE,TRUE,FALSE
Finland,1982,8,2.809999942779541,FALSE,TRUE,FALSE
Finland,1983,8,2.7300000190734863,FALSE,TRUE,FALSE
Finland,1984,8,2.7100000381469727,FALSE,TRUE,FALSE
Finland,1985,8,2.6700000762939453,FALSE,TRUE,FALSE
Finland,1986,8,2.6700000762939453,FALSE,TRUE,FALSE
Finland,1987,8,2.630000114440918,FALSE,TRUE,FALSE
Finland,1988,8,2.609999895095825,FALSE,TRUE,FALSE
Finland,1989,8,2.609999895095825,FALSE,TRUE,FALSE
Finland,1990,8,2.619999885559082,FALSE,TRUE,FALSE
Finland,1991,8,2.630000114440918,FALSE,TRUE,FALSE
Finland,1992,8,2.640000104904175,FALSE,TRUE,FALSE
Finland,1993,8,2.799999952316284,FALSE,TRUE,FALSE
Finland,1994,8,2.819999933242798,FALSE,TRUE,FALSE
Finland,1995,1,2.5199999809265137,FALSE,TRUE,FALSE
Finland,1996,1,2.509999990463257,FALSE,TRUE,FALSE
Finland,1997,1,2.450000047683716,FALSE,TRUE,FALSE
Finland,1998,1,2.430000066757202,FALSE,TRUE,FALSE
Finland,1999,1,2.25,FALSE,FALSE,FALSE
Finland,2000,1,2.3299999237060547,FALSE,FALSE,FALSE
Finland,2001,1,2.2899999618530273,FALSE,FALSE,FALSE
Finland,2002,1,2.200000047683716,FALSE,FALSE,FALSE
Finland,2003,1,2.200000047683716,FALSE,FALSE,FALSE
Finland,2004,1,1.9700000286102295,FALSE,FALSE,FALSE
Finland,2005,1,1.9600000381469727,FALSE,FALSE,FALSE
Finland,2006,1,1.9700000286102295,FALSE,FALSE,FALSE
Finland,2007,1,1.9900000095367432,FALSE,FALSE,FALSE
Finland,2008,1,2.0199999809265137,FALSE,FALSE,FALSE
Finland,2009,1,2.25,FALSE,FALSE,FALSE
Finland,2010,1,2.240000009536743,FALSE,FALSE,FALSE
Finland,2011,1,2.200000047683716,FALSE,FALSE,FALSE
Finland,2012,1,2.1600000858306885,FALSE,FALSE,FALSE
Finland,2013,1,2.1700000762939453,FALSE,FALSE,FALSE
Finland,2014,1,2.130000114440918,FALSE,FALSE,FALSE
Finland,2015,1,2.109999895095825,FALSE,FALSE,FALSE
Finland,2016,1,2.049999952316284,FALSE,FALSE,FALSE
Finland,2017,1,1.9600000381469727,FALSE,FALSE,FALSE
Finland,2018,1,1.9299999475479126,FALSE,FALSE,FALSE
Finland,2019,1,1.9199999570846558,FALSE,FALSE,FALSE
France,1973,9,3.390000104904175,FALSE,TRUE,FALSE
France,1974,8,3.0199999809265137,FALSE,TRUE,FALSE
France,1975,8,3.069999933242798,FALSE,TRUE,FALSE
France,1976,8,3.109999895095825,FALSE,TRUE,FALSE
France,1977,8,3.140000104904175,FALSE,TRUE,FALSE
France,1978,8,3.140000104904175,FALSE,TRUE,FALSE
France,1979,7,3.140000104904175,FALSE,TRUE,FALSE
France,1980,7,3.1500000953674316,FALSE,TRUE,FALSE
France,1981,7,3.109999895095825,FALSE,TRUE,FALSE
France,1982,7,3.109999895095825,FALSE,TRUE,FALSE
France,1983,7,2.880000114440918,FALSE,TRUE,FALSE
France,1984,7,2.8499999046325684,FALSE,TRUE,FALSE
France,1985,7,2.819999933242798,FALSE,TRUE,FALSE
France,1986,7,2.7699999809265137,FALSE,TRUE,FALSE
France,1987,4,2.390000104904175,FALSE,TRUE,FALSE
France,1988,4,2.3399999141693115,FALSE,TRUE,FALSE
France,1989,4,2.319999933242798,FALSE,TRUE,FALSE
France,1990,4,2.3399999141693115,FALSE,TRUE,FALSE
France,1991,4,2.3499999046325684,FALSE,TRUE,FALSE
France,1992,4,2.380000114440918,FALSE,TRUE,FALSE
France,1993,4,2.4000000953674316,FALSE,TRUE,FALSE
France,1994,4,2.3499999046325684,FALSE,TRUE,FALSE
France,1995,4,2.3399999141693115,FALSE,TRUE,FALSE
France,1996,4,2.3499999046325684,FALSE,TRUE,FALSE
France,1997,4,2.2100000381469727,FALSE,TRUE,FALSE
France,1998,4,2.2200000286102295,FALSE,TRUE,FALSE
France,1999,1,2.190000057220459,FALSE,FALSE,FALSE
France,2000,1,2.200000047683716,FALSE,FALSE,FALSE
France,2001,1,2.1500000953674316,FALSE,FALSE,FALSE
France,2002,1,2.0199999809265137,FALSE,FALSE,FALSE
France,2003,1,2.0399999618530273,FALSE,FALSE,FALSE
France,2004,1,1.9700000286102295,FALSE,FALSE,FALSE
France,2005,1,1.9600000381469727,FALSE,FALSE,FALSE
France,2006,1,1.9600000381469727,FALSE,FALSE,FALSE
France,2007,1,1.9700000286102295,FALSE,FALSE,FALSE
France,2008,1,1.9700000286102295,FALSE,FALSE,FALSE
France,2009,1,2.0299999713897705,FALSE,FALSE,FALSE
France,2010,1,2.0199999809265137,FALSE,FALSE,FALSE
France,2011,1,2.0199999809265137,FALSE,FALSE,FALSE
France,2012,1,1.9700000286102295,FALSE,FALSE,FALSE
France,2013,1,1.9900000095367432,FALSE,FALSE,FALSE
France,2014,1,1.9700000286102295,FALSE,FALSE,FALSE
France,2015,1,1.9900000095367432,FALSE,FALSE,FALSE
France,2016,1,1.940000057220459,FALSE,FALSE,FALSE
France,2017,1,1.840000033378601,FALSE,FALSE,FALSE
France,2018,1,1.8300000429153442,FALSE,FALSE,FALSE
France,2019,1,1.7999999523162842,FALSE,FALSE,FALSE
Gambia,1973,2,2.549999952316284,FALSE,TRUE,FALSE
Gambia,1974,2,2.6600000858306885,FALSE,TRUE,FALSE
Gambia,1975,2,2.6600000858306885,FALSE,TRUE,FALSE
Gambia,1976,2,2.7300000190734863,FALSE,TRUE,FALSE
Gambia,1977,2,2.7699999809265137,FALSE,TRUE,FALSE
Gambia,1978,2,2.75,FALSE,TRUE,FALSE
Gambia,1979,2,2.640000104904175,FALSE,TRUE,FALSE
Gambia,1980,2,2.640000104904175,FALSE,TRUE,FALSE
Gambia,1987,13,4,TRUE,TRUE,TRUE
Gambia,1988,13,4,TRUE,TRUE,TRUE
Gambia,1989,13,4,TRUE,TRUE,TRUE
Gambia,1990,13,4,TRUE,TRUE,TRUE
Gambia,1991,13,4,TRUE,TRUE,TRUE
Gambia,1992,8,3.5199999809265137,FALSE,FALSE,FALSE
Gambia,1993,8,3.2100000381469727,FALSE,FALSE,FALSE
Gambia,1994,8,3.0799999237060547,FALSE,FALSE,FALSE
Gambia,1995,8,3.140000104904175,FALSE,FALSE,FALSE
Gambia,1996,8,3.240000009536743,FALSE,FALSE,FALSE
Gambia,1997,8,3.4000000953674316,FALSE,FALSE,FALSE
Gambia,1998,8,3.369999885559082,FALSE,FALSE,FALSE
Gambia,1999,8,3.259999990463257,FALSE,FALSE,FALSE
Gambia,2000,8,3.25,FALSE,FALSE,FALSE
Gambia,2001,8,3.2899999618530273,FALSE,FALSE,FALSE
Gambia,2002,8,3.4800000190734863,FALSE,FALSE,FALSE
Gambia,2003,8,3.640000104904175,FALSE,FALSE,FALSE
Gambia,2004,8,3.6600000858306885,FALSE,FALSE,FALSE
Gambia,2005,8,3.549999952316284,FALSE,FALSE,FALSE
Gambia,2006,8,3.4600000381469727,FALSE,FALSE,FALSE
Gambia,2007,10,3.680000066757202,FALSE,FALSE,FALSE
Gambia,2008,10,3.6700000762939453,FALSE,FALSE,FALSE
Gambia,2009,10,3.5999999046325684,FALSE,FALSE,FALSE
Gambia,2010,10,3.5399999618530273,FALSE,FALSE,FALSE
Gambia,2011,10,3.490000009536743,FALSE,FALSE,FALSE
Gambia,2012,10,3.5,FALSE,FALSE,FALSE
Gambia,2013,10,3.549999952316284,FALSE,FALSE,FALSE
Gambia,2014,10,3.569999933242798,FALSE,FALSE,FALSE
Gambia,2015,8,3.369999885559082,FALSE,FALSE,FALSE
Gambia,2016,8,3.359999895095825,FALSE,FALSE,FALSE
Gambia,2017,8,3.5199999809265137,FALSE,FALSE,FALSE
Gambia,2018,8,3.559999942779541,FALSE,FALSE,FALSE
Gambia,2019,8,3.5999999046325684,FALSE,FALSE,FALSE
Germany,1973,13,3.259999990463257,TRUE,TRUE,TRUE
Germany,1974,13,3.0799999237060547,TRUE,TRUE,TRUE
Germany,1975,13,3.0899999141693115,TRUE,TRUE,TRUE
Germany,1976,13,3.109999895095825,TRUE,TRUE,TRUE
Germany,1977,13,3.119999885559082,TRUE,TRUE,TRUE
Germany,1978,13,3.119999885559082,TRUE,TRUE,TRUE
Germany,1979,13,3.130000114440918,TRUE,TRUE,TRUE
Germany,1980,13,3.119999885559082,TRUE,TRUE,TRUE
Germany,1981,13,3.059999942779541,TRUE,TRUE,TRUE
Germany,1982,13,3.0199999809265137,TRUE,TRUE,TRUE
Germany,1983,13,2.680000066757202,TRUE,TRUE,TRUE
Germany,1984,13,2.640000104904175,TRUE,TRUE,TRUE
Germany,1985,13,2.619999885559082,TRUE,TRUE,TRUE
Germany,1986,13,2.5899999141693115,TRUE,TRUE,TRUE
Germany,1987,13,2.4000000953674316,TRUE,TRUE,TRUE
Germany,1988,13,2.390000104904175,TRUE,TRUE,TRUE
Germany,1989,13,2.390000104904175,TRUE,TRUE,TRUE
Germany,1990,13,2.4100000858306885,TRUE,TRUE,TRUE
Germany,1991,13,2.4100000858306885,TRUE,TRUE,TRUE
Germany,1992,13,2.4000000953674316,TRUE,TRUE,TRUE
Germany,1993,13,2.4100000858306885,TRUE,TRUE,TRUE
Germany,1994,13,2.4100000858306885,TRUE,TRUE,TRUE
Germany,1995,13,2.440000057220459,TRUE,TRUE,TRUE
Germany,1996,13,2.490000009536743,TRUE,TRUE,TRUE
Germany,1997,13,2.3499999046325684,TRUE,TRUE,TRUE
Germany,1998,13,2.359999895095825,TRUE,TRUE,TRUE
Germany,1999,1,2.309999942779541,FALSE,FALSE,FALSE
Germany,2000,1,2.390000104904175,FALSE,FALSE,FALSE
Germany,2001,1,2.369999885559082,FALSE,FALSE,FALSE
Germany,2002,1,2.2699999809265137,FALSE,FALSE,FALSE
Germany,2003,1,2.2799999713897705,FALSE,FALSE,FALSE
Germany,2004,1,2.2100000381469727,FALSE,FALSE,FALSE
Germany,2005,1,2.2100000381469727,FALSE,FALSE,FALSE
Germany,2006,1,2.2100000381469727,FALSE,FALSE,FALSE
Germany,2007,1,2.2200000286102295,FALSE,FALSE,FALSE
Germany,2008,1,2.2300000190734863,FALSE,FALSE,FALSE
Germany,2009,1,2.2699999809265137,FALSE,FALSE,FALSE
Germany,2010,1,2.259999990463257,FALSE,FALSE,FALSE
Germany,2011,1,2.2699999809265137,FALSE,FALSE,FALSE
Germany,2012,1,2.190000057220459,FALSE,FALSE,FALSE
Germany,2013,1,2.200000047683716,FALSE,FALSE,FALSE
Germany,2014,1,2.0999999046325684,FALSE,FALSE,FALSE
Germany,2015,1,2.1500000953674316,FALSE,FALSE,FALSE
Germany,2016,1,2.130000114440918,FALSE,FALSE,FALSE
Germany,2017,1,1.9800000190734863,FALSE,FALSE,FALSE
Germany,2018,1,1.9900000095367432,FALSE,FALSE,FALSE
Germany,2019,1,1.9500000476837158,FALSE,FALSE,FALSE
Ghana,1973,12,3.549999952316284,TRUE,FALSE,FALSE
Ghana,1984,13,4,TRUE,TRUE,TRUE
Ghana,1985,13,4,TRUE,TRUE,TRUE
Ghana,1988,13,4,TRUE,TRUE,TRUE
Ghana,1989,13,4,TRUE,TRUE,TRUE
Ghana,1991,12,3.7699999809265137,TRUE,FALSE,FALSE
Ghana,1992,12,3.7899999618530273,TRUE,FALSE,FALSE
Ghana,1993,12,3.7300000190734863,TRUE,FALSE,FALSE
Ghana,1997,12,3.559999942779541,TRUE,FALSE,FALSE
Ghana,1998,12,3.549999952316284,TRUE,FALSE,FALSE
Ghana,1999,12,3.569999933242798,TRUE,FALSE,FALSE
Ghana,2001,7,3.4100000858306885,FALSE,FALSE,FALSE
Ghana,2002,7,3.4200000762939453,FALSE,FALSE,FALSE
Ghana,2003,7,3.440000057220459,FALSE,FALSE,FALSE
Ghana,2004,7,3.259999990463257,FALSE,FALSE,FALSE
Ghana,2005,7,3.2699999809265137,FALSE,FALSE,FALSE
Ghana,2006,7,3.2100000381469727,FALSE,FALSE,FALSE
Ghana,2007,7,3.2100000381469727,FALSE,FALSE,FALSE
Ghana,2008,7,3.180000066757202,FALSE,FALSE,FALSE
Ghana,2009,8,3.1600000858306885,FALSE,FALSE,FALSE
Ghana,2010,8,3.1500000953674316,FALSE,FALSE,FALSE
Ghana,2011,10,3.490000009536743,FALSE,FALSE,FALSE
Ghana,2012,10,3.450000047683716,FALSE,FALSE,FALSE
Ghana,2013,10,3.430000066757202,FALSE,FALSE,FALSE
Ghana,2014,10,3.430000066757202,FALSE,FALSE,FALSE
Ghana,2015,10,3.430000066757202,FALSE,FALSE,FALSE
Ghana,2016,10,3.430000066757202,FALSE,FALSE,FALSE
Ghana,2017,10,3.509999990463257,FALSE,FALSE,FALSE
Ghana,2018,10,3.549999952316284,FALSE,FALSE,FALSE
Ghana,2019,10,3.5799999237060547,FALSE,FALSE,FALSE
Greece,1973,8,3.140000104904175,FALSE,FALSE,FALSE
Greece,1974,8,3.130000114440918,FALSE,FALSE,FALSE
Greece,1975,7,3.0799999237060547,FALSE,FALSE,FALSE
Greece,1976,7,3.1500000953674316,FALSE,FALSE,FALSE
Greece,1977,7,3.130000114440918,FALSE,FALSE,FALSE
Greece,1978,8,3.390000104904175,FALSE,FALSE,FALSE
Greece,1979,8,3.4100000858306885,FALSE,FALSE,FALSE
Greece,1980,8,3.390000104904175,FALSE,FALSE,FALSE
Greece,1981,12,3.5999999046325684,TRUE,FALSE,FALSE
Greece,1982,12,3.5899999141693115,TRUE,FALSE,FALSE
Greece,1983,12,3.680000066757202,TRUE,FALSE,FALSE
Greece,1984,12,3.680000066757202,TRUE,FALSE,FALSE
Greece,1985,8,2.869999885559082,FALSE,TRUE,FALSE
Greece,1986,8,2.859999895095825,FALSE,TRUE,FALSE
Greece,1987,8,2.7799999713897705,FALSE,TRUE,FALSE
Greece,1988,8,2.690000057220459,FALSE,TRUE,FALSE
Greece,1989,8,2.5899999141693115,FALSE,TRUE,FALSE
Greece,1990,4,2.130000114440918,FALSE,TRUE,FALSE
Greece,1991,4,2.119999885559082,FALSE,TRUE,FALSE
Greece,1992,4,2.1600000858306885,FALSE,TRUE,FALSE
Greece,1993,4,2.200000047683716,FALSE,TRUE,FALSE
Greece,1994,4,2.200000047683716,FALSE,TRUE,FALSE
Greece,1995,4,2.180000066757202,FALSE,TRUE,FALSE
Greece,1996,4,2.2100000381469727,FALSE,TRUE,FALSE
Greece,1997,4,1.9600000381469727,FALSE,TRUE,FALSE
Greece,1998,4,1.9800000190734863,FALSE,TRUE,FALSE
Greece,1999,1,1.9800000190734863,FALSE,FALSE,FALSE
Greece,2000,1,2.0299999713897705,FALSE,FALSE,FALSE
Greece,2001,1,2.069999933242798,FALSE,FALSE,FALSE
Greece,2002,1,2.0799999237060547,FALSE,FALSE,FALSE
Greece,2003,1,2.190000057220459,FALSE,FALSE,FALSE
Greece,2004,1,2.119999885559082,FALSE,FALSE,FALSE
Greece,2005,1,2.130000114440918,FALSE,FALSE,FALSE
Greece,2006,1,2.109999895095825,FALSE,FALSE,FALSE
Greece,2007,1,2.0999999046325684,FALSE,FALSE,FALSE
Greece,2008,1,2.140000104904175,FALSE,FALSE,FALSE
Greece,2009,1,2.2200000286102295,FALSE,FALSE,FALSE
Greece,2010,1,2.25,FALSE,FALSE,FALSE
Greece,2011,1,2.190000057220459,FALSE,FALSE,FALSE
Greece,2012,1,2.1500000953674316,FALSE,FALSE,FALSE
Greece,2013,1,2.2799999713897705,FALSE,FALSE,FALSE
Greece,2014,1,2.319999933242798,FALSE,FALSE,FALSE
Greece,2015,1,2.3499999046325684,FALSE,FALSE,FALSE
Greece,2016,1,2.190000057220459,FALSE,FALSE,FALSE
Greece,2017,1,2.140000104904175,FALSE,FALSE,FALSE
Greece,2018,1,2.059999942779541,FALSE,FALSE,FALSE
Greece,2019,1,1.9900000095367432,FALSE,FALSE,FALSE
Guatemala,1973,2,1.9900000095367432,FALSE,FALSE,FALSE
Guatemala,1974,2,1.899999976158142,FALSE,FALSE,FALSE
Guatemala,1975,2,1.8300000429153442,FALSE,FALSE,FALSE
Guatemala,1976,2,1.809999942779541,FALSE,FALSE,FALSE
Guatemala,1977,2,1.7799999713897705,FALSE,FALSE,FALSE
Guatemala,1978,2,2,FALSE,FALSE,FALSE
Guatemala,1979,2,2.0899999141693115,FALSE,FALSE,FALSE
Guatemala,1980,2,2.049999952316284,FALSE,FALSE,FALSE
Guatemala,1981,2,2.0899999141693115,FALSE,FALSE,FALSE
Guatemala,1982,2,2.059999942779541,FALSE,FALSE,FALSE
Guatemala,1983,2,2.3399999141693115,FALSE,FALSE,FALSE
Guatemala,1984,2,2.380000114440918,FALSE,FALSE,FALSE
Guatemala,1986,12,3.259999990463257,TRUE,FALSE,FALSE
Guatemala,1987,12,3.309999942779541,TRUE,FALSE,FALSE
Guatemala,1988,7,2.75,FALSE,FALSE,FALSE
Guatemala,1991,7,2.619999885559082,FALSE,FALSE,FALSE
Guatemala,1992,7,2.5899999141693115,FALSE,FALSE,FALSE
Guatemala,1993,7,2.5,FALSE,FALSE,FALSE
Guatemala,1994,7,2.5299999713897705,FALSE,FALSE,FALSE
Guatemala,1995,7,2.4600000381469727,FALSE,FALSE,FALSE
Guatemala,1996,7,2.440000057220459,FALSE,FALSE,FALSE
Guatemala,1997,7,2.430000066757202,FALSE,FALSE,FALSE
Guatemala,1998,7,2.4600000381469727,FALSE,FALSE,FALSE
Guatemala,1999,7,2.5,FALSE,FALSE,FALSE
Guatemala,2000,7,2.5299999713897705,FALSE,FALSE,FALSE
Guatemala,2001,7,2.5,FALSE,FALSE,FALSE
Guatemala,2002,7,2.559999942779541,FALSE,FALSE,FALSE
Guatemala,2003,7,2.5299999713897705,FALSE,FALSE,FALSE
Guatemala,2004,7,2.5199999809265137,FALSE,FALSE,FALSE
Guatemala,2005,7,2.5,FALSE,FALSE,FALSE
Guatemala,2006,7,2.509999990463257,FALSE,FALSE,FALSE
Guatemala,2007,7,2.5199999809265137,FALSE,FALSE,FALSE
Guatemala,2008,7,2.5199999809265137,FALSE,FALSE,FALSE
Guatemala,2009,7,2.490000009536743,FALSE,FALSE,FALSE
Guatemala,2010,7,2.4800000190734863,FALSE,FALSE,FALSE
Guatemala,2011,7,2.4600000381469727,FALSE,FALSE,FALSE
Guatemala,2012,7,2.440000057220459,FALSE,FALSE,FALSE
Guatemala,2013,7,2.440000057220459,FALSE,FALSE,FALSE
Guatemala,2014,7,2.440000057220459,FALSE,FALSE,FALSE
Guatemala,2015,7,2.4200000762939453,FALSE,FALSE,FALSE
Guatemala,2016,7,2.5299999713897705,FALSE,FALSE,FALSE
Guatemala,2017,7,2.5899999141693115,FALSE,FALSE,FALSE
Guatemala,2018,7,2.5899999141693115,FALSE,FALSE,FALSE
Guatemala,2019,7,2.5899999141693115,FALSE,FALSE,FALSE
Honduras,1973,2,1.659999966621399,FALSE,FALSE,FALSE
Honduras,1974,2,1.6100000143051147,FALSE,FALSE,FALSE
Honduras,1975,2,1.5700000524520874,FALSE,FALSE,FALSE
Honduras,1976,2,1.5199999809265137,FALSE,FALSE,FALSE
Honduras,1977,2,1.5,FALSE,FALSE,FALSE
Honduras,1978,2,1.6699999570846558,FALSE,FALSE,FALSE
Honduras,1979,2,1.7999999523162842,FALSE,FALSE,FALSE
Honduras,1980,2,1.7699999809265137,FALSE,FALSE,FALSE
Honduras,1981,2,1.8200000524520874,FALSE,FALSE,FALSE
Honduras,1982,2,1.7899999618530273,FALSE,FALSE,FALSE
Honduras,1983,2,1.8899999856948853,FALSE,FALSE,FALSE
Honduras,1984,2,1.9199999570846558,FALSE,FALSE,FALSE
Honduras,1985,10,3.2300000190734863,FALSE,FALSE,FALSE
Honduras,1986,10,3.2200000286102295,FALSE,FALSE,FALSE
Honduras,1987,10,3.2799999713897705,FALSE,FALSE,FALSE
Honduras,1988,10,3.309999942779541,FALSE,FALSE,FALSE
Honduras,1989,10,3.319999933242798,FALSE,FALSE,FALSE
Honduras,1991,10,3.25,FALSE,FALSE,FALSE
Honduras,1992,10,3.25,FALSE,FALSE,FALSE
Honduras,1993,10,3.2300000190734863,FALSE,FALSE,FALSE
Honduras,1994,10,3.180000066757202,FALSE,FALSE,FALSE
Honduras,1995,10,3.1600000858306885,FALSE,FALSE,FALSE
Honduras,1996,7,2.359999895095825,FALSE,FALSE,FALSE
Honduras,1997,7,2.3499999046325684,FALSE,FALSE,FALSE
Honduras,1998,7,2.309999942779541,FALSE,FALSE,FALSE
Honduras,1999,7,2.309999942779541,FALSE,FALSE,FALSE
Honduras,2000,7,2.2799999713897705,FALSE,FALSE,FALSE
Honduras,2001,7,2.259999990463257,FALSE,FALSE,FALSE
Honduras,2002,7,2.2899999618530273,FALSE,FALSE,FALSE
Honduras,2003,7,2.3299999237060547,FALSE,FALSE,FALSE
Honduras,2004,7,2.359999895095825,FALSE,FALSE,FALSE
Honduras,2005,2,1.8600000143051147,FALSE,FALSE,FALSE
Honduras,2006,2,1.8600000143051147,FALSE,FALSE,FALSE
Honduras,2007,2,1.7699999809265137,FALSE,FALSE,FALSE
Honduras,2008,2,1.7400000095367432,FALSE,FALSE,FALSE
Honduras,2009,2,1.7000000476837158,FALSE,FALSE,FALSE
Honduras,2010,2,1.690000057220459,FALSE,FALSE,FALSE
Honduras,2011,7,2.3399999141693115,FALSE,FALSE,FALSE
Honduras,2012,7,2.309999942779541,FALSE,FALSE,FALSE
Honduras,2013,7,2.299999952316284,FALSE,FALSE,FALSE
Honduras,2014,7,2.2799999713897705,FALSE,FALSE,FALSE
Honduras,2015,7,2.2899999618530273,FALSE,FALSE,FALSE
Honduras,2016,7,2.380000114440918,FALSE,FALSE,FALSE
Honduras,2017,7,2.4600000381469727,FALSE,FALSE,FALSE
Honduras,2018,7,2.450000047683716,FALSE,FALSE,FALSE
Honduras,2019,7,2.4200000762939453,FALSE,FALSE,FALSE
India,1973,2,3.4100000858306885,FALSE,TRUE,FALSE
India,1974,2,3.359999895095825,FALSE,TRUE,FALSE
India,1975,2,3.4700000286102295,FALSE,TRUE,FALSE
India,1976,8,3.6500000953674316,FALSE,TRUE,FALSE
India,1977,8,3.690000057220459,FALSE,TRUE,FALSE
India,1978,8,3.6700000762939453,FALSE,TRUE,FALSE
India,1979,8,2.890000104904175,FALSE,FALSE,FALSE
India,1980,8,2.940000057220459,FALSE,FALSE,FALSE
India,1981,8,2.880000114440918,FALSE,FALSE,FALSE
India,1982,8,2.9600000381469727,FALSE,FALSE,FALSE
India,1983,8,2.9700000286102295,FALSE,FALSE,FALSE
India,1984,8,3.009999990463257,FALSE,FALSE,FALSE
India,1985,8,3.0199999809265137,FALSE,FALSE,FALSE
India,1986,8,3.049999952316284,FALSE,FALSE,FALSE
India,1987,8,3.119999885559082,FALSE,FALSE,FALSE
India,1988,8,3.180000066757202,FALSE,FALSE,FALSE
India,1989,8,3.2200000286102295,FALSE,FALSE,FALSE
India,1990,7,3.1600000858306885,FALSE,FALSE,FALSE
India,1991,7,3.119999885559082,FALSE,FALSE,FALSE
India,1992,4,2.7799999713897705,FALSE,FALSE,FALSE
India,1993,4,2.740000009536743,FALSE,FALSE,FALSE
India,1994,4,2.6700000762939453,FALSE,FALSE,FALSE
India,1995,7,2.9600000381469727,FALSE,FALSE,FALSE
India,1996,7,2.940000057220459,FALSE,FALSE,FALSE
India,1997,7,2.930000066757202,FALSE,FALSE,FALSE
India,1998,7,3.0399999618530273,FALSE,FALSE,FALSE
India,1999,7,3,FALSE,FALSE,FALSE
India,2000,7,3.059999942779541,FALSE,FALSE,FALSE
India,2001,7,3.0999999046325684,FALSE,FALSE,FALSE
India,2002,7,3.130000114440918,FALSE,FALSE,FALSE
India,2003,7,3.180000066757202,FALSE,FALSE,FALSE
India,2004,7,3.190000057220459,FALSE,FALSE,FALSE
India,2005,7,3.180000066757202,FALSE,FALSE,FALSE
India,2006,8,3.140000104904175,FALSE,FALSE,FALSE
India,2007,8,2.9600000381469727,FALSE,FALSE,FALSE
India,2008,8,2.8299999237060547,FALSE,FALSE,FALSE
India,2009,10,3.299999952316284,FALSE,FALSE,FALSE
India,2010,10,3.2899999618530273,FALSE,FALSE,FALSE
India,2011,10,3.309999942779541,FALSE,FALSE,FALSE
India,2012,10,3.309999942779541,FALSE,FALSE,FALSE
India,2013,11,3.2899999618530273,FALSE,FALSE,FALSE
India,2014,11,3.2799999713897705,FALSE,FALSE,FALSE
India,2015,11,3.2799999713897705,FALSE,FALSE,FALSE
India,2016,11,3.2899999618530273,FALSE,FALSE,FALSE
India,2017,11,3.3499999046325684,FALSE,FALSE,FALSE
India,2018,11,3.380000114440918,FALSE,FALSE,FALSE
India,2019,11,3.359999895095825,FALSE,FALSE,FALSE
Indonesia,1974,10,3.2100000381469727,FALSE,FALSE,FALSE
Indonesia,1975,10,3.200000047683716,FALSE,FALSE,FALSE
Indonesia,1976,10,3.200000047683716,FALSE,FALSE,FALSE
Indonesia,1977,10,3.2100000381469727,FALSE,FALSE,FALSE
Indonesia,1978,10,3.5299999713897705,FALSE,FALSE,FALSE
Indonesia,1979,7,3.1700000762939453,FALSE,FALSE,FALSE
Indonesia,1980,7,3.1500000953674316,FALSE,FALSE,FALSE
Indonesia,1981,7,3.1500000953674316,FALSE,FALSE,FALSE
Indonesia,1982,7,3.1700000762939453,FALSE,FALSE,FALSE
Indonesia,1983,7,3.200000047683716,FALSE,FALSE,FALSE
Indonesia,1984,7,3.2200000286102295,FALSE,FALSE,FALSE
Indonesia,1985,7,3.1600000858306885,FALSE,FALSE,FALSE
Indonesia,1986,7,3.1500000953674316,FALSE,FALSE,FALSE
Indonesia,1987,7,3.200000047683716,FALSE,FALSE,FALSE
Indonesia,1988,7,3.2799999713897705,FALSE,FALSE,FALSE
Indonesia,1989,7,3.299999952316284,FALSE,FALSE,FALSE
Indonesia,1990,7,3.2799999713897705,FALSE,FALSE,FALSE
Indonesia,1991,7,3.2799999713897705,FALSE,FALSE,FALSE
Indonesia,1992,7,3.259999990463257,FALSE,FALSE,FALSE
Indonesia,1993,7,3.2100000381469727,FALSE,FALSE,FALSE
Indonesia,1994,7,3.190000057220459,FALSE,FALSE,FALSE
Indonesia,1995,7,3.190000057220459,FALSE,FALSE,FALSE
Indonesia,1996,7,3.1500000953674316,FALSE,FALSE,FALSE
Indonesia,1997,7,3.140000104904175,FALSE,FALSE,FALSE
Indonesia,1999,12,3.509999990463257,TRUE,FALSE,FALSE
Indonesia,2000,12,3.4600000381469727,TRUE,FALSE,FALSE
Indonesia,2001,12,3.4100000858306885,TRUE,FALSE,FALSE
Indonesia,2002,12,3.4000000953674316,TRUE,FALSE,FALSE
Indonesia,2003,12,3.4000000953674316,TRUE,FALSE,FALSE
Indonesia,2004,12,3.380000114440918,TRUE,FALSE,FALSE
Indonesia,2005,12,3.359999895095825,TRUE,FALSE,FALSE
Indonesia,2006,12,3.3399999141693115,TRUE,FALSE,FALSE
Indonesia,2007,8,2.9700000286102295,FALSE,FALSE,FALSE
Indonesia,2008,8,2.950000047683716,FALSE,FALSE,FALSE
Indonesia,2009,8,2.950000047683716,FALSE,FALSE,FALSE
Indonesia,2010,8,2.940000057220459,FALSE,FALSE,FALSE
Indonesia,2011,8,2.930000066757202,FALSE,FALSE,FALSE
Indonesia,2012,8,2.9100000858306885,FALSE,FALSE,FALSE
Indonesia,2013,8,2.9000000953674316,FALSE,FALSE,FALSE
Indonesia,2014,8,2.890000104904175,FALSE,FALSE,FALSE
Indonesia,2015,8,2.9000000953674316,FALSE,FALSE,FALSE
Indonesia,2016,8,2.880000114440918,FALSE,FALSE,FALSE
Indonesia,2017,8,3.130000114440918,FALSE,FALSE,FALSE
Indonesia,2018,8,3.1600000858306885,FALSE,FALSE,FALSE
Indonesia,2019,8,3.1500000953674316,FALSE,FALSE,FALSE
Iran,1976,8,2.990000009536743,FALSE,FALSE,FALSE
Iran,1977,12,3.440000057220459,TRUE,FALSE,FALSE
Iran,1978,12,3.619999885559082,TRUE,FALSE,FALSE
Iran,1979,12,3.609999895095825,TRUE,FALSE,FALSE
Iran,1980,12,3.619999885559082,TRUE,FALSE,FALSE
Iran,1981,12,3.7200000286102295,TRUE,FALSE,FALSE
Iran,1982,12,3.700000047683716,TRUE,FALSE,FALSE
Iran,1983,12,3.7300000190734863,TRUE,FALSE,FALSE
Iran,1984,12,3.819999933242798,TRUE,FALSE,FALSE
Iran,1985,12,3.819999933242798,TRUE,FALSE,FALSE
Iran,1986,12,3.8399999141693115,TRUE,FALSE,FALSE
Iran,1987,12,3.8399999141693115,TRUE,FALSE,FALSE
Iran,1988,12,3.8299999237060547,TRUE,FALSE,FALSE
Iran,1989,12,3.819999933242798,TRUE,FALSE,FALSE
Iran,1990,12,3.7799999713897705,TRUE,FALSE,FALSE
Iran,1991,12,3.759999990463257,TRUE,FALSE,FALSE
Iran,1992,12,3.7899999618530273,TRUE,FALSE,FALSE
Iran,1993,12,3.799999952316284,TRUE,FALSE,FALSE
Iran,1996,12,3.6600000858306885,TRUE,FALSE,FALSE
Iran,1997,12,3.619999885559082,TRUE,FALSE,FALSE
Iran,1998,12,3.630000114440918,TRUE,FALSE,FALSE
Iran,1999,12,3.680000066757202,TRUE,FALSE,FALSE
Iran,2000,12,3.619999885559082,TRUE,FALSE,FALSE
Iran,2001,12,3.5799999237060547,TRUE,FALSE,FALSE
Iran,2002,7,3.3299999237060547,FALSE,FALSE,FALSE
Iran,2003,7,3.309999942779541,FALSE,FALSE,FALSE
Iran,2004,7,3.3399999141693115,FALSE,FALSE,FALSE
Iran,2005,7,3.309999942779541,FALSE,FALSE,FALSE
Iran,2006,7,3.240000009536743,FALSE,FALSE,FALSE
Iran,2007,7,3.190000057220459,FALSE,FALSE,FALSE
Iran,2008,7,3.119999885559082,FALSE,FALSE,FALSE
Iran,2009,7,3.009999990463257,FALSE,FALSE,FALSE
Iran,2010,7,2.9700000286102295,FALSE,FALSE,FALSE
Iran,2013,7,2.7799999713897705,FALSE,FALSE,FALSE
Iran,2014,7,2.759999990463257,FALSE,FALSE,FALSE
Iran,2015,7,2.7200000286102295,FALSE,FALSE,FALSE
Iran,2016,7,2.7100000381469727,FALSE,FALSE,FALSE
Iran,2017,7,3.009999990463257,FALSE,FALSE,FALSE
Ireland,1973,2,2.0999999046325684,FALSE,TRUE,FALSE
Ireland,1974,2,2.0999999046325684,FALSE,TRUE,FALSE
Ireland,1975,2,2.140000104904175,FALSE,TRUE,FALSE
Ireland,1976,2,2.1700000762939453,FALSE,TRUE,FALSE
Ireland,1977,2,2.190000057220459,FALSE,TRUE,FALSE
Ireland,1978,2,2.190000057220459,FALSE,TRUE,FALSE
Ireland,1979,8,3.059999942779541,FALSE,TRUE,FALSE
Ireland,1980,8,3.049999952316284,FALSE,TRUE,FALSE
Ireland,1981,8,3.0299999713897705,FALSE,TRUE,FALSE
Ireland,1982,8,3.0199999809265137,FALSE,TRUE,FALSE
Ireland,1983,8,2.9700000286102295,FALSE,TRUE,FALSE
Ireland,1984,8,2.9700000286102295,FALSE,TRUE,FALSE
Ireland,1985,8,2.9800000190734863,FALSE,TRUE,FALSE
Ireland,1986,8,3,FALSE,TRUE,FALSE
Ireland,1987,8,2.990000009536743,FALSE,TRUE,FALSE
Ireland,1988,8,3,FALSE,TRUE,FALSE
Ireland,1989,8,3,FALSE,TRUE,FALSE
Ireland,1990,8,3.009999990463257,FALSE,TRUE,FALSE
Ireland,1991,8,3.009999990463257,FALSE,TRUE,FALSE
Ireland,1992,8,3.009999990463257,FALSE,TRUE,FALSE
Ireland,1993,8,3.0199999809265137,FALSE,TRUE,FALSE
Ireland,1994,8,3.059999942779541,FALSE,TRUE,FALSE
Ireland,1995,8,3.0999999046325684,FALSE,TRUE,FALSE
Ireland,1996,8,3.1500000953674316,FALSE,TRUE,FALSE
Ireland,1997,4,2.9600000381469727,FALSE,TRUE,FALSE
Ireland,1998,4,2.9700000286102295,FALSE,TRUE,FALSE
Ireland,1999,1,2.9700000286102295,FALSE,FALSE,FALSE
Ireland,2000,1,2.9700000286102295,FALSE,FALSE,FALSE
Ireland,2001,1,2.940000057220459,FALSE,FALSE,FALSE
Ireland,2002,1,2.8499999046325684,FALSE,FALSE,FALSE
Ireland,2003,1,2.8299999237060547,FALSE,FALSE,FALSE
Ireland,2004,1,2.809999942779541,FALSE,FALSE,FALSE
Ireland,2005,1,2.7799999713897705,FALSE,FALSE,FALSE
Ireland,2006,1,2.75,FALSE,FALSE,FALSE
Ireland,2007,1,2.7100000381469727,FALSE,FALSE,FALSE
Ireland,2008,1,2.690000057220459,FALSE,FALSE,FALSE
Ireland,2009,1,3.059999942779541,FALSE,FALSE,FALSE
Ireland,2010,1,3.0799999237060547,FALSE,FALSE,FALSE
Ireland,2011,1,3.0799999237060547,FALSE,FALSE,FALSE
Ireland,2012,1,3.069999933242798,FALSE,FALSE,FALSE
Ireland,2013,1,3.049999952316284,FALSE,FALSE,FALSE
Ireland,2014,1,3.0199999809265137,FALSE,FALSE,FALSE
Ireland,2015,1,3.009999990463257,FALSE,FALSE,FALSE
Ireland,2016,1,2.950000047683716,FALSE,FALSE,FALSE
Ireland,2017,1,2.8499999046325684,FALSE,FALSE,FALSE
Ireland,2018,1,2.809999942779541,FALSE,FALSE,FALSE
Ireland,2019,1,2.7699999809265137,FALSE,FALSE,FALSE
Italy,1973,8,3.309999942779541,FALSE,FALSE,FALSE
Italy,1974,8,3.319999933242798,FALSE,FALSE,FALSE
Italy,1975,8,3.2699999809265137,FALSE,FALSE,FALSE
Italy,1976,12,3.549999952316284,TRUE,FALSE,FALSE
Italy,1977,12,3.5299999713897705,TRUE,FALSE,FALSE
Italy,1978,12,3.549999952316284,TRUE,FALSE,FALSE
Italy,1979,12,3.549999952316284,TRUE,FALSE,FALSE
Italy,1980,12,3.549999952316284,TRUE,FALSE,FALSE
Italy,1981,12,3.569999933242798,TRUE,FALSE,FALSE
Italy,1982,12,3.5899999141693115,TRUE,FALSE,FALSE
Italy,1983,8,2.950000047683716,FALSE,TRUE,FALSE
Italy,1984,8,2.9600000381469727,FALSE,TRUE,FALSE
Italy,1985,8,2.930000066757202,FALSE,TRUE,FALSE
Italy,1986,8,2.869999885559082,FALSE,TRUE,FALSE
Italy,1987,8,2.759999990463257,FALSE,TRUE,FALSE
Italy,1988,8,2.700000047683716,FALSE,TRUE,FALSE
Italy,1989,8,2.640000104904175,FALSE,TRUE,FALSE
Italy,1990,8,2.630000114440918,FALSE,TRUE,FALSE
Italy,1991,8,2.630000114440918,FALSE,TRUE,FALSE
Italy,1992,8,2.630000114440918,FALSE,TRUE,FALSE
Italy,1993,8,2.6500000953674316,FALSE,TRUE,FALSE
Italy,1994,8,2.640000104904175,FALSE,TRUE,FALSE
Italy,1995,8,2.6600000858306885,FALSE,TRUE,FALSE
Italy,1996,7,2.6700000762939453,FALSE,TRUE,FALSE
Italy,1997,4,2.119999885559082,FALSE,TRUE,FALSE
Italy,1998,4,2.130000114440918,FALSE,TRUE,FALSE
Italy,1999,1,2.0899999141693115,FALSE,FALSE,FALSE
Italy,2000,1,2.140000104904175,FALSE,FALSE,FALSE
Italy,2001,1,2.1700000762939453,FALSE,FALSE,FALSE
Italy,2002,1,2.1600000858306885,FALSE,FALSE,FALSE
Italy,2003,1,2.2100000381469727,FALSE,FALSE,FALSE
Italy,2004,1,2.119999885559082,FALSE,FALSE,FALSE
Italy,2005,1,2.140000104904175,FALSE,FALSE,FALSE
Italy,2006,1,2.1500000953674316,FALSE,FALSE,FALSE
Italy,2007,1,2.2100000381469727,FALSE,FALSE,FALSE
Italy,2008,1,2.25,FALSE,FALSE,FALSE
Italy,2009,1,2.3299999237060547,FALSE,FALSE,FALSE
Italy,2010,1,2.3299999237060547,FALSE,FALSE,FALSE
Italy,2011,1,2.3299999237060547,FALSE,FALSE,FALSE
Italy,2012,1,2.2300000190734863,FALSE,FALSE,FALSE
Italy,2013,1,2.2799999713897705,FALSE,FALSE,FALSE
Italy,2014,1,2.2300000190734863,FALSE,FALSE,FALSE
Italy,2015,1,2.2200000286102295,FALSE,FALSE,FALSE
Italy,2016,1,2.130000114440918,FALSE,FALSE,FALSE
Italy,2017,1,1.9800000190734863,FALSE,FALSE,FALSE
Italy,2018,1,1.9600000381469727,FALSE,FALSE,FALSE
Italy,2019,1,1.909999966621399,FALSE,FALSE,FALSE
Jamaica,1973,2,2.1600000858306885,FALSE,FALSE,FALSE
Jamaica,1974,2,2.180000066757202,FALSE,FALSE,FALSE
Jamaica,1975,2,2.140000104904175,FALSE,FALSE,FALSE
Jamaica,1976,2,1.8700000047683716,FALSE,FALSE,FALSE
Jamaica,1977,2,1.809999942779541,FALSE,FALSE,FALSE
Jamaica,1979,2,1.75,FALSE,FALSE,FALSE
Jamaica,1980,2,1.75,FALSE,FALSE,FALSE
Jamaica,1981,2,1.7100000381469727,FALSE,FALSE,FALSE
Jamaica,1982,2,1.7300000190734863,FALSE,FALSE,FALSE
Jamaica,1983,8,2.5999999046325684,FALSE,FALSE,FALSE
Jamaica,1984,8,2.5899999141693115,FALSE,FALSE,FALSE
Jamaica,1985,8,2.559999942779541,FALSE,FALSE,FALSE
Jamaica,1986,8,2.5399999618530273,FALSE,FALSE,FALSE
Jamaica,1987,8,2.4700000286102295,FALSE,FALSE,FALSE
Jamaica,1988,8,2.490000009536743,FALSE,FALSE,FALSE
Jamaica,1989,8,2.4700000286102295,FALSE,FALSE,FALSE
Jamaica,1990,2,1.8799999952316284,FALSE,FALSE,FALSE
Jamaica,1993,10,3.2100000381469727,FALSE,FALSE,FALSE
Jamaica,1994,8,2.440000057220459,FALSE,FALSE,FALSE
Jamaica,1995,8,2.369999885559082,FALSE,FALSE,FALSE
Jamaica,1996,8,2.390000104904175,FALSE,FALSE,FALSE
Jamaica,1997,7,2.380000114440918,FALSE,FALSE,FALSE
Jamaica,1998,7,2.430000066757202,FALSE,FALSE,FALSE
Jamaica,1999,7,2.430000066757202,FALSE,FALSE,FALSE
Jamaica,2000,7,2.4600000381469727,FALSE,FALSE,FALSE
Jamaica,2001,7,2.430000066757202,FALSE,FALSE,FALSE
Jamaica,2002,7,2.509999990463257,FALSE,FALSE,FALSE
Jamaica,2003,7,2.559999942779541,FALSE,FALSE,FALSE
Jamaica,2004,7,2.559999942779541,FALSE,FALSE,FALSE
Jamaica,2005,7,2.549999952316284,FALSE,FALSE,FALSE
Jamaica,2006,7,2.509999990463257,FALSE,FALSE,FALSE
Jamaica,2007,7,2.490000009536743,FALSE,FALSE,FALSE
Jamaica,2008,7,2.4800000190734863,FALSE,FALSE,FALSE
Jamaica,2009,7,2.4200000762939453,FALSE,FALSE,FALSE
Jamaica,2010,7,2.4100000858306885,FALSE,FALSE,FALSE
Jamaica,2011,7,2.4000000953674316,FALSE,FALSE,FALSE
Jamaica,2012,7,2.430000066757202,FALSE,FALSE,FALSE
Jamaica,2013,7,2.440000057220459,FALSE,FALSE,FALSE
Jamaica,2014,7,2.440000057220459,FALSE,FALSE,FALSE
Jamaica,2015,7,2.430000066757202,FALSE,FALSE,FALSE
Jamaica,2016,7,2.4800000190734863,FALSE,FALSE,FALSE
Jamaica,2017,7,2.5299999713897705,FALSE,FALSE,FALSE
Jamaica,2018,7,2.559999942779541,FALSE,FALSE,FALSE
Jamaica,2019,7,2.549999952316284,FALSE,FALSE,FALSE
Japan,1973,8,2.450000047683716,FALSE,FALSE,FALSE
Japan,1974,8,2.440000057220459,FALSE,FALSE,FALSE
Japan,1975,8,2.4100000858306885,FALSE,FALSE,FALSE
Japan,1976,8,2.359999895095825,FALSE,FALSE,FALSE
Japan,1977,8,2.4200000762939453,FALSE,FALSE,FALSE
Japan,1978,13,4,TRUE,TRUE,TRUE
Japan,1979,13,4,TRUE,TRUE,TRUE
Japan,1980,13,4,TRUE,TRUE,TRUE
Japan,1981,13,4,TRUE,TRUE,TRUE
Japan,1982,13,4,TRUE,TRUE,TRUE
Japan,1983,13,4,TRUE,TRUE,TRUE
Japan,1984,13,4,TRUE,TRUE,TRUE
Japan,1985,13,4,TRUE,TRUE,TRUE
Japan,1986,13,4,TRUE,TRUE,TRUE
Japan,1987,13,4,TRUE,TRUE,TRUE
Japan,1988,13,4,TRUE,TRUE,TRUE
Japan,1989,13,4,TRUE,TRUE,TRUE
Japan,1990,13,4,TRUE,TRUE,TRUE
Japan,1991,13,4,TRUE,TRUE,TRUE
Japan,1992,13,4,TRUE,TRUE,TRUE
Japan,1993,13,4,TRUE,TRUE,TRUE
Japan,1994,13,4,TRUE,TRUE,TRUE
Japan,1995,13,4,TRUE,TRUE,TRUE
Japan,1996,13,4,TRUE,TRUE,TRUE
Japan,1997,13,4,TRUE,TRUE,TRUE
Japan,1998,13,4,TRUE,TRUE,TRUE
Japan,1999,13,4,TRUE,TRUE,TRUE
Japan,2000,13,4,TRUE,TRUE,TRUE
Japan,2001,13,4,TRUE,TRUE,TRUE
Japan,2002,13,4,TRUE,TRUE,TRUE
Japan,2003,13,4,TRUE,TRUE,TRUE
Japan,2004,13,4,TRUE,TRUE,TRUE
Japan,2005,13,4,TRUE,TRUE,TRUE
Japan,2006,13,4,TRUE,TRUE,TRUE
Japan,2007,13,4,TRUE,TRUE,TRUE
Japan,2008,13,4,TRUE,TRUE,TRUE
Japan,2009,13,4,TRUE,TRUE,TRUE
Japan,2010,13,4,TRUE,TRUE,TRUE
Japan,2011,13,4,TRUE,TRUE,TRUE
Japan,2012,13,4,TRUE,TRUE,TRUE
Japan,2013,13,4,TRUE,TRUE,TRUE
Japan,2014,13,4,TRUE,TRUE,TRUE
Japan,2015,13,4,TRUE,TRUE,TRUE
Japan,2016,13,4,TRUE,TRUE,TRUE
Japan,2017,13,4,TRUE,TRUE,TRUE
Japan,2018,13,4,TRUE,TRUE,TRUE
Japan,2019,13,4,TRUE,TRUE,TRUE
Jordan,1973,2,2.5299999713897705,FALSE,FALSE,FALSE
Jordan,1974,2,2.569999933242798,FALSE,FALSE,FALSE
Jordan,1989,10,3.509999990463257,FALSE,FALSE,FALSE
Jordan,1990,10,3.4800000190734863,FALSE,FALSE,FALSE
Jordan,1991,10,3.450000047683716,FALSE,FALSE,FALSE
Jordan,1992,10,3.440000057220459,FALSE,FALSE,FALSE
Jordan,1993,7,3.0899999141693115,FALSE,FALSE,FALSE
Jordan,1994,7,3.130000114440918,FALSE,FALSE,FALSE
Jordan,1995,7,3.119999885559082,FALSE,FALSE,FALSE
Jordan,1996,4,2.859999895095825,FALSE,FALSE,FALSE
Jordan,1997,4,2.869999885559082,FALSE,FALSE,FALSE
Jordan,1998,4,3.009999990463257,FALSE,FALSE,FALSE
Jordan,1999,4,2.940000057220459,FALSE,FALSE,FALSE
Jordan,2000,4,2.9200000762939453,FALSE,FALSE,FALSE
Jordan,2001,4,2.869999885559082,FALSE,FALSE,FALSE
Jordan,2002,4,2.890000104904175,FALSE,FALSE,FALSE
Jordan,2003,4,2.869999885559082,FALSE,FALSE,FALSE
Jordan,2004,4,2.7699999809265137,FALSE,FALSE,FALSE
Jordan,2005,4,2.5999999046325684,FALSE,FALSE,FALSE
Jordan,2006,4,2.4200000762939453,FALSE,FALSE,FALSE
Jordan,2007,4,2.309999942779541,FALSE,FALSE,FALSE
Jordan,2008,4,2.309999942779541,FALSE,FALSE,FALSE
Jordan,2009,4,2.2699999809265137,FALSE,FALSE,FALSE
Jordan,2010,4,2.2799999713897705,FALSE,FALSE,FALSE
Jordan,2011,4,2.259999990463257,FALSE,FALSE,FALSE
Jordan,2012,4,2.2300000190734863,FALSE,FALSE,FALSE
Jordan,2013,4,2.1600000858306885,FALSE,FALSE,FALSE
Jordan,2014,4,2.2200000286102295,FALSE,FALSE,FALSE
Jordan,2015,4,2.25,FALSE,FALSE,FALSE
Jordan,2016,4,2.3299999237060547,FALSE,FALSE,FALSE
Jordan,2017,4,2.549999952316284,FALSE,FALSE,FALSE
Jordan,2018,4,2.5799999237060547,FALSE,FALSE,FALSE
Jordan,2019,4,2.509999990463257,FALSE,FALSE,FALSE
Kenya,1973,2,2.9700000286102295,FALSE,FALSE,FALSE
Kenya,1974,2,3.0199999809265137,FALSE,FALSE,FALSE
Kenya,1975,2,2.940000057220459,FALSE,FALSE,FALSE
Kenya,1994,12,3.5299999713897705,TRUE,FALSE,FALSE
Kenya,1995,12,3.5199999809265137,TRUE,FALSE,FALSE
Kenya,1996,8,3.109999895095825,FALSE,FALSE,FALSE
Kenya,1997,8,3.109999895095825,FALSE,FALSE,FALSE
Kenya,1998,8,3.1500000953674316,FALSE,FALSE,FALSE
Kenya,1999,8,3.0799999237060547,FALSE,FALSE,FALSE
Kenya,2000,8,3.119999885559082,FALSE,FALSE,FALSE
Kenya,2001,8,3.049999952316284,FALSE,FALSE,FALSE
Kenya,2002,8,2.990000009536743,FALSE,FALSE,FALSE
Kenya,2003,8,2.9800000190734863,FALSE,FALSE,FALSE
Kenya,2004,8,2.9600000381469727,FALSE,FALSE,FALSE
Kenya,2008,8,2.859999895095825,FALSE,FALSE,FALSE
Kenya,2009,8,2.9000000953674316,FALSE,FALSE,FALSE
Kenya,2010,8,2.9000000953674316,FALSE,FALSE,FALSE
Kenya,2011,8,2.9100000858306885,FALSE,FALSE,FALSE
Kenya,2012,8,2.880000114440918,FALSE,FALSE,FALSE
Kenya,2013,8,2.819999933242798,FALSE,FALSE,FALSE
Kenya,2014,8,2.819999933242798,FALSE,FALSE,FALSE
Kenya,2015,8,2.809999942779541,FALSE,FALSE,FALSE
Kenya,2016,8,2.7899999618530273,FALSE,FALSE,FALSE
Kenya,2017,8,2.950000047683716,FALSE,FALSE,FALSE
Kenya,2018,8,2.9600000381469727,FALSE,FALSE,FALSE
Kenya,2019,8,2.9200000762939453,FALSE,FALSE,FALSE
Lesotho,2003,2,1.2999999523162842,FALSE,TRUE,FALSE
Lesotho,2004,2,1.340000033378601,FALSE,TRUE,FALSE
Lesotho,2005,2,1.149999976158142,FALSE,TRUE,FALSE
Lesotho,2006,2,1.0499999523162842,FALSE,TRUE,FALSE
Lesotho,2007,2,1.0399999618530273,FALSE,TRUE,FALSE
Lesotho,2008,2,1.0499999523162842,FALSE,TRUE,FALSE
Lesotho,2009,2,1.059999942779541,FALSE,TRUE,FALSE
Lesotho,2010,2,1.100000023841858,FALSE,TRUE,FALSE
Lesotho,2011,2,1.2200000286102295,FALSE,TRUE,FALSE
Lesotho,2012,2,1.1799999475479126,FALSE,TRUE,FALSE
Lesotho,2013,2,1.2400000095367432,FALSE,TRUE,FALSE
Lesotho,2014,2,1.2599999904632568,FALSE,TRUE,FALSE
Lesotho,2015,2,1.340000033378601,FALSE,TRUE,FALSE
Lesotho,2016,2,1.4299999475479126,FALSE,TRUE,FALSE
Lesotho,2017,2,1.3300000429153442,FALSE,TRUE,FALSE
Lesotho,2018,2,1.350000023841858,FALSE,TRUE,FALSE
Lesotho,2019,2,1.2999999523162842,FALSE,TRUE,FALSE
Luxembourg,2000,1,1.399999976158142,FALSE,FALSE,FALSE
Luxembourg,2001,1,1.4199999570846558,FALSE,FALSE,FALSE
Luxembourg,2002,1,1.4700000286102295,FALSE,FALSE,FALSE
Luxembourg,2003,1,1.4299999475479126,FALSE,FALSE,FALSE
Luxembourg,2004,1,1.5199999809265137,FALSE,FALSE,FALSE
Luxembourg,2005,1,1.600000023841858,FALSE,FALSE,FALSE
Luxembourg,2006,1,1.7200000286102295,FALSE,FALSE,FALSE
Luxembourg,2007,1,1.8200000524520874,FALSE,FALSE,FALSE
Luxembourg,2008,1,1.850000023841858,FALSE,FALSE,FALSE
Luxembourg,2009,1,1.8799999952316284,FALSE,FALSE,FALSE
Luxembourg,2010,1,1.840000033378601,FALSE,FALSE,FALSE
Luxembourg,2011,1,1.7799999713897705,FALSE,FALSE,FALSE
Luxembourg,2012,1,1.659999966621399,FALSE,FALSE,FALSE
Luxembourg,2013,1,1.6200000047683716,FALSE,FALSE,FALSE
Luxembourg,2014,1,1.6399999856948853,FALSE,FALSE,FALSE
Luxembourg,2015,1,1.6799999475479126,FALSE,FALSE,FALSE
Luxembourg,2016,1,1.7200000286102295,FALSE,FALSE,FALSE
Luxembourg,2017,1,1.5499999523162842,FALSE,FALSE,FALSE
Luxembourg,2018,1,1.559999942779541,FALSE,FALSE,FALSE
Luxembourg,2019,1,1.4700000286102295,FALSE,FALSE,FALSE
Madagascar,1974,2,1.75,FALSE,TRUE,FALSE
Madagascar,1975,2,1.8600000143051147,FALSE,TRUE,FALSE
Madagascar,1976,2,1.8799999952316284,FALSE,TRUE,FALSE
Madagascar,1977,2,1.8799999952316284,FALSE,TRUE,FALSE
Madagascar,1978,2,1.8700000047683716,FALSE,TRUE,FALSE
Madagascar,1979,2,2.319999933242798,FALSE,TRUE,FALSE
Madagascar,1980,2,2.4000000953674316,FALSE,TRUE,FALSE
Madagascar,1981,2,2.2799999713897705,FALSE,TRUE,FALSE
Madagascar,1982,8,2.740000009536743,FALSE,TRUE,FALSE
Madagascar,1983,8,2.5999999046325684,FALSE,TRUE,FALSE
Madagascar,1984,8,2.7699999809265137,FALSE,TRUE,FALSE
Madagascar,1985,12,3.4000000953674316,TRUE,TRUE,TRUE
Madagascar,1986,12,3.359999895095825,TRUE,TRUE,TRUE
Madagascar,1987,12,3.309999942779541,TRUE,TRUE,TRUE
Madagascar,1988,12,3.299999952316284,TRUE,TRUE,TRUE
Madagascar,1989,12,3.309999942779541,TRUE,TRUE,TRUE
Madagascar,1990,12,3.2799999713897705,TRUE,TRUE,TRUE
Madagascar,1991,12,3.299999952316284,TRUE,TRUE,TRUE
Madagascar,1992,12,3.319999933242798,TRUE,TRUE,TRUE
Madagascar,1993,12,3.3499999046325684,TRUE,TRUE,TRUE
Madagascar,1996,12,3.6500000953674316,TRUE,FALSE,FALSE
Madagascar,1997,12,3.630000114440918,TRUE,FALSE,FALSE
Madagascar,1998,12,3.5299999713897705,TRUE,FALSE,FALSE
Malawi,1973,2,2.8399999141693115,FALSE,TRUE,FALSE
Malawi,1995,2,3.1500000953674316,FALSE,FALSE,FALSE
Malawi,1996,2,3.0399999618530273,FALSE,FALSE,FALSE
Malawi,1997,2,3.0199999809265137,FALSE,FALSE,FALSE
Malawi,2000,12,3.799999952316284,TRUE,FALSE,FALSE
Malawi,2001,12,3.809999942779541,TRUE,FALSE,FALSE
Malawi,2002,12,3.75,TRUE,FALSE,FALSE
Malawi,2003,12,3.7300000190734863,TRUE,FALSE,FALSE
Malawi,2004,7,3.4700000286102295,FALSE,FALSE,FALSE
Malawi,2005,7,3.4000000953674316,FALSE,FALSE,FALSE
Malawi,2006,7,3.359999895095825,FALSE,FALSE,FALSE
Malawi,2007,7,3.319999933242798,FALSE,FALSE,FALSE
Malawi,2008,7,3.2699999809265137,FALSE,FALSE,FALSE
Malawi,2009,7,3.2300000190734863,FALSE,FALSE,FALSE
Malawi,2010,7,3.2300000190734863,FALSE,FALSE,FALSE
Malawi,2011,7,3.130000114440918,FALSE,FALSE,FALSE
Malawi,2013,10,3.4800000190734863,FALSE,FALSE,FALSE
Malawi,2014,10,3.4600000381469727,FALSE,FALSE,FALSE
Malawi,2015,10,3.490000009536743,FALSE,FALSE,FALSE
Malaysia,1973,2,3.380000114440918,FALSE,TRUE,FALSE
Malaysia,1974,2,3.4600000381469727,FALSE,TRUE,FALSE
Malaysia,1975,2,3.509999990463257,FALSE,TRUE,FALSE
Malaysia,1976,8,2.640000104904175,FALSE,FALSE,FALSE
Malaysia,1977,8,2.609999895095825,FALSE,FALSE,FALSE
Malaysia,1978,8,3.0399999618530273,FALSE,FALSE,FALSE
Malaysia,1979,8,3,FALSE,FALSE,FALSE
Malaysia,1980,8,2.990000009536743,FALSE,FALSE,FALSE
Malaysia,1981,8,3.0199999809265137,FALSE,FALSE,FALSE
Malaysia,1982,8,3.0399999618530273,FALSE,FALSE,FALSE
Malaysia,1983,8,3.0899999141693115,FALSE,FALSE,FALSE
Malaysia,1984,8,3.1600000858306885,FALSE,FALSE,FALSE
Malaysia,1985,8,3.140000104904175,FALSE,FALSE,FALSE
Malaysia,1986,8,3.1500000953674316,FALSE,FALSE,FALSE
Malaysia,1987,8,3.130000114440918,FALSE,FALSE,FALSE
Malaysia,1988,8,3.109999895095825,FALSE,FALSE,FALSE
Malaysia,1989,8,3.0999999046325684,FALSE,FALSE,FALSE
Malaysia,1990,8,3.119999885559082,FALSE,FALSE,FALSE
Malaysia,1991,8,3.1500000953674316,FALSE,FALSE,FALSE
Malaysia,1992,8,3.180000066757202,FALSE,FALSE,FALSE
Malaysia,1993,8,3.1600000858306885,FALSE,FALSE,FALSE
Malaysia,1994,8,3.1500000953674316,FALSE,FALSE,FALSE
Malaysia,1995,8,3.1500000953674316,FALSE,FALSE,FALSE
Malaysia,1996,8,3.1500000953674316,FALSE,FALSE,FALSE
Malaysia,1997,8,3.140000104904175,FALSE,FALSE,FALSE
Malaysia,1998,13,4,TRUE,TRUE,TRUE
Malaysia,1999,2,2.9100000858306885,FALSE,FALSE,FALSE
Malaysia,2000,2,2.8399999141693115,FALSE,FALSE,FALSE
Malaysia,2001,2,2.7899999618530273,FALSE,FALSE,FALSE
Malaysia,2002,2,2.809999942779541,FALSE,FALSE,FALSE
Malaysia,2003,2,2.759999990463257,FALSE,FALSE,FALSE
Malaysia,2004,2,2.7100000381469727,FALSE,FALSE,FALSE
Malaysia,2005,11,3.3499999046325684,FALSE,FALSE,FALSE
Malaysia,2006,11,3.3399999141693115,FALSE,FALSE,FALSE
Malaysia,2007,11,3.3299999237060547,FALSE,FALSE,FALSE
Malaysia,2008,11,3.319999933242798,FALSE,FALSE,FALSE
Malaysia,2009,11,3.309999942779541,FALSE,FALSE,FALSE
Malaysia,2010,11,3.309999942779541,FALSE,FALSE,FALSE
Malaysia,2011,11,3.299999952316284,FALSE,FALSE,FALSE
Malaysia,2012,11,3.2899999618530273,FALSE,FALSE,FALSE
Malaysia,2013,11,3.2899999618530273,FALSE,FALSE,FALSE
Malaysia,2014,11,3.2799999713897705,FALSE,FALSE,FALSE
Malaysia,2015,11,3.2699999809265137,FALSE,FALSE,FALSE
Malaysia,2016,12,3.309999942779541,TRUE,FALSE,FALSE
Mali,1973,4,1.850000023841858,FALSE,TRUE,FALSE
Mali,1974,4,1.8600000143051147,FALSE,TRUE,FALSE
Mali,1975,4,2.140000104904175,FALSE,TRUE,FALSE
Mali,1976,4,2.069999933242798,FALSE,TRUE,FALSE
Mali,1977,4,1.9800000190734863,FALSE,TRUE,FALSE
Mali,1978,4,1.7400000095367432,FALSE,TRUE,FALSE
Mali,1979,4,1.6799999475479126,FALSE,TRUE,FALSE
Mali,1980,4,1.7599999904632568,FALSE,TRUE,FALSE
Mali,1981,4,1.7599999904632568,FALSE,TRUE,FALSE
Mali,1982,4,1.690000057220459,FALSE,TRUE,FALSE
Mali,1983,1,1.559999942779541,FALSE,TRUE,FALSE
Mali,1984,1,1.5099999904632568,FALSE,TRUE,FALSE
Mali,1985,1,1.5199999809265137,FALSE,TRUE,FALSE
Mali,1986,1,1.7000000476837158,FALSE,TRUE,FALSE
Mali,1987,1,1.75,FALSE,TRUE,FALSE
Mali,1988,1,1.850000023841858,FALSE,TRUE,FALSE
Mali,1989,1,1.7799999713897705,FALSE,TRUE,FALSE
Mali,1990,1,1.6699999570846558,FALSE,TRUE,FALSE
Mali,1991,1,1.5800000429153442,FALSE,TRUE,FALSE
Mali,1992,1,1.5399999618530273,FALSE,TRUE,FALSE
Mali,1993,1,1.5700000524520874,FALSE,TRUE,FALSE
Mali,1994,1,1.7000000476837158,FALSE,TRUE,FALSE
Mali,1995,1,1.7699999809265137,FALSE,TRUE,FALSE
Mali,1996,1,1.8300000429153442,FALSE,TRUE,FALSE
Mali,1997,1,1.7799999713897705,FALSE,TRUE,FALSE
Mali,1998,1,1.7400000095367432,FALSE,TRUE,FALSE
Mali,1999,1,1.6699999570846558,FALSE,FALSE,FALSE
Mali,2000,1,1.6399999856948853,FALSE,FALSE,FALSE
Mali,2001,1,1.4800000190734863,FALSE,FALSE,FALSE
Mali,2002,1,1.5700000524520874,FALSE,FALSE,FALSE
Mali,2003,1,1.6399999856948853,FALSE,FALSE,FALSE
Mali,2004,1,1.909999966621399,FALSE,FALSE,FALSE
Mali,2005,1,1.909999966621399,FALSE,FALSE,FALSE
Mali,2006,1,2.0299999713897705,FALSE,FALSE,FALSE
Mali,2007,1,2.059999942779541,FALSE,FALSE,FALSE
Mali,2008,1,2.049999952316284,FALSE,FALSE,FALSE
Mali,2009,1,2.009999990463257,FALSE,FALSE,FALSE
Mali,2010,1,2.059999942779541,FALSE,FALSE,FALSE
Mali,2011,1,2.1500000953674316,FALSE,FALSE,FALSE
Mali,2012,1,2.200000047683716,FALSE,FALSE,FALSE
Mali,2013,1,2.180000066757202,FALSE,FALSE,FALSE
Mali,2014,1,2.0899999141693115,FALSE,FALSE,FALSE
Mali,2015,1,2.0399999618530273,FALSE,FALSE,FALSE
Mali,2016,1,2.059999942779541,FALSE,FALSE,FALSE
Mali,2017,1,1.7799999713897705,FALSE,FALSE,FALSE
Mali,2018,1,1.840000033378601,FALSE,FALSE,FALSE
Mali,2019,1,1.8200000524520874,FALSE,FALSE,FALSE
Mauritania,1974,8,3.5399999618530273,FALSE,FALSE,FALSE
Mauritania,1975,8,3.5399999618530273,FALSE,FALSE,FALSE
Mauritania,1984,10,3.809999942779541,FALSE,FALSE,FALSE
Mauritania,1985,10,3.809999942779541,FALSE,FALSE,FALSE
Mauritania,1986,10,3.819999933242798,FALSE,FALSE,FALSE
Mauritania,1987,10,3.8499999046325684,FALSE,FALSE,FALSE
Mauritania,1988,10,3.7699999809265137,FALSE,FALSE,FALSE
Mauritania,1989,10,3.799999952316284,FALSE,FALSE,FALSE
Mauritania,1990,10,3.7699999809265137,FALSE,FALSE,FALSE
Mauritania,1991,10,3.7899999618530273,FALSE,FALSE,FALSE
Mauritania,1992,10,3.759999990463257,FALSE,FALSE,FALSE
Mauritania,1993,7,3.5399999618530273,FALSE,FALSE,FALSE
Mauritania,1994,7,3.559999942779541,FALSE,FALSE,FALSE
Mauritania,1995,8,3.559999942779541,FALSE,FALSE,FALSE
Mauritania,1996,8,3.5399999618530273,FALSE,FALSE,FALSE
Mauritania,1997,8,3.490000009536743,FALSE,FALSE,FALSE
Mauritania,1998,8,3.5899999141693115,FALSE,FALSE,FALSE
Mauritania,1999,8,3.619999885559082,FALSE,FALSE,FALSE
Mauritania,2000,8,3.6600000858306885,FALSE,FALSE,FALSE
Mauritania,2001,8,3.6500000953674316,FALSE,FALSE,FALSE
Mauritania,2002,8,3.5399999618530273,FALSE,FALSE,FALSE
Mauritania,2003,8,3.559999942779541,FALSE,FALSE,FALSE
Mauritania,2004,8,3.609999895095825,FALSE,FALSE,FALSE
Mauritania,2005,8,3.609999895095825,FALSE,FALSE,FALSE
Mauritania,2006,8,3.5899999141693115,FALSE,FALSE,FALSE
Mauritania,2007,8,3.6700000762939453,FALSE,FALSE,FALSE
Mauritania,2008,8,3.559999942779541,FALSE,FALSE,FALSE
Mauritania,2009,8,3.5199999809265137,FALSE,FALSE,FALSE
Mauritania,2010,8,3.5,FALSE,FALSE,FALSE
Mauritania,2011,8,3.440000057220459,FALSE,FALSE,FALSE
Mauritania,2012,7,3.309999942779541,FALSE,FALSE,FALSE
Mauritania,2013,7,3.2200000286102295,FALSE,FALSE,FALSE
Mauritania,2014,7,3.240000009536743,FALSE,FALSE,FALSE
Mauritania,2015,7,3.119999885559082,FALSE,FALSE,FALSE
Mauritania,2016,7,3.0899999141693115,FALSE,FALSE,FALSE
Mauritania,2017,7,3.0899999141693115,FALSE,FALSE,FALSE
Mauritania,2018,7,3.25,FALSE,FALSE,FALSE
Mauritania,2019,7,3.390000104904175,FALSE,FALSE,FALSE
Mauritius,1976,8,3.0299999713897705,FALSE,FALSE,FALSE
Mauritius,1977,8,3.109999895095825,FALSE,FALSE,FALSE
Mauritius,1978,8,3.309999942779541,FALSE,FALSE,FALSE
Mauritius,1979,8,3.1700000762939453,FALSE,FALSE,FALSE
Mauritius,1980,8,3.109999895095825,FALSE,FALSE,FALSE
Mauritius,1981,8,3.0799999237060547,FALSE,FALSE,FALSE
Mauritius,1982,10,3.380000114440918,FALSE,FALSE,FALSE
Mauritius,1983,10,3.390000104904175,FALSE,FALSE,FALSE
Mauritius,1984,10,3.4800000190734863,FALSE,FALSE,FALSE
Mauritius,1985,10,3.4800000190734863,FALSE,FALSE,FALSE
Mauritius,1986,10,3.5399999618530273,FALSE,FALSE,FALSE
Mauritius,1987,10,3.559999942779541,FALSE,FALSE,FALSE
Mauritius,1988,10,3.5799999237060547,FALSE,FALSE,FALSE
Mauritius,1989,10,3.559999942779541,FALSE,FALSE,FALSE
Mauritius,1990,10,3.559999942779541,FALSE,FALSE,FALSE
Mauritius,1991,10,3.569999933242798,FALSE,FALSE,FALSE
Mauritius,1992,10,3.609999895095825,FALSE,FALSE,FALSE
Mauritius,1993,8,3.2899999618530273,FALSE,FALSE,FALSE
Mauritius,1994,8,3.2300000190734863,FALSE,FALSE,FALSE
Mauritius,1995,8,3.200000047683716,FALSE,FALSE,FALSE
Mauritius,1996,8,3.1600000858306885,FALSE,FALSE,FALSE
Mauritius,1997,8,3.140000104904175,FALSE,FALSE,FALSE
Mauritius,1998,8,3.2100000381469727,FALSE,FALSE,FALSE
Mauritius,1999,8,3.140000104904175,FALSE,FALSE,FALSE
Mauritius,2000,8,3.259999990463257,FALSE,FALSE,FALSE
Mauritius,2001,8,3.2200000286102295,FALSE,FALSE,FALSE
Mauritius,2002,8,3.2300000190734863,FALSE,FALSE,FALSE
Mauritius,2003,8,3.190000057220459,FALSE,FALSE,FALSE
Mauritius,2004,8,3.180000066757202,FALSE,FALSE,FALSE
Mauritius,2005,8,3.1700000762939453,FALSE,FALSE,FALSE
Mexico,1973,2,1.809999942779541,FALSE,FALSE,FALSE
Mexico,1974,2,1.7899999618530273,FALSE,FALSE,FALSE
Mexico,1975,2,1.7400000095367432,FALSE,FALSE,FALSE
Mexico,1976,2,1.7100000381469727,FALSE,FALSE,FALSE
Mexico,1977,4,1.7000000476837158,FALSE,FALSE,FALSE
Mexico,1978,4,1.7899999618530273,FALSE,FALSE,FALSE
Mexico,1979,4,1.840000033378601,FALSE,FALSE,FALSE
Mexico,1980,4,1.840000033378601,FALSE,FALSE,FALSE
Mexico,1981,7,2.5199999809265137,FALSE,FALSE,FALSE
Mexico,1989,5,2.5199999809265137,FALSE,FALSE,FALSE
Mexico,1990,5,2.4700000286102295,FALSE,FALSE,FALSE
Mexico,1991,5,2.4700000286102295,FALSE,FALSE,FALSE
Mexico,1992,4,1.6299999952316284,FALSE,FALSE,FALSE
Mexico,1993,4,1.6200000047683716,FALSE,FALSE,FALSE
Mexico,1994,9,3.180000066757202,FALSE,FALSE,FALSE
Mexico,1996,12,3.1700000762939453,TRUE,FALSE,FALSE
Mexico,1997,12,3.1500000953674316,TRUE,FALSE,FALSE
Mexico,1998,12,3.1500000953674316,TRUE,FALSE,FALSE
Mexico,1999,12,3.140000104904175,TRUE,FALSE,FALSE
Mexico,2000,12,3.140000104904175,TRUE,FALSE,FALSE
Mexico,2001,12,3.140000104904175,TRUE,FALSE,FALSE
Mexico,2002,12,3.1700000762939453,TRUE,FALSE,FALSE
Mexico,2003,12,3.200000047683716,TRUE,FALSE,FALSE
Mexico,2004,12,3.2100000381469727,TRUE,FALSE,FALSE
Mexico,2005,12,3.2200000286102295,TRUE,FALSE,FALSE
Mexico,2006,12,3.2300000190734863,TRUE,FALSE,FALSE
Mexico,2007,12,3.240000009536743,TRUE,FALSE,FALSE
Mexico,2008,12,3.25,TRUE,FALSE,FALSE
Mexico,2009,12,3.2300000190734863,TRUE,FALSE,FALSE
Mexico,2010,12,3.2200000286102295,TRUE,FALSE,FALSE
Mexico,2011,12,3.2200000286102295,TRUE,FALSE,FALSE
Mexico,2012,12,3.200000047683716,TRUE,FALSE,FALSE
Mexico,2013,12,3.200000047683716,TRUE,FALSE,FALSE
Mexico,2014,12,3.200000047683716,TRUE,FALSE,FALSE
Mexico,2015,12,3.200000047683716,TRUE,FALSE,FALSE
Mexico,2016,13,4,TRUE,TRUE,TRUE
Mexico,2017,13,4,TRUE,TRUE,TRUE
Mexico,2018,13,4,TRUE,TRUE,TRUE
Mexico,2019,13,4,TRUE,TRUE,TRUE
Morocco,1973,11,3.3399999141693115,FALSE,TRUE,FALSE
Morocco,1974,11,3.380000114440918,FALSE,TRUE,FALSE
Morocco,1975,11,3.369999885559082,FALSE,TRUE,FALSE
Morocco,1976,11,3.390000104904175,FALSE,TRUE,FALSE
Morocco,1977,11,3.390000104904175,FALSE,TRUE,FALSE
Morocco,1978,11,3.4100000858306885,FALSE,TRUE,FALSE
Morocco,1979,11,3.450000047683716,FALSE,TRUE,FALSE
Morocco,1980,11,3.4800000190734863,FALSE,TRUE,FALSE
Morocco,1981,11,3.4000000953674316,FALSE,TRUE,FALSE
Morocco,1982,11,3.430000066757202,FALSE,TRUE,FALSE
Morocco,1983,11,3.4000000953674316,FALSE,TRUE,FALSE
Morocco,1984,11,3.4100000858306885,FALSE,TRUE,FALSE
Morocco,1985,11,3.440000057220459,FALSE,TRUE,FALSE
Morocco,1986,11,3.440000057220459,FALSE,TRUE,FALSE
Morocco,1987,11,3.4200000762939453,FALSE,TRUE,FALSE
Morocco,1988,11,3.380000114440918,FALSE,TRUE,FALSE
Morocco,1989,11,3.359999895095825,FALSE,TRUE,FALSE
Morocco,1990,11,3.3299999237060547,FALSE,TRUE,FALSE
Morocco,1991,11,3.309999942779541,FALSE,TRUE,FALSE
Morocco,1992,11,3.259999990463257,FALSE,TRUE,FALSE
Morocco,1993,11,3.309999942779541,FALSE,TRUE,FALSE
Morocco,1994,11,3.3299999237060547,FALSE,TRUE,FALSE
Morocco,1995,11,3.319999933242798,FALSE,TRUE,FALSE
Morocco,1996,11,3.3399999141693115,FALSE,TRUE,FALSE
Morocco,1997,11,3.3499999046325684,FALSE,TRUE,FALSE
Morocco,1998,11,3.359999895095825,FALSE,TRUE,FALSE
Morocco,1999,11,3.299999952316284,FALSE,FALSE,FALSE
Morocco,2000,11,3.2699999809265137,FALSE,FALSE,FALSE
Morocco,2001,7,2.5799999237060547,FALSE,FALSE,FALSE
Morocco,2002,7,2.680000066757202,FALSE,FALSE,FALSE
Morocco,2003,7,2.869999885559082,FALSE,FALSE,FALSE
Morocco,2004,7,2.799999952316284,FALSE,FALSE,FALSE
Morocco,2005,7,2.799999952316284,FALSE,FALSE,FALSE
Morocco,2006,7,2.819999933242798,FALSE,FALSE,FALSE
Morocco,2007,7,2.880000114440918,FALSE,FALSE,FALSE
Morocco,2008,4,2.4000000953674316,FALSE,FALSE,FALSE
Morocco,2009,4,2.4700000286102295,FALSE,FALSE,FALSE
Morocco,2010,4,2.4600000381469727,FALSE,FALSE,FALSE
Morocco,2011,4,2.450000047683716,FALSE,FALSE,FALSE
Morocco,2012,4,2.440000057220459,FALSE,FALSE,FALSE
Morocco,2013,4,2.490000009536743,FALSE,FALSE,FALSE
Morocco,2014,4,2.4700000286102295,FALSE,FALSE,FALSE
Morocco,2015,4,2.430000066757202,FALSE,FALSE,FALSE
Morocco,2016,4,2.359999895095825,FALSE,FALSE,FALSE
Morocco,2017,4,2.1600000858306885,FALSE,FALSE,FALSE
Morocco,2018,4,2.119999885559082,FALSE,FALSE,FALSE
Morocco,2019,4,2.009999990463257,FALSE,FALSE,FALSE
Nepal,1984,8,2.869999885559082,FALSE,FALSE,FALSE
Nepal,1985,8,2.869999885559082,FALSE,FALSE,FALSE
Nepal,1986,8,2.8499999046325684,FALSE,FALSE,FALSE
Nepal,1987,8,2.859999895095825,FALSE,FALSE,FALSE
Nepal,1988,8,2.9100000858306885,FALSE,FALSE,FALSE
Nepal,1989,8,2.880000114440918,FALSE,FALSE,FALSE
Nepal,1990,8,2.940000057220459,FALSE,FALSE,FALSE
Nepal,1991,8,3.0199999809265137,FALSE,FALSE,FALSE
Nepal,1992,10,3.440000057220459,FALSE,FALSE,FALSE
Nepal,1993,2,2.700000047683716,FALSE,FALSE,FALSE
Nepal,1994,2,2.5,FALSE,TRUE,FALSE
Nepal,1995,2,2.6500000953674316,FALSE,TRUE,FALSE
Nepal,1996,2,2.559999942779541,FALSE,TRUE,FALSE
Nepal,1997,2,2.3499999046325684,FALSE,TRUE,FALSE
Nepal,1998,2,2.3399999141693115,FALSE,TRUE,FALSE
Nepal,1999,2,2.2100000381469727,FALSE,TRUE,FALSE
Nepal,2000,2,2.2300000190734863,FALSE,TRUE,FALSE
Nepal,2001,2,2.180000066757202,FALSE,TRUE,FALSE
Nepal,2002,2,2.1700000762939453,FALSE,TRUE,FALSE
Nepal,2003,2,2.109999895095825,FALSE,TRUE,FALSE
Nepal,2004,2,1.9900000095367432,FALSE,TRUE,FALSE
Nepal,2005,2,1.8899999856948853,FALSE,TRUE,FALSE
Nepal,2006,2,1.7699999809265137,FALSE,TRUE,FALSE
Nepal,2007,2,1.649999976158142,FALSE,TRUE,FALSE
Nepal,2008,2,1.6100000143051147,FALSE,TRUE,FALSE
Nepal,2009,2,1.7899999618530273,FALSE,TRUE,FALSE
Nepal,2010,2,1.8700000047683716,FALSE,TRUE,FALSE
Nepal,2011,2,1.850000023841858,FALSE,TRUE,FALSE
Nepal,2012,2,1.8200000524520874,FALSE,TRUE,FALSE
Nepal,2013,2,1.7599999904632568,FALSE,TRUE,FALSE
Nepal,2014,2,1.7400000095367432,FALSE,TRUE,FALSE
Nepal,2015,2,1.7300000190734863,FALSE,TRUE,FALSE
Nepal,2016,2,1.75,FALSE,TRUE,FALSE
Nepal,2017,2,1.5199999809265137,FALSE,TRUE,FALSE
Nepal,2018,2,1.5199999809265137,FALSE,TRUE,FALSE
Nepal,2019,2,1.4900000095367432,FALSE,TRUE,FALSE
Netherlands,1973,8,3.0199999809265137,FALSE,TRUE,FALSE
Netherlands,1974,7,2.9100000858306885,FALSE,TRUE,FALSE
Netherlands,1975,7,2.930000066757202,FALSE,TRUE,FALSE
Netherlands,1976,7,2.9600000381469727,FALSE,TRUE,FALSE
Netherlands,1977,7,2.990000009536743,FALSE,TRUE,FALSE
Netherlands,1978,7,3.009999990463257,FALSE,TRUE,FALSE
Netherlands,1979,7,3,FALSE,TRUE,FALSE
Netherlands,1980,7,2.990000009536743,FALSE,TRUE,FALSE
Netherlands,1981,7,2.9700000286102295,FALSE,TRUE,FALSE
Netherlands,1982,7,2.9800000190734863,FALSE,TRUE,FALSE
Netherlands,1983,4,2.5799999237060547,FALSE,TRUE,FALSE
Netherlands,1984,4,2.569999933242798,FALSE,TRUE,FALSE
Netherlands,1985,4,2.569999933242798,FALSE,TRUE,FALSE
Netherlands,1986,4,2.5299999713897705,FALSE,TRUE,FALSE
Netherlands,1987,4,2.3399999141693115,FALSE,TRUE,FALSE
Netherlands,1988,4,2.2699999809265137,FALSE,TRUE,FALSE
Netherlands,1989,1,2.2300000190734863,FALSE,TRUE,FALSE
Netherlands,1990,1,2.25,FALSE,TRUE,FALSE
Netherlands,1991,1,2.2699999809265137,FALSE,TRUE,FALSE
Netherlands,1992,1,2.2799999713897705,FALSE,TRUE,FALSE
Netherlands,1993,1,2.2899999618530273,FALSE,TRUE,FALSE
Netherlands,1994,1,2.299999952316284,FALSE,TRUE,FALSE
Netherlands,1995,1,2.3499999046325684,FALSE,TRUE,FALSE
Netherlands,1996,1,2.450000047683716,FALSE,TRUE,FALSE
Netherlands,1997,1,2.4000000953674316,FALSE,TRUE,FALSE
Netherlands,1998,1,2.440000057220459,FALSE,TRUE,FALSE
Netherlands,1999,1,2.450000047683716,FALSE,FALSE,FALSE
Netherlands,2000,1,2.5399999618530273,FALSE,FALSE,FALSE
Netherlands,2001,1,2.609999895095825,FALSE,FALSE,FALSE
Netherlands,2002,1,2.4800000190734863,FALSE,FALSE,FALSE
Netherlands,2003,1,2.509999990463257,FALSE,FALSE,FALSE
Netherlands,2004,1,2.450000047683716,FALSE,FALSE,FALSE
Netherlands,2005,1,2.450000047683716,FALSE,FALSE,FALSE
Netherlands,2006,1,2.4800000190734863,FALSE,FALSE,FALSE
Netherlands,2007,1,2.5199999809265137,FALSE,FALSE,FALSE
Netherlands,2008,1,2.549999952316284,FALSE,FALSE,FALSE
Netherlands,2009,1,2.640000104904175,FALSE,FALSE,FALSE
Netherlands,2010,1,2.640000104904175,FALSE,FALSE,FALSE
Netherlands,2011,1,2.6600000858306885,FALSE,FALSE,FALSE
Netherlands,2012,1,2.6500000953674316,FALSE,FALSE,FALSE
Netherlands,2013,1,2.690000057220459,FALSE,FALSE,FALSE
Netherlands,2014,1,2.6700000762939453,FALSE,FALSE,FALSE
Netherlands,2015,1,2.6600000858306885,FALSE,FALSE,FALSE
Netherlands,2016,1,2.640000104904175,FALSE,FALSE,FALSE
Netherlands,2017,1,2.390000104904175,FALSE,FALSE,FALSE
Netherlands,2018,1,2.369999885559082,FALSE,FALSE,FALSE
Netherlands,2019,1,2.3399999141693115,FALSE,FALSE,FALSE
New Zealand,1973,11,3.390000104904175,FALSE,TRUE,FALSE
New Zealand,1974,11,3.359999895095825,FALSE,TRUE,FALSE
New Zealand,1975,11,3.319999933242798,FALSE,TRUE,FALSE
New Zealand,1976,11,3.299999952316284,FALSE,TRUE,FALSE
New Zealand,1977,11,3.2899999618530273,FALSE,TRUE,FALSE
New Zealand,1978,11,3.430000066757202,FALSE,TRUE,FALSE
New Zealand,1979,11,3.4200000762939453,FALSE,TRUE,FALSE
New Zealand,1980,11,3.4100000858306885,FALSE,TRUE,FALSE
New Zealand,1981,11,3.390000104904175,FALSE,TRUE,FALSE
New Zealand,1982,11,3.380000114440918,FALSE,TRUE,FALSE
New Zealand,1983,11,3.390000104904175,FALSE,TRUE,FALSE
New Zealand,1984,11,3.799999952316284,FALSE,TRUE,FALSE
New Zealand,1985,12,3.7899999618530273,TRUE,TRUE,TRUE
New Zealand,1986,12,3.799999952316284,TRUE,TRUE,TRUE
New Zealand,1987,12,3.809999942779541,TRUE,TRUE,TRUE
New Zealand,1988,12,3.809999942779541,TRUE,TRUE,TRUE
New Zealand,1989,12,3.7899999618530273,TRUE,TRUE,TRUE
New Zealand,1990,12,3.7699999809265137,TRUE,TRUE,TRUE
New Zealand,1991,12,3.7699999809265137,TRUE,TRUE,TRUE
New Zealand,1992,12,3.7699999809265137,TRUE,TRUE,TRUE
New Zealand,1993,12,3.7699999809265137,TRUE,TRUE,TRUE
New Zealand,1994,12,3.7699999809265137,TRUE,TRUE,TRUE
New Zealand,1995,12,3.7699999809265137,TRUE,TRUE,TRUE
New Zealand,1996,12,3.7699999809265137,TRUE,TRUE,TRUE
New Zealand,1997,12,3.759999990463257,TRUE,TRUE,TRUE
New Zealand,1998,12,3.75,TRUE,TRUE,TRUE
New Zealand,1999,12,3.75,TRUE,TRUE,TRUE
New Zealand,2000,12,3.75,TRUE,TRUE,TRUE
New Zealand,2001,12,3.759999990463257,TRUE,TRUE,TRUE
New Zealand,2002,12,3.759999990463257,TRUE,TRUE,TRUE
New Zealand,2003,12,3.7699999809265137,TRUE,TRUE,TRUE
New Zealand,2004,12,3.7699999809265137,TRUE,TRUE,TRUE
New Zealand,2005,12,3.7699999809265137,TRUE,TRUE,TRUE
New Zealand,2006,12,3.7799999713897705,TRUE,TRUE,TRUE
New Zealand,2007,12,3.7799999713897705,TRUE,TRUE,TRUE
New Zealand,2008,12,3.7899999618530273,TRUE,TRUE,TRUE
New Zealand,2009,12,3.799999952316284,TRUE,TRUE,TRUE
New Zealand,2010,12,3.799999952316284,TRUE,TRUE,TRUE
New Zealand,2011,12,3.809999942779541,TRUE,TRUE,TRUE
New Zealand,2012,12,3.819999933242798,TRUE,TRUE,TRUE
New Zealand,2013,12,3.8299999237060547,TRUE,TRUE,TRUE
New Zealand,2014,12,3.8499999046325684,TRUE,TRUE,TRUE
New Zealand,2015,12,3.859999895095825,TRUE,TRUE,TRUE
New Zealand,2016,12,3.859999895095825,TRUE,TRUE,TRUE
New Zealand,2017,12,3.8299999237060547,TRUE,TRUE,TRUE
New Zealand,2018,12,3.8299999237060547,TRUE,TRUE,TRUE
New Zealand,2019,12,3.8299999237060547,TRUE,TRUE,TRUE
Niger,1973,1,1.8799999952316284,FALSE,TRUE,FALSE
Niger,1974,1,1.850000023841858,FALSE,TRUE,FALSE
Niger,1975,1,2.0999999046325684,FALSE,TRUE,FALSE
Niger,1976,1,2.3399999141693115,FALSE,TRUE,FALSE
Niger,1977,1,2.2899999618530273,FALSE,TRUE,FALSE
Niger,1978,1,2.0199999809265137,FALSE,TRUE,FALSE
Niger,1979,1,1.7899999618530273,FALSE,TRUE,FALSE
Niger,1980,1,1.9299999475479126,FALSE,TRUE,FALSE
Niger,1981,1,2.0799999237060547,FALSE,TRUE,FALSE
Niger,1982,1,2.240000009536743,FALSE,TRUE,FALSE
Niger,1983,1,1.940000057220459,FALSE,TRUE,FALSE
Niger,1984,1,1.9800000190734863,FALSE,TRUE,FALSE
Niger,1985,1,2.4200000762939453,FALSE,TRUE,FALSE
Niger,1986,1,2.440000057220459,FALSE,TRUE,FALSE
Niger,1987,1,1.9700000286102295,FALSE,TRUE,FALSE
Niger,1988,1,1.9500000476837158,FALSE,TRUE,FALSE
Niger,1989,1,1.9299999475479126,FALSE,TRUE,FALSE
Niger,1990,1,2.2699999809265137,FALSE,TRUE,FALSE
Niger,1991,1,2,FALSE,TRUE,FALSE
Niger,1992,1,2.009999990463257,FALSE,TRUE,FALSE
Niger,1993,1,2.049999952316284,FALSE,TRUE,FALSE
Niger,1994,1,1.899999976158142,FALSE,TRUE,FALSE
Niger,1995,1,1.909999966621399,FALSE,TRUE,FALSE
Niger,1996,1,2.240000009536743,FALSE,TRUE,FALSE
Niger,1997,1,2.299999952316284,FALSE,TRUE,FALSE
Niger,1998,1,2.259999990463257,FALSE,TRUE,FALSE
Niger,1999,1,2.2799999713897705,FALSE,FALSE,FALSE
Niger,2000,1,2.2300000190734863,FALSE,FALSE,FALSE
Niger,2001,1,2.880000114440918,FALSE,FALSE,FALSE
Niger,2002,1,2.950000047683716,FALSE,FALSE,FALSE
Niger,2003,1,2.9600000381469727,FALSE,FALSE,FALSE
Niger,2004,1,2.4600000381469727,FALSE,FALSE,FALSE
Niger,2005,1,2.549999952316284,FALSE,FALSE,FALSE
Niger,2006,1,2.559999942779541,FALSE,FALSE,FALSE
Niger,2007,1,2.640000104904175,FALSE,FALSE,FALSE
Niger,2008,1,2.559999942779541,FALSE,FALSE,FALSE
Niger,2009,1,2.6700000762939453,FALSE,FALSE,FALSE
Niger,2010,1,2.7799999713897705,FALSE,FALSE,FALSE
Niger,2011,1,3,FALSE,FALSE,FALSE
Niger,2012,1,3,FALSE,FALSE,FALSE
Niger,2013,1,2.990000009536743,FALSE,FALSE,FALSE
Niger,2014,1,2.9200000762939453,FALSE,FALSE,FALSE
Niger,2015,1,2.869999885559082,FALSE,FALSE,FALSE
Niger,2016,1,2.7300000190734863,FALSE,FALSE,FALSE
Niger,2017,1,2.2899999618530273,FALSE,FALSE,FALSE
Niger,2018,1,2.390000104904175,FALSE,FALSE,FALSE
Niger,2019,1,2.5199999809265137,FALSE,FALSE,FALSE
Nigeria,1973,12,3.619999885559082,TRUE,FALSE,FALSE
Nigeria,1974,12,3.640000104904175,TRUE,FALSE,FALSE
Nigeria,1975,12,3.630000114440918,TRUE,FALSE,FALSE
Nigeria,1976,12,3.619999885559082,TRUE,FALSE,FALSE
Nigeria,1977,12,3.619999885559082,TRUE,FALSE,FALSE
Nigeria,1978,12,3.7200000286102295,TRUE,FALSE,FALSE
Nigeria,1979,12,3.7100000381469727,TRUE,FALSE,FALSE
Nigeria,1980,12,3.700000047683716,TRUE,FALSE,FALSE
Nigeria,1985,12,3.799999952316284,TRUE,FALSE,FALSE
Nigeria,1986,12,3.809999942779541,TRUE,FALSE,FALSE
Nigeria,1990,12,3.7699999809265137,TRUE,FALSE,FALSE
Nigeria,1996,12,3.640000104904175,TRUE,FALSE,FALSE
Nigeria,1997,12,3.619999885559082,TRUE,FALSE,FALSE
Nigeria,1998,12,3.5899999141693115,TRUE,FALSE,FALSE
Nigeria,1999,12,3.5899999141693115,TRUE,FALSE,FALSE
Nigeria,2000,12,3.569999933242798,TRUE,FALSE,FALSE
Nigeria,2001,12,3.569999933242798,TRUE,FALSE,FALSE
Nigeria,2002,12,3.5999999046325684,TRUE,FALSE,FALSE
Nigeria,2003,12,3.5999999046325684,TRUE,FALSE,FALSE
Nigeria,2004,7,3.2300000190734863,FALSE,FALSE,FALSE
Nigeria,2005,7,3.1500000953674316,FALSE,FALSE,FALSE
Nigeria,2006,7,3.140000104904175,FALSE,FALSE,FALSE
Nigeria,2007,7,3.130000114440918,FALSE,FALSE,FALSE
Nigeria,2008,7,3.130000114440918,FALSE,FALSE,FALSE
Nigeria,2009,7,3.109999895095825,FALSE,FALSE,FALSE
Nigeria,2010,7,3.0999999046325684,FALSE,FALSE,FALSE
Nigeria,2011,7,3.059999942779541,FALSE,FALSE,FALSE
Nigeria,2012,7,3.0299999713897705,FALSE,FALSE,FALSE
Nigeria,2013,7,3,FALSE,FALSE,FALSE
Nigeria,2014,7,2.9700000286102295,FALSE,FALSE,FALSE
Nigeria,2017,4,2.9100000858306885,FALSE,FALSE,FALSE
Nigeria,2018,4,3.0199999809265137,FALSE,FALSE,FALSE
Nigeria,2019,4,3.0799999237060547,FALSE,FALSE,FALSE
Norway,1973,11,3.309999942779541,FALSE,TRUE,FALSE
Norway,1974,11,3.309999942779541,FALSE,TRUE,FALSE
Norway,1975,11,3.319999933242798,FALSE,TRUE,FALSE
Norway,1976,11,3.319999933242798,FALSE,TRUE,FALSE
Norway,1977,11,3.319999933242798,FALSE,TRUE,FALSE
Norway,1978,11,3.299999952316284,FALSE,TRUE,FALSE
Norway,1979,11,3.309999942779541,FALSE,TRUE,FALSE
Norway,1980,11,3.2899999618530273,FALSE,TRUE,FALSE
Norway,1981,11,3.2799999713897705,FALSE,TRUE,FALSE
Norway,1982,12,3.2699999809265137,TRUE,TRUE,TRUE
Norway,1983,12,3.25,TRUE,TRUE,TRUE
Norway,1984,12,3.25,TRUE,TRUE,TRUE
Norway,1985,12,3.25,TRUE,TRUE,TRUE
Norway,1986,12,3.2300000190734863,TRUE,TRUE,TRUE
Norway,1987,11,3.2200000286102295,FALSE,TRUE,FALSE
Norway,1988,11,3.2200000286102295,FALSE,TRUE,FALSE
Norway,1989,11,3.2200000286102295,FALSE,TRUE,FALSE
Norway,1990,11,3.240000009536743,FALSE,TRUE,FALSE
Norway,1991,11,3.25,FALSE,TRUE,FALSE
Norway,1992,11,3.25,FALSE,TRUE,FALSE
Norway,1993,11,3.25,FALSE,TRUE,FALSE
Norway,1994,11,3.25,FALSE,TRUE,FALSE
Norway,1995,11,3.259999990463257,FALSE,TRUE,FALSE
Norway,1996,11,3.25,FALSE,TRUE,FALSE
Norway,1997,11,3.240000009536743,FALSE,TRUE,FALSE
Norway,1998,11,3.240000009536743,FALSE,TRUE,FALSE
Norway,1999,11,3.240000009536743,FALSE,FALSE,FALSE
Norway,2000,11,3.259999990463257,FALSE,FALSE,FALSE
Norway,2001,11,3.259999990463257,FALSE,FALSE,FALSE
Norway,2002,11,3.2699999809265137,FALSE,FALSE,FALSE
Norway,2003,11,3.259999990463257,FALSE,FALSE,FALSE
Norway,2004,11,3.240000009536743,FALSE,FALSE,FALSE
Norway,2005,11,3.240000009536743,FALSE,FALSE,FALSE
Norway,2006,11,3.25,FALSE,FALSE,FALSE
Norway,2007,11,3.259999990463257,FALSE,FALSE,FALSE
Norway,2008,11,3.2699999809265137,FALSE,FALSE,FALSE
Norway,2009,11,3.3399999141693115,FALSE,FALSE,FALSE
Norway,2010,11,3.3499999046325684,FALSE,FALSE,FALSE
Norway,2011,11,3.359999895095825,FALSE,FALSE,FALSE
Norway,2012,11,3.380000114440918,FALSE,FALSE,FALSE
Norway,2013,11,3.390000104904175,FALSE,FALSE,FALSE
Norway,2014,11,3.369999885559082,FALSE,FALSE,FALSE
Norway,2015,11,3.369999885559082,FALSE,FALSE,FALSE
Norway,2016,11,3.369999885559082,FALSE,FALSE,FALSE
Norway,2017,11,3.299999952316284,FALSE,FALSE,FALSE
Norway,2018,11,3.2899999618530273,FALSE,FALSE,FALSE
Norway,2019,11,3.309999942779541,FALSE,FALSE,FALSE
Pakistan,1973,2,2.319999933242798,FALSE,FALSE,FALSE
Pakistan,1974,2,2.309999942779541,FALSE,FALSE,FALSE
Pakistan,1975,2,2.3299999237060547,FALSE,FALSE,FALSE
Pakistan,1976,2,2.240000009536743,FALSE,FALSE,FALSE
Pakistan,1977,2,2.2300000190734863,FALSE,FALSE,FALSE
Pakistan,1978,2,2.5799999237060547,FALSE,FALSE,FALSE
Pakistan,1979,2,2.5299999713897705,FALSE,FALSE,FALSE
Pakistan,1980,2,2.569999933242798,FALSE,FALSE,FALSE
Pakistan,1981,2,2.509999990463257,FALSE,FALSE,FALSE
Pakistan,1982,7,2.8499999046325684,FALSE,FALSE,FALSE
Pakistan,1983,7,2.8399999141693115,FALSE,FALSE,FALSE
Pakistan,1984,10,3.4100000858306885,FALSE,FALSE,FALSE
Pakistan,1985,10,3.4200000762939453,FALSE,FALSE,FALSE
Pakistan,1986,10,3.430000066757202,FALSE,FALSE,FALSE
Pakistan,1987,10,3.4600000381469727,FALSE,FALSE,FALSE
Pakistan,1988,10,3.490000009536743,FALSE,FALSE,FALSE
Pakistan,1989,10,3.509999990463257,FALSE,FALSE,FALSE
Pakistan,1990,7,3.049999952316284,FALSE,FALSE,FALSE
Pakistan,1991,10,3.4600000381469727,FALSE,FALSE,FALSE
Pakistan,1992,10,3.4600000381469727,FALSE,FALSE,FALSE
Pakistan,1993,10,3.4800000190734863,FALSE,FALSE,FALSE
Pakistan,1994,7,3.0199999809265137,FALSE,FALSE,FALSE
Pakistan,1995,7,2.9700000286102295,FALSE,FALSE,FALSE
Pakistan,1996,7,2.9000000953674316,FALSE,FALSE,FALSE
Pakistan,1997,7,2.869999885559082,FALSE,FALSE,FALSE
Pakistan,1998,7,3.0299999713897705,FALSE,FALSE,FALSE
Pakistan,1999,7,2.859999895095825,FALSE,FALSE,FALSE
Pakistan,2000,7,2.8499999046325684,FALSE,FALSE,FALSE
Pakistan,2001,7,2.7799999713897705,FALSE,FALSE,FALSE
Pakistan,2002,7,2.75,FALSE,FALSE,FALSE
Pakistan,2003,7,2.7200000286102295,FALSE,FALSE,FALSE
Pakistan,2004,7,2.7300000190734863,FALSE,FALSE,FALSE
Pakistan,2005,7,2.759999990463257,FALSE,FALSE,FALSE
Pakistan,2006,7,2.7699999809265137,FALSE,FALSE,FALSE
Pakistan,2007,7,2.7200000286102295,FALSE,FALSE,FALSE
Pakistan,2008,7,2.690000057220459,FALSE,FALSE,FALSE
Pakistan,2009,7,2.6700000762939453,FALSE,FALSE,FALSE
Pakistan,2010,7,2.6700000762939453,FALSE,FALSE,FALSE
Pakistan,2011,7,2.6700000762939453,FALSE,FALSE,FALSE
Pakistan,2012,7,2.640000104904175,FALSE,FALSE,FALSE
Pakistan,2013,7,2.5799999237060547,FALSE,FALSE,FALSE
Pakistan,2014,7,2.549999952316284,FALSE,FALSE,FALSE
Pakistan,2015,7,2.5199999809265137,FALSE,FALSE,FALSE
Pakistan,2016,7,2.509999990463257,FALSE,FALSE,FALSE
Pakistan,2017,7,2.680000066757202,FALSE,FALSE,FALSE
Pakistan,2018,7,2.7300000190734863,FALSE,FALSE,FALSE
Pakistan,2019,7,2.7100000381469727,FALSE,FALSE,FALSE
Panama,1973,1,1.6100000143051147,FALSE,FALSE,FALSE
Panama,1974,1,1.5499999523162842,FALSE,FALSE,FALSE
Panama,1975,1,1.4800000190734863,FALSE,FALSE,FALSE
Panama,1976,1,1.4199999570846558,FALSE,FALSE,FALSE
Panama,1977,1,1.399999976158142,FALSE,FALSE,FALSE
Panama,1978,1,1.5099999904632568,FALSE,FALSE,FALSE
Panama,1979,1,1.5700000524520874,FALSE,FALSE,FALSE
Panama,1980,1,1.559999942779541,FALSE,FALSE,FALSE
Panama,1981,1,1.600000023841858,FALSE,FALSE,FALSE
Panama,1982,1,1.6299999952316284,FALSE,FALSE,FALSE
Panama,1983,1,2.0399999618530273,FALSE,FALSE,FALSE
Panama,1984,1,2.180000066757202,FALSE,FALSE,FALSE
Panama,1985,1,2.2799999713897705,FALSE,FALSE,FALSE
Panama,1986,1,2.3299999237060547,FALSE,FALSE,FALSE
Panama,1987,1,2.200000047683716,FALSE,FALSE,FALSE
Panama,1988,1,2.1600000858306885,FALSE,FALSE,FALSE
Panama,1989,1,2.0899999141693115,FALSE,FALSE,FALSE
Panama,1990,1,2.009999990463257,FALSE,FALSE,FALSE
Panama,1991,1,1.9199999570846558,FALSE,FALSE,FALSE
Panama,1992,1,1.8899999856948853,FALSE,FALSE,FALSE
Panama,1993,1,1.8799999952316284,FALSE,FALSE,FALSE
Panama,1994,1,2.0399999618530273,FALSE,FALSE,FALSE
Panama,1995,1,2,FALSE,FALSE,FALSE
Panama,1996,1,1.9900000095367432,FALSE,FALSE,FALSE
Panama,1997,1,1.9199999570846558,FALSE,FALSE,FALSE
Panama,1998,1,1.9800000190734863,FALSE,FALSE,FALSE
Panama,1999,1,2.009999990463257,FALSE,FALSE,FALSE
Panama,2000,1,2.009999990463257,FALSE,FALSE,FALSE
Panama,2001,1,2.0399999618530273,FALSE,FALSE,FALSE
Panama,2002,1,2.069999933242798,FALSE,FALSE,FALSE
Panama,2003,1,2.069999933242798,FALSE,FALSE,FALSE
Panama,2004,1,2.0299999713897705,FALSE,FALSE,FALSE
Panama,2005,1,2.0799999237060547,FALSE,FALSE,FALSE
Panama,2006,1,2.109999895095825,FALSE,FALSE,FALSE
Panama,2007,1,2.059999942779541,FALSE,FALSE,FALSE
Panama,2008,1,2.0199999809265137,FALSE,FALSE,FALSE
Panama,2009,1,1.9600000381469727,FALSE,FALSE,FALSE
Panama,2010,1,1.940000057220459,FALSE,FALSE,FALSE
Panama,2011,1,1.9500000476837158,FALSE,FALSE,FALSE
Panama,2012,1,1.9800000190734863,FALSE,FALSE,FALSE
Panama,2013,1,2,FALSE,FALSE,FALSE
Panama,2014,1,2.0399999618530273,FALSE,FALSE,FALSE
Panama,2015,1,2.049999952316284,FALSE,FALSE,FALSE
Panama,2016,1,2.130000114440918,FALSE,FALSE,FALSE
Panama,2017,1,2.2899999618530273,FALSE,FALSE,FALSE
Panama,2018,1,2.319999933242798,FALSE,FALSE,FALSE
Panama,2019,1,2.309999942779541,FALSE,FALSE,FALSE
Paraguay,1973,8,3.009999990463257,FALSE,FALSE,FALSE
Paraguay,1974,10,3.3499999046325684,FALSE,FALSE,FALSE
Paraguay,1975,10,3.4200000762939453,FALSE,FALSE,FALSE
Paraguay,1976,10,3.4100000858306885,FALSE,FALSE,FALSE
Paraguay,1977,10,3.4100000858306885,FALSE,FALSE,FALSE
Paraguay,1978,10,3.490000009536743,FALSE,FALSE,FALSE
Paraguay,1979,10,3.369999885559082,FALSE,FALSE,FALSE
Paraguay,1980,10,3.369999885559082,FALSE,FALSE,FALSE
Paraguay,1981,10,3.5,FALSE,FALSE,FALSE
Paraguay,1982,12,3.5399999618530273,TRUE,FALSE,FALSE
Paraguay,1983,12,3.569999933242798,TRUE,FALSE,FALSE
Paraguay,1984,12,3.549999952316284,TRUE,FALSE,FALSE
Paraguay,1986,10,3.549999952316284,FALSE,FALSE,FALSE
Paraguay,1987,10,3.549999952316284,FALSE,FALSE,FALSE
Paraguay,1988,10,3.5299999713897705,FALSE,FALSE,FALSE
Paraguay,1991,7,2.940000057220459,FALSE,FALSE,FALSE
Paraguay,1992,7,2.9100000858306885,FALSE,FALSE,FALSE
Paraguay,1993,7,2.880000114440918,FALSE,FALSE,FALSE
Paraguay,1994,7,2.640000104904175,FALSE,FALSE,FALSE
Paraguay,1995,7,2.609999895095825,FALSE,FALSE,FALSE
Paraguay,1996,7,2.5399999618530273,FALSE,FALSE,FALSE
Paraguay,1997,7,2.4700000286102295,FALSE,FALSE,FALSE
Paraguay,1998,7,2.4700000286102295,FALSE,FALSE,FALSE
Paraguay,1999,10,3.25,FALSE,FALSE,FALSE
Paraguay,2000,10,3.1500000953674316,FALSE,FALSE,FALSE
Paraguay,2001,10,3.1500000953674316,FALSE,FALSE,FALSE
Paraguay,2002,10,3.2100000381469727,FALSE,FALSE,FALSE
Paraguay,2003,12,3.4600000381469727,TRUE,FALSE,FALSE
Paraguay,2004,12,3.4800000190734863,TRUE,FALSE,FALSE
Paraguay,2005,12,3.490000009536743,TRUE,FALSE,FALSE
Paraguay,2006,12,3.4700000286102295,TRUE,FALSE,FALSE
Paraguay,2007,12,3.4200000762939453,TRUE,FALSE,FALSE
Paraguay,2008,12,3.4100000858306885,TRUE,FALSE,FALSE
Paraguay,2009,12,3.130000114440918,TRUE,FALSE,FALSE
Paraguay,2010,12,3.130000114440918,TRUE,FALSE,FALSE
Paraguay,2011,12,3.119999885559082,TRUE,FALSE,FALSE
Paraguay,2012,12,3.109999895095825,TRUE,FALSE,FALSE
Paraguay,2013,12,3.0999999046325684,TRUE,FALSE,FALSE
Paraguay,2014,10,3.109999895095825,FALSE,FALSE,FALSE
Paraguay,2015,10,3.109999895095825,FALSE,FALSE,FALSE
Paraguay,2016,10,3.1600000858306885,FALSE,FALSE,FALSE
Paraguay,2017,10,3.2300000190734863,FALSE,FALSE,FALSE
Paraguay,2018,10,3.240000009536743,FALSE,FALSE,FALSE
Paraguay,2019,10,3.259999990463257,FALSE,FALSE,FALSE
Peru,1994,8,2.7200000286102295,FALSE,FALSE,FALSE
Peru,1995,8,2.690000057220459,FALSE,FALSE,FALSE
Peru,1996,8,2.680000066757202,FALSE,FALSE,FALSE
Peru,1997,8,2.6700000762939453,FALSE,FALSE,FALSE
Peru,1998,8,2.7200000286102295,FALSE,FALSE,FALSE
Peru,1999,8,2.759999990463257,FALSE,FALSE,FALSE
Peru,2000,8,2.7699999809265137,FALSE,FALSE,FALSE
Peru,2001,8,2.75,FALSE,FALSE,FALSE
Peru,2002,8,2.859999895095825,FALSE,FALSE,FALSE
Peru,2003,11,3.319999933242798,FALSE,FALSE,FALSE
Peru,2004,11,3.319999933242798,FALSE,FALSE,FALSE
Peru,2005,11,3.3399999141693115,FALSE,FALSE,FALSE
Peru,2006,11,3.319999933242798,FALSE,FALSE,FALSE
Peru,2007,11,3.309999942779541,FALSE,FALSE,FALSE
Peru,2008,11,3.2899999618530273,FALSE,FALSE,FALSE
Peru,2009,11,3.190000057220459,FALSE,FALSE,FALSE
Peru,2010,11,3.190000057220459,FALSE,FALSE,FALSE
Peru,2011,11,3.190000057220459,FALSE,FALSE,FALSE
Peru,2012,8,2.6500000953674316,FALSE,FALSE,FALSE
Peru,2013,8,2.640000104904175,FALSE,FALSE,FALSE
Peru,2014,8,2.640000104904175,FALSE,FALSE,FALSE
Peru,2015,8,2.640000104904175,FALSE,FALSE,FALSE
Peru,2016,8,2.700000047683716,FALSE,FALSE,FALSE
Peru,2017,8,2.9000000953674316,FALSE,FALSE,FALSE
Peru,2018,8,2.9100000858306885,FALSE,FALSE,FALSE
Peru,2019,8,2.890000104904175,FALSE,FALSE,FALSE
Philippines,1973,10,3.180000066757202,FALSE,FALSE,FALSE
Philippines,1974,10,3.1600000858306885,FALSE,FALSE,FALSE
Philippines,1975,10,3.1500000953674316,FALSE,FALSE,FALSE
Philippines,1976,10,3.130000114440918,FALSE,FALSE,FALSE
Philippines,1977,10,3.130000114440918,FALSE,FALSE,FALSE
Philippines,1978,10,3.4000000953674316,FALSE,FALSE,FALSE
Philippines,1979,10,3.4000000953674316,FALSE,FALSE,FALSE
Philippines,1980,10,3.4000000953674316,FALSE,FALSE,FALSE
Philippines,1981,10,3.369999885559082,FALSE,FALSE,FALSE
Philippines,1982,10,3.3499999046325684,FALSE,FALSE,FALSE
Philippines,1983,10,3.3499999046325684,FALSE,FALSE,FALSE
Philippines,1985,7,2.7799999713897705,FALSE,FALSE,FALSE
Philippines,1986,7,2.7200000286102295,FALSE,FALSE,FALSE
Philippines,1987,7,2.7200000286102295,FALSE,FALSE,FALSE
Philippines,1988,7,2.7899999618530273,FALSE,FALSE,FALSE
Philippines,1989,7,2.869999885559082,FALSE,FALSE,FALSE
Philippines,1990,7,2.890000104904175,FALSE,FALSE,FALSE
Philippines,1991,7,2.9000000953674316,FALSE,FALSE,FALSE
Philippines,1992,8,2.890000104904175,FALSE,FALSE,FALSE
Philippines,1993,10,3.4000000953674316,FALSE,FALSE,FALSE
Philippines,1994,10,3.4100000858306885,FALSE,FALSE,FALSE
Philippines,1995,10,3.4200000762939453,FALSE,FALSE,FALSE
Philippines,1996,4,2.5399999618530273,FALSE,FALSE,FALSE
Philippines,1998,12,3.440000057220459,TRUE,FALSE,FALSE
Philippines,1999,12,3.4000000953674316,TRUE,FALSE,FALSE
Philippines,2000,8,2.9700000286102295,FALSE,FALSE,FALSE
Philippines,2001,8,2.940000057220459,FALSE,FALSE,FALSE
Philippines,2002,8,2.930000066757202,FALSE,FALSE,FALSE
Philippines,2003,8,2.9200000762939453,FALSE,FALSE,FALSE
Philippines,2004,8,2.9100000858306885,FALSE,FALSE,FALSE
Philippines,2005,8,2.930000066757202,FALSE,FALSE,FALSE
Philippines,2006,8,2.9000000953674316,FALSE,FALSE,FALSE
Philippines,2007,8,2.8499999046325684,FALSE,FALSE,FALSE
Philippines,2008,8,2.8299999237060547,FALSE,FALSE,FALSE
Philippines,2009,8,2.809999942779541,FALSE,FALSE,FALSE
Philippines,2010,8,2.809999942779541,FALSE,FALSE,FALSE
Philippines,2011,8,2.819999933242798,FALSE,FALSE,FALSE
Philippines,2012,8,2.819999933242798,FALSE,FALSE,FALSE
Philippines,2013,8,2.799999952316284,FALSE,FALSE,FALSE
Philippines,2014,8,2.7899999618530273,FALSE,FALSE,FALSE
Philippines,2015,8,2.7899999618530273,FALSE,FALSE,FALSE
Philippines,2016,8,2.7799999713897705,FALSE,FALSE,FALSE
Philippines,2017,8,2.9600000381469727,FALSE,FALSE,FALSE
Philippines,2018,8,2.9600000381469727,FALSE,FALSE,FALSE
Philippines,2019,8,2.9600000381469727,FALSE,FALSE,FALSE
Portugal,1973,10,3.3299999237060547,FALSE,TRUE,FALSE
Portugal,1974,10,3.3499999046325684,FALSE,TRUE,FALSE
Portugal,1975,10,3.359999895095825,FALSE,TRUE,FALSE
Portugal,1976,10,3.4100000858306885,FALSE,TRUE,FALSE
Portugal,1977,10,3.430000066757202,FALSE,TRUE,FALSE
Portugal,1978,10,3.4800000190734863,FALSE,TRUE,FALSE
Portugal,1979,10,3.5,FALSE,TRUE,FALSE
Portugal,1980,10,3.5399999618530273,FALSE,TRUE,FALSE
Portugal,1981,8,3.0999999046325684,FALSE,TRUE,FALSE
Portugal,1982,8,3.109999895095825,FALSE,TRUE,FALSE
Portugal,1983,8,2.9600000381469727,FALSE,TRUE,FALSE
Portugal,1984,8,2.950000047683716,FALSE,TRUE,FALSE
Portugal,1985,8,2.990000009536743,FALSE,TRUE,FALSE
Portugal,1986,8,2.990000009536743,FALSE,TRUE,FALSE
Portugal,1987,8,2.819999933242798,FALSE,TRUE,FALSE
Portugal,1988,8,2.680000066757202,FALSE,TRUE,FALSE
Portugal,1989,8,2.5799999237060547,FALSE,TRUE,FALSE
Portugal,1990,8,2.559999942779541,FALSE,TRUE,FALSE
Portugal,1991,8,2.5199999809265137,FALSE,TRUE,FALSE
Portugal,1992,8,2.490000009536743,FALSE,TRUE,FALSE
Portugal,1993,4,2.0999999046325684,FALSE,TRUE,FALSE
Portugal,1994,4,1.899999976158142,FALSE,TRUE,FALSE
Portugal,1995,4,1.8799999952316284,FALSE,TRUE,FALSE
Portugal,1996,4,1.940000057220459,FALSE,TRUE,FALSE
Portugal,1997,4,1.8300000429153442,FALSE,TRUE,FALSE
Portugal,1998,4,1.809999942779541,FALSE,TRUE,FALSE
Portugal,1999,1,1.7300000190734863,FALSE,FALSE,FALSE
Portugal,2000,1,1.7699999809265137,FALSE,FALSE,FALSE
Portugal,2001,1,1.7599999904632568,FALSE,FALSE,FALSE
Portugal,2002,1,1.7300000190734863,FALSE,FALSE,FALSE
Portugal,2003,1,1.75,FALSE,FALSE,FALSE
Portugal,2004,1,1.690000057220459,FALSE,FALSE,FALSE
Portugal,2005,1,1.7000000476837158,FALSE,FALSE,FALSE
Portugal,2006,1,1.7100000381469727,FALSE,FALSE,FALSE
Portugal,2007,1,1.7200000286102295,FALSE,FALSE,FALSE
Portugal,2008,1,1.7200000286102295,FALSE,FALSE,FALSE
Portugal,2009,1,1.7899999618530273,FALSE,FALSE,FALSE
Portugal,2010,1,1.7799999713897705,FALSE,FALSE,FALSE
Portugal,2011,1,1.7799999713897705,FALSE,FALSE,FALSE
Portugal,2012,1,1.7699999809265137,FALSE,FALSE,FALSE
Portugal,2013,1,1.8200000524520874,FALSE,FALSE,FALSE
Portugal,2014,1,1.75,FALSE,FALSE,FALSE
Portugal,2015,1,1.6699999570846558,FALSE,FALSE,FALSE
Portugal,2016,1,1.6100000143051147,FALSE,FALSE,FALSE
Portugal,2017,1,1.5700000524520874,FALSE,FALSE,FALSE
Portugal,2018,1,1.559999942779541,FALSE,FALSE,FALSE
Portugal,2019,1,1.5399999618530273,FALSE,FALSE,FALSE
Rwanda,1974,2,2.559999942779541,FALSE,FALSE,FALSE
Rwanda,1975,2,2.5199999809265137,FALSE,FALSE,FALSE
Rwanda,1976,2,2.799999952316284,FALSE,FALSE,FALSE
Rwanda,1977,2,2.9000000953674316,FALSE,FALSE,FALSE
Rwanda,1978,2,3.190000057220459,FALSE,FALSE,FALSE
Rwanda,1979,2,3.25,FALSE,FALSE,FALSE
Rwanda,1980,2,3.2799999713897705,FALSE,FALSE,FALSE
Rwanda,1981,2,3.390000104904175,FALSE,FALSE,FALSE
Rwanda,1982,2,3.380000114440918,FALSE,FALSE,FALSE
Rwanda,1983,2,3.4800000190734863,FALSE,FALSE,FALSE
Rwanda,1984,8,3.5799999237060547,FALSE,FALSE,FALSE
Rwanda,1985,8,3.569999933242798,FALSE,FALSE,FALSE
Rwanda,1986,8,3.509999990463257,FALSE,FALSE,FALSE
Rwanda,1987,8,3.559999942779541,FALSE,FALSE,FALSE
Rwanda,1988,8,3.490000009536743,FALSE,FALSE,FALSE
Rwanda,1989,8,3.490000009536743,FALSE,FALSE,FALSE
Rwanda,1990,8,3.5999999046325684,FALSE,FALSE,FALSE
Rwanda,1991,8,3.5999999046325684,FALSE,FALSE,FALSE
Rwanda,1992,8,3.569999933242798,FALSE,FALSE,FALSE
Rwanda,1993,8,3.440000057220459,FALSE,FALSE,FALSE
Rwanda,1995,8,3.1600000858306885,FALSE,FALSE,FALSE
Rwanda,1996,8,2.9100000858306885,FALSE,FALSE,FALSE
Rwanda,1997,8,2.759999990463257,FALSE,FALSE,FALSE
Rwanda,1998,8,2.7899999618530273,FALSE,FALSE,FALSE
Rwanda,1999,8,2.809999942779541,FALSE,FALSE,FALSE
Rwanda,2000,8,2.940000057220459,FALSE,FALSE,FALSE
Rwanda,2001,8,2.869999885559082,FALSE,FALSE,FALSE
Rwanda,2002,8,2.880000114440918,FALSE,FALSE,FALSE
Rwanda,2003,8,2.9200000762939453,FALSE,FALSE,FALSE
Rwanda,2004,7,3,FALSE,FALSE,FALSE
Rwanda,2005,7,2.940000057220459,FALSE,FALSE,FALSE
Rwanda,2006,7,2.940000057220459,FALSE,FALSE,FALSE
Rwanda,2007,7,2.819999933242798,FALSE,FALSE,FALSE
Rwanda,2008,7,2.809999942779541,FALSE,FALSE,FALSE
Rwanda,2009,7,2.8299999237060547,FALSE,FALSE,FALSE
Rwanda,2010,7,2.880000114440918,FALSE,FALSE,FALSE
Rwanda,2011,7,2.890000104904175,FALSE,FALSE,FALSE
Rwanda,2012,7,2.890000104904175,FALSE,FALSE,FALSE
Rwanda,2013,7,2.869999885559082,FALSE,FALSE,FALSE
Rwanda,2014,7,2.8499999046325684,FALSE,FALSE,FALSE
Rwanda,2015,7,2.799999952316284,FALSE,FALSE,FALSE
Rwanda,2016,7,2.6600000858306885,FALSE,FALSE,FALSE
Rwanda,2017,7,2.7699999809265137,FALSE,FALSE,FALSE
Rwanda,2018,7,2.7799999713897705,FALSE,FALSE,FALSE
Rwanda,2019,7,2.7699999809265137,FALSE,FALSE,FALSE
Senegal,1973,1,1.940000057220459,FALSE,TRUE,FALSE
Senegal,1974,1,2.059999942779541,FALSE,TRUE,FALSE
Senegal,1975,1,2.109999895095825,FALSE,TRUE,FALSE
Senegal,1976,1,1.9600000381469727,FALSE,TRUE,FALSE
Senegal,1977,1,1.9500000476837158,FALSE,TRUE,FALSE
Senegal,1978,1,1.9600000381469727,FALSE,TRUE,FALSE
Senegal,1979,1,2.0199999809265137,FALSE,TRUE,FALSE
Senegal,1980,1,2.380000114440918,FALSE,TRUE,FALSE
Senegal,1981,1,2.380000114440918,FALSE,TRUE,FALSE
Senegal,1982,1,2.440000057220459,FALSE,TRUE,FALSE
Senegal,1983,1,2.259999990463257,FALSE,TRUE,FALSE
Senegal,1984,1,2.2100000381469727,FALSE,TRUE,FALSE
Senegal,1985,1,2.359999895095825,FALSE,TRUE,FALSE
Senegal,1986,1,2.309999942779541,FALSE,TRUE,FALSE
Senegal,1987,1,2.1500000953674316,FALSE,TRUE,FALSE
Senegal,1988,1,2.009999990463257,FALSE,TRUE,FALSE
Senegal,1989,1,2.0199999809265137,FALSE,TRUE,FALSE
Senegal,1990,1,2.0799999237060547,FALSE,TRUE,FALSE
Senegal,1991,1,1.940000057220459,FALSE,TRUE,FALSE
Senegal,1992,1,1.9199999570846558,FALSE,TRUE,FALSE
Senegal,1993,1,1.9600000381469727,FALSE,TRUE,FALSE
Senegal,1994,1,2,FALSE,TRUE,FALSE
Senegal,1995,1,2.009999990463257,FALSE,TRUE,FALSE
Senegal,1996,1,2.1700000762939453,FALSE,TRUE,FALSE
Senegal,1997,1,2.190000057220459,FALSE,TRUE,FALSE
Senegal,1998,1,2.259999990463257,FALSE,TRUE,FALSE
Senegal,1999,1,2.2100000381469727,FALSE,FALSE,FALSE
Senegal,2000,1,2.2300000190734863,FALSE,FALSE,FALSE
Senegal,2001,1,2.25,FALSE,FALSE,FALSE
Senegal,2002,1,2.2799999713897705,FALSE,FALSE,FALSE
Senegal,2003,1,2.3399999141693115,FALSE,FALSE,FALSE
Senegal,2004,1,2.369999885559082,FALSE,FALSE,FALSE
Senegal,2005,1,2.440000057220459,FALSE,FALSE,FALSE
Senegal,2006,1,2.5299999713897705,FALSE,FALSE,FALSE
Senegal,2007,1,2.4800000190734863,FALSE,FALSE,FALSE
Senegal,2008,1,2.490000009536743,FALSE,FALSE,FALSE
Senegal,2009,1,2.609999895095825,FALSE,FALSE,FALSE
Senegal,2010,1,2.630000114440918,FALSE,FALSE,FALSE
Senegal,2011,1,2.6700000762939453,FALSE,FALSE,FALSE
Senegal,2012,1,2.6700000762939453,FALSE,FALSE,FALSE
Senegal,2013,1,2.740000009536743,FALSE,FALSE,FALSE
Senegal,2014,1,2.7100000381469727,FALSE,FALSE,FALSE
Senegal,2015,1,2.5,FALSE,FALSE,FALSE
Senegal,2016,1,2.430000066757202,FALSE,FALSE,FALSE
Senegal,2017,1,2.430000066757202,FALSE,FALSE,FALSE
Senegal,2018,1,2.5,FALSE,FALSE,FALSE
Senegal,2019,1,2.4700000286102295,FALSE,FALSE,FALSE
Sierra Leone,1973,2,3.190000057220459,FALSE,FALSE,FALSE
Sierra Leone,1974,12,3.569999933242798,TRUE,FALSE,FALSE
Sierra Leone,1975,12,3.5299999713897705,TRUE,FALSE,FALSE
Sierra Leone,1976,12,3.509999990463257,TRUE,FALSE,FALSE
Sierra Leone,1977,12,3.5,TRUE,FALSE,FALSE
Sierra Leone,1978,12,3.5399999618530273,TRUE,FALSE,FALSE
Sierra Leone,1992,12,3.7799999713897705,TRUE,FALSE,FALSE
Sierra Leone,1993,12,3.75,TRUE,FALSE,FALSE
Sierra Leone,1994,12,3.7300000190734863,TRUE,FALSE,FALSE
Sierra Leone,1995,12,3.7300000190734863,TRUE,FALSE,FALSE
Sierra Leone,1996,12,3.690000057220459,TRUE,FALSE,FALSE
Sierra Leone,1998,12,3.680000066757202,TRUE,FALSE,FALSE
Sierra Leone,1999,12,3.6600000858306885,TRUE,FALSE,FALSE
Sierra Leone,2000,12,3.7300000190734863,TRUE,FALSE,FALSE
Sierra Leone,2001,12,3.759999990463257,TRUE,FALSE,FALSE
Sierra Leone,2002,12,3.7899999618530273,TRUE,FALSE,FALSE
Sierra Leone,2003,6,3.569999933242798,FALSE,FALSE,FALSE
Sierra Leone,2004,6,3.490000009536743,FALSE,FALSE,FALSE
Sierra Leone,2005,6,3.4700000286102295,FALSE,FALSE,FALSE
Sierra Leone,2006,6,3.4600000381469727,FALSE,FALSE,FALSE
Sierra Leone,2007,6,3.440000057220459,FALSE,FALSE,FALSE
Sierra Leone,2008,6,3.4000000953674316,FALSE,FALSE,FALSE
Sierra Leone,2009,6,3.390000104904175,FALSE,FALSE,FALSE
Sierra Leone,2010,6,3.4100000858306885,FALSE,FALSE,FALSE
Sierra Leone,2011,6,3.430000066757202,FALSE,FALSE,FALSE
Sierra Leone,2012,6,3.450000047683716,FALSE,FALSE,FALSE
Sierra Leone,2013,6,3.440000057220459,FALSE,FALSE,FALSE
Sierra Leone,2014,6,3.4600000381469727,FALSE,FALSE,FALSE
Sierra Leone,2015,6,3.4700000286102295,FALSE,FALSE,FALSE
Sierra Leone,2016,6,3.430000066757202,FALSE,FALSE,FALSE
Sierra Leone,2017,6,3.3399999141693115,FALSE,FALSE,FALSE
Sierra Leone,2018,6,3.25,FALSE,FALSE,FALSE
Sierra Leone,2019,6,3.0899999141693115,FALSE,FALSE,FALSE
Singapore,1973,11,3.3499999046325684,FALSE,FALSE,FALSE
Singapore,1974,11,3.3399999141693115,FALSE,FALSE,FALSE
Singapore,1975,11,3.309999942779541,FALSE,FALSE,FALSE
Singapore,1976,11,3.1500000953674316,FALSE,FALSE,FALSE
Singapore,1977,11,3.140000104904175,FALSE,FALSE,FALSE
Singapore,1978,11,3.299999952316284,FALSE,FALSE,FALSE
Singapore,1979,11,3.2899999618530273,FALSE,FALSE,FALSE
Singapore,1980,11,3.2899999618530273,FALSE,FALSE,FALSE
Singapore,1981,11,3.2899999618530273,FALSE,FALSE,FALSE
Singapore,1982,11,3.2899999618530273,FALSE,FALSE,FALSE
Singapore,1983,11,3.299999952316284,FALSE,FALSE,FALSE
Singapore,1984,11,3.3299999237060547,FALSE,FALSE,FALSE
Singapore,1985,11,3.3299999237060547,FALSE,FALSE,FALSE
Singapore,1986,11,3.3299999237060547,FALSE,FALSE,FALSE
Singapore,1987,11,3.3499999046325684,FALSE,FALSE,FALSE
Singapore,1988,11,3.369999885559082,FALSE,FALSE,FALSE
Singapore,1989,11,3.390000104904175,FALSE,FALSE,FALSE
Singapore,1990,11,3.4000000953674316,FALSE,FALSE,FALSE
Singapore,1991,11,3.4000000953674316,FALSE,FALSE,FALSE
Singapore,1992,11,3.4000000953674316,FALSE,FALSE,FALSE
Singapore,1993,11,3.4000000953674316,FALSE,FALSE,FALSE
Singapore,1994,11,3.4000000953674316,FALSE,FALSE,FALSE
Singapore,1995,11,3.4000000953674316,FALSE,FALSE,FALSE
Singapore,1996,11,3.390000104904175,FALSE,FALSE,FALSE
Singapore,1997,11,3.390000104904175,FALSE,FALSE,FALSE
Singapore,1998,11,3.5399999618530273,FALSE,FALSE,FALSE
Singapore,1999,11,3.359999895095825,FALSE,FALSE,FALSE
Singapore,2000,11,3.359999895095825,FALSE,FALSE,FALSE
Singapore,2001,11,3.3499999046325684,FALSE,FALSE,FALSE
Singapore,2002,11,3.3399999141693115,FALSE,FALSE,FALSE
Singapore,2003,11,3.3299999237060547,FALSE,FALSE,FALSE
Singapore,2004,11,3.319999933242798,FALSE,FALSE,FALSE
Singapore,2005,11,3.319999933242798,FALSE,FALSE,FALSE
Singapore,2006,11,3.2899999618530273,FALSE,FALSE,FALSE
Singapore,2007,11,3.2699999809265137,FALSE,FALSE,FALSE
Singapore,2008,11,3.259999990463257,FALSE,FALSE,FALSE
Singapore,2009,11,3.25,FALSE,FALSE,FALSE
Singapore,2010,11,3.259999990463257,FALSE,FALSE,FALSE
Singapore,2011,11,3.2699999809265137,FALSE,FALSE,FALSE
Singapore,2012,11,3.259999990463257,FALSE,FALSE,FALSE
Singapore,2013,11,3.25,FALSE,FALSE,FALSE
Singapore,2014,11,3.25,FALSE,FALSE,FALSE
Singapore,2015,11,3.240000009536743,FALSE,FALSE,FALSE
South Africa,2001,13,4,TRUE,TRUE,TRUE
South Africa,2002,13,4,TRUE,TRUE,TRUE
South Africa,2003,13,4,TRUE,TRUE,TRUE
South Africa,2004,13,4,TRUE,TRUE,TRUE
South Africa,2005,13,4,TRUE,TRUE,TRUE
South Africa,2006,13,4,TRUE,TRUE,TRUE
South Africa,2007,13,4,TRUE,TRUE,TRUE
South Africa,2008,13,4,TRUE,TRUE,TRUE
South Africa,2009,13,4,TRUE,TRUE,TRUE
South Africa,2010,13,4,TRUE,TRUE,TRUE
South Africa,2011,13,4,TRUE,TRUE,TRUE
South Africa,2012,13,4,TRUE,TRUE,TRUE
South Africa,2013,13,3.930000066757202,TRUE,TRUE,TRUE
South Africa,2014,13,3.930000066757202,TRUE,TRUE,TRUE
South Africa,2015,13,3.9200000762939453,TRUE,TRUE,TRUE
South Africa,2016,13,3.9200000762939453,TRUE,TRUE,TRUE
South Africa,2017,13,3.9000000953674316,TRUE,TRUE,TRUE
South Africa,2018,13,3.890000104904175,TRUE,TRUE,TRUE
South Africa,2019,13,3.880000114440918,TRUE,TRUE,TRUE
South Korea,1973,10,3.119999885559082,FALSE,FALSE,FALSE
South Korea,1974,2,1.8899999856948853,FALSE,FALSE,FALSE
South Korea,1975,2,1.8799999952316284,FALSE,FALSE,FALSE
South Korea,1976,2,1.809999942779541,FALSE,FALSE,FALSE
South Korea,1977,2,1.840000033378601,FALSE,FALSE,FALSE
South Korea,1978,2,2.609999895095825,FALSE,FALSE,FALSE
South Korea,1979,2,2.6600000858306885,FALSE,FALSE,FALSE
South Korea,1980,7,2.9700000286102295,FALSE,FALSE,FALSE
South Korea,1981,7,2.9000000953674316,FALSE,FALSE,FALSE
South Korea,1982,7,2.809999942779541,FALSE,FALSE,FALSE
South Korea,1983,7,2.7799999713897705,FALSE,FALSE,FALSE
South Korea,1984,7,2.8499999046325684,FALSE,FALSE,FALSE
South Korea,1985,7,2.880000114440918,FALSE,FALSE,FALSE
South Korea,1986,7,2.930000066757202,FALSE,FALSE,FALSE
South Korea,1987,7,3.0199999809265137,FALSE,FALSE,FALSE
South Korea,1988,7,3.0899999141693115,FALSE,FALSE,FALSE
South Korea,1989,7,3.119999885559082,FALSE,FALSE,FALSE
South Korea,1990,6,3.0799999237060547,FALSE,FALSE,FALSE
South Korea,1991,6,3.049999952316284,FALSE,FALSE,FALSE
South Korea,1992,6,3.0299999713897705,FALSE,FALSE,FALSE
South Korea,1993,6,3.0199999809265137,FALSE,FALSE,FALSE
South Korea,1994,6,2.950000047683716,FALSE,FALSE,FALSE
South Korea,1995,7,2.9600000381469727,FALSE,FALSE,FALSE
South Korea,1996,7,2.9700000286102295,FALSE,FALSE,FALSE
South Korea,1997,7,2.9600000381469727,FALSE,FALSE,FALSE
South Korea,1998,11,3.4700000286102295,FALSE,FALSE,FALSE
South Korea,1999,11,3.4200000762939453,FALSE,FALSE,FALSE
South Korea,2000,11,3.4100000858306885,FALSE,FALSE,FALSE
South Korea,2001,11,3.390000104904175,FALSE,FALSE,FALSE
South Korea,2002,11,3.4000000953674316,FALSE,FALSE,FALSE
South Korea,2003,11,3.4000000953674316,FALSE,FALSE,FALSE
South Korea,2004,11,3.4100000858306885,FALSE,FALSE,FALSE
South Korea,2005,11,3.4100000858306885,FALSE,FALSE,FALSE
South Korea,2006,11,3.4000000953674316,FALSE,FALSE,FALSE
South Korea,2007,11,3.380000114440918,FALSE,FALSE,FALSE
South Korea,2008,11,3.359999895095825,FALSE,FALSE,FALSE
South Korea,2009,11,3.3399999141693115,FALSE,FALSE,FALSE
South Korea,2010,11,3.3399999141693115,FALSE,FALSE,FALSE
South Korea,2011,11,3.3399999141693115,FALSE,FALSE,FALSE
South Korea,2012,11,3.3399999141693115,FALSE,FALSE,FALSE
South Korea,2013,11,3.3299999237060547,FALSE,FALSE,FALSE
South Korea,2014,11,3.319999933242798,FALSE,FALSE,FALSE
South Korea,2015,12,3.319999933242798,TRUE,FALSE,FALSE
South Korea,2016,12,3.3399999141693115,TRUE,FALSE,FALSE
South Korea,2017,12,3.450000047683716,TRUE,FALSE,FALSE
South Korea,2018,12,3.4700000286102295,TRUE,FALSE,FALSE
South Korea,2019,12,3.4600000381469727,TRUE,FALSE,FALSE
Spain,1973,2,2.759999990463257,FALSE,FALSE,FALSE
Spain,1974,8,3.0399999618530273,FALSE,FALSE,FALSE
Spain,1975,8,2.9600000381469727,FALSE,FALSE,FALSE
Spain,1976,8,2.9600000381469727,FALSE,FALSE,FALSE
Spain,1977,8,2.930000066757202,FALSE,FALSE,FALSE
Spain,1978,8,3.0199999809265137,FALSE,FALSE,FALSE
Spain,1979,8,3.0199999809265137,FALSE,FALSE,FALSE
Spain,1980,8,2.9800000190734863,FALSE,FALSE,FALSE
Spain,1981,8,3.369999885559082,FALSE,TRUE,FALSE
Spain,1982,8,3.359999895095825,FALSE,TRUE,FALSE
Spain,1983,8,3.259999990463257,FALSE,TRUE,FALSE
Spain,1984,8,3.240000009536743,FALSE,TRUE,FALSE
Spain,1985,8,3.2100000381469727,FALSE,TRUE,FALSE
Spain,1986,8,3.140000104904175,FALSE,TRUE,FALSE
Spain,1987,8,2.9800000190734863,FALSE,TRUE,FALSE
Spain,1988,8,2.8399999141693115,FALSE,TRUE,FALSE
Spain,1989,8,2.7699999809265137,FALSE,TRUE,FALSE
Spain,1990,8,2.75,FALSE,TRUE,FALSE
Spain,1991,8,2.7100000381469727,FALSE,TRUE,FALSE
Spain,1992,8,2.700000047683716,FALSE,TRUE,FALSE
Spain,1993,8,2.7100000381469727,FALSE,TRUE,FALSE
Spain,1994,4,2.25,FALSE,TRUE,FALSE
Spain,1995,4,2.2100000381469727,FALSE,TRUE,FALSE
Spain,1996,4,2.25,FALSE,TRUE,FALSE
Spain,1997,4,2.130000114440918,FALSE,TRUE,FALSE
Spain,1998,4,2.109999895095825,FALSE,TRUE,FALSE
Spain,1999,1,2.059999942779541,FALSE,FALSE,FALSE
Spain,2000,1,2.0399999618530273,FALSE,FALSE,FALSE
Spain,2001,1,2.009999990463257,FALSE,FALSE,FALSE
Spain,2002,1,2.009999990463257,FALSE,FALSE,FALSE
Spain,2003,1,2.0299999713897705,FALSE,FALSE,FALSE
Spain,2004,1,1.9800000190734863,FALSE,FALSE,FALSE
Spain,2005,1,2,FALSE,FALSE,FALSE
Spain,2006,1,2.0299999713897705,FALSE,FALSE,FALSE
Spain,2007,1,2.0999999046325684,FALSE,FALSE,FALSE
Spain,2008,1,2.119999885559082,FALSE,FALSE,FALSE
Spain,2009,1,2.2200000286102295,FALSE,FALSE,FALSE
Spain,2010,1,2.2200000286102295,FALSE,FALSE,FALSE
Spain,2011,1,2.240000009536743,FALSE,FALSE,FALSE
Spain,2012,1,2.190000057220459,FALSE,FALSE,FALSE
Spain,2013,1,2.2699999809265137,FALSE,FALSE,FALSE
Spain,2014,1,2.25,FALSE,FALSE,FALSE
Spain,2015,1,2.2100000381469727,FALSE,FALSE,FALSE
Spain,2016,1,2.1500000953674316,FALSE,FALSE,FALSE
Spain,2017,1,2.0299999713897705,FALSE,FALSE,FALSE
Spain,2018,1,2.0199999809265137,FALSE,FALSE,FALSE
Spain,2019,1,1.9900000095367432,FALSE,FALSE,FALSE
Sri Lanka,1973,8,3.200000047683716,FALSE,TRUE,FALSE
Sri Lanka,1974,8,3.299999952316284,FALSE,TRUE,FALSE
Sri Lanka,1975,8,3.4100000858306885,FALSE,TRUE,FALSE
Sri Lanka,1976,8,2.7200000286102295,FALSE,FALSE,FALSE
Sri Lanka,1977,8,2.6600000858306885,FALSE,FALSE,FALSE
Sri Lanka,1978,8,2.819999933242798,FALSE,FALSE,FALSE
Sri Lanka,1979,8,2.819999933242798,FALSE,FALSE,FALSE
Sri Lanka,1980,8,2.859999895095825,FALSE,FALSE,FALSE
Sri Lanka,1981,7,2.9600000381469727,FALSE,FALSE,FALSE
Sri Lanka,1982,7,2.9800000190734863,FALSE,FALSE,FALSE
Sri Lanka,1983,7,2.990000009536743,FALSE,FALSE,FALSE
Sri Lanka,1984,7,3.0299999713897705,FALSE,FALSE,FALSE
Sri Lanka,1985,7,3.0199999809265137,FALSE,FALSE,FALSE
Sri Lanka,1986,7,3.0199999809265137,FALSE,FALSE,FALSE
Sri Lanka,1987,7,2.990000009536743,FALSE,FALSE,FALSE
Sri Lanka,1988,7,3.0399999618530273,FALSE,FALSE,FALSE
Sri Lanka,1989,7,3.049999952316284,FALSE,FALSE,FALSE
Sri Lanka,1990,2,2.759999990463257,FALSE,FALSE,FALSE
Sri Lanka,1991,2,2.759999990463257,FALSE,FALSE,FALSE
Sri Lanka,1992,7,2.930000066757202,FALSE,FALSE,FALSE
Sri Lanka,1993,7,2.8499999046325684,FALSE,FALSE,FALSE
Sri Lanka,1994,7,2.799999952316284,FALSE,FALSE,FALSE
Sri Lanka,1995,6,2.809999942779541,FALSE,FALSE,FALSE
Sri Lanka,1996,6,2.809999942779541,FALSE,FALSE,FALSE
Sri Lanka,1997,6,2.799999952316284,FALSE,FALSE,FALSE
Sri Lanka,1998,6,3,FALSE,FALSE,FALSE
Sri Lanka,1999,6,2.930000066757202,FALSE,FALSE,FALSE
Sri Lanka,2000,10,3.3399999141693115,FALSE,FALSE,FALSE
Sri Lanka,2001,7,2.9200000762939453,FALSE,FALSE,FALSE
Sri Lanka,2002,7,2.869999885559082,FALSE,FALSE,FALSE
Sri Lanka,2003,7,2.809999942779541,FALSE,FALSE,FALSE
Sri Lanka,2004,7,2.7699999809265137,FALSE,FALSE,FALSE
Sri Lanka,2005,7,2.7699999809265137,FALSE,FALSE,FALSE
Sri Lanka,2006,7,2.740000009536743,FALSE,FALSE,FALSE
Sri Lanka,2007,7,2.680000066757202,FALSE,FALSE,FALSE
Sri Lanka,2008,7,2.680000066757202,FALSE,FALSE,FALSE
Sri Lanka,2009,7,2.9700000286102295,FALSE,FALSE,FALSE
Sri Lanka,2010,7,3.0199999809265137,FALSE,FALSE,FALSE
Sri Lanka,2011,7,3.140000104904175,FALSE,FALSE,FALSE
Sri Lanka,2012,7,3.130000114440918,FALSE,FALSE,FALSE
Sri Lanka,2013,7,2.9700000286102295,FALSE,FALSE,FALSE
Sri Lanka,2014,7,2.890000104904175,FALSE,FALSE,FALSE
Sri Lanka,2015,7,2.799999952316284,FALSE,FALSE,FALSE
Sri Lanka,2016,7,2.9700000286102295,FALSE,FALSE,FALSE
Sri Lanka,2017,7,3,FALSE,FALSE,FALSE
Sri Lanka,2018,7,3.0199999809265137,FALSE,FALSE,FALSE
Sri Lanka,2019,7,3.009999990463257,FALSE,FALSE,FALSE
Sweden,1973,8,2.8499999046325684,FALSE,TRUE,FALSE
Sweden,1974,8,2.7899999618530273,FALSE,TRUE,FALSE
Sweden,1975,8,2.7899999618530273,FALSE,TRUE,FALSE
Sweden,1976,8,2.799999952316284,FALSE,TRUE,FALSE
Sweden,1977,8,2.809999942779541,FALSE,TRUE,FALSE
Sweden,1978,8,2.8299999237060547,FALSE,TRUE,FALSE
Sweden,1979,8,2.8499999046325684,FALSE,TRUE,FALSE
Sweden,1980,8,2.859999895095825,FALSE,TRUE,FALSE
Sweden,1981,8,2.9200000762939453,FALSE,TRUE,FALSE
Sweden,1982,8,2.9100000858306885,FALSE,TRUE,FALSE
Sweden,1983,8,2.8299999237060547,FALSE,TRUE,FALSE
Sweden,1984,8,2.809999942779541,FALSE,TRUE,FALSE
Sweden,1985,8,2.7799999713897705,FALSE,TRUE,FALSE
Sweden,1986,8,2.759999990463257,FALSE,TRUE,FALSE
Sweden,1987,8,2.7200000286102295,FALSE,TRUE,FALSE
Sweden,1988,8,2.690000057220459,FALSE,TRUE,FALSE
Sweden,1989,8,2.680000066757202,FALSE,TRUE,FALSE
Sweden,1990,8,2.700000047683716,FALSE,TRUE,FALSE
Sweden,1991,8,2.7100000381469727,FALSE,TRUE,FALSE
Sweden,1992,8,2.7200000286102295,FALSE,TRUE,FALSE
Sweden,1993,12,3.259999990463257,TRUE,TRUE,TRUE
Sweden,1994,12,3.259999990463257,TRUE,TRUE,TRUE
Sweden,1995,12,3.2699999809265137,TRUE,TRUE,TRUE
Sweden,1996,12,3.25,TRUE,TRUE,TRUE
Sweden,1997,12,3.2200000286102295,TRUE,TRUE,TRUE
Sweden,1998,12,3.180000066757202,TRUE,TRUE,TRUE
Sweden,1999,6,2.5799999237060547,FALSE,FALSE,FALSE
Sweden,2000,6,2.619999885559082,FALSE,FALSE,FALSE
Sweden,2001,6,2.6500000953674316,FALSE,FALSE,FALSE
Sweden,2002,6,2.619999885559082,FALSE,FALSE,FALSE
Sweden,2003,6,2.630000114440918,FALSE,FALSE,FALSE
Sweden,2004,6,2.5799999237060547,FALSE,FALSE,FALSE
Sweden,2005,6,2.559999942779541,FALSE,FALSE,FALSE
Sweden,2006,6,2.549999952316284,FALSE,FALSE,FALSE
Sweden,2007,6,2.549999952316284,FALSE,FALSE,FALSE
Sweden,2008,6,2.549999952316284,FALSE,FALSE,FALSE
Sweden,2009,11,3.240000009536743,FALSE,FALSE,FALSE
Sweden,2010,11,3.240000009536743,FALSE,FALSE,FALSE
Sweden,2011,11,3.240000009536743,FALSE,FALSE,FALSE
Sweden,2012,11,3.240000009536743,FALSE,FALSE,FALSE
Sweden,2013,11,3.240000009536743,FALSE,FALSE,FALSE
Sweden,2014,11,3.240000009536743,FALSE,FALSE,FALSE
Sweden,2015,11,3.2300000190734863,FALSE,FALSE,FALSE
Sweden,2016,11,3.2300000190734863,FALSE,FALSE,FALSE
Sweden,2017,11,3.180000066757202,FALSE,FALSE,FALSE
Sweden,2018,11,3.1700000762939453,FALSE,FALSE,FALSE
Sweden,2019,11,3.1600000858306885,FALSE,FALSE,FALSE
Switzerland,1973,12,3.7100000381469727,TRUE,FALSE,FALSE
Switzerland,1974,12,3.7200000286102295,TRUE,FALSE,FALSE
Switzerland,1975,12,3.7100000381469727,TRUE,FALSE,FALSE
Switzerland,1976,12,3.700000047683716,TRUE,FALSE,FALSE
Switzerland,1977,12,3.690000057220459,TRUE,FALSE,FALSE
Switzerland,1978,12,3.7200000286102295,TRUE,FALSE,FALSE
Switzerland,1979,12,3.7100000381469727,TRUE,FALSE,FALSE
Switzerland,1980,12,3.6700000762939453,TRUE,FALSE,FALSE
Switzerland,1981,12,3.700000047683716,TRUE,FALSE,FALSE
Switzerland,1982,11,3.3399999141693115,FALSE,TRUE,FALSE
Switzerland,1983,11,3.2100000381469727,FALSE,TRUE,FALSE
Switzerland,1984,11,3.2100000381469727,FALSE,TRUE,FALSE
Switzerland,1985,11,3.2200000286102295,FALSE,TRUE,FALSE
Switzerland,1986,11,3.2100000381469727,FALSE,TRUE,FALSE
Switzerland,1987,11,3.180000066757202,FALSE,TRUE,FALSE
Switzerland,1988,11,3.180000066757202,FALSE,TRUE,FALSE
Switzerland,1989,11,3.180000066757202,FALSE,TRUE,FALSE
Switzerland,1990,11,3.180000066757202,FALSE,TRUE,FALSE
Switzerland,1991,11,3.190000057220459,FALSE,TRUE,FALSE
Switzerland,1992,11,3.190000057220459,FALSE,TRUE,FALSE
Switzerland,1993,11,3.200000047683716,FALSE,TRUE,FALSE
Switzerland,1994,11,3.200000047683716,FALSE,TRUE,FALSE
Switzerland,1995,11,3.190000057220459,FALSE,TRUE,FALSE
Switzerland,1996,11,3.190000057220459,FALSE,TRUE,FALSE
Switzerland,1997,11,3.180000066757202,FALSE,TRUE,FALSE
Switzerland,1998,11,3.190000057220459,FALSE,TRUE,FALSE
Switzerland,1999,11,3.190000057220459,FALSE,FALSE,FALSE
Switzerland,2000,11,3.2100000381469727,FALSE,FALSE,FALSE
Switzerland,2001,11,3.2200000286102295,FALSE,FALSE,FALSE
Switzerland,2002,11,3.2100000381469727,FALSE,FALSE,FALSE
Switzerland,2003,11,3.2100000381469727,FALSE,FALSE,FALSE
Switzerland,2004,11,3.180000066757202,FALSE,FALSE,FALSE
Switzerland,2005,11,3.180000066757202,FALSE,FALSE,FALSE
Switzerland,2006,11,3.180000066757202,FALSE,FALSE,FALSE
Switzerland,2007,11,3.180000066757202,FALSE,FALSE,FALSE
Switzerland,2008,11,3.190000057220459,FALSE,FALSE,FALSE
Switzerland,2009,11,3.2300000190734863,FALSE,FALSE,FALSE
Switzerland,2010,11,3.240000009536743,FALSE,FALSE,FALSE
Switzerland,2011,11,3.240000009536743,FALSE,FALSE,FALSE
Switzerland,2012,2,1.7999999523162842,FALSE,FALSE,FALSE
Switzerland,2013,2,2.009999990463257,FALSE,FALSE,FALSE
Switzerland,2014,2,2.2300000190734863,FALSE,FALSE,FALSE
Switzerland,2015,11,3.440000057220459,FALSE,FALSE,FALSE
Switzerland,2016,11,3.450000047683716,FALSE,FALSE,FALSE
Switzerland,2017,11,3.4200000762939453,FALSE,FALSE,FALSE
Switzerland,2018,11,3.4200000762939453,FALSE,FALSE,FALSE
Switzerland,2019,11,3.4000000953674316,FALSE,FALSE,FALSE
Thailand,1973,2,2.259999990463257,FALSE,FALSE,FALSE
Thailand,1974,2,2.25,FALSE,FALSE,FALSE
Thailand,1975,2,2.2899999618530273,FALSE,FALSE,FALSE
Thailand,1976,2,2.25,FALSE,FALSE,FALSE
Thailand,1977,2,2.1500000953674316,FALSE,FALSE,FALSE
Thailand,1978,4,2.809999942779541,FALSE,FALSE,FALSE
Thailand,1979,4,2.7899999618530273,FALSE,FALSE,FALSE
Thailand,1980,4,2.75,FALSE,FALSE,FALSE
Thailand,1981,4,2.700000047683716,FALSE,FALSE,FALSE
Thailand,1982,4,2.6500000953674316,FALSE,FALSE,FALSE
Thailand,1983,4,2.640000104904175,FALSE,FALSE,FALSE
Thailand,1984,4,2.7100000381469727,FALSE,FALSE,FALSE
Thailand,1985,4,2.75,FALSE,FALSE,FALSE
Thailand,1986,4,2.8499999046325684,FALSE,FALSE,FALSE
Thailand,1987,4,2.9000000953674316,FALSE,FALSE,FALSE
Thailand,1988,4,2.9600000381469727,FALSE,FALSE,FALSE
Thailand,1989,4,2.9800000190734863,FALSE,FALSE,FALSE
Thailand,1990,4,3.0199999809265137,FALSE,FALSE,FALSE
Thailand,1991,4,3.059999942779541,FALSE,FALSE,FALSE
Thailand,1992,4,3.0399999618530273,FALSE,FALSE,FALSE
Thailand,1993,4,3.009999990463257,FALSE,FALSE,FALSE
Thailand,1994,4,2.9800000190734863,FALSE,FALSE,FALSE
Thailand,1995,4,3,FALSE,FALSE,FALSE
Thailand,1996,4,2.9800000190734863,FALSE,FALSE,FALSE
Thailand,1997,4,2.9600000381469727,FALSE,FALSE,FALSE
Thailand,1998,12,3.5799999237060547,TRUE,FALSE,FALSE
Thailand,1999,12,3.490000009536743,TRUE,FALSE,FALSE
Thailand,2000,11,3.4600000381469727,FALSE,FALSE,FALSE
Thailand,2001,11,3.430000066757202,FALSE,FALSE,FALSE
Thailand,2002,11,3.440000057220459,FALSE,FALSE,FALSE
Thailand,2003,11,3.440000057220459,FALSE,FALSE,FALSE
Thailand,2004,11,3.440000057220459,FALSE,FALSE,FALSE
Thailand,2005,11,3.430000066757202,FALSE,FALSE,FALSE
Thailand,2006,11,3.4200000762939453,FALSE,FALSE,FALSE
Thailand,2007,11,3.4000000953674316,FALSE,FALSE,FALSE
Thailand,2008,11,3.390000104904175,FALSE,FALSE,FALSE
Thailand,2009,11,3.369999885559082,FALSE,FALSE,FALSE
Thailand,2010,11,3.369999885559082,FALSE,FALSE,FALSE
Thailand,2011,11,3.369999885559082,FALSE,FALSE,FALSE
Thailand,2012,11,3.380000114440918,FALSE,FALSE,FALSE
Thailand,2013,11,3.380000114440918,FALSE,FALSE,FALSE
Thailand,2014,11,3.369999885559082,FALSE,FALSE,FALSE
Thailand,2015,11,3.359999895095825,FALSE,FALSE,FALSE
Thailand,2016,11,3.359999895095825,FALSE,FALSE,FALSE
Thailand,2017,11,3.4800000190734863,FALSE,FALSE,FALSE
Thailand,2018,11,3.490000009536743,FALSE,FALSE,FALSE
Thailand,2019,11,3.490000009536743,FALSE,FALSE,FALSE
Trinidad and Tobago,1973,2,3.369999885559082,FALSE,TRUE,FALSE
Trinidad and Tobago,1974,2,3.450000047683716,FALSE,TRUE,FALSE
Trinidad and Tobago,1975,2,3.6600000858306885,FALSE,TRUE,FALSE
Trinidad and Tobago,1976,2,1.8600000143051147,FALSE,FALSE,FALSE
Trinidad and Tobago,1977,2,1.9500000476837158,FALSE,FALSE,FALSE
Trinidad and Tobago,1978,2,2.0799999237060547,FALSE,FALSE,FALSE
Trinidad and Tobago,1979,2,1.9700000286102295,FALSE,FALSE,FALSE
Trinidad and Tobago,1980,2,2.0299999713897705,FALSE,FALSE,FALSE
Trinidad and Tobago,1981,2,1.940000057220459,FALSE,FALSE,FALSE
Trinidad and Tobago,1982,2,1.8899999856948853,FALSE,FALSE,FALSE
Trinidad and Tobago,1983,2,1.9199999570846558,FALSE,FALSE,FALSE
Trinidad and Tobago,1984,2,2.2200000286102295,FALSE,FALSE,FALSE
Trinidad and Tobago,1985,2,2.2200000286102295,FALSE,FALSE,FALSE
Trinidad and Tobago,1986,2,2.2799999713897705,FALSE,FALSE,FALSE
Trinidad and Tobago,1987,2,2.299999952316284,FALSE,FALSE,FALSE
Trinidad and Tobago,1988,2,2.25,FALSE,FALSE,FALSE
Trinidad and Tobago,1989,2,2.2300000190734863,FALSE,FALSE,FALSE
Trinidad and Tobago,1990,2,2.109999895095825,FALSE,FALSE,FALSE
Trinidad and Tobago,1991,2,2.0899999141693115,FALSE,FALSE,FALSE
Trinidad and Tobago,1992,2,2.0799999237060547,FALSE,FALSE,FALSE
Trinidad and Tobago,1993,4,2.069999933242798,FALSE,FALSE,FALSE
Trinidad and Tobago,1994,4,2.069999933242798,FALSE,FALSE,FALSE
Trinidad and Tobago,1995,4,2.0299999713897705,FALSE,FALSE,FALSE
Trinidad and Tobago,1996,4,2.0199999809265137,FALSE,FALSE,FALSE
Trinidad and Tobago,1997,4,2.049999952316284,FALSE,FALSE,FALSE
Trinidad and Tobago,1998,4,2.009999990463257,FALSE,FALSE,FALSE
Trinidad and Tobago,1999,4,2.0199999809265137,FALSE,FALSE,FALSE
Trinidad and Tobago,2000,4,2.0199999809265137,FALSE,FALSE,FALSE
Trinidad and Tobago,2001,4,2.0899999141693115,FALSE,FALSE,FALSE
Trinidad and Tobago,2002,4,2.2699999809265137,FALSE,FALSE,FALSE
Trinidad and Tobago,2003,4,2.4000000953674316,FALSE,FALSE,FALSE
Trinidad and Tobago,2004,4,2.490000009536743,FALSE,FALSE,FALSE
Trinidad and Tobago,2005,4,2.5799999237060547,FALSE,FALSE,FALSE
Trinidad and Tobago,2006,4,2.5999999046325684,FALSE,FALSE,FALSE
Trinidad and Tobago,2007,4,2.5999999046325684,FALSE,FALSE,FALSE
Trinidad and Tobago,2008,4,2.6600000858306885,FALSE,FALSE,FALSE
Trinidad and Tobago,2009,4,2.5799999237060547,FALSE,FALSE,FALSE
Trinidad and Tobago,2010,4,2.559999942779541,FALSE,FALSE,FALSE
Trinidad and Tobago,2011,4,2.5299999713897705,FALSE,FALSE,FALSE
Trinidad and Tobago,2012,4,2.490000009536743,FALSE,FALSE,FALSE
Trinidad and Tobago,2013,4,2.4700000286102295,FALSE,FALSE,FALSE
Trinidad and Tobago,2014,4,2.5299999713897705,FALSE,FALSE,FALSE
Trinidad and Tobago,2015,4,2.5999999046325684,FALSE,FALSE,FALSE
Trinidad and Tobago,2016,4,2.630000114440918,FALSE,FALSE,FALSE
Trinidad and Tobago,2017,4,2.6700000762939453,FALSE,FALSE,FALSE
Trinidad and Tobago,2018,4,2.5799999237060547,FALSE,FALSE,FALSE
Trinidad and Tobago,2019,4,2.549999952316284,FALSE,FALSE,FALSE
Tunisia,1973,2,2.5399999618530273,FALSE,TRUE,FALSE
Tunisia,1974,8,2.7799999713897705,FALSE,TRUE,FALSE
Tunisia,1975,8,2.8399999141693115,FALSE,TRUE,FALSE
Tunisia,1976,8,2.8399999141693115,FALSE,TRUE,FALSE
Tunisia,1977,8,2.8299999237060547,FALSE,TRUE,FALSE
Tunisia,1978,8,2.799999952316284,FALSE,TRUE,FALSE
Tunisia,1979,8,2.799999952316284,FALSE,TRUE,FALSE
Tunisia,1980,8,2.880000114440918,FALSE,TRUE,FALSE
Tunisia,1981,8,2.9000000953674316,FALSE,TRUE,FALSE
Tunisia,1982,8,2.9800000190734863,FALSE,TRUE,FALSE
Tunisia,1983,8,2.630000114440918,FALSE,TRUE,FALSE
Tunisia,1984,8,2.5999999046325684,FALSE,TRUE,FALSE
Tunisia,1985,8,2.4700000286102295,FALSE,TRUE,FALSE
Tunisia,1986,8,2.4700000286102295,FALSE,TRUE,FALSE
Tunisia,1987,8,2.490000009536743,FALSE,TRUE,FALSE
Tunisia,1988,8,2.450000047683716,FALSE,TRUE,FALSE
Tunisia,1989,8,2.4700000286102295,FALSE,TRUE,FALSE
Tunisia,1990,8,2.4700000286102295,FALSE,TRUE,FALSE
Tunisia,1991,8,2.4800000190734863,FALSE,TRUE,FALSE
Tunisia,1992,8,2.4600000381469727,FALSE,TRUE,FALSE
Tunisia,1993,8,2.440000057220459,FALSE,TRUE,FALSE
Tunisia,1994,8,2.4000000953674316,FALSE,TRUE,FALSE
Tunisia,1995,8,2.4100000858306885,FALSE,TRUE,FALSE
Tunisia,1996,8,2.4200000762939453,FALSE,TRUE,FALSE
Tunisia,1997,8,2.440000057220459,FALSE,TRUE,FALSE
Tunisia,1998,8,2.440000057220459,FALSE,TRUE,FALSE
Turkey,1973,10,3.5,FALSE,FALSE,FALSE
Turkey,1974,10,3.5199999809265137,FALSE,FALSE,FALSE
Turkey,1975,10,3.490000009536743,FALSE,FALSE,FALSE
Turkey,1976,10,3.4800000190734863,FALSE,FALSE,FALSE
Turkey,1981,12,3.4100000858306885,TRUE,FALSE,FALSE
Turkey,1982,12,3.430000066757202,TRUE,FALSE,FALSE
Turkey,1983,12,3.440000057220459,TRUE,FALSE,FALSE
Turkey,1998,10,3.369999885559082,FALSE,TRUE,FALSE
Turkey,1999,10,3.369999885559082,FALSE,FALSE,FALSE
Turkey,2000,10,3.390000104904175,FALSE,FALSE,FALSE
Turkey,2003,13,4,TRUE,TRUE,TRUE
Turkey,2004,13,4,TRUE,TRUE,TRUE
Turkey,2005,13,4,TRUE,TRUE,TRUE
Turkey,2006,13,4,TRUE,TRUE,TRUE
Turkey,2007,13,4,TRUE,TRUE,TRUE
Turkey,2008,13,4,TRUE,TRUE,TRUE
Turkey,2009,12,3.569999933242798,TRUE,FALSE,FALSE
Turkey,2010,12,3.559999942779541,TRUE,FALSE,FALSE
Turkey,2011,12,3.559999942779541,TRUE,FALSE,FALSE
Turkey,2012,12,3.569999933242798,TRUE,FALSE,FALSE
Turkey,2013,12,3.5399999618530273,TRUE,FALSE,FALSE
Turkey,2014,12,3.549999952316284,TRUE,FALSE,FALSE
Turkey,2015,12,3.549999952316284,TRUE,FALSE,FALSE
Turkey,2016,12,3.559999942779541,TRUE,FALSE,FALSE
Turkey,2017,12,3.640000104904175,TRUE,FALSE,FALSE
Turkey,2018,12,3.680000066757202,TRUE,FALSE,FALSE
Uganda,1973,12,3.450000047683716,TRUE,FALSE,FALSE
Uganda,1974,12,3.450000047683716,TRUE,FALSE,FALSE
Uganda,1975,12,3.4000000953674316,TRUE,FALSE,FALSE
Uganda,1987,2,3.4800000190734863,FALSE,FALSE,FALSE
Uganda,1988,2,3.450000047683716,FALSE,FALSE,FALSE
Uganda,1989,2,3.359999895095825,FALSE,FALSE,FALSE
Uganda,1993,10,3.700000047683716,FALSE,FALSE,FALSE
Uganda,1994,10,3.5,FALSE,FALSE,FALSE
Uganda,1995,10,3.4100000858306885,FALSE,FALSE,FALSE
Uganda,1996,10,3.380000114440918,FALSE,FALSE,FALSE
Uganda,1997,10,3.359999895095825,FALSE,FALSE,FALSE
Uganda,1998,10,3.369999885559082,FALSE,FALSE,FALSE
Uganda,1999,10,3.3499999046325684,FALSE,FALSE,FALSE
Uganda,2000,10,3.4100000858306885,FALSE,FALSE,FALSE
Uganda,2001,10,3.4000000953674316,FALSE,FALSE,FALSE
Uganda,2002,10,3.4000000953674316,FALSE,FALSE,FALSE
Uganda,2003,10,3.4200000762939453,FALSE,FALSE,FALSE
Uganda,2004,10,3.4100000858306885,FALSE,FALSE,FALSE
Uganda,2005,10,3.4100000858306885,FALSE,FALSE,FALSE
Uganda,2006,10,3.380000114440918,FALSE,FALSE,FALSE
Uganda,2007,10,3.380000114440918,FALSE,FALSE,FALSE
Uganda,2008,10,3.369999885559082,FALSE,FALSE,FALSE
Uganda,2009,10,3.359999895095825,FALSE,FALSE,FALSE
Uganda,2010,10,3.3499999046325684,FALSE,FALSE,FALSE
Uganda,2011,10,3.3299999237060547,FALSE,FALSE,FALSE
Uganda,2012,10,3.2899999618530273,FALSE,FALSE,FALSE
Uganda,2013,10,3.259999990463257,FALSE,FALSE,FALSE
Uganda,2014,10,3.240000009536743,FALSE,FALSE,FALSE
Uganda,2015,10,3.2300000190734863,FALSE,FALSE,FALSE
Uganda,2016,8,2.7799999713897705,FALSE,FALSE,FALSE
Uganda,2017,8,2.869999885559082,FALSE,FALSE,FALSE
Uganda,2018,8,2.8299999237060547,FALSE,FALSE,FALSE
Uganda,2019,8,2.7699999809265137,FALSE,FALSE,FALSE
United Kingdom,1973,12,3.4200000762939453,TRUE,TRUE,TRUE
United Kingdom,1974,12,3.4200000762939453,TRUE,TRUE,TRUE
United Kingdom,1975,12,3.430000066757202,TRUE,TRUE,TRUE
United Kingdom,1976,12,3.4600000381469727,TRUE,TRUE,TRUE
United Kingdom,1977,12,3.4600000381469727,TRUE,TRUE,TRUE
United Kingdom,1978,12,3.440000057220459,TRUE,TRUE,TRUE
United Kingdom,1979,12,3.5299999713897705,TRUE,TRUE,TRUE
United Kingdom,1980,12,3.509999990463257,TRUE,TRUE,TRUE
United Kingdom,1981,12,3.5,TRUE,TRUE,TRUE
United Kingdom,1982,12,3.4600000381469727,TRUE,TRUE,TRUE
United Kingdom,1983,12,3.4100000858306885,TRUE,TRUE,TRUE
United Kingdom,1984,12,3.380000114440918,TRUE,TRUE,TRUE
United Kingdom,1985,12,3.369999885559082,TRUE,TRUE,TRUE
United Kingdom,1986,12,3.3499999046325684,TRUE,TRUE,TRUE
United Kingdom,1987,12,3.3299999237060547,TRUE,TRUE,TRUE
United Kingdom,1988,12,3.319999933242798,TRUE,TRUE,TRUE
United Kingdom,1989,12,3.319999933242798,TRUE,TRUE,TRUE
United Kingdom,1990,12,3.319999933242798,TRUE,TRUE,TRUE
United Kingdom,1991,9,3.3299999237060547,FALSE,TRUE,FALSE
United Kingdom,1992,9,3.3299999237060547,FALSE,TRUE,FALSE
United Kingdom,1993,12,3.3399999141693115,TRUE,TRUE,TRUE
United Kingdom,1994,12,3.359999895095825,TRUE,TRUE,TRUE
United Kingdom,1995,12,3.380000114440918,TRUE,TRUE,TRUE
United Kingdom,1996,12,3.390000104904175,TRUE,TRUE,TRUE
United Kingdom,1997,12,3.390000104904175,TRUE,TRUE,TRUE
United Kingdom,1998,12,3.4000000953674316,TRUE,TRUE,TRUE
United Kingdom,1999,12,3.4100000858306885,TRUE,FALSE,FALSE
United Kingdom,2000,12,3.4200000762939453,TRUE,FALSE,FALSE
United Kingdom,2001,11,3.430000066757202,FALSE,FALSE,FALSE
United Kingdom,2002,11,3.4100000858306885,FALSE,FALSE,FALSE
United Kingdom,2003,11,3.4100000858306885,FALSE,FALSE,FALSE
United Kingdom,2004,11,3.390000104904175,FALSE,FALSE,FALSE
United Kingdom,2005,11,3.380000114440918,FALSE,FALSE,FALSE
United Kingdom,2006,11,3.369999885559082,FALSE,FALSE,FALSE
United Kingdom,2007,11,3.369999885559082,FALSE,FALSE,FALSE
United Kingdom,2008,11,3.369999885559082,FALSE,FALSE,FALSE
United Kingdom,2009,13,4,TRUE,TRUE,TRUE
United Kingdom,2010,13,4,TRUE,TRUE,TRUE
United Kingdom,2011,13,4,TRUE,TRUE,TRUE
United Kingdom,2012,13,4,TRUE,TRUE,TRUE
United Kingdom,2013,13,4,TRUE,TRUE,TRUE
United Kingdom,2014,13,4,TRUE,TRUE,TRUE
United Kingdom,2015,13,4,TRUE,TRUE,TRUE
United Kingdom,2016,13,4,TRUE,TRUE,TRUE
United Kingdom,2017,13,4,TRUE,TRUE,TRUE
United Kingdom,2018,13,4,TRUE,TRUE,TRUE
United Kingdom,2019,13,4,TRUE,TRUE,TRUE
United States,1973,13,2.440000057220459,TRUE,FALSE,FALSE
United States,1974,13,2.4200000762939453,TRUE,FALSE,FALSE
United States,1975,13,2.430000066757202,TRUE,FALSE,FALSE
United States,1976,13,2.380000114440918,TRUE,FALSE,FALSE
United States,1977,13,2.359999895095825,TRUE,FALSE,FALSE
United States,1978,13,2.619999885559082,TRUE,FALSE,FALSE
United States,1979,13,2.609999895095825,TRUE,FALSE,FALSE
United States,1980,13,2.6500000953674316,TRUE,FALSE,FALSE
United States,1981,13,2.7200000286102295,TRUE,FALSE,FALSE
United States,1982,13,2.7799999713897705,TRUE,FALSE,FALSE
United States,1983,13,2.9000000953674316,TRUE,FALSE,FALSE
United States,1984,13,2.940000057220459,TRUE,FALSE,FALSE
United States,1985,13,2.9800000190734863,TRUE,FALSE,FALSE
United States,1986,13,3.0299999713897705,TRUE,FALSE,FALSE
United States,1987,13,3.0899999141693115,TRUE,FALSE,FALSE
United States,1988,13,3.119999885559082,TRUE,FALSE,FALSE
United States,1989,13,3.059999942779541,TRUE,FALSE,FALSE
United States,1990,13,3.009999990463257,TRUE,FALSE,FALSE
United States,1991,13,2.9800000190734863,TRUE,FALSE,FALSE
United States,1992,13,2.880000114440918,TRUE,FALSE,FALSE
United States,1993,13,2.809999942779541,TRUE,FALSE,FALSE
United States,1994,13,2.859999895095825,TRUE,FALSE,FALSE
United States,1995,13,2.8399999141693115,TRUE,FALSE,FALSE
United States,1996,13,2.809999942779541,TRUE,FALSE,FALSE
United States,1997,13,2.799999952316284,TRUE,FALSE,FALSE
United States,1998,13,2.9100000858306885,TRUE,FALSE,FALSE
United States,1999,13,2.8399999141693115,TRUE,FALSE,FALSE
United States,2000,13,2.8299999237060547,TRUE,FALSE,FALSE
United States,2001,13,2.809999942779541,TRUE,FALSE,FALSE
United States,2002,13,3.200000047683716,TRUE,FALSE,FALSE
United States,2003,13,3.180000066757202,TRUE,FALSE,FALSE
United States,2004,13,3.1500000953674316,TRUE,FALSE,FALSE
United States,2005,13,3.119999885559082,TRUE,FALSE,FALSE
United States,2006,13,3.069999933242798,TRUE,FALSE,FALSE
United States,2007,13,3.009999990463257,TRUE,FALSE,FALSE
United States,2008,13,2.9600000381469727,TRUE,FALSE,FALSE
United States,2009,13,2.9100000858306885,TRUE,FALSE,FALSE
United States,2010,13,2.880000114440918,TRUE,FALSE,FALSE
United States,2011,13,2.859999895095825,TRUE,FALSE,FALSE
United States,2012,13,2.859999895095825,TRUE,FALSE,FALSE
United States,2013,13,2.8499999046325684,TRUE,FALSE,FALSE
United States,2014,13,2.8499999046325684,TRUE,FALSE,FALSE
United States,2015,13,2.859999895095825,TRUE,FALSE,FALSE
United States,2016,13,2.990000009536743,TRUE,FALSE,FALSE
United States,2017,13,3.5799999237060547,TRUE,FALSE,FALSE
United States,2018,13,3.5899999141693115,TRUE,FALSE,FALSE
United States,2019,13,3.5899999141693115,TRUE,FALSE,FALSE
Uruguay,1979,5,2.700000047683716,FALSE,FALSE,FALSE
Uruguay,1980,5,2.6700000762939453,FALSE,FALSE,FALSE
Uruguay,1981,5,2.859999895095825,FALSE,FALSE,FALSE
Uruguay,1982,5,3.059999942779541,FALSE,FALSE,FALSE
Uruguay,1991,6,2.819999933242798,FALSE,FALSE,FALSE
Uruguay,1996,8,2.569999933242798,FALSE,FALSE,FALSE
Uruguay,1997,8,2.569999933242798,FALSE,FALSE,FALSE
Uruguay,1998,8,2.5899999141693115,FALSE,FALSE,FALSE
Uruguay,1999,8,2.759999990463257,FALSE,FALSE,FALSE
Uruguay,2000,8,2.809999942779541,FALSE,FALSE,FALSE
Uruguay,2001,8,2.7899999618530273,FALSE,FALSE,FALSE
Uruguay,2002,10,3.359999895095825,FALSE,FALSE,FALSE
Uruguay,2003,10,3.4600000381469727,FALSE,FALSE,FALSE
Uruguay,2004,10,3.4700000286102295,FALSE,FALSE,FALSE
Uruguay,2005,10,3.440000057220459,FALSE,FALSE,FALSE
Uruguay,2006,10,3.430000066757202,FALSE,FALSE,FALSE
Uruguay,2007,10,3.440000057220459,FALSE,FALSE,FALSE
Uruguay,2008,10,3.440000057220459,FALSE,FALSE,FALSE
Uruguay,2009,12,3.1600000858306885,TRUE,FALSE,FALSE
Uruguay,2010,12,3.1600000858306885,TRUE,FALSE,FALSE
Uruguay,2011,12,3.1700000762939453,TRUE,FALSE,FALSE
Uruguay,2012,12,3.180000066757202,TRUE,FALSE,FALSE
Uruguay,2013,10,3.180000066757202,FALSE,FALSE,FALSE
Uruguay,2014,10,3.180000066757202,FALSE,FALSE,FALSE
Uruguay,2015,10,3.180000066757202,FALSE,FALSE,FALSE
Uruguay,2016,10,3.259999990463257,FALSE,FALSE,FALSE
Uruguay,2017,10,3.3399999141693115,FALSE,FALSE,FALSE
Uruguay,2018,10,3.3399999141693115,FALSE,FALSE,FALSE
Uruguay,2019,10,3.3399999141693115,FALSE,FALSE,FALSE
Zambia,1973,12,3.390000104904175,TRUE,FALSE,FALSE
Zambia,1974,12,3.4000000953674316,TRUE,FALSE,FALSE
Zambia,1975,12,3.4100000858306885,TRUE,FALSE,FALSE
Zambia,2002,10,3.8399999141693115,FALSE,FALSE,FALSE
Zambia,2003,10,3.8399999141693115,FALSE,FALSE,FALSE
Zambia,2004,10,3.809999942779541,FALSE,FALSE,FALSE
Zambia,2005,10,3.799999952316284,FALSE,FALSE,FALSE
Zambia,2006,10,3.7899999618530273,FALSE,FALSE,FALSE
Zambia,2007,10,3.7699999809265137,FALSE,FALSE,FALSE
Zambia,2008,10,3.740000009536743,FALSE,FALSE,FALSE
Zambia,2009,10,3.680000066757202,FALSE,FALSE,FALSE
Zambia,2010,10,3.5999999046325684,FALSE,FALSE,FALSE
Zambia,2011,10,3.5299999713897705,FALSE,FALSE,FALSE
Zambia,2012,10,3.509999990463257,FALSE,FALSE,FALSE
Zambia,2013,10,3.490000009536743,FALSE,FALSE,FALSE
Zambia,2014,10,3.5,FALSE,FALSE,FALSE
Zambia,2015,10,3.490000009536743,FALSE,FALSE,FALSE
Zimbabwe,1984,12,3.490000009536743,TRUE,FALSE,FALSE
Zimbabwe,1985,12,3.5,TRUE,FALSE,FALSE
Zimbabwe,1986,12,3.7300000190734863,TRUE,FALSE,FALSE
Zimbabwe,1987,12,3.740000009536743,TRUE,FALSE,FALSE
Zimbabwe,1988,12,3.740000009536743,TRUE,FALSE,FALSE
Zimbabwe,1989,12,3.7699999809265137,TRUE,FALSE,FALSE
Zimbabwe,1990,12,3.7799999713897705,TRUE,FALSE,FALSE
Zimbabwe,1995,12,3.4200000762939453,TRUE,FALSE,FALSE
Zimbabwe,1996,12,3.4200000762939453,TRUE,FALSE,FALSE
Zimbabwe,1997,12,3.390000104904175,TRUE,FALSE,FALSE
Zimbabwe,2009,1,3.3299999237060547,FALSE,FALSE,FALSE
Zimbabwe,2010,1,3.319999933242798,FALSE,FALSE,FALSE
Zimbabwe,2011,1,3.369999885559082,FALSE,FALSE,FALSE
Zimbabwe,2012,1,3.4100000858306885,FALSE,FALSE,FALSE
Zimbabwe,2013,1,3.430000066757202,FALSE,FALSE,FALSE
Zimbabwe,2014,1,3.430000066757202,FALSE,FALSE,FALSE
Zimbabwe,2015,1,3.4200000762939453,FALSE,FALSE,FALSE
Zimbabwe,2016,1,3.5399999618530273,FALSE,FALSE,FALSE
Zimbabwe,2017,1,3.6500000953674316,FALSE,FALSE,FALSE
