spec,dv,country,income_group,variable,sum_beta,sum_phi,longrun_multiplier,se,t_stat,p_value,ci_lo,ci_hi
Baseline (p=3),p90p100,Algeria,Lower middle income,public_debt,-7.446982703215323e-4,0.835155760690151,-0.004517587471902868,0.03345460837336499,-0.1350363280742979,0.8935160667629549,-0.07293994418304989,0.06390476923924415
Baseline (p=3),p90p100,Algeria,Lower middle income,growth,0.0018178883811145758,0.835155760690151,0.011027915738672473,0.4858297800538448,0.022699134946915445,0.9820457357986478,-0.9826055514582626,1.0046613829356075
Baseline (p=3),p90p100,Algeria,Lower middle income,life_exp,1.6187450415553424e-4,0.835155760690151,9.819845985110057e-4,0.0014294128130355659,0.6869846062353525,0.4975497519009312,-0.0019414928575536255,0.0039054620545756367
Baseline (p=3),p90p100,Algeria,Lower middle income,gdp_x_debt,-0.009047017820171812,0.835155760690151,-0.05488222007665435,0.88379157335551,-0.06209860076882367,0.9509103383570787,-1.862438943370443,1.7526745032171342
Baseline (p=3),p90p100,Argentina,Upper middle income,public_debt,0.0011649051025152614,0.8606456194658172,0.008359300210369182,0.06011962517981237,0.13904444988416462,0.8902353646884651,-0.11381847796354377,0.13053707838428213
Baseline (p=3),p90p100,Argentina,Upper middle income,growth,0.04737589045647322,0.8606456194658172,0.3399669983452884,0.34739405913610605,0.9786206453579339,0.3346797911313355,-0.366022670903658,1.0459566675942347
Baseline (p=3),p90p100,Argentina,Upper middle income,life_exp,-0.0020568562633111274,0.8606456194658172,-0.014759896713878992,0.005933015301915396,-2.487756387399499,0.01791921335606795,-0.026817234484894564,-0.0027025589428634218
Baseline (p=3),p90p100,Argentina,Upper middle income,gdp_x_debt,-0.15928966547158335,0.8606456194658172,-1.1430545983627012,0.7778453184392002,-1.4695140168180458,0.15088669243583647,-2.7238264758592585,0.43771727913385594
Baseline (p=3),p90p100,Australia,High income,public_debt,-0.022020499366091385,0.653516463893347,-0.06355424449175888,0.062348578219856295,-1.0193375102741093,0.31503739796034014,-0.1901285874510258,0.06302009846750802
Baseline (p=3),p90p100,Australia,High income,growth,0.03264028842109495,0.653516463893347,0.09420444269261835,0.3717742349460794,0.25339153130469455,0.8014482078270249,-0.660537379190623,0.8489462645758596
Baseline (p=3),p90p100,Australia,High income,life_exp,0.004110008639102718,0.653516463893347,0.011862060417894124,0.001439408391387011,8.240927653939732,1.0331663620323248e-9,0.008939906030549281,0.014784214805238968
Baseline (p=3),p90p100,Australia,High income,gdp_x_debt,-0.08063217898392842,0.653516463893347,-0.23271575870522346,1.3354139713033366,-0.1742648824305003,0.8626614003864723,-2.943750249344402,2.4783187319339555
Baseline (p=3),p90p100,Austria,High income,public_debt,-0.019041149577202796,0.1312779353475422,-0.021918574826138928,0.016396438142096962,-1.3367887974318142,0.19016818422749363,-0.0552401462127831,0.011402996560505241
Baseline (p=3),p90p100,Austria,High income,growth,-0.0075830368269303615,0.1312779353475422,-0.008728956170767969,0.16758796796041034,-0.052085816643054166,0.9587651370243586,-0.3493086838860256,0.33185077154448966
Baseline (p=3),p90p100,Austria,High income,life_exp,0.001500602152542229,0.1312779353475422,0.0017273673751369053,7.806253958721097e-4,2.2127993584004546,0.03372770056502394,1.4094570054184e-4,0.0033137890497319704
Baseline (p=3),p90p100,Austria,High income,gdp_x_debt,-3.8814157161998425e-4,0.1312779353475422,-4.4679603225602967e-4,0.2503778936164864,-0.0017844867444264255,0.9985866156811258,-0.5092758955888964,0.5083823035243843
Baseline (p=3),p90p100,Bahamas,High income,public_debt,-0.04270016858270929,0.5286751074516491,-0.09059603950013927,0.012409886293092219,-7.300311812733387,1.5716907867058558e-8,-0.11578944805243103,-0.0654026309478475
Baseline (p=3),p90p100,Bahamas,High income,growth,0.013065861058689654,0.5286751074516491,0.027721559512898616,0.02820167050743832,0.9829757959049599,0.3323659110087779,-0.029530875374155777,0.08497399439995301
Baseline (p=3),p90p100,Bahamas,High income,life_exp,0.0011932364443842933,0.5286751074516491,0.002531664385330306,9.387285349848328e-4,2.696907882289112,0.010690575847574385,6.25944143982768e-4,0.004437384626677844
Baseline (p=3),p90p100,Bahamas,High income,gdp_x_debt,-0.0861250598003414,0.5286751074516491,-0.18272970760080587,0.13579122964570622,-1.3456664916988168,0.18706321792868696,-0.458400559491417,0.09294114428980527
Baseline (p=3),p90p100,Bahrain,High income,public_debt,-0.004668560765972333,0.7860399640252334,-0.021819779309267453,0.06726955291275954,-0.32436337636382184,0.7480737571526574,-0.1596152119211372,0.11597565330260229
Baseline (p=3),p90p100,Bahrain,High income,growth,-0.027551205072621723,0.7860399640252334,-0.1287679960750753,0.11689372101311939,-1.101581804044233,0.28002310779991607,-0.3682139290293699,0.11067793687921929
Baseline (p=3),p90p100,Bahrain,High income,life_exp,-0.0010942322701518853,0.7860399640252334,-0.00511418997088285,0.0033365663130012113,-1.5327703666355972,0.1365547507917314,-0.011948836235507958,0.0017204562937422592
Baseline (p=3),p90p100,Bahrain,High income,gdp_x_debt,0.2367537997252626,0.7860399640252334,1.1065328094877687,0.6670505540456835,1.658844000318433,0.1083092518578159,-0.2598583093578841,2.4729239283334215
Baseline (p=3),p90p100,Bangladesh,Low income,public_debt,0.08262005238070258,0.730775762939966,0.30688192594739994,0.07252987365848756,4.231110719872158,1.9141534709527639e-4,0.1589562733554819,0.45480757853931797
Baseline (p=3),p90p100,Bangladesh,Low income,growth,-0.03168841477231959,0.730775762939966,-0.11770268204067166,0.38665545877056257,-0.3044123117126745,0.7628479989328877,-0.9062916893258061,0.6708863252444627
Baseline (p=3),p90p100,Bangladesh,Low income,life_exp,4.74727988312584e-4,0.730775762939966,0.0017633181674008237,4.6350447059166037e-4,3.804317496981118,6.273332007603702e-4,8.179945671642839e-4,0.0027086417676373637
Baseline (p=3),p90p100,Bangladesh,Low income,gdp_x_debt,0.03598964832649039,0.730775762939966,0.13367908000966905,1.261308820509597,0.10598441700872249,0.9162775804238044,-2.4387772194780477,2.7061353794973857
Baseline (p=3),p90p100,Belgium,High income,public_debt,-0.0022041723044375072,0.49217786508853784,-0.004340441569806327,0.013243631757242228,-0.3277380139652987,0.745119401977677,-0.03125473949188761,0.02257385635227496
Baseline (p=3),p90p100,Belgium,High income,growth,-0.22389544586203355,0.49217786508853784,-0.4408934358504662,0.3022324807188677,-1.4587890580184826,0.15380040871127007,-1.0551037353288584,0.17331686362792592
Baseline (p=3),p90p100,Belgium,High income,life_exp,-3.4519462548317524e-4,0.49217786508853784,-6.797549806358071e-4,6.774318261869833e-4,-1.0034293553373481,0.32274201698332716,-0.002056462089841379,6.969521285697648e-4
Baseline (p=3),p90p100,Belgium,High income,gdp_x_debt,0.2281067041808027,0.49217786508853784,0.4491862179669908,0.28245176972322583,1.5903112181139736,0.12102131687166005,-0.12482484020010748,1.023197276134089
Baseline (p=3),p90p100,Belize,Lower middle income,public_debt,9.866580261310223e-4,0.6640917355225746,0.0029372841649668024,0.01749369953210268,0.16790525980948706,0.8676525967037727,-0.03261419065680281,0.03848875898673641
Baseline (p=3),p90p100,Belize,Lower middle income,growth,0.003474067022863728,0.6640917355225746,0.010342308868965627,0.09142750561570392,0.11312032193503477,0.9106004579256024,-0.17546073741916357,0.1961453551570948
Baseline (p=3),p90p100,Belize,Lower middle income,life_exp,-0.0019692589476326024,0.6640917355225746,-0.005862490316206393,0.0013278174575379648,-4.415132729973746,9.709615620484502e-5,-0.008560940053664135,-0.0031640405787486513
Baseline (p=3),p90p100,Belize,Lower middle income,gdp_x_debt,0.004704532797680383,0.6640917355225746,0.014005409497736694,0.17673326116935495,0.07924603102477686,0.937301521605773,-0.34515979012749926,0.3731706091229727
Baseline (p=3),p90p100,Bolivia,Lower middle income,public_debt,-7.424226535296893e-4,0.9108066339697676,-0.008323742970727693,0.04008746447497967,-0.20763954716873906,0.836713893730084,-0.08970562242483787,0.0730581364833825
Baseline (p=3),p90p100,Bolivia,Lower middle income,growth,-0.030506463931909977,0.9108066339697676,-0.34202615384612456,0.4974650505592192,-0.6875380561139723,0.496274956080044,-1.3519338970138528,0.6678815893216038
Baseline (p=3),p90p100,Bolivia,Lower middle income,life_exp,-1.7106612090702047e-4,0.9108066339697676,-0.0019179242641099224,0.0025838200471614272,-0.7422824457984004,0.46286896476348305,-0.00716335782702451,0.003327509298804665
Baseline (p=3),p90p100,Bolivia,Lower middle income,gdp_x_debt,0.03857364099197008,0.9108066339697676,0.4324720851873154,0.5860309852051266,0.7379679506808646,0.4654534088690405,-0.7572340640779713,1.6221782344526021
Baseline (p=3),p90p100,Brazil,Upper middle income,public_debt,-0.0022985694569102586,0.5310297129229976,-0.004901311490834058,0.01673113676894849,-0.2929455158080148,0.7712936520706409,-0.038867324894117206,0.029064701912449087
Baseline (p=3),p90p100,Brazil,Upper middle income,growth,0.0031959719913057134,0.5310297129229976,0.006814870961709674,0.13207858727908145,0.05159709156571976,0.9591430977285345,-0.2613189162256584,0.27494865814907776
Baseline (p=3),p90p100,Brazil,Upper middle income,life_exp,-1.9966752882760586e-4,0.5310297129229976,-4.257573119868499e-4,5.403276596977556e-4,-0.7879613496466326,0.43602363968807645,-0.0015226807777922165,6.711661538185167e-4
Baseline (p=3),p90p100,Brazil,Upper middle income,gdp_x_debt,-2.6064660632067434e-4,0.5310297129229976,-5.557849047222849e-4,0.2430456673450278,-0.002286750925427081,0.9981884227677081,-0.4939647211087586,0.492853151299314
Baseline (p=3),p90p100,Burkina Faso,Low income,public_debt,-0.004416395184193754,0.6854770803379686,-0.014041568700110515,0.06450078507091253,-0.21769608981771515,0.8291398455554471,-0.14576974546024124,0.11768660806002022
Baseline (p=3),p90p100,Burkina Faso,Low income,growth,-0.06479103162560934,0.6854770803379686,-0.20599780675834414,0.24405131400030547,-0.8440757944785592,0.4053078066395508,-0.7044170832652926,0.2924214697486044
Baseline (p=3),p90p100,Burkina Faso,Low income,life_exp,-0.0027034720389155845,0.6854770803379686,-0.00859546910546482,9.892213745985787e-4,-8.68912593902737,1.084286076030215e-9,-0.010615728671991946,-0.006575209538937694
Baseline (p=3),p90p100,Burkina Faso,Low income,gdp_x_debt,0.28908114614965075,0.6854770803379686,0.9191099537683329,0.6799665295704443,1.3516988172181987,0.1865761763021323,-0.4695669607801267,2.307786868316793
Baseline (p=3),p90p100,Canada,High income,public_debt,0.01324956522343533,0.9868231416094296,1.0055177668841757,3.872560559335613,0.25965191543878274,0.7966981356532252,-6.864472166825976,8.875507700594328
Baseline (p=3),p90p100,Canada,High income,growth,0.01699730090464358,0.9868231416094296,1.2899357647196998,13.544421948268088,0.09523741726642256,0.9246853549645211,-26.23564137153052,28.81551290096992
Baseline (p=3),p90p100,Canada,High income,life_exp,-0.0012889588554568028,0.9868231416094296,-0.09781989130119274,0.41002499228613315,-0.23857055823789833,0.8128707031182256,-0.9310909305577267,0.7354511479553413
Baseline (p=3),p90p100,Canada,High income,gdp_x_debt,0.0421343171085732,0.9868231416094296,3.197599599212919,18.623501756774676,0.17169701170993407,0.86469359960427,-34.6499095902613,41.045108788687145
Baseline (p=3),p90p100,Chile,Upper middle income,public_debt,-0.0012315798310329827,0.955097161244182,-0.027427660815173026,0.16314301680062723,-0.16812034834866174,0.8674563456645511,-0.3586255926608052,0.30377027103045917
Baseline (p=3),p90p100,Chile,Upper middle income,growth,0.1155691601408596,0.955097161244182,2.57376066509571,4.822343948867369,0.5337156976744085,0.5969118318325258,-7.216118018249999,12.363639348441419
Baseline (p=3),p90p100,Chile,Upper middle income,life_exp,-7.275454777869788e-4,0.955097161244182,-0.016202661077696596,0.03489444125094305,-0.4643335871514695,0.6452842185417453,-0.08704214291310187,0.05463682075770869
Baseline (p=3),p90p100,Chile,Upper middle income,gdp_x_debt,-0.2013232676862857,0.955097161244182,-4.483530958500935,8.502090422595876,-0.5273445394776234,0.6012814418750634,-21.743692132114127,12.776630215112256
Baseline (p=3),p90p100,Colombia,Lower middle income,public_debt,0.01751328539906997,0.6092803346189939,0.0448231480286309,0.0703953759519328,0.636734265887534,0.5284407953556053,-0.09808706280355137,0.1877333588608132
Baseline (p=3),p90p100,Colombia,Lower middle income,growth,0.022953827203627757,0.6092803346189939,0.058747560559166065,0.3658160304182886,0.16059318256772884,0.8733371636747077,-0.68389846307407,0.8013935841924021
Baseline (p=3),p90p100,Colombia,Lower middle income,life_exp,-0.0034026758891906555,0.6092803346189939,-0.00870873977093672,0.002784461593964203,-3.127620718423412,0.0035393117660496693,-0.014361497328752035,-0.0030559822131214064
Baseline (p=3),p90p100,Colombia,Lower middle income,gdp_x_debt,0.04315954365537587,0.6092803346189939,0.11046166210571794,1.0428515711854887,0.105922707658337,0.9162484467774802,-2.006639580546269,2.2275629047577046
Baseline (p=3),p90p100,Costa Rica,Upper middle income,public_debt,-0.012230544208132249,0.22016685585564008,-0.015683539869995797,0.028230087549677107,-0.5555611488061143,0.5820449594708266,-0.07299366441979657,0.041626584679804984
Baseline (p=3),p90p100,Costa Rica,Upper middle income,growth,-0.26079416608508743,0.22016685585564008,-0.3344230340084265,0.15513726907094805,-2.155658894933149,0.03806757017110248,-0.6493684339164647,-0.01947763410038822
Baseline (p=3),p90p100,Costa Rica,Upper middle income,life_exp,6.701647066509447e-4,0.22016685585564008,8.59369355718082e-4,7.356185905786851e-4,1.16822680492896,0.25061151916810315,-6.340157771840492e-4,0.002352754488620213
Baseline (p=3),p90p100,Costa Rica,Upper middle income,gdp_x_debt,0.8423577566210221,0.22016685585564008,1.0801769108509292,0.4580333478586054,2.358293159004613,0.02407476342882471,0.15031977996012735,2.010034041741731
Baseline (p=3),p90p100,Cote d'Ivoire,Lower middle income,public_debt,-0.018581157877301746,0.6346884151360987,-0.05086386155594889,0.019590995040758254,-2.596287807236372,0.013819224163343602,-0.09067755365960051,-0.011050169452297268
Baseline (p=3),p90p100,Cote d'Ivoire,Lower middle income,growth,0.03995809489616627,0.6346884151360987,0.10938085883877148,0.215361058362876,0.5078952512132834,0.6148061324951781,-0.328285469540036,0.547047187217579
Baseline (p=3),p90p100,Cote d'Ivoire,Lower middle income,life_exp,-0.004190490468816101,0.6346884151360987,-0.011471003500689119,0.004219009133724245,-2.7188856760220665,0.010238181283992306,-0.02004506164746152,-0.002896945353916717
Baseline (p=3),p90p100,Cote d'Ivoire,Lower middle income,gdp_x_debt,0.018620384420667886,0.6346884151360987,0.05097123987350417,0.23659735656554848,0.21543452815113245,0.8307157052419541,-0.42985243892591823,0.5317949186729266
Baseline (p=3),p90p100,Cyprus,High income,public_debt,0.060214962587498394,0.31469326893695115,0.08786571013842641,0.03445437181698189,2.550204966880839,0.015592714074593268,0.017767763612769397,0.1579636566640834
Baseline (p=3),p90p100,Cyprus,High income,growth,0.10216396175550263,0.31469326893695115,0.14907771531300407,0.17627321854609335,0.8457195967861789,0.4037999424080857,-0.20955284434965327,0.5077082749756614
Baseline (p=3),p90p100,Cyprus,High income,life_exp,-0.004174439713512482,0.31469326893695115,-0.0060913449763394046,0.0023291648657423804,-2.6152485235938396,0.01333859470071903,-0.010830066525973812,-0.0013526234267049976
Baseline (p=3),p90p100,Cyprus,High income,gdp_x_debt,-0.10901915540321339,0.31469326893695115,-0.15908081806536864,0.25456750188370164,-0.6249062307177143,0.5363299799400169,-0.6770022948812229,0.35884065875048554
Baseline (p=3),p90p100,Denmark,High income,public_debt,0.0253651801298147,0.43351948608665936,0.044776791975751934,0.025825629179156904,1.7338122399701281,0.09201208715793596,-0.007707201123265145,0.09726078507476901
Baseline (p=3),p90p100,Denmark,High income,growth,0.24508199051641333,0.43351948608665936,0.43263975458457804,0.3200482060641223,1.3517955932485302,0.18536582125788917,-0.21777645490622033,1.0830559640753763
Baseline (p=3),p90p100,Denmark,High income,life_exp,0.005943771223107277,0.43351948608665936,0.010492454863180954,0.0011015805390531478,9.524909428955267,3.996714813481207e-11,0.008253773861118942,0.012731135865242965
Baseline (p=3),p90p100,Denmark,High income,gdp_x_debt,-0.31985561936026513,0.43351948608665936,-0.5646365788483171,0.578121427594145,-0.9766747120895602,0.33562858192007883,-1.7395206757954393,0.6102475180988051
Baseline (p=3),p90p100,Egypt,Lower middle income,public_debt,0.003064874541939083,0.7369135015719702,0.011649683888196616,0.03299541580030639,0.3530697706221492,0.7264257528092186,-0.05564491030596878,0.07894427808236201
Baseline (p=3),p90p100,Egypt,Lower middle income,growth,0.052308082733327134,0.7369135015719702,0.1988246567036833,0.20614692748430286,0.9644803302674636,0.3422691973493245,-0.22161477383385766,0.6192640872412243
Baseline (p=3),p90p100,Egypt,Lower middle income,life_exp,2.5918461583985565e-4,0.7369135015719702,9.851688223778555e-4,0.001194748302386405,0.8245827346312752,0.4159084386979498,-0.0014515364053984995,0.0034218740501542107
Baseline (p=3),p90p100,Egypt,Lower middle income,gdp_x_debt,-0.07588917019917649,0.7369135015719702,-0.2884571068930655,0.2220999912107591,-1.2987713566334074,0.20360061095331097,-0.7414330254119328,0.1645188116258018
Baseline (p=3),p90p100,El Salvador,Lower middle income,public_debt,-0.0025744432810785537,0.5337900326264957,-0.00552206829807231,0.030464501741851006,-0.18126238678922152,0.8572072642150472,-0.0673682948144004,0.05632415821825579
Baseline (p=3),p90p100,El Salvador,Lower middle income,growth,0.22893686402344768,0.5337900326264957,0.491059565528411,0.37588039485809505,1.3064250550066576,0.19992828804055796,-0.27201820414687705,1.254137335203699
Baseline (p=3),p90p100,El Salvador,Lower middle income,life_exp,-0.00084959374933775205,0.5337900326264957,-0.0018223414529812052,8.67519955530474e-4,-2.1006334682720627,0.04294631147913404,-0.003583500592619005,-6.118231334340516e-5
Baseline (p=3),p90p100,El Salvador,Lower middle income,gdp_x_debt,-0.4025757080286673,0.5337900326264957,-0.8635072954288505,0.6855550516722986,-1.2595739661205425,0.2161580943287843,-2.2552580410808574,0.5282434502231561
Baseline (p=3),p90p100,Finland,High income,public_debt,0.035527066917609866,0.8597624764022969,0.25333495633826025,0.19005808080021888,1.3329344128469622,0.19141695718998983,-0.1329095348194479,0.6395794474959684
Baseline (p=3),p90p100,Finland,High income,growth,0.14355378738041552,0.8597624764022969,1.0236474782043763,0.6896248387798112,1.4843541308859591,0.14692765059815557,-0.37783881389501195,2.4251337703037645
Baseline (p=3),p90p100,Finland,High income,life_exp,-3.039259308886943e-4,0.8597624764022969,-0.0021672226027076827,0.010452192849786206,-0.20734621278557946,0.8369763901106044,-0.023408634132015618,0.019074188926600254
Baseline (p=3),p90p100,Finland,High income,gdp_x_debt,-0.018111918829590304,0.8597624764022969,-0.12915173032823682,1.2717609888861157,-0.1015534612689729,0.9197076664151551,-2.7136810171565173,2.4553775565000437
Baseline (p=3),p90p100,France,High income,public_debt,-0.0025904823051092055,0.851419731733712,-0.017434901251265077,0.11815638739473158,-0.14755783953532142,0.883830071417026,-0.2603088339048275,0.22543903140229735
Baseline (p=3),p90p100,France,High income,growth,0.13504834933513768,0.851419731733712,0.9089251951887838,0.9095779132628944,0.9992823945430148,0.3268678509116466,-0.960738982262449,2.778589372640017
Baseline (p=3),p90p100,France,High income,life_exp,9.483734833819073e-4,0.851419731733712,0.00638290329158793,0.01038385934137181,0.6146946989311477,0.544098874340881,-0.014961425271328616,0.027727231854504476
Baseline (p=3),p90p100,France,High income,gdp_x_debt,-0.13140021146271377,0.851419731733712,-0.8843718819191801,1.6591157603566007,-0.5330380815194585,0.5985343660927489,-4.294733169448526,2.525989405610166
Baseline (p=3),p90p100,Germany,High income,public_debt,0.0452817296069452,0.7955849308761548,0.22151854949358546,0.1617834797768441,1.3692284885894213,0.17990532865388298,-0.10726503898122014,0.550302137968391
Baseline (p=3),p90p100,Germany,High income,growth,0.18645362579582603,0.7955849308761548,0.9121324890331973,0.6536801190602036,1.3953804964186012,0.17194898920757673,-0.41630534377705397,2.2405703218434487
Baseline (p=3),p90p100,Germany,High income,life_exp,2.109593014154395e-4,0.7955849308761548,0.0010320144318109418,0.008490596218019411,0.12154793436304503,0.9039725937987745,-0.016222953113092794,0.01828698197671468
Baseline (p=3),p90p100,Germany,High income,gdp_x_debt,-0.28748979868526914,0.7955849308761548,-1.4064021792399901,1.088760244605449,-1.2917464485026728,0.20515724124498316,-3.6190292083028304,0.8062248498228499
Baseline (p=3),p90p100,Ghana,Low income,public_debt,0.004782061106554287,0.8634147209945418,0.035011541078033635,0.03667529331806139,0.9546356118927505,0.34670314030887717,-0.03960490421600376,0.10962798637207102
Baseline (p=3),p90p100,Ghana,Low income,growth,0.021190398703240257,0.8634147209945418,0.1551440891546844,0.10343427640340529,1.499929177728329,0.14314014177161885,-0.0552945284686468,0.3655827067780156
Baseline (p=3),p90p100,Ghana,Low income,life_exp,4.4482808903054783e-4,0.8634147209945418,0.0032567791512346767,0.0015035187135237216,2.166104832577658,0.03762675476219329,1.9784732856931598e-4,0.006315710973900037
Baseline (p=3),p90p100,Ghana,Low income,gdp_x_debt,-0.03345182487339792,0.8634147209945418,-0.24491530212462437,0.23340185818238138,-1.049328844388404,0.3016512238506196,-0.7197749530497803,0.22994434880053155
Baseline (p=3),p90p100,Greece,High income,public_debt,0.04006904068374611,0.8530317273253377,0.2726373519572168,0.17772889616777826,1.5340068938471534,0.13401884338084674,-0.08817148923217177,0.6334461931466053
Baseline (p=3),p90p100,Greece,High income,growth,-0.10323343362572136,0.8530317273253377,-0.7024198607426314,0.8830190388228127,-0.795475329364421,0.43169903677500077,-2.4950438122528205,1.0902040907675579
Baseline (p=3),p90p100,Greece,High income,life_exp,-0.010034433015425934,0.8530317273253377,-0.06827618528006213,0.04284476772331279,-1.5935711385106084,0.12002425351602385,-0.1552556879192038,0.01870331735907954
Baseline (p=3),p90p100,Greece,High income,gdp_x_debt,0.12796550771183912,0.8530317273253377,0.8707015832941793,0.7043690755994165,1.2361439669298573,0.22463698668869467,-0.5592436614945611,2.30064682808292
Baseline (p=3),p90p100,Guatemala,Lower middle income,public_debt,2.815610282280744e-4,0.9286087080509995,0.0039439127734123645,0.14377278962989729,0.027431566039477023,0.9782713391480009,-0.2879303673209107,0.2958181928677355
Baseline (p=3),p90p100,Guatemala,Lower middle income,growth,0.016258417256257297,0.9286087080509995,0.22773670026691423,1.2035060231294825,0.18922771958775028,0.8510074245755115,-2.215510418985288,2.6709838195191167
Baseline (p=3),p90p100,Guatemala,Lower middle income,life_exp,-2.1170676336281443e-4,0.9286087080509995,-0.0029654423891649203,0.0029343543178820632,-1.0105945185601497,0.31914636632062776,-0.008922498354192922,0.002991613575863082
Baseline (p=3),p90p100,Guatemala,Lower middle income,gdp_x_debt,-0.03256785474581696,0.9286087080509995,-0.45618805678824687,2.9598123588205953,-0.15412735723896545,0.8783946283878006,-6.464926592563285,5.552550478986791
Baseline (p=3),p90p100,Guyana,Lower middle income,public_debt,-7.806695342799126e-4,0.8311001467639768,-0.004622085332359604,0.007319205348849227,-0.631500977505204,0.5318161077877517,-0.019480862139550734,0.010236691474831524
Baseline (p=3),p90p100,Guyana,Lower middle income,growth,-0.015083852566789053,0.8311001467639768,-0.0893064871152413,0.13190030507364822,-0.6770756676064994,0.5028088795815511,-0.35707834218389345,0.17846536795341084
Baseline (p=3),p90p100,Guyana,Lower middle income,life_exp,-9.574448026428597e-4,0.8311001467639768,-0.005668713052727831,0.0027871655366137216,-2.0338630692223103,0.049600313364200475,-0.011326959905953468,-1.046619950219492e-5
Baseline (p=3),p90p100,Guyana,Lower middle income,gdp_x_debt,0.01265067835983133,0.8311001467639768,0.0749004698195509,0.08020194464570446,0.9338984254113406,0.3567548915229316,-0.08791813386678884,0.23771907350589064
Baseline (p=3),p90p100,Haiti,Low income,public_debt,6.262827825234951e-4,0.9159088734778685,0.00744766788632172,0.03376466051054857,0.22057582613617455,0.8267043888464349,-0.06109823711082419,0.07599357288346763
Baseline (p=3),p90p100,Haiti,Low income,growth,5.202430099009483e-4,0.9159088734778685,0.006186657634608195,0.1903258725717678,0.032505604997425344,0.9742535133279895,-0.380195405224502,0.3925687204937184
Baseline (p=3),p90p100,Haiti,Low income,life_exp,-2.559895358804005e-4,0.9159088734778685,-0.0030441920148736273,0.0026489051192493678,-1.149226521082897,0.258255644049358,-0.008421755298644688,0.0023333712688974333
Baseline (p=3),p90p100,Haiti,Low income,gdp_x_debt,0.00260163297445037,0.9159088734778685,0.030938258078462788,0.586371777333293,0.052762188213020894,0.9582213921662223,-1.1594597359881,1.2213362521450255
Baseline (p=3),p90p100,Honduras,Lower middle income,public_debt,0.0057373984200105345,0.9184676636295145,0.0703696064091628,0.09248982552708108,0.7608361893661323,0.45185061758778045,-0.11739472167585542,0.25813393449418104
Baseline (p=3),p90p100,Honduras,Lower middle income,growth,0.022115823839464706,0.9184676636295145,0.2712521782642129,0.6363809787955662,0.4262418068773723,0.6725417887754439,-1.0206698921763793,1.5631742487048048
Baseline (p=3),p90p100,Honduras,Lower middle income,life_exp,-2.3415887862506234e-4,0.9184676636295145,-0.0028719755749551565,0.002701488820174327,-1.0631084435766156,0.295013055042451,-0.008356289446870722,0.0026123382969604086
Baseline (p=3),p90p100,Honduras,Lower middle income,gdp_x_debt,-0.07938581717856033,0.9184676636295145,-0.9736727869274918,1.493364685016854,-0.6519993386052938,0.518660697308992,-4.005364273749283,2.058018699894299
Baseline (p=3),p90p100,Iceland,High income,public_debt,-0.004826352056665262,0.81844756838197,-0.02658379187572366,0.06165200695607469,-0.4311910218050786,0.6690511641037431,-0.15187574450062424,0.09870816074917693
Baseline (p=3),p90p100,Iceland,High income,growth,0.027203573915079646,0.81844756838197,0.1498386646360844,0.4574159363915985,0.3275763975739708,0.7452405376239715,-0.7797423605701644,1.0794196898423332
Baseline (p=3),p90p100,Iceland,High income,life_exp,2.0825116867172913e-4,0.81844756838197,0.001147057997602978,0.01043390347316653,0.1099356535694367,0.9131067477494402,-0.020057185046490775,0.022351301041696733
Baseline (p=3),p90p100,Iceland,High income,gdp_x_debt,-0.12169268114289498,0.81844756838197,-0.6702894588540981,0.9331307134919998,-0.718323220061757,0.4774655184530042,-2.56663922782394,1.2260603101157437
Baseline (p=3),p90p100,India,Low income,public_debt,-0.05097430675756959,0.586754315915218,-0.12335109287460007,0.07014909167116357,-1.7584132586182357,0.08823901916572265,-0.26624011671303244,0.019537930963832287
Baseline (p=3),p90p100,India,Low income,growth,-0.2788705739063654,0.586754315915218,-0.6748299731768086,0.4784322692929686,-1.410502628039865,0.16803878715741952,-1.649364615086939,0.2997046687333217
Baseline (p=3),p90p100,India,Low income,life_exp,0.00851463374529042,0.586754315915218,0.020604289586587787,0.0011379333775355972,18.10676265706358,2.2352129163140364e-18,0.018286395147249355,0.022922184025926218
Baseline (p=3),p90p100,India,Low income,gdp_x_debt,0.38086512528882943,0.586754315915218,0.9216433225003522,0.7000521450444652,1.3165352453020656,0.19734642955485815,-0.5043162339014864,2.3476028789021908
Baseline (p=3),p90p100,Indonesia,Lower middle income,public_debt,-0.0189499730315043,0.6754761502344404,-0.05839315984077601,0.051723670001988985,-1.1289446367307376,0.26659994268427284,-0.16339779239001825,0.04661147270846624
Baseline (p=3),p90p100,Indonesia,Lower middle income,growth,-0.03934791523464738,0.6754761502344404,-0.12124814636296484,0.3125590939697529,-0.38792071228200553,0.7004240878338469,-0.755776841077704,0.5132805483517743
Baseline (p=3),p90p100,Indonesia,Lower middle income,life_exp,5.936253213509731e-4,0.6754761502344404,0.0018292193987585691,0.0021705167106323025,0.8427575746356227,0.4050865736506115,-0.002577163783895923,0.006235602581413062
Baseline (p=3),p90p100,Indonesia,Lower middle income,gdp_x_debt,0.3599405142867969,0.6754761502344404,1.1091342425119843,0.8397922148214066,1.3207246065597988,0.19516426295817926,-0.5957345908798681,2.8140030759038366
Baseline (p=3),p90p100,Iran,Lower middle income,public_debt,-0.019917515838431425,0.3603079931450438,-0.031136102413340805,0.029228697312564465,-1.0652579579712027,0.29405311877255064,-0.09047351256000741,0.028201307733325798
Baseline (p=3),p90p100,Iran,Lower middle income,growth,0.08955211229822445,0.3603079931450438,0.13999254537899752,0.10416086734021007,1.344003261049604,0.18759524333992178,-0.07146525722179511,0.35145034797979013
Baseline (p=3),p90p100,Iran,Lower middle income,life_exp,-0.003972315781345806,0.3603079931450438,-0.006209731775258041,6.905126858437432e-4,-8.992929315513324,1.263172681581889e-10,-0.007611547053346862,-0.0048079164971692205
Baseline (p=3),p90p100,Iran,Lower middle income,gdp_x_debt,-0.2072932220879208,0.3603079931450438,-0.3240516058768302,0.30342607144453637,-1.0679754852116061,0.29284264834094687,-0.9400392791542382,0.2919360674005779
Baseline (p=3),p90p100,Ireland,High income,public_debt,-0.019515555566373716,0.29553999346354926,-0.027702858054815527,0.013736888582446505,-2.0166763302000748,0.051682682493532875,-0.05561957445160169,2.138583419706401e-4
Baseline (p=3),p90p100,Ireland,High income,growth,0.19539656020797477,0.29553999346354926,0.27737069300592637,0.13751474753651222,2.017025068037014,0.051644453859239846,-0.002092897625362855,0.5568342836372155
Baseline (p=3),p90p100,Ireland,High income,life_exp,0.0021418506142003493,0.29553999346354926,0.003040414777740152,6.766618457116101e-4,4.49325582195743,7.718953506873951e-5,0.0016652724571279394,0.004415557098352365
Baseline (p=3),p90p100,Ireland,High income,gdp_x_debt,-0.2285452556400094,0.29553999346354926,-0.3244261612006555,0.18675348035743997,-1.7371893716771145,0.09140648206258559,-0.7039548962530373,0.05510257385172629
Baseline (p=3),p90p100,Italy,High income,public_debt,0.012412060637963483,0.7490776713418342,0.04946574784451554,0.02296960712328268,2.153530427360927,0.03891527481370935,0.002678189208922384,0.09625330648010869
Baseline (p=3),p90p100,Italy,High income,growth,-0.1371155061377208,0.7490776713418342,-0.5464460132781358,0.3190878484782082,-1.7125252994880336,0.09647554495529648,-1.1964066913363427,0.1035146647800711
Baseline (p=3),p90p100,Italy,High income,life_exp,0.0012577335022844654,0.7490776713418342,0.005012441535236545,0.0018267790846300406,2.7438684717871427,0.009868637248887976,0.0012914143066180923,0.008733468763854998
Baseline (p=3),p90p100,Italy,High income,gdp_x_debt,0.19750788409152262,0.7490776713418342,0.7871275750855548,0.3676728891286186,2.140836592415176,0.04000583815451739,0.03820240773316241,1.536052742437947
Baseline (p=3),p90p100,Jamaica,Lower middle income,public_debt,-4.150062216364859e-4,0.8800546850574781,-0.003459961915439197,0.013266392640342274,-0.26080653642932805,0.7957701566960669,-0.03039217079388004,0.023472246963001646
Baseline (p=3),p90p100,Jamaica,Lower middle income,growth,0.06714896771053386,0.8800546850574781,0.5598298503173034,0.49484609104520083,1.1313211530778096,0.26561230813781733,-0.44476112237724963,1.5644208230118564
Baseline (p=3),p90p100,Jamaica,Lower middle income,life_exp,-0.0019227425425848443,0.8800546850574781,-0.01603015960653592,0.008997160534939071,-1.7816909617523544,0.08347872459160373,-0.03429536654025682,0.002235047327184981
Baseline (p=3),p90p100,Jamaica,Lower middle income,gdp_x_debt,-0.029605743666833127,0.8800546850574781,-0.24682701180133856,0.2690001901272547,-0.9175718860442933,0.3651230307180888,-0.7929264304795278,0.29927240687685064
Baseline (p=3),p90p100,Japan,High income,public_debt,0.010069339576450311,0.7962303409826104,0.04941530365711117,0.039185886041541496,1.261048521519338,0.21640800001728785,-0.030403734213932478,0.12923434152815483
Baseline (p=3),p90p100,Japan,High income,growth,-0.07404873931724001,0.7962303409826104,-0.36339433296554086,0.5588103291573988,-0.6502999568985856,0.520140368860458,-1.5016537250961612,0.7748650591650794
Baseline (p=3),p90p100,Japan,High income,life_exp,2.306414000793379e-4,0.7962303409826104,0.0011318731217960915,0.009920808907569615,0.11409080976577102,0.9098786449404201,-0.01907615333612844,0.021339899579720625
Baseline (p=3),p90p100,Japan,High income,gdp_x_debt,0.20424473694690815,0.7962303409826104,1.0023314458678951,0.6905232749786677,1.451553455455734,0.15635997135421728,-0.4042184373714217,2.4088813291072118
Baseline (p=3),p90p100,Jordan,Lower middle income,public_debt,0.008062174485888233,0.6908025388927302,0.026074517096669254,0.012443834316064967,2.0953764277468,0.04440024271165514,6.951496843257028e-4,0.05145388450901281
Baseline (p=3),p90p100,Jordan,Lower middle income,growth,0.06641458870445613,0.6908025388927302,0.21479668192170226,0.10743993541109663,1.999225717139789,0.054415187228364435,-0.0043285110291909346,0.4339218748725955
Baseline (p=3),p90p100,Jordan,Lower middle income,life_exp,5.669177141707155e-4,0.6908025388927302,0.001833513484038716,0.0013841819241355332,1.3246188611976022,0.19498025757912554,-9.89544162494557e-4,0.004656571130571989
Baseline (p=3),p90p100,Jordan,Lower middle income,gdp_x_debt,-0.03846131360181399,0.6908025388927302,-0.12439078077834094,0.10899994711181463,-1.1412003773794317,0.2625259302134054,-0.3466976385693842,0.09791607701270232
Baseline (p=3),p90p100,Kenya,Low income,public_debt,-0.11051586968317617,0.9513005997606827,-2.2693476539768875,1.8191844506994272,-1.247453304201443,0.22738866618417897,-6.076944468696356,1.5382491607425806
Baseline (p=3),p90p100,Kenya,Low income,growth,-0.5018117007646226,0.9513005997606827,-10.304268600817112,10.36188945666435,-0.9944391555142311,0.3325059254444884,-31.991952482735442,11.38341528110122
Baseline (p=3),p90p100,Kenya,Low income,life_exp,0.0022483615816903902,0.9513005997606827,0.04616815752640796,0.037796418965948986,1.2214955487714623,0.23683872097621883,-0.0329406565398177,0.12527697159263362
Baseline (p=3),p90p100,Kenya,Low income,gdp_x_debt,0.8609661668298392,0.9513005997606827,17.679194458225403,26.003111762311157,0.6798876465181211,0.5047758548649681,-36.745943949759486,72.10433286621029
Baseline (p=3),p90p100,Lebanon,Upper middle income,public_debt,0.010850284402769937,0.768287413923178,0.04682647838202727,0.021969831227702494,2.131399094362737,0.040593627338691235,0.0021285206668863674,0.09152443609716818
Baseline (p=3),p90p100,Lebanon,Upper middle income,growth,5.663623578926096e-4,0.768287413923178,0.002444245120568625,0.07246012095189457,0.0337322804386613,0.9732938485734046,-0.1449769794110902,0.14986546965222744
Baseline (p=3),p90p100,Lebanon,Upper middle income,life_exp,2.0520659438814254e-5,0.768287413923178,8.856083213369702e-5,9.857019735627338e-4,0.08984544467695608,0.9289531374980988,-0.0019168649118056881,0.0020939865760730824
Baseline (p=3),p90p100,Lebanon,Upper middle income,gdp_x_debt,-0.028216347750736375,0.768287413923178,-0.12177304750024034,0.07358687523020525,-1.6548201988369806,0.10744267426725397,-0.2714866708475887,0.027940575847108046
Baseline (p=3),p90p100,Luxembourg,High income,public_debt,-0.17114087503011538,0.5544950295026818,-0.38415031562738894,0.17702092172268988,-2.1700842583408035,0.037079573716937576,-0.7439001118326871,-0.02440051942209076
Baseline (p=3),p90p100,Luxembourg,High income,growth,0.022674844796160682,0.5544950295026818,0.05089695131986676,0.22035913186186593,0.23097273477993172,0.818720282819472,-0.3969266844844294,0.49872058712416295
Baseline (p=3),p90p100,Luxembourg,High income,life_exp,0.0034159138422247114,0.5544950295026818,0.00766751005810669,0.0025519876506083787,3.0045247500624863,0.004966843317050383,0.002481247167311188,0.012853772948902192
Baseline (p=3),p90p100,Luxembourg,High income,gdp_x_debt,-0.8147092422322773,0.5544950295026818,-1.828732104431552,1.9021349722996108,-0.9614102737518583,0.3431338526839358,-5.694335457868647,2.036871249005543
Baseline (p=3),p90p100,Malaysia,Upper middle income,public_debt,-0.005203427986491511,0.9549888616945498,-0.1156031191919767,0.22399718601272203,-0.5160918369100002,0.609231305042484,-0.5713288207204646,0.34012258233651127
Baseline (p=3),p90p100,Malaysia,Upper middle income,growth,0.06600235217626778,0.9549888616945498,1.4663559878972403,2.2593460104051855,0.6490178932948246,0.5208184657700636,-3.130318032503241,6.063030008297722
Baseline (p=3),p90p100,Malaysia,Upper middle income,life_exp,-0.002240680530543231,0.9549888616945498,-0.049780579094395296,0.052387081189778174,-0.95024532697402,0.34889559079911203,-0.15636289716371948,0.056801738974928885
Baseline (p=3),p90p100,Malaysia,Upper middle income,gdp_x_debt,-0.02235239057415632,0.9549888616945498,-0.49659687392197666,2.1667649110958993,-0.2291881649822405,0.8201372037839783,-4.9049132315230395,3.911719483679086
Baseline (p=3),p90p100,Malta,High income,public_debt,-0.025772887272447288,0.5849266655083493,-0.0620923705060743,0.02235203663235586,-2.777928988188576,0.008840444117642067,-0.107517174224248,-0.016667566787900594
Baseline (p=3),p90p100,Malta,High income,growth,0.011863849024203753,0.5849266655083493,0.028582537200886837,0.11914416434966645,0.23989875926278934,0.8118492271609391,-0.21354753661597067,0.27071261101774435
Baseline (p=3),p90p100,Malta,High income,life_exp,0.0026897398221475276,0.5849266655083493,0.006480155670423179,0.0013606480248254628,4.762551043466529,3.482559118252763e-5,0.0037149861928576335,0.009245325147988724
Baseline (p=3),p90p100,Malta,High income,gdp_x_debt,-0.0028417314182373797,0.5849266655083493,-0.006846335772732087,0.2196602882919058,-0.0311678356883244,0.9753179374866705,-0.45324975056910477,0.4395570790236406
Baseline (p=3),p90p100,Mauritania,Low income,public_debt,0.03894356169576333,0.8005464394685236,0.1952512734893871,0.1166730281943743,1.6734910931093983,0.10577913824869102,-0.04414200620999481,0.434644553188769
Baseline (p=3),p90p100,Mauritania,Low income,growth,0.2762471708498946,0.8005464394685236,1.3850200022190082,1.4348535259117232,0.9652692607344362,0.3429767709843138,-1.559056248926001,4.329096253364018
Baseline (p=3),p90p100,Mauritania,Low income,life_exp,-0.0011193736842499621,0.8005464394685236,-0.0056122020648175395,0.007051439084879137,-0.7958945680821596,0.43303548489694,-0.020080559964274367,0.00885615583463929
Baseline (p=3),p90p100,Mauritania,Low income,gdp_x_debt,-0.6869334941916537,0.8005464394685236,-3.4440773699963425,2.7866633508824594,-1.2359144024001674,0.2271354545862136,-9.161838272494181,2.273683532501496
Baseline (p=3),p90p100,Mexico,Upper middle income,public_debt,-0.02388515947471987,0.860948405135708,-0.17177192032950575,0.34944149355641124,-0.4915613156906799,0.6286600678788524,-0.9031613719514406,0.5596175312924292
Baseline (p=3),p90p100,Mexico,Upper middle income,growth,0.4301652760366971,0.860948405135708,3.093565927499924,3.841130211687763,0.805379082981057,0.4305652533865617,-4.946012001677046,11.133143856676893
Baseline (p=3),p90p100,Mexico,Upper middle income,life_exp,-0.0016915107524716685,0.860948405135708,-0.012164626764061973,0.01311686019239584,-0.9274038592798375,0.3653488170167082,-0.039618530665057265,0.015289277136933321
Baseline (p=3),p90p100,Mexico,Upper middle income,gdp_x_debt,-1.7699707333425607,0.860948405135708,-12.728877616038648,16.45483925272154,-0.7735643855611267,0.44870677239100076,-47.16925198340688,21.711496751329587
Baseline (p=3),p90p100,Netherlands,High income,public_debt,0.0021192205667602965,0.5251508484880643,0.004462934302425573,0.02307353570122784,0.19342221149869468,0.8478139448758456,-0.04248052704796591,0.05140639565281706
Baseline (p=3),p90p100,Netherlands,High income,growth,0.3346714045886168,0.5251508484880643,0.7047952039569024,0.36544313563950737,1.928604303166198,0.06241916148569474,-0.03870444584952881,1.4482948537633336
Baseline (p=3),p90p100,Netherlands,High income,life_exp,9.538591781511177e-4,0.5251508484880643,0.0020087625198739385,0.0010561937563591,1.9018882736047633,0.06594509255895824,-1.4007983450912975e-4,0.004157604874257007
Baseline (p=3),p90p100,Netherlands,High income,gdp_x_debt,-0.6760880075838295,0.5251508484880643,-1.423795336753035,0.7218007044181138,-1.9725601929148024,0.05697260089639688,-2.8923099116013957,0.04471923809532585
Baseline (p=3),p90p100,New Zealand,High income,public_debt,-0.05789859074712824,0.4788530614311577,-0.11109839943822288,0.07824176614312689,-1.4199372651556927,0.1656051430094817,-0.2706735335569334,0.048476734680487646
Baseline (p=3),p90p100,New Zealand,High income,growth,-0.011214229083807443,0.4788530614311577,-0.02151836315992494,0.68255063095655,-0.03152639845892218,0.9750518471168602,-1.4135895528421611,1.3705528265223113
Baseline (p=3),p90p100,New Zealand,High income,life_exp,-4.930337011208163e-4,0.4788530614311577,-9.46055065534435e-4,0.002940015055043822,-0.32178578946777997,0.7497748303561889,-0.006942255302904187,0.005050145171835317
Baseline (p=3),p90p100,New Zealand,High income,gdp_x_debt,0.5370934189268602,0.4788530614311577,1.0305988180642673,1.5016549120813176,0.6863086916792627,0.4976200644834503,-2.032046566972796,4.093244203101331
Baseline (p=3),p90p100,Norway,High income,public_debt,0.007376790251688555,0.824575436347419,0.04205106798098068,0.1653920867609925,0.25425078553938635,0.8008332450797842,-0.2940660922236461,0.37816822818560747
Baseline (p=3),p90p100,Norway,High income,growth,0.1488504692635807,0.824575436347419,0.848515545168299,1.0239298394662286,0.8286852403975524,0.4130623390452359,-1.2323602490135173,2.929391339350115
Baseline (p=3),p90p100,Norway,High income,life_exp,0.0020770050900010763,0.824575436347419,0.011839876051306444,0.004343435651333758,2.7259241305142212,0.010061376064155029,0.0030129527973085848,0.020666799305304302
Baseline (p=3),p90p100,Norway,High income,gdp_x_debt,-0.12875656419016504,0.824575436347419,-0.7339711241645758,2.412775463911812,-0.3042020010327006,0.7628281001012873,-5.637320812915867,4.169378564586715
Baseline (p=3),p90p100,Pakistan,Low income,public_debt,-0.002113835308144449,0.45980000958934975,-0.003913060617675224,0.04987388552612346,-0.07845910893839624,0.9379838532462359,-0.10576912331639812,0.09794300208104767
Baseline (p=3),p90p100,Pakistan,Low income,growth,0.24666282295547606,0.45980000958934975,0.4566138973234106,0.47713304428623554,0.9569949153416519,0.3462188873417221,-0.5178217770135269,1.4310495716603482
Baseline (p=3),p90p100,Pakistan,Low income,life_exp,3.9129370462573365e-4,0.45980000958934975,7.243497067230217e-4,9.008813134491472e-4,0.8040456560806548,0.42769630507843437,-0.0011154953861306535,0.002564194799576697
Baseline (p=3),p90p100,Pakistan,Low income,gdp_x_debt,-0.02714827610406184,0.45980000958934975,-0.05025597294702692,0.8685297598131734,-0.057863271096015544,0.954241241645439,-1.8240303788914005,1.7235184329973467
Baseline (p=3),p90p100,Panama,Upper middle income,public_debt,-0.003991667096006132,0.8985019342740842,-0.039327518878883694,0.06556085017184621,-0.5998628568085913,0.5524617682306491,-0.17242312059558151,0.09376808283781413
Baseline (p=3),p90p100,Panama,Upper middle income,growth,-0.07707959724089532,0.8985019342740842,-0.7594193710946193,0.6038030106877353,-1.2577270362226847,0.21681761630348795,-1.985204650193217,0.46636590800397837
Baseline (p=3),p90p100,Panama,Upper middle income,life_exp,-2.474587828754898e-4,0.8985019342740842,-0.0024380640271877163,0.004272166114104814,-0.5706856807693644,0.5718588123435937,-0.011111022326234355,0.006234894271858924
Baseline (p=3),p90p100,Panama,Upper middle income,gdp_x_debt,0.08228251502015838,0.8985019342740842,0.8106806216618268,0.6711403314266875,1.207915220857774,0.23517877087955802,-0.551806686136054,2.1731679294597077
Baseline (p=3),p90p100,Paraguay,Lower middle income,public_debt,-0.0022676117366192323,0.8795233263648331,-0.018821998219224746,0.08573440352352399,-0.21953845184285123,0.8275829736276076,-0.19324995370552878,0.15560595726707926
Baseline (p=3),p90p100,Paraguay,Lower middle income,growth,-0.04395642433461873,0.8795233263648331,-0.36485423284286245,0.422188170942516,-0.8641981418577926,0.3937174692016827,-1.2238025250275675,0.4940940593418426
Baseline (p=3),p90p100,Paraguay,Lower middle income,life_exp,-5.346687307853312e-4,0.8795233263648331,-0.004437943999055287,0.0029697127210112015,-1.4944017876396292,0.1445722727810357,-0.010479869958982476,0.0016039819608719011
Baseline (p=3),p90p100,Paraguay,Lower middle income,gdp_x_debt,0.11111848041266767,0.8795233263648331,0.9223236088768674,1.10045790467411,0.8381271150485348,0.40798910591045934,-1.3165748323816555,3.1612220501353905
Baseline (p=3),p90p100,Portugal,High income,public_debt,0.0014258715342093733,0.9788374135348619,0.06737699744585858,1.2237981762228773,0.055055644594773384,0.9564474366208437,-2.428575838636101,2.5633298335278183
Baseline (p=3),p90p100,Portugal,High income,growth,-0.05596907762996022,0.9788374135348619,-2.6447182021989626,19.729367600198835,-0.1340498213522216,0.8942296838365968,-42.883028711702124,37.59359230730419
Baseline (p=3),p90p100,Portugal,High income,life_exp,-0.0013542678384666027,0.9788374135348619,-0.06399349345589375,0.5132082796429034,-0.12469302619283774,0.9015716638688035,-1.1106886805895633,0.9827016936777758
Baseline (p=3),p90p100,Portugal,High income,gdp_x_debt,0.02444993540441008,0.9788374135348619,1.155337767653652,12.813588281940504,0.09016504528103086,0.9287361216905187,-24.978147829951457,27.28882336525876
Baseline (p=3),p90p100,Singapore,High income,public_debt,0.03098738090722862,0.7408694944362753,0.11958214197829471,0.17863228299975942,0.6694318628758485,0.5078770569586109,-0.2438479704030152,0.4830122543596046
Baseline (p=3),p90p100,Singapore,High income,growth,0.220966083637819,0.7408694944362753,0.8527212307833806,0.6946003285726823,1.2276429994434601,0.22826632370292543,-0.5604537633110783,2.2658962248778396
Baseline (p=3),p90p100,Singapore,High income,life_exp,0.0019492243326316389,0.7408694944362753,0.00752217238333713,0.007822801766878742,0.9615701135602773,0.3432588708057336,-0.008393437480291383,0.023437782246965643
Baseline (p=3),p90p100,Singapore,High income,gdp_x_debt,-0.18377832577035227,0.7408694944362753,-0.70921146613191,0.7601488260359223,-0.9329902801144296,0.35760157190169795,-2.25574588104015,0.8373229487763298
Baseline (p=3),p90p100,South Africa,Upper middle income,public_debt,0.015396984975230975,1.009297463461989,-1.6560414610048146,8.615486980683306,-0.19221681429242574,0.8487503574716095,-19.18438151818061,15.872298596170982
Baseline (p=3),p90p100,South Africa,Upper middle income,growth,-0.15017039140084387,1.009297463461989,16.15175924216213,53.25965246966287,0.3032644505399712,0.7635920423382462,-92.20581844420241,124.50933692852666
Baseline (p=3),p90p100,South Africa,Upper middle income,life_exp,-6.933750290707701e-4,1.009297463461989,0.07457679526308614,0.31297483540907267,0.23828367915142698,0.8131345350627263,-0.5621752950933611,0.7113288856195333
Baseline (p=3),p90p100,South Africa,Upper middle income,gdp_x_debt,0.6680377237057568,1.009297463461989,-71.85161054269433,218.1426765052169,-0.3293789720278599,0.743950795231674,-515.6662229191005,371.9630018337118
Baseline (p=3),p90p100,South Korea,High income,public_debt,-0.06654488148247688,0.9816254249373898,-3.6215739006605276,21.250178233880412,-0.17042557764934127,0.8656568315014962,-46.761729209994016,39.51858140867296
Baseline (p=3),p90p100,South Korea,High income,growth,-0.23680935644215015,0.9816254249373898,-12.88788206721719,68.15546383725538,-0.18909536142240102,0.8511103686181924,-151.25082955680884,125.47506542237446
Baseline (p=3),p90p100,South Korea,High income,life_exp,5.498022079168626e-4,0.9816254249373898,0.029921900563329842,0.16379886759103293,0.18267464850879042,0.8561073437223372,-0.3026074791716542,0.36245128029831386
Baseline (p=3),p90p100,South Korea,High income,gdp_x_debt,1.3833644198526927,0.9816254249373898,75.2868795680426,396.930952156469,0.18967248373809037,0.850661520344004,-730.5257933727626,881.0995525088476
Baseline (p=3),p90p100,Spain,High income,public_debt,0.003010211269190842,0.6811036002638695,0.009439464577466628,0.02238201656110158,0.421743257659445,0.6758671422067023,-0.036046265686290296,0.05492519484122356
Baseline (p=3),p90p100,Spain,High income,growth,0.07224589718730132,0.6811036002638695,0.22654974232095718,0.16458399592255502,1.3764992218779288,0.17766515058574897,-0.10792517971422502,0.5610246643561394
Baseline (p=3),p90p100,Spain,High income,life_exp,-0.00064766257579776615,0.6811036002638695,-0.0020309497891279798,0.0018508345312494435,-1.0973156999383116,0.2802143788152325,-0.005792298102915295,0.0017303985246593353
Baseline (p=3),p90p100,Spain,High income,gdp_x_debt,-0.050597749061951754,0.6811036002638695,-0.1586651624283581,0.31129243609064394,-0.5096980974576493,0.6135557068305884,-0.7912875064657061,0.47395718160898986
Baseline (p=3),p90p100,Sweden,High income,public_debt,0.040454953357336,0.8447799085748768,0.2606296194384805,0.18586256593182215,1.402270640845905,0.1698992071223749,-0.11708855966416754,0.6383477985411286
Baseline (p=3),p90p100,Sweden,High income,growth,0.010067569027649619,0.8447799085748768,0.06485996068689424,1.1129724602822624,0.058276339263996724,0.9538696808876204,-2.1969722107435663,2.326692132117355
Baseline (p=3),p90p100,Sweden,High income,life_exp,0.0012863100333446078,0.8447799085748768,0.008287007316737168,0.0034499867959289425,2.4020402995501353,0.021913497712706217,0.0012757905934919463,0.015298224039982392
Baseline (p=3),p90p100,Sweden,High income,gdp_x_debt,-0.08264101009929181,0.8447799085748768,-0.5324118117734593,2.3770649167826248,-0.223978658729305,0.8241143786557847,-5.363188937196728,4.298365313649809
Baseline (p=3),p90p100,Switzerland,High income,public_debt,0.00811797725728107,0.6822294482045129,0.025546663186416633,0.05903204554229397,0.43275924037078345,0.6680049483584818,-0.09455493650910649,0.14564826288193974
Baseline (p=3),p90p100,Switzerland,High income,growth,-0.22153929803448874,0.6822294482045129,-0.697167490136306,0.7053822502624979,-0.9883541723326112,0.3301710353649404,-2.1322784688445955,0.7379434885719837
Baseline (p=3),p90p100,Switzerland,High income,life_exp,1.053274674156044e-4,0.6822294482045129,3.314576093362854e-4,0.002387927087282083,0.13880558208900234,0.8904474008121603,-0.004526816578932753,0.005189731797605324
Baseline (p=3),p90p100,Switzerland,High income,gdp_x_debt,0.44105392530639925,0.6822294482045129,1.387963493830151,1.5491868558977098,0.8959303318035613,0.3767791762626962,-1.7638808631011833,4.539807850761486
Baseline (p=3),p90p100,Thailand,Lower middle income,public_debt,-0.04283951764750248,0.6482495349136939,-0.12178951245165034,0.0761992387474082,-1.598303532340641,0.11922875024788805,-0.2766449970102606,0.03306597210695991
Baseline (p=3),p90p100,Thailand,Lower middle income,growth,-0.011175493274460852,0.6482495349136939,-0.03177108315043396,0.18975826858278788,-0.16742924241308016,0.8680242076878025,-0.4174062825754416,0.35386411627457365
Baseline (p=3),p90p100,Thailand,Lower middle income,life_exp,-0.0014836178137557483,0.6482495349136939,-0.004217813367756956,0.001362639245377661,-3.0953265011738096,0.003920528247864165,-0.006987029492356547,-0.0014485972431573647
Baseline (p=3),p90p100,Thailand,Lower middle income,gdp_x_debt,0.4058270290428366,0.6482495349136939,1.1537355862294656,1.0173903295650386,1.1340146969184564,0.2647210007141991,-0.9138503248620284,3.2213214973209596
Baseline (p=3),p90p100,Togo,Low income,public_debt,0.007964663772187826,0.7830197820293789,0.03670686593773371,0.050720083842538226,0.7237146147409987,0.4741912118436672,-0.06636874596339892,0.13978247783886635
Baseline (p=3),p90p100,Togo,Low income,growth,-0.03989648287735658,0.7830197820293789,-0.18387152179356062,0.29381702679943666,-0.6258028127113059,0.5356229397223096,-0.7809795612507727,0.41323651766365155
Baseline (p=3),p90p100,Togo,Low income,life_exp,5.147677956723095e-5,0.7830197820293789,2.372418096390744e-4,0.0012989884262564289,0.18263581479535163,0.8561684540854294,-0.002402620287287817,0.002877103906565966
Baseline (p=3),p90p100,Togo,Low income,gdp_x_debt,0.055314063821027694,0.7830197820293789,0.25492675939940834,0.4405422332989386,0.5786658806589896,0.566628545559634,-0.640362775344925,1.1502162941437417
Baseline (p=3),p90p100,Trinidad and Tobago,Upper middle income,public_debt,0.003130479394363199,0.6968732125649679,0.0103272938061739,0.01434312380237892,0.7200170582408999,0.4764354250926952,-0.018821440787674937,0.039476028400022733
Baseline (p=3),p90p100,Trinidad and Tobago,Upper middle income,growth,0.014963582533796137,0.6968732125649679,0.049364104902814704,0.04935030670120294,1.0002795970792098,0.3242413862101814,-0.05092778492385039,0.1496559947294798
Baseline (p=3),p90p100,Trinidad and Tobago,Upper middle income,life_exp,-0.0013560550664719903,0.6968732125649679,-0.004473557345249892,9.734915059338412e-4,-4.595373783933063,5.7128234526598614e-5,-0.006451930113051377,-0.0024951845774484056
Baseline (p=3),p90p100,Trinidad and Tobago,Upper middle income,gdp_x_debt,-0.01075990528709024,0.6968732125649679,-0.03549638545025113,0.17021529402189398,-0.20853816723240748,0.836053080498271,-0.38141548212814624,0.310422711227644
Baseline (p=3),p90p100,Turkey,Upper middle income,public_debt,-0.015808968164263942,0.8436785179796026,-0.10113113028317584,0.08036135831853335,-1.2584547150424716,0.21733193297708137,-0.2648218605679412,0.06255960000158954
Baseline (p=3),p90p100,Turkey,Upper middle income,growth,0.26616700664347864,0.8436785179796026,1.702689887553319,0.9674253561784537,1.7600219765577827,0.08796137594621066,-0.2678910777553385,3.673270852861976
Baseline (p=3),p90p100,Turkey,Upper middle income,life_exp,-4.6399069489342764e-4,0.8436785179796026,-0.002968182548530882,0.002278157307463372,-1.3028874427621606,0.20191134099701824,-0.007608637129750311,0.001672272032688547
Baseline (p=3),p90p100,Turkey,Upper middle income,gdp_x_debt,-0.7508866859145469,0.8436785179796026,-4.803477271387233,2.4236742261552453,-1.9818988953012666,0.05613481382231942,-9.740340116327712,0.13338557355324543
Baseline (p=3),p90p100,United Arab Emirates,High income,public_debt,-0.13226397133511264,0.8153063941183595,-0.7161264230223161,0.08858835951185393,-8.083753068330516,2.4946577274120093e-9,-0.8963607956251245,-0.5358920504195077
Baseline (p=3),p90p100,United Arab Emirates,High income,growth,0.00632753561212002,0.8153063941183595,0.03425963547527992,0.02693043469968859,1.2721530809777861,0.21221041612731645,-0.02053074588819699,0.08905001683875684
Baseline (p=3),p90p100,United Arab Emirates,High income,life_exp,4.935437861185311e-4,0.8153063941183595,0.002672229954916874,0.0011770078505819908,2.270358650195533,0.029841779388362955,2.775894776898486e-4,0.005066870432143899
Baseline (p=3),p90p100,United Arab Emirates,High income,gdp_x_debt,-0.07522660516290033,0.8153063941183595,-0.4073048701594398,0.4327106898185053,-0.9412868222189712,0.3533978627933766,-1.2876613879650445,0.47305164764616486
Baseline (p=3),p90p100,United Kingdom,High income,public_debt,-0.09402937363903027,0.37866358180886844,-0.15133407745963726,0.01935679413559327,-7.818137466336132,5.2016995806796775e-9,-0.1907157712380794,-0.11195238368119512
Baseline (p=3),p90p100,United Kingdom,High income,growth,-0.30378215810715165,0.37866358180886844,-0.48891735493557387,0.27820606296545913,-1.7573928825421599,0.0881257332488054,-1.0549318458819543,0.07709713601080659
Baseline (p=3),p90p100,United Kingdom,High income,life_exp,0.010974186294828802,0.37866358180886844,0.017662229306914683,0.0011482417849150493,15.381977505914742,1.301647767979153e-16,0.015326113830334482,0.019998344783494885
Baseline (p=3),p90p100,United Kingdom,High income,gdp_x_debt,1.1091399626524563,0.37866358180886844,1.785087643633452,0.6702114702857006,2.6634692522831593,0.011866185314259134,0.42153215481118145,3.1486431324557227
Baseline (p=3),p90p100,United States,High income,public_debt,-0.011415379355738048,0.6637830093798774,-0.03395241666604471,0.026385486384502287,-1.2867838087679488,0.20661568776898545,-0.08751780176596427,0.019612968433874847
Baseline (p=3),p90p100,United States,High income,growth,-0.05319442022912317,0.6637830093798774,-0.15821455105826376,0.4394645488756781,-0.36001664175879117,0.7209981314250724,-1.050375015915738,0.7339459137992105
Baseline (p=3),p90p100,United States,High income,life_exp,0.0073010149081513915,0.6637830093798774,0.021715187250606564,0.002360375044198962,9.19988851092773,7.173115994440949e-11,0.016923371159734,0.026507003341479127
Baseline (p=3),p90p100,United States,High income,gdp_x_debt,0.45212575354980294,0.6637830093798774,1.3447439188480537,0.7309263413714179,1.8397803482153154,0.07429440065755145,-0.13911544173707813,2.8286032794331852
Baseline (p=3),p90p100,Uruguay,Upper middle income,public_debt,0.0018308785385043615,0.8802433648727331,0.015288326501146797,0.08261772437189982,0.18504899060554017,0.8542900683348591,-0.15261109022597127,0.1831877432282649
Baseline (p=3),p90p100,Uruguay,Upper middle income,growth,-0.029182419571794082,0.8802433648727331,-0.2436810247781391,0.3712774202717796,-0.6563313885335704,0.51602863565865,-0.9982075235591104,0.5108454740028321
Baseline (p=3),p90p100,Uruguay,Upper middle income,life_exp,-6.273552724155698e-4,0.8802433648727331,-0.005238584665884037,0.00653576851736702,-0.8015254291769864,0.42839393078979826,-0.01852086434947477,0.008043695017706694
Baseline (p=3),p90p100,Uruguay,Upper middle income,gdp_x_debt,-0.08449889386120116,0.8802433648727331,-0.7055884107916286,1.1797683329377318,-0.5980736989563439,0.5537541134717529,-3.103166127671252,1.6919893060879951
Baseline (p=3),p90p100,Venezuela,Upper middle income,public_debt,-0.0024428380865291308,0.8623332738506501,-0.017744578917922253,0.012633329320325033,-1.4045845293824508,0.1689578165911724,-0.043391600931311614,0.007902443095467105
Baseline (p=3),p90p100,Venezuela,Upper middle income,growth,-0.0017709556690704042,0.8623332738506501,-0.012864079204942773,0.06310832354503454,-0.2038412444241666,0.8396581739777323,-0.14098078717230517,0.11525262876241961
Baseline (p=3),p90p100,Venezuela,Upper middle income,life_exp,-6.057699941623459e-4,0.8623332738506501,-0.004400264400165706,0.00542613812948939,-0.8109385155994507,0.4228813502468073,-0.0154159104366236,0.006615381636292188
Baseline (p=3),p90p100,Venezuela,Upper middle income,gdp_x_debt,0.003408250135713029,0.8623332738506501,0.024757254211272044,0.04921656343606415,0.5030268771901049,0.6180963666612024,-0.0751576814215177,0.1246721898440618
Baseline (p=3),p90p100,Zambia,Low income,public_debt,-0.01704395479134287,0.7582648973524679,-0.07050674314435101,0.031094726661871637,-2.2674823262172747,0.03521729535637632,-0.13558875401289974,-0.005424732275802285
Baseline (p=3),p90p100,Zambia,Low income,growth,-0.03539836534710443,0.7582648973524679,-0.1464345267171144,0.11013121895173227,-1.3296368469443072,0.19938186197168845,-0.3769418171243983,0.08407276369016947
Baseline (p=3),p90p100,Zambia,Low income,life_exp,0.0010534140907509106,0.7582648973524679,0.00435772082421504,0.0011474279277563382,3.797816593793438,0.0012158163628767922,0.0019561265707211443,0.006759315077708935
Baseline (p=3),p90p100,Zambia,Low income,gdp_x_debt,0.20197661670824096,0.7582648973524679,0.8355287026838549,0.355577246132795,2.3497811284916015,0.029745112934805997,0.09129697332765108,1.5797604320400587
Baseline (p=3),p99p100,Algeria,Lower middle income,public_debt,0.0036762984967198763,1.0341876279769422,-0.10753300870125741,0.16405002083454978,-0.6554891499203662,0.5169882491588579,-0.44211523207493264,0.2270492146724178
Baseline (p=3),p99p100,Algeria,Lower middle income,growth,0.17559642634886177,1.0341876279769422,-5.136256498031761,8.024644108804726,-0.6400603476478421,0.526836114533435,-21.502626060484722,11.230113064421198
Baseline (p=3),p99p100,Algeria,Lower middle income,life_exp,1.2382232194711084e-4,1.0341876279769422,-0.0036218459505474514,0.01084923109973303,-0.3338343443192555,0.74075236397780575,-0.025748998661515057,0.018505306760420153
Baseline (p=3),p99p100,Algeria,Lower middle income,gdp_x_debt,-0.2944640424525101,1.0341876279769422,8.613175580684073,13.792971944385698,0.6244611832325221,0.5368939453716337,-19.517776165658972,36.744127327027115
Baseline (p=3),p99p100,Argentina,Upper middle income,public_debt,0.005935783176367804,0.3570153146384896,0.009231608950422328,0.012321151928629866,0.7492488530209123,0.45886001561056367,-0.015807984405005138,0.03427120230584979
Baseline (p=3),p99p100,Argentina,Upper middle income,growth,0.005792690478322561,0.3570153146384896,0.009009064461723051,0.0704044437104298,0.12796158860052803,0.8989332528831149,-0.13406997970036627,0.1520881086238124
Baseline (p=3),p99p100,Argentina,Upper middle income,life_exp,-0.00161062491273124,0.3570153146384896,-0.0025049195562499055,0.0012243131856703388,-2.0459793993629223,0.0485554941246157,-0.004993023305513736,-1.681580698607507e-5
Baseline (p=3),p99p100,Argentina,Upper middle income,gdp_x_debt,-0.086877673788427,0.3570153146384896,-0.13511624112723786,0.12420196619063527,-1.0878752186567682,0.2843020178346407,-0.3875250049646213,0.11729252271014556
Baseline (p=3),p99p100,Australia,High income,public_debt,-0.02479873891119274,0.49565015983141875,-0.04916971700219761,0.026768330349584132,-1.8368615584184729,0.074734442734420245,-0.10351231667091262,0.0051728826665173935
Baseline (p=3),p99p100,Australia,High income,growth,0.042920948597927014,0.49565015983141875,0.08510154099301485,0.16396103938305734,0.5190351397699708,0.6070029103014458,-0.24775706498269645,0.4179601469687262
Baseline (p=3),p99p100,Australia,High income,life_exp,0.0032104879418358447,0.49565015983141875,0.00636559722267925,5.679329939827981e-4,11.208359595449132,3.947377175621487e-13,0.005212631948879817,0.007518562496478682
Baseline (p=3),p99p100,Australia,High income,gdp_x_debt,0.11455020641728984,0.49565015983141875,0.22712450226810996,0.6168533136405827,0.3681985607366728,0.7149428022350213,-1.0251543003211323,1.479403304857352
Baseline (p=3),p99p100,Austria,High income,public_debt,-0.0012588707622946454,0.1607329048085426,-0.0014999643969211805,0.012164498210188598,-0.12330672182308826,0.9025696029494437,-0.026195208656612155,0.023195279862769796
Baseline (p=3),p99p100,Austria,High income,growth,0.1041075915070898,0.1607329048085426,0.12404583964219437,0.1257158004168129,0.9867163811622585,0.3305541877804028,-0.1311708034903152,0.379262482774704
Baseline (p=3),p99p100,Austria,High income,life_exp,2.0456075360362978e-4,0.1607329048085426,2.4373736892063482e-4,5.701677185014422e-4,0.4274836350981844,0.6716457884113625,-9.137646368415524e-4,0.0014012393746828222
Baseline (p=3),p99p100,Austria,High income,gdp_x_debt,-0.17595372609509805,0.1607329048085426,-0.2096516438011414,0.1891746984701914,-1.108243573250239,0.2753144709561825,-0.5936966989898449,0.17439341138756206
Baseline (p=3),p99p100,Bahamas,High income,public_debt,-0.0150074951427044,0.5686772169875868,-0.0347941164570305,0.029478499410546748,-1.1803218329553755,0.24657198882258055,-0.09483985482154211,0.025251621907481127
Baseline (p=3),p99p100,Bahamas,High income,growth,0.011603643783451936,0.5686772169875868,0.026902459690189815,0.04547458713988758,0.5915932696086557,0.558279544416727,-0.06572624313512913,0.11953116251550876
Baseline (p=3),p99p100,Bahamas,High income,life_exp,0.0015325712798650304,0.5686772169875868,0.0035531887955497212,0.0017783093679071954,1.9980712353392671,0.05426725307381479,-6.910885092790238e-5,0.007175486442027345
Baseline (p=3),p99p100,Bahamas,High income,gdp_x_debt,0.12990338019840164,0.5686772169875868,0.3011743995787561,0.3622073257389174,0.8314972618633494,0.4118546669928176,-0.43661777946435903,1.0389665786218711
Baseline (p=3),p99p100,Bahrain,High income,public_debt,0.023395071788904244,0.7007211971145068,0.07817149615455862,0.024235116428386515,3.225546548767416,0.002835011561633583,0.028864781045540487,0.12747821126357675
Baseline (p=3),p99p100,Bahrain,High income,growth,-0.015991915997660904,0.7007211971145068,-0.053434843508711694,0.039358660372990094,-1.3576387763792233,0.18379035548974437,-0.13351064012467312,0.026640953107249732
Baseline (p=3),p99p100,Bahrain,High income,life_exp,-0.001109904999238421,0.7007211971145068,-0.0037085987665590892,0.0018869668018035085,-1.9653757358182018,0.05783353901203922,-0.007547661590607381,0.00013046405748920247
Baseline (p=3),p99p100,Bahrain,High income,gdp_x_debt,0.007119008855363899,0.7007211971145068,0.023787213750944117,0.16811776649108306,0.14149137385908458,0.8883420251181485,-0.31825095394818015,0.3658253814500684
Baseline (p=3),p99p100,Bangladesh,Low income,public_debt,0.05786265595576491,0.7307827760545546,0.21492924972545693,0.06304440075588787,3.409172696520304,0.0018261697870315691,0.08634934666381974,0.34350915278709415
Baseline (p=3),p99p100,Bangladesh,Low income,growth,0.056685919711047694,0.7307827760545546,0.2105582951948669,0.3188073198401705,0.6604562759111908,0.5138392473877871,-0.43965352042876127,0.8607701108184951
Baseline (p=3),p99p100,Bangladesh,Low income,life_exp,2.836560644861611e-4,0.7307827760545546,0.0010536326774680715,4.3272871496545447e-4,2.434857315979562,0.020848567483010554,1.7107664465418847e-4,0.0019361887102819545
Baseline (p=3),p99p100,Bangladesh,Low income,gdp_x_debt,-0.16851629949386465,0.7307827760545546,-0.6259491760007637,1.042095153465421,-0.6006641273776292,0.5524303694306867,-2.7513162539180183,1.499417901916491
Baseline (p=3),p99p100,Belgium,High income,public_debt,-0.00504039827501774,0.30807805955972034,-0.007284634263527565,0.0069683692676840575,-1.045385797407464,0.3039280736553071,-0.02149671708442469,0.006927448557369562
Baseline (p=3),p99p100,Belgium,High income,growth,-0.13665295395142887,0.30807805955972034,-0.1974976452755273,0.15616020738344796,-1.264711725123265,0.21540024235735347,-0.5159884880261211,0.12099319747506651
Baseline (p=3),p99p100,Belgium,High income,life_exp,4.857113592834106e-4,0.30807805955972034,7.019742125453424e-4,3.1632764307461166e-4,2.219136480524938,0.03392954387431742,5.681973102778827e-5,0.0013471286940628965
Baseline (p=3),p99p100,Belgium,High income,gdp_x_debt,0.14084173140082504,0.30807805955972034,0.2035514747678119,0.14150209671776737,1.438505007977408,0.16031108870419342,-0.08504395418135971,0.49214690371698355
Baseline (p=3),p99p100,Belize,Lower middle income,public_debt,0.006480372923451216,0.45889555794335346,0.011976196127350968,0.018045352819087028,0.6636720405202298,0.5113756910423285,-0.024696373057939657,0.04864876531264159
Baseline (p=3),p99p100,Belize,Lower middle income,growth,-0.0458760413402348,0.45889555794335346,-0.08478223014741428,0.09534969437740973,-0.8891714934274703,0.3801590443247659,-0.2785561230110277,0.10899166271619919
Baseline (p=3),p99p100,Belize,Lower middle income,life_exp,6.13971773101003e-4,0.45889555794335346,0.0011346640784677354,0.0011687080441351967,0.9708704275303824,0.3384693483599117,-0.001240436427221468,0.003509764584156939
Baseline (p=3),p99p100,Belize,Lower middle income,gdp_x_debt,0.09558415009221818,0.45889555794335346,0.1766463970040959,0.1861631891004031,0.9488793023889673,0.34937823472468876,-0.20168272188227448,0.5549755158904663
Baseline (p=3),p99p100,Bolivia,Lower middle income,public_debt,0.003822676567830172,0.3547078582072627,0.005923947186479121,0.00779726186360345,0.759747112525654,0.4524930753839643,-0.009905335941466283,0.021753230314424526
Baseline (p=3),p99p100,Bolivia,Lower middle income,growth,0.08916160459308556,0.3547078582072627,0.13817246301090638,0.08197555826585416,1.6855324432533971,0.10078290349695039,-0.028246767747352047,0.30459169376916484
Baseline (p=3),p99p100,Bolivia,Lower middle income,life_exp,5.957253948640282e-4,0.3547078582072627,9.231871214315367e-4,4.688120523331798e-4,1.9692051789987628,0.056886394445199516,-2.8551942869366057e-5,0.0018749261857324395
Baseline (p=3),p99p100,Bolivia,Lower middle income,gdp_x_debt,-0.10519756999528362,0.3547078582072627,-0.1630231691695887,0.09975848707255353,-1.634178443895438,0.11118576227132607,-0.3655436646858389,0.039497326346661504
Baseline (p=3),p99p100,Brazil,Upper middle income,public_debt,-0.021357081072138247,0.5935385023241687,-0.05254392161190958,0.02960688379706392,-1.7747197567992719,0.08464287633459674,-0.11264909113911564,0.0075612479152964845
Baseline (p=3),p99p100,Brazil,Upper middle income,growth,-0.2068540223786409,0.5935385023241687,-0.5089141863656049,0.2422837536215178,-2.100488285981413,0.04295988191128347,-1.0007763554789009,-0.017052017252309037
Baseline (p=3),p99p100,Brazil,Upper middle income,life_exp,4.042121664629256e-4,0.5935385023241687,9.944660657263543e-4,9.201370162260358e-4,1.0807804144269524,0.2871859325861161,-8.73511385990735e-4,0.0028624435174434437
Baseline (p=3),p99p100,Brazil,Upper middle income,gdp_x_debt,0.4884612157461343,0.5935385023241687,1.201740431847006,0.4653798373243185,2.5822786796186987,0.014158049867405535,0.2569691344470524,2.1465117292469595
Baseline (p=3),p99p100,Burkina Faso,Low income,public_debt,0.0602161762958496,0.8238026446652147,0.3417541437068413,0.2249998157874799,1.5189085489280574,0.14525086040526908,-0.12917588297379257,0.8126841703874752
Baseline (p=3),p99p100,Burkina Faso,Low income,growth,0.2646764962795932,0.8238026446652147,1.5021593018617807,1.3142791429912988,1.1429530095432137,0.26725614841351236,-1.2486585586261456,4.252977162349707
Baseline (p=3),p99p100,Burkina Faso,Low income,life_exp,-9.465292792184199e-4,0.8238026446652147,-0.005371983463769696,0.0013984538491319052,-3.8413734333130636,0.0011007402416946244,-0.008298981008982662,-0.0024449859185567296
Baseline (p=3),p99p100,Burkina Faso,Low income,gdp_x_debt,-1.1487435322385129,0.8238026446652147,-6.519641172001888,5.037325888982212,-1.2942663063078448,0.21108416931848129,-17.062885427535377,4.023603083531603
Baseline (p=3),p99p100,Canada,High income,public_debt,0.013241475604926486,0.9319218229004679,0.19450396836517955,0.21412877911987502,0.9083504289551431,0.3702793478157499,-0.24114430837835663,0.6301522451087157
Baseline (p=3),p99p100,Canada,High income,growth,-0.15811462090734918,0.9319218229004679,-2.3225448689112422,3.0222261931506837,-0.7684881013124896,0.44766228654499307,-8.471310291228388,3.8262205534059026
Baseline (p=3),p99p100,Canada,High income,life_exp,-8.327545452506187e-4,0.9319218229004679,-0.01223232731442132,0.01768936299454504,-0.6915075075452669,0.49408322662100757,-0.04822160692895744,0.023756952300114802
Baseline (p=3),p99p100,Canada,High income,gdp_x_debt,0.19316456346861202,0.9319218229004679,2.837393298386945,3.7615969712504684,0.7543055037721678,0.45601505608219073,-4.815633282461232,10.490419879235123
Baseline (p=3),p99p100,Chile,Upper middle income,public_debt,1.800880159544907e-4,0.61955930019158,4.7336685072122493e-4,0.021338205047375026,0.022184005152741625,0.9824347751866076,-0.04293953773827395,0.0438862714397164
Baseline (p=3),p99p100,Chile,Upper middle income,growth,0.0033551349866916633,0.61955930019158,0.008819074795050114,0.10055578703996212,0.08770330435129808,0.9306425485303659,-0.19576321218481074,0.21340136177491098
Baseline (p=3),p99p100,Chile,Upper middle income,life_exp,7.984604052565782e-4,0.61955930019158,0.0020987775641740274,0.0013036365440663048,1.609940725984497,0.1169365850780128,-5.534909270428581e-4,0.004751046055390912
Baseline (p=3),p99p100,Chile,Upper middle income,gdp_x_debt,-0.006113899651349066,0.61955930019158,-0.01607057198251361,0.2814328562350024,-0.05710268586797251,0.9548077585671995,-0.5886500231974864,0.5565088792324592
Baseline (p=3),p99p100,Colombia,Lower middle income,public_debt,-0.030492274710436255,0.579539372396568,-0.07252111781366558,0.0776150946801007,-0.9343687347489491,0.35651571740442756,-0.23008813687563898,0.08504590124830783
Baseline (p=3),p99p100,Colombia,Lower middle income,growth,0.05315361724824702,0.579539372396568,0.1264175852831105,0.38472819505786127,0.3285893441318953,0.7444240747381579,-0.6546221737252979,0.9074573442915189
Baseline (p=3),p99p100,Colombia,Lower middle income,life_exp,-0.0017063217852346215,0.579539372396568,-0.004058220135760207,0.003003412082642978,-1.3512032395464717,0.18530052690653076,-0.01015547081653659,0.0020390305450161753
Baseline (p=3),p99p100,Colombia,Lower middle income,gdp_x_debt,-0.187587527224944,0.579539372396568,-0.44614766498867503,1.0992005005987808,-0.4058837898505683,0.6872988179110817,-2.6776433159910056,1.7853479860136554
Baseline (p=3),p99p100,Costa Rica,Upper middle income,public_debt,-0.01992916680864864,0.6347124672250097,-0.05455747875448189,0.08926198901737961,-0.6112061735915314,0.5453808107853895,-0.23637820048755182,0.12726324297858804
Baseline (p=3),p99p100,Costa Rica,Upper middle income,growth,-0.2956534676621091,0.6347124672250097,-0.8093719087977351,0.5927318463918845,-1.365494217536304,0.1816203072013117,-2.0167271704440357,0.39798335284856545
Baseline (p=3),p99p100,Costa Rica,Upper middle income,life_exp,-7.564047044226595e-4,0.6347124672250097,-0.002070710430975999,0.0017009709256394661,-1.2173696797301414,0.23236514549498835,-0.005535474825667221,0.0013940539637152223
Baseline (p=3),p99p100,Costa Rica,Upper middle income,gdp_x_debt,0.856979630828772,0.6347124672250097,2.3460412796421775,1.7641113599492118,1.3298714201974864,0.19296258887680892,-1.2473359710151173,5.939418530299472
Baseline (p=3),p99p100,Cote d'Ivoire,Lower middle income,public_debt,0.018261149357442254,0.798045805353182,0.09042223356329766,0.09916824440984943,0.9118063358023598,0.36994035360969435,-0.11305419658260683,0.29389866370920215
Baseline (p=3),p99p100,Cote d'Ivoire,Lower middle income,growth,0.033677108271928026,0.798045805353182,0.1667561712735074,0.27093985065687065,0.6154730316312688,0.5433959571106716,-0.38916648243487084,0.7226788249818856
Baseline (p=3),p99p100,Cote d'Ivoire,Lower middle income,life_exp,-6.574849287425098e-4,0.798045805353182,-0.0032556141252343593,0.005480320357985976,-0.5940554406623778,0.5574201301955015,-0.014500302675838145,0.007989074425369426
Baseline (p=3),p99p100,Cote d'Ivoire,Lower middle income,gdp_x_debt,-0.3199562371132348,0.798045805353182,-1.5843010226788379,1.278075218908461,-1.2395992029576388,0.22579031726735355,-4.206694759192439,1.038092713834763
Baseline (p=3),p99p100,Cyprus,High income,public_debt,7.605052880294283e-4,0.30072685981547354,0.0010875654223308844,0.03604859106291908,0.030169429380267645,0.9761083325736837,-0.07217198583392619,0.07434711667858797
Baseline (p=3),p99p100,Cyprus,High income,growth,0.0043291415462318955,0.30072685981547354,0.006190916392254831,0.16642888994542215,0.03719856807483995,0.9705442347981691,-0.3320332813911722,0.3444151141756819
Baseline (p=3),p99p100,Cyprus,High income,life_exp,-7.011490662548463e-4,0.30072685981547354,-0.0010026826800037319,0.0022984566030086443,-0.4362417279017736,0.6654189967424744,-0.005673708491373104,0.0036683431313656407
Baseline (p=3),p99p100,Cyprus,High income,gdp_x_debt,0.09578497871530134,0.30072685981547354,0.13697791779908103,0.26523321078021445,0.5164433118919931,0.6088877637939716,-0.40204081849771894,0.67599665409588106
Baseline (p=3),p99p100,Denmark,High income,public_debt,0.01071428926758521,0.6821995307406915,0.03371388749852006,0.0376978188783941,0.8943193134667703,0.3774384677446595,-0.04289729793035018,0.1103250729273903
Baseline (p=3),p99p100,Denmark,High income,growth,-0.14481683431410813,0.6821995307406915,-0.4556847718054979,0.5053795302425804,-0.9016684383452784,0.3735763023078239,-1.48273954726255,0.5713700036515541
Baseline (p=3),p99p100,Denmark,High income,life_exp,0.002391129086851294,0.6821995307406915,0.0075239948273967405,0.001831841264989201,4.1073399596340545,2.3780321892004922e-4,0.003801245474680813,0.011246744180112667
Baseline (p=3),p99p100,Denmark,High income,gdp_x_debt,0.15045167980117125,0.6821995307406915,0.47341553696200045,0.8623711246520153,0.5489696065055906,0.5866137816565329,-1.2791334461062034,2.2259645200302045
Baseline (p=3),p99p100,Egypt,Lower middle income,public_debt,0.004388036057188303,0.7465080473164282,0.017310356446170058,0.036301215179396426,0.4768533604350232,0.6370403496896051,-0.05693396488416916,0.09155467777650927
Baseline (p=3),p99p100,Egypt,Lower middle income,growth,0.06225464647337905,0.7465080473164282,0.24558825562044603,0.2909545609610827,0.8440776965627127,0.405535335780539,-0.34948063697086695,0.8406571482117591
Baseline (p=3),p99p100,Egypt,Lower middle income,life_exp,7.498926302878902e-4,0.7465080473164282,0.0029582502416712372,9.781359338770974e-4,3.0243753850709068,0.00517420139436676,9.577376356706439e-4,0.0049587628476718305
Baseline (p=3),p99p100,Egypt,Lower middle income,gdp_x_debt,-0.06555742285398411,0.7465080473164282,-0.25861737289868897,0.30630365039418306,-0.844316979460981,0.4054038273765158,-0.8850786781783246,0.36784393238094676
Baseline (p=3),p99p100,El Salvador,Lower middle income,public_debt,-0.013830622102918015,0.11708005262278595,-0.015664638842969866,0.02752391773871141,-0.5691282393617283,0.5730099862526642,-0.07159996954237868,0.04027069185643896
Baseline (p=3),p99p100,El Salvador,Lower middle income,growth,-0.17393941008999034,0.11708005262278595,-0.19700473480828198,0.32541286398602015,-0.6053993452967654,0.548933727887273,-0.8583232409052249,0.464313771288661
Baseline (p=3),p99p100,El Salvador,Lower middle income,life_exp,5.690929175881836e-5,0.11708005262278595,6.445577759101724e-5,6.765760894875423e-4,0.0952675960509303,0.9246615635062796,-0.001310512265405694,0.0014394238205877286
Baseline (p=3),p99p100,El Salvador,Lower middle income,gdp_x_debt,0.4829096930717102,0.11708005262278595,0.5469461806885585,0.7560212539488296,0.7234534450344672,0.47434952807882214,-0.9894738615764469,2.083366222953564
Baseline (p=3),p99p100,Finland,High income,public_debt,0.05830265138846395,0.9622109301272067,1.542844308810037,2.774574931665911,0.5560651079203984,0.5819174309632702,-4.102070833583712,7.187759451203785
Baseline (p=3),p99p100,Finland,High income,growth,-0.0781829944346739,0.9622109301272067,-2.0689314317038194,4.48861546802745,-0.46092864190325133,0.647873287577918,-11.20108826577339,7.06322540236575
Baseline (p=3),p99p100,Finland,High income,life_exp,-0.00355577213795072,0.9622109301272067,-0.09409525426056443,0.18080430825870425,-0.52042595205158515,0.6062410900669939,-0.461944385257644,0.27375387673651513
Baseline (p=3),p99p100,Finland,High income,gdp_x_debt,0.05031578840004561,0.9622109301272067,1.3314905227733875,5.778812734529644,0.23040901028293348,0.819196384861203,-10.425592386722215,13.08857343226899
Baseline (p=3),p99p100,France,High income,public_debt,0.03445202266867234,0.9604030125420059,0.8700667621550822,2.4646759876986333,0.3530146625753831,0.7263923388167748,-4.150313938013722,5.890447462323888
Baseline (p=3),p99p100,France,High income,growth,0.12289941946118342,0.9604030125420059,3.1037568095694015,8.170024064556873,0.3798956753425112,0.7065326273212263,-13.53803762439792,19.74555124353672
Baseline (p=3),p99p100,France,High income,life_exp,-0.0027777757681612635,0.9604030125420059,-0.07015118943348976,0.21054773995711554,-0.3331842433824186,0.7411684718324798,-0.49902290134230515,0.35872052247532565
Baseline (p=3),p99p100,France,High income,gdp_x_debt,-0.1879391473960649,0.9604030125420059,-4.746299136908771,13.737711306785332,-0.3454941679087752,0.7319838610504925,-32.72910136052866,23.236503086711117
Baseline (p=3),p99p100,Germany,High income,public_debt,0.007742633761558454,0.7790397431334962,0.03504084341391889,0.0764977774247201,0.45806354894953477,0.6504420004182386,-0.12165775019434077,0.19173943702217855
Baseline (p=3),p99p100,Germany,High income,growth,0.00817001487463296,0.7790397431334962,0.036975042437468686,0.3903148990614718,0.09473131188785437,0.925202939893604,-0.7625487843491401,0.8364988692240776
Baseline (p=3),p99p100,Germany,High income,life_exp,7.322532740025058e-4,0.7790397431334962,0.0033139591906109467,0.004325294432001105,0.7661811797347949,0.4499799520178984,-0.005546004814267322,0.012173923195489217
Baseline (p=3),p99p100,Germany,High income,gdp_x_debt,-0.10326724104803142,0.7790397431334962,-0.46735663015825407,0.8014767870600431,-0.5831193587934091,0.5644804644178227,-2.109107404755153,1.1743941444386445
Baseline (p=3),p99p100,Ghana,Low income,public_debt,0.00680706819901967,0.9300560754938558,0.09732179380957824,0.16771544985418524,0.580279240190403,0.5662083252208023,-0.2456948156758224,0.44033840329497886
Baseline (p=3),p99p100,Ghana,Low income,growth,-0.0044406314021574545,0.9300560754938558,-0.0634884506912015,0.17855552210408981,-0.35556699643369527,0.7247382525485591,-0.4286754972649671,0.3016985958825641
Baseline (p=3),p99p100,Ghana,Low income,life_exp,-8.084809302776833e-5,0.9300560754938558,-0.0011558987231359357,0.007063065534742651,-0.1636539711333787,0.8711387775034551,-0.015601489719117479,0.013289692272845608
Baseline (p=3),p99p100,Ghana,Low income,gdp_x_debt,0.042360985159853294,0.9300560754938558,0.6056420977083167,0.9758201295399734,0.6206493178141671,0.5396779304204822,-1.3901341566166114,2.601418352033245
Baseline (p=3),p99p100,Greece,High income,public_debt,0.02936055269046591,0.4845341256140998,0.056959255984587884,0.01681603613394714,3.38719871501716,0.0019358621367468716,0.022662724174314815,0.09125578779486096
Baseline (p=3),p99p100,Greece,High income,growth,0.08862151156988347,0.4845341256140998,0.1719250797649071,0.14869514978647408,1.1562252031205533,0.25642222651203095,-0.13134067763853483,0.475190837168349
Baseline (p=3),p99p100,Greece,High income,life_exp,-0.005553866115422013,0.4845341256140998,-0.010774459360745475,0.003969804055562605,-2.7141035703381853,0.010756097600778801,-0.018870928111624403,-0.0026779906098665478
Baseline (p=3),p99p100,Greece,High income,gdp_x_debt,-0.08257579394139529,0.4845341256140998,-0.1601964320912066,0.1253429183018553,-1.2780652809232975,0.2107138140689266,-0.4158349993784069,0.0954421351959937
Baseline (p=3),p99p100,Guatemala,Lower middle income,public_debt,-0.017122242224295536,0.4948842082167703,-0.03389765773081105,0.030394428794318317,-1.115258916698168,0.2723387662084391,-0.09560162860079716,0.027806313139175066
Baseline (p=3),p99p100,Guatemala,Lower middle income,growth,-0.15657062498865965,0.4948842082167703,-0.3099697683889715,0.2602110631361724,-1.191224403194416,0.24158133748078245,-0.8382263106801656,0.21828677390222262
Baseline (p=3),p99p100,Guatemala,Lower middle income,life_exp,5.541518087588348e-4,0.4948842082167703,0.001097078764460108,3.748487552289865e-4,2.926723776339948,0.0059823581272379685,3.360953345749706e-4,0.0018580621943452456
Baseline (p=3),p99p100,Guatemala,Lower middle income,gdp_x_debt,0.24336521723002535,0.4948842082167703,0.4818008488130292,0.6161802364951204,0.7819154531043525,0.4395221481877558,-0.7691115345268857,1.7327132321529441
Baseline (p=3),p99p100,Guyana,Lower middle income,public_debt,-0.001674999080171588,0.4388249310904202,-0.002984806654768683,0.0033071229707960646,-0.9025387568367933,0.37294042651162074,-0.0096986232174806,0.003729009907943234
Baseline (p=3),p99p100,Guyana,Lower middle income,growth,0.014637085943984851,0.4388249310904202,0.0260829227008003,0.050768484605574996,0.5137620888911875,0.6106467993849307,-0.07698258040223296,0.12914842580383357
Baseline (p=3),p99p100,Guyana,Lower middle income,life_exp,6.333704448977121e-4,0.4388249310904202,0.0011286503624054704,0.0011869555378827559,0.9508783828741488,0.3481866448471125,-0.001280997485530962,0.003538298210341903
Baseline (p=3),p99p100,Guyana,Lower middle income,gdp_x_debt,-0.006714693945628349,0.4388249310904202,-0.011965417420762618,0.03191504413516367,-0.374914644331613,0.7099862488924149,-0.07675640155001798,0.052825566708492734
Baseline (p=3),p99p100,Haiti,Low income,public_debt,-0.0021463160152103773,0.5398372423925915,-0.0046642540703859476,0.00934073324090466,-0.4993456027585057,0.6206604588102956,-0.023626950678418013,0.01429844253764612
Baseline (p=3),p99p100,Haiti,Low income,growth,-0.008600941598018443,0.5398372423925915,-0.01869108582958468,0.05261027883306487,-0.3552744110878496,0.7245161960794817,-0.12549562999605085,0.0881134583368815
Baseline (p=3),p99p100,Haiti,Low income,life_exp,4.0957057958372937e-4,0.5398372423925915,8.900559048134828e-4,4.5197605444241573e-4,1.9692545568846742,0.0568804930855725,-2.7504266689373845e-5,0.0018076160763163393
Baseline (p=3),p99p100,Haiti,Low income,gdp_x_debt,0.01768018901632743,0.5398372423925915,0.03842159914951532,0.16228584417364084,0.23675262217205706,0.8142289289031135,-0.2910361797501926,0.3678793780492232
Baseline (p=3),p99p100,Honduras,Lower middle income,public_debt,-0.007548645926516618,0.38576977220151976,-0.012289603449788564,0.01087345469436068,-1.13023908180372,0.26606166976896195,-0.03436389003228109,0.009784683132703958
Baseline (p=3),p99p100,Honduras,Lower middle income,growth,-0.03899230222941742,0.38576977220151976,-0.06348157492862792,0.10313299921435609,-0.61553116279189235,0.542186170595062,-0.2728526942979286,0.1458895444406727
Baseline (p=3),p99p100,Honduras,Lower middle income,life_exp,7.799349205428123e-4,0.38576977220151976,0.001269776193428724,4.156610337274232e-4,3.05483576856377,0.004288172124538578,4.2593943339394916e-4,0.002113612953463499
Baseline (p=3),p99p100,Honduras,Lower middle income,gdp_x_debt,0.06497593595991595,0.38576977220151976,0.10578433463426613,0.19464728114545476,0.5434667980551771,0.590253462081977,-0.289370654031495,0.5009393233000272
Baseline (p=3),p99p100,Iceland,High income,public_debt,-0.007811049176098987,0.5354205261510901,-0.016813160321928665,0.025463245026505932,-0.660291345601357,0.5133893066510604,-0.06850629592921946,0.03487997528536213
Baseline (p=3),p99p100,Iceland,High income,growth,-0.05672950697526961,0.5354205261510901,-0.12210937023386258,0.18271858782880362,-0.6682919985583062,0.5083308496599235,-0.49304782402382336,0.24882908355609817
Baseline (p=3),p99p100,Iceland,High income,life_exp,0.001550295941602297,0.5354205261510901,0.003336987596026429,0.0040543860104551325,0.823056213054521,0.4160488791247634,-0.004893853587985811,0.01156782878003867
Baseline (p=3),p99p100,Iceland,High income,gdp_x_debt,0.00873528460274131,0.5354205261510901,0.018802562520405693,0.24865753905975752,0.07561629778651936,0.9401549432887708,-0.4859990789440273,0.5236042039848386
Baseline (p=3),p99p100,India,Low income,public_debt,-0.003021192727472241,0.5412442923784465,-0.006585624281680976,0.040912168045293094,-0.1609698189152468,0.8738164032799104,-0.09221577611847441,0.07904452755511245
Baseline (p=3),p99p100,India,Low income,growth,-0.5954442864235375,0.5412442923784465,-1.2979550478197954,0.4927148292546139,-2.6342926389761,0.016342054105597012,-2.3292190374133854,-0.26669105822620565
Baseline (p=3),p99p100,India,Low income,life_exp,0.004292015090438956,0.5412442923784465,0.00935577480374286,6.821542704301944e-4,13.71504249008472,2.6307566218124705e-11,0.007928009506915112,0.010783540100570607
Baseline (p=3),p99p100,India,Low income,gdp_x_debt,0.9553223493014825,0.5412442923784465,2.082420629171915,0.6344050809648681,3.2824778546930244,0.003916887278827894,0.7545955344735951,3.4102457238702346
Baseline (p=3),p99p100,Indonesia,Lower middle income,public_debt,-0.010814176886945283,0.5161026947113835,-0.02234808247277851,0.027106662596301383,-0.8244497969229098,0.41578732801789464,-0.07756254734510756,0.032866382399550545
Baseline (p=3),p99p100,Indonesia,Lower middle income,growth,-0.061903734495981536,0.5161026947113835,-0.12792742141653293,0.1800804173882366,-0.7103905203680938,0.48260753541606227,-0.4947392280988443,0.23888438526577846
Baseline (p=3),p99p100,Indonesia,Lower middle income,life_exp,8.199711789510376e-4,0.5161026947113835,0.0016945148691455776,0.0010113608673483945,1.675479963534964,0.10358630289399615,-3.655598038270959e-4,0.0037545895421182513
Baseline (p=3),p99p100,Indonesia,Lower middle income,gdp_x_debt,0.42254549628102683,0.5161026947113835,0.8732131625097665,0.5338937525345359,1.6355560602917547,0.11173257705943974,-0.21429282389286564,1.9607191489123987
Baseline (p=3),p99p100,Iran,Lower middle income,public_debt,-0.015328042540610322,0.26088200186724075,-0.02073828885148745,0.01646834495484963,-1.2592819077050241,0.21626228533871358,-0.05417080650948921,0.012694228806514309
Baseline (p=3),p99p100,Iran,Lower middle income,growth,0.07152610774858918,0.26088200186724075,0.09677224466091512,0.05812382177640469,1.6649325819142835,0.10485449423641839,-0.021225386747573946,0.21476987606940418
Baseline (p=3),p99p100,Iran,Lower middle income,life_exp,-0.0034907995476134612,0.26088200186724075,-0.004722925914985565,3.901158032489436e-4,-12.106471657011383,4.556194551999918e-14,-0.0055149031000969965,-0.0039309487298741334
Baseline (p=3),p99p100,Iran,Lower middle income,gdp_x_debt,-0.1461946593010148,0.26088200186724075,-0.1977961024766651,0.1696108541959732,-1.1661759703664123,0.25142858475032764,-0.5421244422972231,0.14653223734389295
Baseline (p=3),p99p100,Ireland,High income,public_debt,-0.0023739731912002793,0.5931155861732741,-0.005834514939693044,0.01812957760801175,-0.3218229936650415,0.7495571276788175,-0.042678249489824384,0.031009219610438295
Baseline (p=3),p99p100,Ireland,High income,growth,0.04106159317272139,0.5931155861732741,0.10091709531593833,0.15224580815806682,0.6628563146458701,0.5118916144759487,-0.20848361237993168,0.41031780301180837
Baseline (p=3),p99p100,Ireland,High income,life_exp,0.0011747177132801047,0.5931155861732741,0.0028871042324574397,8.667445621420344e-4,3.3309747283817703,0.0020938072151750506,0.0011256673550633,0.004648541109851579
Baseline (p=3),p99p100,Ireland,High income,gdp_x_debt,-0.07074847085682982,0.5931155861732741,-0.17387854745145995,0.21248678081431555,-0.8183028929381074,0.4188826511975543,-0.6057036410639502,0.2579465461610304
Baseline (p=3),p99p100,Italy,High income,public_debt,0.01334879039838597,0.7995970021898596,0.06660973410703401,0.033597169737650916,1.9825995649980992,0.05530492936411142,-0.001596146544143598,0.13481561475821163
Baseline (p=3),p99p100,Italy,High income,growth,-0.05003428364851248,0.7995970021898596,-0.24966833927262114,0.28381373392845033,-0.8796908303794866,0.3850270663664538,-0.8258408506671013,0.3265041721218591
Baseline (p=3),p99p100,Italy,High income,life_exp,-1.7020720553903443e-4,0.7995970021898596,-8.493246478293049e-4,0.002657757906947775,-0.3195643386514038,0.7511983365140029,-0.006244860046094019,0.0045462107504354084
Baseline (p=3),p99p100,Italy,High income,gdp_x_debt,0.04355324840144031,0.7995970021898596,0.21732832780626457,0.26332069304685923,0.8253370644425195,0.41477048058981925,-0.3172410988205392,0.7518977544330683
Baseline (p=3),p99p100,Jamaica,Lower middle income,public_debt,-0.0033266601529294846,0.5752532557700363,-0.007832102772113034,0.006542137129653375,-1.1971780194903994,0.23976660304753433,-0.02114218084040413,0.0054779752961780625
Baseline (p=3),p99p100,Jamaica,Lower middle income,growth,0.11490041383723534,0.5752532557700363,0.2705151137663028,0.20783884636117,1.3015618518985506,0.20207966807077785,-0.15233619855972036,0.6933664260923259
Baseline (p=3),p99p100,Jamaica,Lower middle income,life_exp,0.002131312285981705,0.5752532557700363,0.0050178425495541485,0.0025522740472348417,1.9660281210752142,0.05775489729184429,-1.7479804282807213e-4,0.010210483141936368
Baseline (p=3),p99p100,Jamaica,Lower middle income,gdp_x_debt,-0.054556244988191956,0.5752532557700363,-0.12844417462716196,0.11466822895952133,-1.1201374242250102,0.270741549221853,-0.3617384405767313,0.10485009132240741
Baseline (p=3),p99p100,Japan,High income,public_debt,0.010242695424971906,0.6810706730074383,0.03211587821527242,0.02167632958467195,1.4816105323468884,0.14793049212308812,-0.011984945917296326,0.07621670234784117
Baseline (p=3),p99p100,Japan,High income,growth,0.01992999901864942,0.6810706730074383,0.06249033040198978,0.28362685434178764,0.2203258592949916,0.8269747879951502,-0.5145528435238125,0.6395335043277921
Baseline (p=3),p99p100,Japan,High income,life_exp,-0.0015505225207112744,0.6810706730074383,-0.004861649241643546,0.00572984057667814,-0.848478971898739,0.40228414899847187,-0.01651909754684116,0.006795799063554068
Baseline (p=3),p99p100,Japan,High income,gdp_x_debt,0.03680533621041533,0.6810706730074383,0.11540279646742468,0.28435387975548165,0.405842173022786,0.687478157025931,-0.4631195217841725,0.6939251147190219
Baseline (p=3),p99p100,Jordan,Lower middle income,public_debt,0.009277749848899985,0.6606385746474259,0.027338846303055855,0.01037267139479128,2.6356610811737733,0.012695800187036798,0.006235487674937833,0.04844220493117388
Baseline (p=3),p99p100,Jordan,Lower middle income,growth,0.09072156443925412,0.6606385746474259,0.2673302198238955,0.09220858027196223,2.89919028180919,0.006605184397989542,0.07973045270450307,0.4549299869432879
Baseline (p=3),p99p100,Jordan,Lower middle income,life_exp,4.157670901230782e-4,0.6606385746474259,0.0012251454026960304,0.001361391127311976,0.8999216890116225,0.374682388869753,-0.0015446256716319846,0.0039949164770240455
Baseline (p=3),p99p100,Jordan,Lower middle income,gdp_x_debt,-0.062426510230323674,0.6606385746474259,-0.18395287609800276,0.09067785161967422,-2.0286417555363743,0.050627335303662695,-0.3684383523580712,5.326001620656884e-4
Baseline (p=3),p99p100,Kenya,Low income,public_debt,-0.18114336685874843,0.9827887228675228,-10.52469061211828,25.960389892429543,-0.40541342621311877,0.6879581186467296,-63.471254871421735,42.42187364718518
Baseline (p=3),p99p100,Kenya,Low income,growth,-0.9772672917354717,0.9827887228675228,-56.78063773032842,145.4982342261964,-0.39024966888639595,0.699020670433013,-353.52624286159005,239.96496740093323
Baseline (p=3),p99p100,Kenya,Low income,life_exp,-0.002219181167848097,0.9827887228675228,-0.12893762332491693,0.37724890634823705,-0.34178395524862065,0.734819683028866,-0.8983418404604857,0.6404665938106517
Baseline (p=3),p99p100,Kenya,Low income,gdp_x_debt,3.064353647022309,0.9827887228675228,178.0433621186638,469.05243612501056,0.3795809346808555,0.7068444789553143,-778.5953884232875,1134.682112660615
Baseline (p=3),p99p100,Lebanon,Upper middle income,public_debt,0.003361859859604633,0.4342025497820232,0.005941808076917732,0.002988714101095754,1.9880817890005884,0.05466875284569447,-1.256041149903537e-4,0.012009220268825819
Baseline (p=3),p99p100,Lebanon,Upper middle income,growth,0.011680235953180662,0.4342025497820232,0.02064384692557519,0.013484990356492896,1.530875913132216,0.13478948537050228,-0.006732138909520451,0.04801983276067083
Baseline (p=3),p99p100,Lebanon,Upper middle income,life_exp,1.1500573721373122e-4,0.4342025497820232,2.0326308853004657e-4,1.5061261700126312e-4,1.3495754378156903,0.18581742228784445,-1.0249677933875002e-4,5.090229563988432e-4
Baseline (p=3),p99p100,Lebanon,Upper middle income,gdp_x_debt,-0.016334192329116634,0.4342025497820232,-0.028869328277855957,0.013371117898797092,-2.1590811251805007,0.0377810477191784,-0.05601414073377399,-0.0017245158219379199
Baseline (p=3),p99p100,Luxembourg,High income,public_debt,-0.2523891421135764,0.5979673060024874,-0.6277826303229407,0.21699918765997683,-2.8930183430300853,0.006709188519673984,-1.0692707971512432,-0.18629446349463813
Baseline (p=3),p99p100,Luxembourg,High income,growth,-0.24376359712161816,0.5979673060024874,-0.6063277956273037,0.3493252519757126,-1.7357113240398079,0.0919452972320656,-1.3170353645572357,0.10437977330262838
Baseline (p=3),p99p100,Luxembourg,High income,life_exp,0.0017875434743805315,0.5979673060024874,0.004446263950840752,0.0024316035589507846,1.8285316019027689,0.07652097105690503,-5.008706871768732e-4,0.009393398588858378
Baseline (p=3),p99p100,Luxembourg,High income,gdp_x_debt,1.7348316344886885,0.5979673060024874,4.315150634240264,2.843613845300407,1.5174882628215647,0.13866604394831317,-1.4702252340621502,10.100526502542678
Baseline (p=3),p99p100,Malaysia,Upper middle income,public_debt,-0.005510411420149789,0.9276531549674756,-0.07616657530362955,0.09811053082556631,-0.7763343512945458,0.4427665764917539,-0.27534154177746134,0.12300839117020224
Baseline (p=3),p99p100,Malaysia,Upper middle income,growth,0.009003521156502749,0.9276531549674756,0.12444939585762316,0.5506130433164627,0.22601970180008316,0.8225008287971849,-0.9933545087771769,1.2422533004924232
Baseline (p=3),p99p100,Malaysia,Upper middle income,life_exp,-0.001250857314442244,0.9276531549674756,-0.017289728582910637,0.009320462586043195,-1.8550290206411981,0.07203123662190987,-0.036211273573797616,0.0016318164079763414
Baseline (p=3),p99p100,Malaysia,Upper middle income,gdp_x_debt,0.023681861301917937,0.9276531549674756,0.3273378582199606,0.9966718525163083,0.32843092477581975,0.7445428100406959,-1.696013571437353,2.350689287877274
Baseline (p=3),p99p100,Malta,High income,public_debt,-0.01569559049848731,0.6279500758811727,-0.04218678591498481,0.01564942014109064,-2.6957411542818175,0.010721508828510569,-0.0739567978159335,-0.01041677401403611
Baseline (p=3),p99p100,Malta,High income,growth,-0.009203609054342997,0.6279500758811727,-0.024737564659208205,0.08140797627987043,-0.30387150976660515,0.7630250199195487,-0.19000454272778897,0.14052941340937256
Baseline (p=3),p99p100,Malta,High income,life_exp,0.0014314969825853984,0.6279500758811727,0.003847593803374085,9.285699144053793e-4,4.143569314151145,2.0567423208614385e-4,0.001962496658204983,0.005732690948543187
Baseline (p=3),p99p100,Malta,High income,gdp_x_debt,0.015155617881042568,0.6279500758811727,0.04073544139791865,0.15081104571526935,0.2701091369317006,0.7886626383483135,-0.2654272581763745,0.3468981409722118
Baseline (p=3),p99p100,Mauritania,Low income,public_debt,0.05316407194180243,0.8127460142860702,0.28391423413022476,0.14595552680643356,1.9452105743604506,0.061174336369657176,-0.01416671811149145,0.581995186371941
Baseline (p=3),p99p100,Mauritania,Low income,growth,0.4417661630188615,0.8127460142860702,2.3591816288159175,1.661978940212629,1.4195015181805435,0.166060938050712,-1.0350321837330565,5.753395441364892
Baseline (p=3),p99p100,Mauritania,Low income,life_exp,7.112879859443851e-4,0.8127460142860702,0.0037985198725277248,0.008074762684433466,0.4704187628759065,0.6414580710419512,-0.012692345549059788,0.020289385294115236
Baseline (p=3),p99p100,Mauritania,Low income,gdp_x_debt,-1.0279970833374537,0.8127460142860702,-5.489854218152329,3.46545053922958,-1.5841675291585042,0.12364195051066622,-12.567248403095173,1.587539966790514
Baseline (p=3),p99p100,Mexico,Upper middle income,public_debt,-0.08295692484616601,0.9080880239978835,-0.9025692674070644,0.8146805905040674,-1.1078811474428496,0.275923028226454,-2.5600493913226496,0.7549108565085207
Baseline (p=3),p99p100,Mexico,Upper middle income,growth,-0.3476200421935166,0.9080880239978835,-3.7820973643903777,3.580384309950208,-1.056338380737395,0.29848587718079145,-11.066444013731669,3.5022492849509144
Baseline (p=3),p99p100,Mexico,Upper middle income,life_exp,-8.082260092032029e-4,0.9080880239978835,-0.008793478764775889,0.019074271963032498,-0.4610125504039353,0.6478137120217264,-0.047600376861274524,0.030013419331722746
Baseline (p=3),p99p100,Mexico,Upper middle income,gdp_x_debt,1.115897377978221,0.9080880239978835,12.14093556156952,12.409675277003217,0.9783443394420073,0.335022214625848,-13.106738625872378,37.38860974901142
Baseline (p=3),p99p100,Netherlands,High income,public_debt,-0.008056000191350138,0.4230959844484833,-0.013964195037971179,0.013072919317401328,-1.0681772524506807,0.2934327941868119,-0.04059286029194961,0.012664470216007256
Baseline (p=3),p99p100,Netherlands,High income,growth,0.08485356519642603,0.4230959844484833,0.14708437263225937,0.207133545265411,0.710094410076323,0.48278863627673263,-0.27483285226795856,0.5690015975324774
Baseline (p=3),p99p100,Netherlands,High income,life_exp,5.830697481405508e-4,0.4230959844484833,0.0010106876229369623,3.862315245570686e-4,2.6167921536079217,0.013438016023968742,2.2395975227124034e-4,0.0017974154936026845
Baseline (p=3),p99p100,Netherlands,High income,gdp_x_debt,-0.15787147039369195,0.4230959844484833,-0.2736529234291562,0.36432352694443293,-0.7511261370471254,0.45806531613209456,-1.0157556632692564,0.468449816410944
Baseline (p=3),p99p100,New Zealand,High income,public_debt,-0.07254510894783907,0.5763318662431703,-0.171230978135064,0.13055309929847225,-1.3115811042033818,0.1982003875706692,-0.43626786007854673,0.09380590380841874
Baseline (p=3),p99p100,New Zealand,High income,growth,-0.03529209122812477,0.5763318662431703,-0.08330126440045445,1.1177369334012905,-0.07452671725445041,0.9410156180054892,-2.3524278745966396,2.1858253457957306
Baseline (p=3),p99p100,New Zealand,High income,life_exp,1.2032932854942034e-4,0.5763318662431703,2.8401788796908917e-4,0.004966320541006527,0.05718879512991063,0.9547200547280041,-0.00979814881656079,0.01036618459249897
Baseline (p=3),p99p100,New Zealand,High income,gdp_x_debt,0.11577181180600327,0.5763318662431703,0.2732606079655076,2.3579157175618577,0.11589074449534004,0.9084015239347664,-4.5135627844029145,5.06008400033393
Baseline (p=3),p99p100,Norway,High income,public_debt,0.02576294284371247,0.911845072180243,0.29224620200912427,0.6016846902450409,0.4857132095053053,0.630286095216749,-0.9305242060818923,1.515016610100141
Baseline (p=3),p99p100,Norway,High income,growth,0.20071239007900257,0.911845072180243,2.276814184334453,4.071733365372616,0.5591756581354868,0.579706812959799,-5.9979435908498004,10.551571959518707
Baseline (p=3),p99p100,Norway,High income,life_exp,-8.400481939939072e-5,0.911845072180243,-9.529225589197732e-4,0.01810808470150939,-0.05262414963413237,0.9583393568079186,-0.03775297826782241,0.03584713314998286
Baseline (p=3),p99p100,Norway,High income,gdp_x_debt,-0.6770609969940572,0.911845072180243,-7.680353370357098,13.770816585493764,-0.5577267929374367,0.5806849053730365,-35.666019765048176,20.305313024333977
Baseline (p=3),p99p100,Pakistan,Low income,public_debt,-0.01465079371248815,0.7729668677259897,-0.06453152262730466,0.13753818164636278,-0.46918987771139553,0.6420191276733176,-0.34435505717019554,0.21529201191558622
Baseline (p=3),p99p100,Pakistan,Low income,growth,-0.35702817828479794,0.7729668677259897,-1.5725818285143256,1.593993938984559,-0.986567006343905,0.3310336649988095,-4.815586881419938,1.6704232243912869
Baseline (p=3),p99p100,Pakistan,Low income,life_exp,-2.7986577761254696e-4,0.7729668677259897,-0.0012327089654684056,0.0024033102142363033,-0.5129212858857348,0.6114230846648883,-0.006122280360848411,0.0036568624299115997
Baseline (p=3),p99p100,Pakistan,Low income,gdp_x_debt,0.662614265423252,0.7729668677259897,2.9185795869808597,2.7038643098202804,1.0794105223330719,0.2882312342057564,-2.582473713575798,8.419632887537517
Baseline (p=3),p99p100,Panama,Upper middle income,public_debt,0.004582540021663506,0.38025460280264767,0.007394230021532919,0.015168170874784826,0.4874833018808415,0.6291387889137587,-0.023465645657542323,0.03825410570060816
Baseline (p=3),p99p100,Panama,Upper middle income,growth,0.10215183018451388,0.38025460280264767,0.16482870328117102,0.09717152488788539,1.6962654797415928,0.09925105271159047,-0.032868250579710906,0.362525657142053
Baseline (p=3),p99p100,Panama,Upper middle income,life_exp,8.971630280531228e-4,0.38025460280264767,0.0014476316114816249,0.0010730274441347971,1.349109586520295,0.1864865024053132,-7.35459138193585e-4,0.0036307223611568348
Baseline (p=3),p99p100,Panama,Upper middle income,gdp_x_debt,-0.08765125187676559,0.38025460280264767,-0.14143106552004586,0.12552053670460667,-1.1267563797379403,0.2679724888683664,-0.39680451758961927,0.11394238654952754
Baseline (p=3),p99p100,Paraguay,Lower middle income,public_debt,0.023460236256599952,0.5479432520976876,0.05189666201303915,0.05236516787744885,0.9910531010708081,0.331155510917267,-0.05595142005196532,0.15974474407804362
Baseline (p=3),p99p100,Paraguay,Lower middle income,growth,0.15933697876325625,0.5479432520976876,0.3524711875281824,0.22194684845767523,1.5880882741860507,0.12483483484889242,-0.1046369035324935,0.8095792785888583
Baseline (p=3),p99p100,Paraguay,Lower middle income,life_exp,8.694736175266244e-4,0.5479432520976876,0.001923372721591392,9.248388224179342e-4,2.079684237911696,0.04796313583968981,1.8631511738695546e-5,0.0038281139314440883
Baseline (p=3),p99p100,Paraguay,Lower middle income,gdp_x_debt,-0.3707721183838723,0.5479432520976876,-0.8201893238058569,0.6237490221273615,-1.3149348451217047,0.20046658337230486,-2.1048244821193274,0.4644458345076139
Baseline (p=3),p99p100,Portugal,High income,public_debt,0.0010918791103636887,0.7904855345018909,0.005211473621965939,0.039479702190030067,0.1320038737091084,0.8957371729367216,-0.0749365827989765,0.08535953004290839
Baseline (p=3),p99p100,Portugal,High income,growth,0.012909071818052346,0.7904855345018909,0.06161422690963956,0.3320823026040365,0.18553902579718692,0.8538773607480371,-0.6125486884384442,0.7357771422577234
Baseline (p=3),p99p100,Portugal,High income,life_exp,4.751026885704254e-4,0.7904855345018909,0.002267636687714592,0.004167484381868297,0.5441260194232576,0.5898046145517839,-0.006192806396775717,0.0107280797722049
Baseline (p=3),p99p100,Portugal,High income,gdp_x_debt,0.008042961627141665,0.7904855345018909,0.03838857430688599,0.45332581976121006,0.08468208214371557,0.9329966812663768,-0.8819117664709323,0.9586889150847043
Baseline (p=3),p99p100,Singapore,High income,public_debt,-0.006079767509017703,0.8154359558274229,-0.03294123476906911,0.0871104902681364,-0.3781546248640329,0.7075996568692144,-0.20978493169618712,0.14390246215804892
Baseline (p=3),p99p100,Singapore,High income,growth,0.005587364713846843,0.8154359558274229,0.030273311028134832,0.34447098297613493,0.08788348663385728,0.9304701997325351,-0.6690399625639055,0.7295865846201751
Baseline (p=3),p99p100,Singapore,High income,life_exp,0.001040901722768849,0.8154359558274229,0.0056397860560291535,0.003943612361824268,1.4301065973482892,0.1615534706272694,-0.00236617266565635,0.013645744777714658
Baseline (p=3),p99p100,Singapore,High income,gdp_x_debt,0.020812554247186997,0.8154359558274229,0.11276602840218522,0.39690689482894714,0.2841120420716889,0.7779986231503317,-0.6929978055672853,0.9185298623716557
Baseline (p=3),p99p100,South Africa,Upper middle income,public_debt,0.044100224949834343,0.934866928865587,0.6770788507550355,0.15386842088656494,4.400375638183695,9.663031530625299e-5,0.36470934960585943,0.9894483519042115
Baseline (p=3),p99p100,South Africa,Upper middle income,growth,-0.07603352589000054,0.934866928865587,-1.1673566832599156,1.359464339855047,-0.8586887121911452,0.39635511986107763,-3.9272160177732647,1.5925026512534335
Baseline (p=3),p99p100,South Africa,Upper middle income,life_exp,-0.001012411427601884,0.934866928865587,-0.01554373853357234,0.0036990483036495234,-4.202091256347399,1.7331136749093953e-4,-0.023053205821792218,-0.008034271245352463
Baseline (p=3),p99p100,South Africa,Upper middle income,gdp_x_debt,0.28369937979469423,0.934866928865587,4.355688667117092,4.304585654741439,1.0118717610647063,0.31854382452555924,-4.383084798406196,13.09446213264038
Baseline (p=3),p99p100,South Korea,High income,public_debt,0.19459406584101638,0.616653116345357,0.5076187498535297,0.0638885126577811,7.945383743280896,1.5349248230181382e-8,0.37653034992975754,0.6387071497773019
Baseline (p=3),p99p100,South Korea,High income,growth,0.20151017694208068,0.616653116345357,0.5256601410737464,0.15833497348383702,3.3199243951457524,0.0025868759549473354,0.2007836106535128,0.8505366714939799
Baseline (p=3),p99p100,South Korea,High income,life_exp,7.837843695486478e-4,0.616653116345357,0.0020445826038193618,0.001207692560968127,1.6929661321920835,0.1019711728713009,-4.333978473012685e-4,0.004522563054939992
Baseline (p=3),p99p100,South Korea,High income,gdp_x_debt,-1.6793554441010143,0.616653116345357,-4.380772391028343,0.9820406235367469,-4.4608871425820595,1.295880083961749e-4,-6.395753310824368,-2.3657914712323187
Baseline (p=3),p99p100,Spain,High income,public_debt,0.0033312916822809653,0.6396780397533388,0.009245319602503561,0.013494219583840873,0.6851318481266374,0.4980453721295016,-0.018208876567961142,0.03669951577296826
Baseline (p=3),p99p100,Spain,High income,growth,0.05544463071177961,0.6396780397533388,0.15387524722008217,0.12754006879610844,1.206485527823216,0.23620860971537533,-0.10560697378334144,0.4133574682235058
Baseline (p=3),p99p100,Spain,High income,life_exp,3.487207481071532e-4,0.6396780397533388,9.678032054122756e-4,0.001164112442450457,0.8313657427928951,0.41174241638926345,-0.001400601366704292,0.003336207777528843
Baseline (p=3),p99p100,Spain,High income,gdp_x_debt,-0.10998427448088513,0.6396780397533388,-0.30523888803667293,0.24322981158856424,-1.2549402807292398,0.2183154056660649,-0.8000936605093272,0.18961588443598137
Baseline (p=3),p99p100,Sweden,High income,public_debt,0.05480690414467482,0.7742783386267315,0.24280746389706226,0.13477153787282237,1.8016227144798806,0.08047852305062292,-0.031081253957285948,0.5166961817514104
Baseline (p=3),p99p100,Sweden,High income,growth,0.04923555973649901,0.7742783386267315,0.2181250990133365,0.7673274843395088,0.28426597960464256,0.7779306900577511,-1.341271967884208,1.777522165910881
Baseline (p=3),p99p100,Sweden,High income,life_exp,9.809967767177724e-4,0.7742783386267315,0.004346046235658039,0.00233990660438537,1.857358848217631,0.07193957274013058,-4.092161134203959e-4,0.009101308584736473
Baseline (p=3),p99p100,Sweden,High income,gdp_x_debt,-0.4510451480525766,0.7742783386267315,-1.998235992542594,2.0478793957498374,-0.975758629482638,0.3360758676969927,-6.160027650300089,2.1635556652149006
Baseline (p=3),p99p100,Switzerland,High income,public_debt,0.011699511161842995,0.6125240988472963,0.030194164661693976,0.037622582699432555,0.8025542771190288,0.4276486301875335,-0.04618373875767823,0.10657206808106617
Baseline (p=3),p99p100,Switzerland,High income,growth,-0.15116977508152837,0.6125240988472963,-0.39013981161618766,0.44518882906054086,-0.8763468131926843,0.38681680785716355,-1.2939211830604782,0.5136415598281028
Baseline (p=3),p99p100,Switzerland,High income,life_exp,-1.556386491515774e-6,0.6125240988472963,-4.016731071237394e-6,0.0012890592563715565,-0.003116017399032289,0.997531474994876,-0.002620946147415625,0.0026129126852731505
Baseline (p=3),p99p100,Switzerland,High income,gdp_x_debt,0.25367597021377625,0.6125240988472963,0.6546883805137675,1.0606834187781327,0.6172325963838898,0.5410763482917387,-1.4986134373113977,2.807990198338933
Baseline (p=3),p99p100,Thailand,Lower middle income,public_debt,0.023527674340522376,0.951994921633268,0.4901080290044336,1.264141835773878,0.38770018927852423,0.7006545627953424,-2.0789372757458513,3.0591533337547188
Baseline (p=3),p99p100,Thailand,Lower middle income,growth,-0.060941411665661256,0.951994921633268,-1.2694784330962434,3.299529112158367,-0.3847453348474388,0.7028223265623847,-7.974928354614052,5.435971488421565
Baseline (p=3),p99p100,Thailand,Lower middle income,life_exp,-9.931637970021605e-4,0.951994921633268,-0.020688723584928754,0.04180605042277063,-0.49487390881727883,0.6238720959733869,-0.10564884001286405,0.06427139284300655
Baseline (p=3),p99p100,Thailand,Lower middle income,gdp_x_debt,0.01796674783190377,0.951994921633268,0.3742676492401046,5.209349248527668,0.07184537480298231,0.9431459327641657,-10.212403758198633,10.960939056678843
Baseline (p=3),p99p100,Togo,Low income,public_debt,-0.0011575228318083785,0.4660316171539808,-0.002167774102352,0.006607062633001844,-0.328099523610403,0.7449736477280607,-0.01562592028184275,0.011290372077138747
Baseline (p=3),p99p100,Togo,Low income,growth,0.0016543526802676328,0.4660316171539808,0.003098222167106661,0.04532117776010524,0.06836146632168781,0.9459232790325217,-0.08921799597733411,0.09541444031154743
Baseline (p=3),p99p100,Togo,Low income,life_exp,4.92777197934881e-4,0.4660316171539808,9.228583821918599e-4,2.506735107509054e-4,3.681515368047426,8.490145750235584e-4,4.122531498211364e-4,0.0014334636145625834
Baseline (p=3),p99p100,Togo,Low income,gdp_x_debt,-7.000602694905502e-4,0.4660316171539808,-0.0013110519123983918,0.06943426563765204,-0.018881915151810136,0.9850525497296878,-0.1427440227683978,0.14012191894360101
Baseline (p=3),p99p100,Trinidad and Tobago,Upper middle income,public_debt,-0.008352503834216882,0.2577775650525756,-0.011253370204052824,0.00818806322896692,-1.374362885259821,0.17806606241639425,-0.02787602228219367,0.0053692818740880225
Baseline (p=3),p99p100,Trinidad and Tobago,Upper middle income,growth,0.006127695257355235,0.2577775650525756,0.00825587447756048,0.030526311303820563,0.2704511002129237,0.7884017115208335,-0.053715832120563696,0.07022758107568466
Baseline (p=3),p99p100,Trinidad and Tobago,Upper middle income,life_exp,0.0017073186555389833,0.2577775650525756,0.0023002789664528555,4.931187839938241e-4,4.664756324678283,4.397477918122043e-5,0.001299194613497825,0.003301363319407886
Baseline (p=3),p99p100,Trinidad and Tobago,Upper middle income,gdp_x_debt,0.03309875247480109,0.2577775650525756,0.04459411480487739,0.10520054170705387,0.4238962469324175,0.6742354739374545,-0.16897433897084346,0.2581625685805983
Baseline (p=3),p99p100,Turkey,Upper middle income,public_debt,-0.017647799375595567,0.7970585522730806,-0.08696005460325026,0.06443119214061667,-1.3496577001627705,0.18604419625617763,-0.21789999105981345,0.04397988185331292
Baseline (p=3),p99p100,Turkey,Upper middle income,growth,0.1313364310475467,0.7970585522730806,0.6471641575370779,0.4400061903493796,1.4708069380187765,0.15053842360229122,-0.2470360068662557,1.5413643219404114
Baseline (p=3),p99p100,Turkey,Upper middle income,life_exp,-9.349062149372652e-4,0.7970585522730806,-0.004606778089980354,0.001750063464219895,-2.632349159996813,0.012661065019940927,-0.008163334956098781,-0.0010502212238619264
Baseline (p=3),p99p100,Turkey,Upper middle income,gdp_x_debt,-0.36331879393709926,0.7970585522730806,-1.790264127936969,1.0881773647197497,-1.645195154742109,0.10914491677703127,-4.001706602552504,0.4211783466785666
Baseline (p=3),p99p100,United Arab Emirates,High income,public_debt,8.328632711034761e-4,0.9406108840348502,0.014023836818722964,0.15202492942159798,0.09224695497033801,0.9270595714204044,-0.2952732076831741,0.3233208813206201
Baseline (p=3),p99p100,United Arab Emirates,High income,growth,-6.585642793788147e-4,0.9406108840348502,-0.01108897259499985,0.033538492214099706,-0.33063420156789297,0.7430109663165922,-0.07932354805797123,0.05714560286797154
Baseline (p=3),p99p100,United Arab Emirates,High income,life_exp,-3.996187664099941e-4,0.9406108840348502,-0.006728821601663419,0.00500191460906403,-1.345249195072231,0.18771680815522027,-0.016905293390339516,0.003447650187012677
Baseline (p=3),p99p100,United Arab Emirates,High income,gdp_x_debt,-0.021073016890065053,0.9406108840348502,-0.3548296105709154,0.6122296316698985,-0.579569482128941,0.5661409847822301,-1.600420161755098,0.890760940613267
Baseline (p=3),p99p100,United Kingdom,High income,public_debt,-0.031775328403685764,0.638282631913729,-0.08784573594516265,0.022145342986640622,-3.9667814582125183,3.43656379790393e-4,-0.1328031723161649,-0.042888299574160405
Baseline (p=3),p99p100,United Kingdom,High income,growth,0.07556640632217541,0.638282631913729,0.2089100855786182,0.2767350085066665,0.7549102179227375,0.4553529081235036,-0.35289184921519134,0.7707120203724278
Baseline (p=3),p99p100,United Kingdom,High income,life_exp,0.004966363239100748,0.638282631913729,0.01372995514530077,0.001440592611678122,9.530768819719945,2.936250013432818e-11,0.010805396662954148,0.01665451362764739
Baseline (p=3),p99p100,United Kingdom,High income,gdp_x_debt,0.04179738675811301,0.638282631913729,0.11555261219346308,0.5285007376864029,0.21864229120911588,0.8281986480017416,-0.9573609254698581,1.1884661498567843
Baseline (p=3),p99p100,United States,High income,public_debt,0.005178044943577244,0.6219231138962211,0.01369574584931361,0.03900152743487395,0.3511592173456084,0.727574017670068,-0.06548156421009724,0.09287305590872447
Baseline (p=3),p99p100,United States,High income,growth,0.18263236704175284,0.6219231138962211,0.4830561553863989,0.6497808877358844,0.7434139176816572,0.46219258112920303,-0.8360691764317657,1.8021814872045634
Baseline (p=3),p99p100,United States,High income,life_exp,0.005335124025662651,0.6219231138962211,0.01411121446921303,0.003464232782493511,4.073402497812504,2.523347495335029e-4,0.007078448032168208,0.021143980906257853
Baseline (p=3),p99p100,United States,High income,gdp_x_debt,-0.2194748346828214,0.6219231138962211,-0.5805031800398859,1.0475276530996787,-0.5541650173359648,0.5829896758765205,-2.707097373659018,1.5460910135792463
Baseline (p=3),p99p100,Uruguay,Upper middle income,public_debt,0.051114132254057906,0.19589463050207595,0.063566460557244,0.036087320980864014,1.7614624424725605,0.09424441540681788,-0.01196517031485804,0.13909809142934604
Baseline (p=3),p99p100,Uruguay,Upper middle income,growth,-0.14566095233061663,0.19589463050207595,-0.181146598264312,0.21757562980019074,-0.8325684196831552,0.4154311258723373,-0.6365376250891486,0.27424442856052456
Baseline (p=3),p99p100,Uruguay,Upper middle income,life_exp,4.1051196647856614e-4,0.19589463050207595,5.105201159580441e-4,0.004307858073882028,0.11850903794933727,0.9069082954182195,-0.008505930455654087,0.009526970687570175
Baseline (p=3),p99p100,Uruguay,Upper middle income,gdp_x_debt,-0.18889224278041186,0.19589463050207595,-0.23490981399409683,0.5506478859289121,-0.42660622150181715,0.6744607797275046,-1.3874290847523927,0.917609456764199
Baseline (p=3),p99p100,Venezuela,Upper middle income,public_debt,-0.013009070319065175,0.24301173441922208,-0.01718529983960099,0.009477868174302673,-1.8132030878204723,0.08563000388159564,-0.03702270591292745,0.002652106233725471
Baseline (p=3),p99p100,Venezuela,Upper middle income,growth,0.06739066842250663,0.24301173441922208,0.08902472004741452,0.033961351684502795,2.621353851708976,0.016800995257733195,0.017942794051530014,0.16010664604329902
Baseline (p=3),p99p100,Venezuela,Upper middle income,life_exp,0.0046993310700789576,0.24301173441922208,0.006207931197551033,0.0020203839850666777,3.072649181262519,0.006265355980633614,0.001979218917665158,0.010436643477436908
Baseline (p=3),p99p100,Venezuela,Upper middle income,gdp_x_debt,-0.06455993617413244,0.24301173441922208,-0.08528525356281534,0.05655957932784159,-1.5078834492114666,0.14803261029643228,-0.20366581360320274,0.033095306477572056
Baseline (p=3),p99p100,Zambia,Low income,public_debt,-4.734774263098188e-5,0.5854464424918692,-1.1421381332628711e-4,0.009794827776691429,-0.011660624967605823,0.9907735789897739,-0.020117920795877483,0.01988949316922491
Baseline (p=3),p99p100,Zambia,Low income,growth,2.5366187865398006e-4,0.5854464424918692,6.118916942330302e-4,0.0264038392183141,0.023174345562921504,0.9816646619414687,-0.05331194188193626,0.05453572527040232
Baseline (p=3),p99p100,Zambia,Low income,life_exp,2.1263230752294323e-4,0.5854464424918692,5.129187861782437e-4,4.991484164768015e-4,1.0275877259085369,0.3123582276522715,-5.064782763987071e-4,0.0015323158487551944
Baseline (p=3),p99p100,Zambia,Low income,gdp_x_debt,0.028530935393504188,0.5854464424918692,0.06882327959022423,0.09649900254782497,0.7132019790164709,0.48123229848599525,-0.12825397537374167,0.2659005345541901
Baseline (p=3),gini,Argentina,Upper middle income,public_debt,-0.2934460145010007,0.9777118684314214,-13.166021278997475,9.326527620369314,-1.4116745068381755,0.16868600391636349,-32.24091202634618,5.908869468351229
Baseline (p=3),gini,Argentina,Upper middle income,growth,0.3387105241043683,0.9777118684314214,15.196900783817913,36.51651456041709,0.4161651506655824,0.6803530573449356,-59.4877572225176,89.88155879015342
Baseline (p=3),gini,Argentina,Upper middle income,life_exp,0.002441104639271552,0.9777118684314214,0.10952486671036081,0.6689032972930583,0.16373796803452748,0.8710732469972102,-1.2585359846337063,1.4775857180544278
Baseline (p=3),gini,Argentina,Upper middle income,gdp_x_debt,-0.015411167402909237,0.9777118684314214,-0.6914517421745502,77.51537983720377,-0.008920187756632595,0.9929438968301423,-159.2282043063994,157.84530082205026
Baseline (p=3),gini,Australia,High income,public_debt,0.24798973820656833,0.7364258933695829,0.9408729156931142,3.489180032816184,0.26965444799181587,0.7892130075693198,-6.175356678133355,8.057102509519583
Baseline (p=3),gini,Australia,High income,growth,10.306775934886206,0.7364258933695829,39.103901618599956,27.021916181488653,1.4471180117636535,0.15790132006658586,-16.007659780942838,94.21546301814274
Baseline (p=3),gini,Australia,High income,life_exp,0.1435947350086445,0.7364258933695829,0.544798337152263,0.11337693641010142,4.8051954339429805,3.7512378431213886e-5,0.31356455083263063,0.7760321234718954
Baseline (p=3),gini,Australia,High income,gdp_x_debt,-27.824553937880868,0.7364258933695829,-105.56634069103146,85.268882620831,-1.2380406245084516,0.2249954852038046,-279.4733733554133,68.34069197335035
Baseline (p=3),gini,Austria,High income,public_debt,-0.3737916068744387,0.7912028318971418,-1.7902139682771008,6.982081567744474,-0.2564011822129744,0.802373121704834,-17.157671885432052,13.57724394887785
Baseline (p=3),gini,Austria,High income,growth,16.428580989288555,0.7912028318971418,78.68201057782291,83.11280564375555,0.9466893815987364,0.3641297118135599,-104.24804125766367,261.6120624133095
Baseline (p=3),gini,Austria,High income,life_exp,0.21292148858440021,0.7912028318971418,1.0197527606289674,0.4608210088482256,2.2129042319006547,0.04896931187427159,0.005492558695564975,2.03401296256237
Baseline (p=3),gini,Austria,High income,gdp_x_debt,-36.19739552302829,0.7912028318971418,-173.36152521568988,135.16745177599165,-1.282568569118222,0.2260109964591164,-470.86308070204973,124.14003027066997
Baseline (p=3),gini,Bangladesh,Low income,public_debt,2.0267824296268317,0.8959856233433011,19.485598960192394,11.801267882935884,1.6511445340858433,0.11073819061437311,-4.772254586492963,43.74345250687775
Baseline (p=3),gini,Bangladesh,Low income,growth,-4.483351873587972,0.8959856233433011,-43.1031941707957,36.802374882048966,-1.1712068666476216,0.25213779635797795,-118.75155915281837,32.54517081122697
Baseline (p=3),gini,Bangladesh,Low income,life_exp,0.0017699909050709727,0.8959856233433011,0.017016790966433958,0.10976729561744696,0.1550260564470828,0.8779980132179304,-0.20861311657544304,0.24264669850831097
Baseline (p=3),gini,Bangladesh,Low income,gdp_x_debt,11.981337094056517,0.8959856233433011,115.18924094119328,117.50884621746702,0.9802601646519362,0.3359916887855565,-126.35365175976835,356.7321336421549
Baseline (p=3),gini,Belgium,High income,public_debt,1.110581950744363,0.9750340616321644,44.4838857799618,162.6599325643406,0.27347783242419627,0.7864931271667532,-288.70988176876637,377.6776533286899
Baseline (p=3),gini,Belgium,High income,growth,28.507858834414474,0.9750340616321644,1141.87011176564,3752.749064418924,0.30427563691697235,0.763167852159476,-6545.287873155506,8829.028096686787
Baseline (p=3),gini,Belgium,High income,life_exp,0.0010403298122859555,0.9750340616321644,0.04166996637411581,1.0600051957905412,0.03931109634140875,0.9689213193739242,-2.1296522470232953,2.2129921797715273
Baseline (p=3),gini,Belgium,High income,gdp_x_debt,-24.437799032966964,0.9750340616321644,-978.8456044756957,3208.4178366320125,-0.30508669827843365,0.7625565250542341,-7550.991614895958,5593.300405944567
Baseline (p=3),gini,Belize,Lower middle income,public_debt,-0.2381257442147779,0.9899002413014352,-23.57736965028832,170.99753417254658,-0.13788134293502363,0.8928257704193859,-399.9404047763262,352.7856654757496
Baseline (p=3),gini,Belize,Lower middle income,growth,4.3117314927514805,0.9899002413014352,426.91430770164584,3833.7907955165015,0.11135566087771633,0.91334022332758,-8011.202340126093,8865.030955529384
Baseline (p=3),gini,Belize,Lower middle income,life_exp,0.006023013905142743,0.9899002413014352,0.5963522579998479,9.3314595769505,0.06390771487376838,0.9501902779871977,-19.942051792863207,21.1347563088629
Baseline (p=3),gini,Belize,Lower middle income,gdp_x_debt,-5.787969376583575,0.9899002413014352,-573.0799664952433,5150.865191332327,-0.11125897207707933,0.9134151309721351,-11910.057814250275,10763.897881259789
Baseline (p=3),gini,Bolivia,Lower middle income,public_debt,4.4428041970612515,0.8408749464855956,27.920205517222826,4.775694974527304,5.846312561029163,2.4488180167744596e-4,17.116832923256496,38.723578111189155
Baseline (p=3),gini,Bolivia,Lower middle income,growth,25.161404250774225,0.8408749464855956,158.1234613598829,32.74778488072781,4.828523881410347,9.358215475473193e-4,84.04282522616973,232.20409749359607
Baseline (p=3),gini,Bolivia,Lower middle income,life_exp,-0.18013068551916062,0.8408749464855956,-1.1320070695395223,0.7269752721056013,-1.5571465949052055,0.15386191726383586,-2.7765393885103826,0.5125252494313377
Baseline (p=3),gini,Bolivia,Lower middle income,gdp_x_debt,-50.52581427727408,0.8408749464855956,-317.52268521751256,60.578255594318286,-5.241529028896194,5.336747040695908e-4,-454.5602200200201,-180.48515041500502
Baseline (p=3),gini,Brazil,Upper middle income,public_debt,4.515992608301057,0.9021930557289009,46.17251506992927,12.870541991854276,3.5874569306523143,0.0012103914879134164,19.849301077875214,72.49572906198333
Baseline (p=3),gini,Brazil,Upper middle income,growth,27.42056035489805,0.9021930557289009,280.3539212808279,75.2117310965838,3.727529165906432,8.338516694104673e-4,126.52865940598065,434.1791831556751
Baseline (p=3),gini,Brazil,Upper middle income,life_exp,-0.14506099093748814,0.9021930557289009,-1.4831359063361724,0.24123899009594527,-6.147994176838087,1.0621177962276527e-6,-1.9765250397185574,-0.9897467729537874
Baseline (p=3),gini,Brazil,Upper middle income,gdp_x_debt,-47.046924908998136,0.9021930557289009,-481.01824731988864,130.13407296370048,-3.6963282279965495,9.063084749838718e-4,-747.1723107967089,-214.86418384306842
Baseline (p=3),gini,Burkina Faso,Low income,public_debt,-0.31717385991693037,0.5910300816160097,-0.7755432506386185,1.5883759007168665,-0.4882617838060877,0.634164611258055,-4.236317041454767,2.68523054017753
Baseline (p=3),gini,Burkina Faso,Low income,growth,-6.077287343408523,0.5910300816160097,-14.85998620001785,11.131938778745596,-1.3348965077305563,0.2066838448094414,-39.1143972302189,9.394424830183194
Baseline (p=3),gini,Burkina Faso,Low income,life_exp,-0.13001707371512525,0.5910300816160097,-0.317913538063818,0.03542938929763829,-8.973158848239306,1.1394574015055082e-6,-0.3951075460127871,-0.24071953011484892
Baseline (p=3),gini,Burkina Faso,Low income,gdp_x_debt,28.204864068223813,0.5910300816160097,68.9656202091169,35.51503460395839,1.9418711252341063,0.07599613921854023,-8.414992832063206,146.34623325029702
Baseline (p=3),gini,Canada,High income,public_debt,-1.1487416963374786,0.9204886056165001,-14.447510388220088,18.178896134775034,-0.7947407962017534,0.4339593708346219,-51.8147665552813,22.919745778841126
Baseline (p=3),gini,Canada,High income,growth,-49.447714508708096,0.9204886056165001,-621.8946968809472,755.9557843412142,-0.8226601472768729,0.4181827115626139,-2175.7840659066756,931.9946721447812
Baseline (p=3),gini,Canada,High income,life_exp,-0.007944467908206132,0.9204886056165001,-0.0999160934077992,0.9324304126073326,-0.1071566221530744,0.9154873159010094,-2.016554256008092,1.8167220691924935
Baseline (p=3),gini,Canada,High income,gdp_x_debt,62.04967816353713,0.9204886056165001,780.387246942982,930.6674301610396,0.8385242909037295,0.4093795085436681,-1132.6270533391448,2693.4015472251085
Baseline (p=3),gini,Chile,Upper middle income,public_debt,0.04211378705393848,0.9735079304200818,1.5896752394860827,12.280934345132536,0.12944253220571442,0.8979669870045989,-23.60872062074768,26.788071099719847
Baseline (p=3),gini,Chile,Upper middle income,growth,-0.33035877840708094,0.9735079304200818,-12.470100813018497,29.63304007633736,-0.42081746526493413,0.6772191938930396,-73.27207673773077,48.33187511169377
Baseline (p=3),gini,Chile,Upper middle income,life_exp,-0.004211776652672598,0.9735079304200818,-0.15898254532236503,0.39543950282999163,-0.4020401203840154,0.690819506037121,-0.9703573846507338,0.6523922940060038
Baseline (p=3),gini,Chile,Upper middle income,gdp_x_debt,6.6671998474430545,0.9735079304200818,251.66776145329877,277.1071089306053,0.9081966984698425,0.37180976807455024,-316.9090609841437,820.2445838907413
Baseline (p=3),gini,Colombia,Lower middle income,public_debt,-3.6157744062694728,0.9803908908324074,-184.39258894254888,503.5486443818039,-0.366186248339371,0.7168840908642293,-1214.2652026879537,845.480024802856
Baseline (p=3),gini,Colombia,Lower middle income,growth,-19.37420145520702,0.9803908908324074,-988.0204801565477,2629.391915150613,-0.37576006622046426,0.7098300301056738,-6365.730765806659,4389.689805493564
Baseline (p=3),gini,Colombia,Lower middle income,life_exp,0.030167187902894736,0.9803908908324074,1.53842725057348,7.027420932706163,0.21891776020040582,0.8282475506140647,-12.834262348741014,15.911116849887975
Baseline (p=3),gini,Colombia,Lower middle income,gdp_x_debt,42.531163598947536,0.9803908908324074,2168.949299809983,5561.704366245104,0.3899792504207329,0.6994015196751693,-9206.013330813385,13543.91193043335
Baseline (p=3),gini,Costa Rica,Upper middle income,public_debt,-0.03304765015710673,0.9106308244938675,-0.36978801661697086,12.6640933709287,-0.029199722853105674,0.9769124382551004,-26.311007321989134,25.57143128875519
Baseline (p=3),gini,Costa Rica,Upper middle income,growth,0.9925398702238373,0.9106308244938675,11.106064978251128,53.10314066376789,0.2091413961477567,0.8358520051909222,-97.67078760916849,119.88291756567074
Baseline (p=3),gini,Costa Rica,Upper middle income,life_exp,0.13308440383748893,0.9106308244938675,1.489153313586927,0.3801963100328601,3.916801069053565,5.249948325220933e-4,0.7103564768314174,2.2679501503424366
Baseline (p=3),gini,Costa Rica,Upper middle income,gdp_x_debt,0.9339985780397599,0.9106308244938675,10.45101482418475,180.045254780978,0.05804659965572673,0.9541237922161894,-358.35497091551497,379.2570005638845
Baseline (p=3),gini,Cyprus,High income,public_debt,-0.4254628059047314,1.0109974493338267,38.68740768789565,424.6193103515689,0.09111080618510713,0.9280771439181272,-832.5594511782664,909.9342665540577
Baseline (p=3),gini,Cyprus,High income,growth,2.3894592949363735,1.0109974493338267,-217.2739534781674,2498.3522556251023,-0.08696690108008977,0.9313395963849108,-5343.469352487106,4908.921445530771
Baseline (p=3),gini,Cyprus,High income,life_exp,0.03177045880827469,1.0109974493338267,-2.888893400995525,31.916716338055718,-0.09051349049811147,0.9285473268140216,-68.37658596926315,62.59879916727209
Baseline (p=3),gini,Cyprus,High income,gdp_x_debt,-2.806896838725202,1.0109974493338267,255.2316226719544,2935.3322052088574,0.08695152876360511,0.9313517011516879,-5767.57257198295,6278.035817326858
Baseline (p=3),gini,Denmark,High income,public_debt,-3.1807510112728568,0.9415915606846584,-54.45704505303227,71.03467737259889,-0.7666262038101221,0.44910285140638095,-199.33322471487838,90.41913460881386
Baseline (p=3),gini,Denmark,High income,growth,-44.101897097199085,0.9415915606846584,-755.0603579578145,969.857525635477,-0.7785270908354074,0.4421606412478959,-2733.097822580119,1222.9771066644898
Baseline (p=3),gini,Denmark,High income,life_exp,0.040941110676741624,0.9415915606846584,0.7009451229419861,0.7103706693648666,0.9867315095775171,0.33141364878793456,-0.7478654091532764,2.1497556550372483
Baseline (p=3),gini,Denmark,High income,gdp_x_debt,75.86372575342894,0.9415915606846584,1298.848704788155,1687.3173612509988,0.7697714340028907,0.44726184507968647,-2142.457741821363,4740.155151397673
Baseline (p=3),gini,Egypt,Lower middle income,public_debt,-2.4601467446224,1.0059948946051032,410.37364402173085,4043.218968268734,0.10149676464281349,0.9199061259171878,-7885.626419883991,8706.373707927452
Baseline (p=3),gini,Egypt,Lower middle income,growth,-2.4679339346644094,1.0059948946051032,411.6726143214556,4371.804164672724,0.09416538317248108,0.9256731220916001,-8558.52858282964,9381.873811472553
Baseline (p=3),gini,Egypt,Lower middle income,life_exp,-0.028605522136366666,1.0059948946051032,4.771647213283145,48.201155782679145,0.09899445637355056,0.9218740025890446,-94.12895515123807,103.67224957780437
Baseline (p=3),gini,Egypt,Lower middle income,gdp_x_debt,7.157220247328423,1.0059948946051032,-1193.885917733371,11987.255506957168,-0.0995962684736688,0.9214006761385185,-25789.70257575444,23401.930740287695
Baseline (p=3),gini,El Salvador,Lower middle income,public_debt,-6.593904814304992,0.7117834403252621,-22.878299642971367,1.2216156168374088,-18.727903710170363,2.615822176024495e-11,-25.49840455571674,-20.258194730225995
Baseline (p=3),gini,El Salvador,Lower middle income,growth,-28.555103597953668,0.7117834403252621,-99.07516636163815,23.23785691558246,-4.263524245009099,7.872294030646077e-4,-148.9154125299181,-49.23492019335822
Baseline (p=3),gini,El Salvador,Lower middle income,life_exp,-0.24493515409654643,0.7117834403252621,-0.8498302608738512,0.18363186847475077,-4.627901833884036,3.9115361260212635e-4,-1.2436814478559697,-0.45597907389173264
Baseline (p=3),gini,El Salvador,Lower middle income,gdp_x_debt,56.12082773320644,0.7117834403252621,194.71756861070259,43.19624806476997,4.507742624283855,4.918506962441774e-4,102.07083079338877,287.3643064280164
Baseline (p=3),gini,Finland,High income,public_debt,0.888013342185678,0.8899339201613766,8.068001908377811,8.262216859203521,0.9764936028507447,0.33817500375364684,-8.948352244360107,25.084356061115727
Baseline (p=3),gini,Finland,High income,growth,-5.66991862216964,0.8899339201613766,-51.513769096553254,43.8401588545969,-1.1750360957269144,0.2510508477454275,-141.8042664164244,38.77672822331791
Baseline (p=3),gini,Finland,High income,life_exp,0.019168827319345293,0.8899339201613766,0.17415744566764105,0.5076798146315717,0.3430458344971403,0.7344319042554568,-0.8714287050207287,1.2197435963560108
Baseline (p=3),gini,Finland,High income,gdp_x_debt,23.252148743578807,0.8899339201613766,211.25626330719356,123.61687645078722,1.7089597259909428,0.0998460582779213,-43.337459514143944,465.8499861285311
Baseline (p=3),gini,France,High income,public_debt,0.5622987233013482,0.8419143667780655,3.556924888373278,7.039731154736188,0.5052643077115596,0.6173274442047543,-10.863310685306814,17.97716046205337
Baseline (p=3),gini,France,High income,growth,-2.7988940493863903,0.8419143667780655,-17.704923542653983,26.305965105483054,-0.6730383573330171,0.5064403066011798,-71.59025033654197,36.180403251234
Baseline (p=3),gini,France,High income,life_exp,-0.020255053784953625,0.8419143667780655,-0.12812710030719746,0.584125207354792,-0.21934869218779374,0.8279696258456799,-1.3246533467553816,1.0683991461409865
Baseline (p=3),gini,France,High income,gdp_x_debt,-2.933767705834825,0.8419143667780655,-18.55809187743294,46.75386545709654,-0.39693171240488523,0.6944272211314935,-114.32904378628348,77.21286003141759
Baseline (p=3),gini,Germany,High income,public_debt,-0.3970746846859339,0.9240638713914582,-5.2290614752418145,8.090424026123765,-0.646327245439462,0.522537361679746,-21.68915291924228,11.231029968758651
Baseline (p=3),gini,Germany,High income,growth,0.6764004111799146,0.9240638713914582,8.907491382222354,58.62286573532706,0.15194568314756676,0.8801549391556263,-110.3616257366192,128.17660850106392
Baseline (p=3),gini,Germany,High income,life_exp,0.07778496547111956,0.9240638713914582,1.0243472625804861,0.45220394839092826,2.265232902599388,0.030187809324489123,0.10433141201215146,1.9443631131488208
Baseline (p=3),gini,Germany,High income,gdp_x_debt,1.0710815101583024,0.9240638713914582,14.105031817987884,88.90664604934659,0.15864991476744103,0.8749116368967047,-166.77689961432154,194.9869632502973
Baseline (p=3),gini,Ghana,Low income,public_debt,-0.03661168101617351,1.1667024696041954,0.21962290722567732,2.4228252819908884,0.0906474391109244,0.9303120714631181,-5.509448511942102,5.948694326393456
Baseline (p=3),gini,Ghana,Low income,growth,-7.169092530238771,1.1667024696041954,43.00531688139037,21.666567341858592,1.9848698782250807,0.08755098201635142,-8.227973703936648,94.23860746671738
Baseline (p=3),gini,Ghana,Low income,life_exp,-0.1148243191316938,1.1667024696041954,0.688797948850567,0.12206071087380639,5.6430766617661865,7.80080093404513e-4,0.4001702317517094,0.9774256659494246
Baseline (p=3),gini,Ghana,Low income,gdp_x_debt,6.5124472328928515,1.1667024696041954,-39.0662912694423,33.71136035074574,-1.1588464797321092,0.2845193947732387,-118.7809915089991,40.64840897011449
Baseline (p=3),gini,Greece,High income,public_debt,-0.0444744451043545,0.940872912133172,-0.7521839263338043,5.637228287200192,-0.13343151776231985,0.8947431778536707,-12.26493998716496,10.76057213449735
Baseline (p=3),gini,Greece,High income,growth,3.724406582650332,0.940872912133172,62.9898531623749,76.3379290728742,0.8251449040783267,0.41580267021336403,-92.91299675423356,218.89270307898335
Baseline (p=3),gini,Greece,High income,life_exp,-0.03807169493322817,0.940872912133172,-0.6438959926282368,1.2074468184140577,-0.5332706855561336,0.5977751297781009,-3.1098313723238293,1.8220393870673555
Baseline (p=3),gini,Greece,High income,gdp_x_debt,-3.4835920575082175,0.940872912133172,-58.917024044111855,72.96301392975899,-0.8074916436542888,0.4257396957538483,-207.92737772158216,90.09332963335845
Baseline (p=3),gini,Guatemala,Lower middle income,public_debt,0.26246903008243927,0.9776285958938082,11.732344954145967,28.947237865213925,0.4053010172775344,0.6879532979928707,-47.23124905457909,70.69593896287103
Baseline (p=3),gini,Guatemala,Lower middle income,growth,3.1779046788632743,0.9776285958938082,142.05208862968604,253.7613595189129,0.5597861270092181,0.5795230629227877,-374.8428858561541,658.9470631155262
Baseline (p=3),gini,Guatemala,Lower middle income,life_exp,-0.031610651925362096,0.9776285958938082,-1.4129936491832973,1.4266766574130616,-0.9904091735442176,0.32940444391572854,-4.3190389030041665,1.4930516046375721
Baseline (p=3),gini,Guatemala,Lower middle income,gdp_x_debt,-11.030395716110377,0.9776285958938082,-493.0578189796089,735.7188007582835,-0.6701715634715721,0.5075563097176632,-1991.6679756546355,1005.5523376954178
Baseline (p=3),gini,Honduras,Lower middle income,public_debt,0.6523550466611799,0.9878479800184694,53.68284841965947,111.87797347267771,0.47983393650555917,0.635877105439419,-177.75437284285564,285.1200696821746
Baseline (p=3),gini,Honduras,Lower middle income,growth,5.494911351932363,0.9878479800184694,452.1809016347798,894.3445213460394,0.505600348458804,0.6179485524788988,-1397.9116987842856,2302.2735020538453
Baseline (p=3),gini,Honduras,Lower middle income,life_exp,-0.022104422900533546,0.9878479800184694,-1.8189916519335256,2.9037024973747503,-0.6264387118095204,0.5371956798344,-7.825757921520599,4.187774617653548
Baseline (p=3),gini,Honduras,Lower middle income,gdp_x_debt,-9.410988721424339,0.9878479800184694,-774.4382197961946,1545.2692250281773,-0.5011671799663733,0.6210163909210642,-3971.071162297078,2422.194722704689
Baseline (p=3),gini,Iceland,High income,public_debt,0.37939158053308275,0.855831455600166,2.631583623962286,2.743174411826138,0.9593205640214595,0.36001716734066047,-3.480589860802127,8.7437571087267
Baseline (p=3),gini,Iceland,High income,growth,3.3649917630040673,0.855831455600166,23.340679320945846,48.37091166190093,0.4825354436999375,0.6398140046031346,-84.43642825893156,131.11778690082323
Baseline (p=3),gini,Iceland,High income,life_exp,0.1252972200586774,0.855831455600166,0.8691023453159157,0.4765710425699398,1.8236574774439205,0.09818849887983552,-0.1927641103657718,1.9309688009976032
Baseline (p=3),gini,Iceland,High income,gdp_x_debt,-15.91104235588298,0.855831455600166,-110.3641742525723,77.6440642008643,-1.4214116093544698,0.18562440875913316,-283.36593032463463,62.63758181949004
Baseline (p=3),gini,India,Low income,public_debt,3.868086164741046,1.7687120826833918,-5.031904990017164,2.6239311481763568,-1.9176970377116638,0.0703073670849277,-10.523856000261492,0.4600460202271641
Baseline (p=3),gini,India,Low income,growth,10.750333354485026,1.7687120826833918,-13.984863249395222,13.779067186915805,-1.0149354132386288,0.32288759270662937,-42.82478231891824,14.855055820127792
Baseline (p=3),gini,India,Low income,life_exp,-0.18504396609862317,1.7687120826833918,0.24071947126507823,0.0479366729543046,5.021614067679309,7.575560297754579e-5,0.14038686168341447,0.341052080846742
Baseline (p=3),gini,India,Low income,gdp_x_debt,-66.8071986373613,1.7687120826833918,86.90795961493566,21.2712796963382,4.085694930234811,6.29992571508758e-4,42.38665954245273,131.4292596874186
Baseline (p=3),gini,Indonesia,Lower middle income,public_debt,0.7624085890976604,0.9918822774541873,93.91902529249792,434.5467200798332,0.2161310187204807,0.8305723546324053,-799.3045502973031,987.142600882299
Baseline (p=3),gini,Indonesia,Lower middle income,growth,2.7855563577688023,0.9918822774541873,343.1450560238308,1428.847981572371,0.24015504829717294,0.8120934801741131,-2593.8940334436265,3280.1841454912883
Baseline (p=3),gini,Indonesia,Lower middle income,life_exp,0.01601242773581609,0.9918822774541873,1.9725271029465918,6.3313947578924035,0.31154700952546627,0.757869290828633,-11.041841209570407,14.98689541546359
Baseline (p=3),gini,Indonesia,Lower middle income,gdp_x_debt,6.7941373021153275,0.9918822774541873,836.9511601033865,3817.003982190221,0.2192691346429088,0.8281526822531841,-7009.012892705688,8682.915212912461
Baseline (p=3),gini,Iran,Lower middle income,public_debt,-0.05400754683099679,1.0577807908453978,0.9346972590856892,6.247475691962773,0.14961198813276771,0.8826474589311224,-12.14141964352359,14.01081416169497
Baseline (p=3),gini,Iran,Lower middle income,growth,-6.774630078735129,1.0577807908453978,117.24709855325086,86.04976598561578,1.3625498827370441,0.18895825265123667,-62.85713153084889,297.3513286373506
Baseline (p=3),gini,Iran,Lower middle income,life_exp,0.04505109778416684,1.0577807908453978,-0.77968987833186,0.20131094866438495,-3.8730624613553335,0.001023902995322453,-1.201038536302174,-0.358341220361546
Baseline (p=3),gini,Iran,Lower middle income,gdp_x_debt,23.34899587989641,1.0577807908453978,-404.0961630720939,327.7259470426035,-1.2330307280172799,0.23260284203252352,-1090.0344534860067,281.8421273418189
Baseline (p=3),gini,Ireland,High income,public_debt,0.46193419982124806,0.9660860670091957,13.62077939903052,11.64226201220708,1.1699426953927798,0.2535115550010131,-10.407668422060274,37.64922722012131
Baseline (p=3),gini,Ireland,High income,growth,3.1358911582841067,0.9660860670091957,92.466160121694,91.6078019057752,1.009369924810571,0.3228660382797732,-96.60305046554052,281.53537070892855
Baseline (p=3),gini,Ireland,High income,life_exp,-0.047958680767853236,0.9660860670091957,-1.4141291362714319,0.8906556298850695,-1.5877395132548722,0.12543390483809472,-3.25235200969713,0.4240937371542661
Baseline (p=3),gini,Ireland,High income,gdp_x_debt,-1.9996725643194235,0.9660860670091957,-58.96315726228609,88.38095041359853,-0.667147807150237,0.5110417766087963,-241.37247369622992,123.44615917165775
Baseline (p=3),gini,Italy,High income,public_debt,1.7987362403491782,0.9407155840207484,30.34079379273469,39.40023839102456,0.7700662491333142,0.44847661773025893,-50.80551616125095,111.48710374672032
Baseline (p=3),gini,Italy,High income,growth,-2.2296510472636175,0.9407155840207484,-37.60939549516608,203.79377883496787,-0.1845463375288907,0.8550737579851331,-457.33053981706144,382.11174882672924
Baseline (p=3),gini,Italy,High income,life_exp,-0.11940571860513842,0.9407155840207484,-2.014116469443304,3.1074803342105355,-0.6481509946401627,0.522796255015093,-8.414092019672603,4.3858590807859965
Baseline (p=3),gini,Italy,High income,gdp_x_debt,-0.36254753358750086,0.9407155840207484,-6.1153935245712034,194.9344599658277,-0.03137153649305126,0.9752223575304064,-407.59042908433764,395.3596420351952
Baseline (p=3),gini,Jamaica,Lower middle income,public_debt,-0.2627505123936987,0.8745370812627553,-2.0942483646819468,1.8559598665830752,-1.1283909756828814,0.2781210914172334,-6.07488637983903,1.8863896504751363
Baseline (p=3),gini,Jamaica,Lower middle income,growth,12.310613362987954,0.8745370812627553,98.12152855115627,74.74456665166889,1.3127580096681908,0.21037756639454086,-62.189622997528176,258.4326800998407
Baseline (p=3),gini,Jamaica,Lower middle income,life_exp,-0.12816547158189695,0.8745370812627553,-1.0215406501925257,0.5808852523183358,-1.7585928479256738,0.100475670699666,-2.267415606572667,0.22433430618761552
Baseline (p=3),gini,Jamaica,Lower middle income,gdp_x_debt,-11.402519133037368,0.8745370812627553,-90.88357936991336,65.31627514062207,-1.3914384917732434,0.18580838754697176,-230.97305679589618,49.205898056069444
Baseline (p=3),gini,Japan,High income,public_debt,-1.2986966441673216,0.8234591430338944,-7.356351761771843,1.761796754058764,-4.1754826399949625,2.4794282011503184e-4,-10.959630706586008,-3.753072816957679
Baseline (p=3),gini,Japan,High income,growth,-6.167522600079175,0.8234591430338944,-34.93538383164918,13.851101664790678,-2.5222097618743553,0.017406834601460454,-63.26406753267271,-6.606700130625654
Baseline (p=3),gini,Japan,High income,life_exp,0.41419111375197215,0.8234591430338944,2.3461487661833065,0.3708167850363705,6.326975640957545,6.521382491822773e-7,1.587743285626571,3.104554246740042
Baseline (p=3),gini,Japan,High income,gdp_x_debt,-0.2921360122411909,0.8234591430338944,-1.6547784873236382,14.78818519288084,-0.1118986857238076,0.9116746789018871,-31.900013197151466,28.590456222504187
Baseline (p=3),gini,Jordan,Lower middle income,public_debt,-0.0747402248976825,0.5002673801473487,-0.14956042877433146,0.7032681318891694,-0.21266487416765423,0.8338533754946353,-1.6215175455171582,1.3223966879684952
Baseline (p=3),gini,Jordan,Lower middle income,growth,0.5819422171367341,0.5002673801473487,1.1645071664689866,2.0556244620580606,0.5664980097109271,0.5776864410656363,-3.137964279448675,5.466978612386648
Baseline (p=3),gini,Jordan,Lower middle income,life_exp,-0.3651611048771572,0.5002673801473487,-0.7307129660353707,0.10520594231361588,-6.945548416430095,1.2787644598834773e-6,-0.9509115339644617,-0.5105143981062797
Baseline (p=3),gini,Jordan,Lower middle income,gdp_x_debt,-2.615720448657532,0.5002673801473487,-5.234239961019136,4.088857858221771,-1.2801227488244082,0.21591120520372506,-13.792317813333742,3.3238378912954714
Baseline (p=3),gini,Kenya,Low income,public_debt,-0.5774765434780004,0.9879356449575409,-47.86634191762762,26.73135235278091,-1.7906442325073015,0.08200344875535574,-102.1338722618616,6.401188426606346
Baseline (p=3),gini,Kenya,Low income,growth,-1.608964960201133,0.9879356449575409,-133.36518649679758,108.10206882556606,-1.233696893553408,0.22553665017928662,-352.8240534798434,86.09368048624827
Baseline (p=3),gini,Kenya,Low income,life_exp,-0.0025527967023261165,0.9879356449575409,-0.21159827386891816,0.4312092519444435,-0.4907090302788314,0.6266948960390107,-1.0869995949762323,0.663803047238396
Baseline (p=3),gini,Kenya,Low income,gdp_x_debt,2.8744229863901722,0.9879356449575409,238.2574929429698,233.9047516246001,1.0186090333271876,0.3153783711586935,-236.59439778555804,713.1093836714977
Baseline (p=3),gini,Lebanon,Upper middle income,public_debt,-0.8173289802446311,0.6863824050724437,-2.606132415604517,4.975246051195204,-0.5238198048473293,0.6526640673658441,-24.01288841895479,18.800623587745758
Baseline (p=3),gini,Lebanon,Upper middle income,growth,-9.410867783893373,0.6863824050724437,-30.007461112209683,54.48524550059323,-0.5507447169689813,0.6371114839606957,-264.43855139640675,204.42362917198736
Baseline (p=3),gini,Lebanon,Upper middle income,life_exp,-0.0025011563533119674,0.6863824050724437,-0.007975178669072184,0.33852512005294083,-0.023558602291685098,0.9833438634751425,-1.4645312105536223,1.4485808532154778
Baseline (p=3),gini,Lebanon,Upper middle income,gdp_x_debt,6.397337410934491,0.6863824050724437,20.398528381075803,35.26650623456385,0.5784108084141235,0.6214406590808492,-131.34100093779676,172.13805769994838
Baseline (p=3),gini,Luxembourg,High income,public_debt,-0.7850796378424199,0.7146324975558801,-2.7511178782389654,4.144076978340356,-0.6638674649670114,0.5143560258087045,-11.395510977712924,5.893275221234994
Baseline (p=3),gini,Luxembourg,High income,growth,-4.545841863049667,0.7146324975558801,-15.929781156282237,8.822122146743322,-1.805663182997608,0.08604656004719678,-34.33240548170347,2.4728431691389954
Baseline (p=3),gini,Luxembourg,High income,life_exp,0.14158630908374445,0.7146324975558801,0.49615428481198415,0.10546538606311878,4.704427711619492,1.3601729476632408e-4,0.2761573445325356,0.7161512250914327
Baseline (p=3),gini,Luxembourg,High income,gdp_x_debt,35.24709980152826,0.7146324975558801,123.51476429391352,59.9960232201895,2.0587158558927463,0.05278510435582754,-1.6347471247158438,248.66427571254286
Baseline (p=3),gini,Malaysia,Upper middle income,public_debt,-0.10963244019875129,0.8450645547944913,-0.7076007691676566,0.8651236873694749,-0.8179186161451804,0.4203098685726815,-2.479726308911525,1.0645247705762122
Baseline (p=3),gini,Malaysia,Upper middle income,growth,-1.1328986935628005,0.8450645547944913,-7.312069178618917,9.034097700767594,-0.8093856653772559,0.4251182940905809,-25.817579428547255,11.193441071309422
Baseline (p=3),gini,Malaysia,Upper middle income,life_exp,-0.1276759778133387,0.8450645547944913,-0.8240591921621766,0.0515300365974802,-15.991822373409159,1.3026648787100395e-15,-0.9296136871454254,-0.7185046971789278
Baseline (p=3),gini,Malaysia,Upper middle income,gdp_x_debt,2.1678881714407123,0.8450645547944913,13.99220280785454,15.295076939794432,0.9148174188944352,0.36809891870161326,-17.33834202992813,45.32274764563721
Baseline (p=3),gini,Mauritania,Low income,public_debt,0.7459690008085889,1.009082230922283,-82.13499603697214,765.8065840184305,-0.1072529248912744,0.9162258810973227,-1736.5595370632288,1572.2895449892847
Baseline (p=3),gini,Mauritania,Low income,growth,0.9660331988062834,1.009082230922283,-106.36518792273124,1005.3272198398776,-0.10580155975451698,0.9173549500758044,-2278.242603153681,2065.5122273082184
Baseline (p=3),gini,Mauritania,Low income,life_exp,0.09040157688147082,1.009082230922283,-9.95367522088345,86.32876920994413,-0.11529963084122015,0.9099695596553936,-196.45564237305686,176.54829193128998
Baseline (p=3),gini,Mauritania,Low income,gdp_x_debt,-4.080684333387002,1.009082230922283,449.3041817925053,4263.96048983629,0.1053725011907312,0.9176887659592617,-8762.422412845548,9661.03077643056
Baseline (p=3),gini,Mexico,Upper middle income,public_debt,-0.007716550553990675,0.9602912220513395,-0.1943285830646165,21.161762680897407,-0.009183005498877262,0.9927406414284077,-43.614679034243565,43.22602186811433
Baseline (p=3),gini,Mexico,Upper middle income,growth,5.2958603673184035,0.9602912220513395,133.36749809237216,146.77657309824428,0.9086429481025095,0.3715783227712842,-167.79315369500472,434.52814987974904
Baseline (p=3),gini,Mexico,Upper middle income,life_exp,-0.03656536812825306,0.9602912220513395,-0.9208384145069507,0.798996205840011,-1.152494101694567,0.2592202874810182,-2.5602432122014487,0.7185663831875472
Baseline (p=3),gini,Mexico,Upper middle income,gdp_x_debt,-20.176760636864977,0.9602912220513395,-508.11839797617404,555.300692644891,-0.9150328906596744,0.36827456655380497,-1647.5013049676008,631.2645090152528
Baseline (p=3),gini,Netherlands,High income,public_debt,-0.565849555819005,0.729872955697445,-2.0947534419590617,2.5037144390190593,-0.8366582903039749,0.4088026486671218,-7.188598768588127,2.9990918846700034
Baseline (p=3),gini,Netherlands,High income,growth,-2.404942182845088,0.729872955697445,-8.903004099624471,33.24830145180142,-0.26777320076127076,0.7905405303792205,-76.5471820175215,58.74117381827256
Baseline (p=3),gini,Netherlands,High income,life_exp,0.10318242786054314,0.729872955697445,0.3819774066937703,0.09746889546575638,3.918967224040924,4.2322162809603345e-4,0.18367544784319847,0.5802793655443421
Baseline (p=3),gini,Netherlands,High income,gdp_x_debt,7.023497923210367,0.729872955697445,26.0007210360756,58.25737126371768,0.446307831473829,0.6582898751526014,-92.52479198914351,144.5262340612947
Baseline (p=3),gini,New Zealand,High income,public_debt,-1.02747309045828,0.9047629251623848,-10.788583040902733,6.658572659232106,-1.6202546090631558,0.11824431277376814,-24.531201574787573,2.954035492982106
Baseline (p=3),gini,New Zealand,High income,growth,-4.843188030047905,0.9047629251623848,-50.854019175891565,121.41881386492288,-0.41883146076905436,0.6790639591634321,-301.45013446628684,199.74209611450374
Baseline (p=3),gini,New Zealand,High income,life_exp,0.049533629004934326,0.9047629251623848,0.52010867710282,0.20180299166546437,2.5773090518153556,0.016529543586204617,0.10360777287223571,0.9366095813334043
Baseline (p=3),gini,New Zealand,High income,gdp_x_debt,32.12281890549764,0.9047629251623848,337.2932123363608,239.31254374636546,1.409425544754728,0.17153618681181132,-156.62360248130682,831.2100271540285
Baseline (p=3),gini,Norway,High income,public_debt,-0.25480256223679754,0.8180122754478549,-1.4001085120649925,5.592099441302555,-0.250372606346011,0.8041945927610707,-12.874148796921926,10.07393177279194
Baseline (p=3),gini,Norway,High income,growth,6.786549686756848,0.8180122754478549,37.29124974477217,31.0137332660798,1.2024108618215978,0.23964373282436952,-26.343674600550138,100.92617409009449
Baseline (p=3),gini,Norway,High income,life_exp,0.09032758403651378,0.8180122754478549,0.4963388836186704,0.1506229257456521,3.295241286554267,0.0027536372477712737,0.18728616809219745,0.8053915991451434
Baseline (p=3),gini,Norway,High income,gdp_x_debt,-15.316092314485847,0.8180122754478549,-84.16002976122336,79.95462510606569,-1.052597390702275,0.30185510043582553,-248.21336948758966,79.89330996514296
Baseline (p=3),gini,Pakistan,Low income,public_debt,-0.24715805682629163,0.7734053187640129,-1.0907495951720454,2.1764379353175314,-0.5011627381935476,0.6194860184126487,-5.513803639091891,3.3323044487477995
Baseline (p=3),gini,Pakistan,Low income,growth,-2.4524807360546514,0.7734053187640129,-10.823205216809631,19.268943158990314,-0.5616916884079264,0.5780102248649819,-49.98240915202292,28.33599871840365
Baseline (p=3),gini,Pakistan,Low income,life_exp,0.004741584260297851,0.7734053187640129,0.02092539963618884,0.03826077730686354,0.5469151729030625,0.5880089281581253,-0.056829854967912555,0.09868065424029022
Baseline (p=3),gini,Pakistan,Low income,gdp_x_debt,2.523092645276712,0.7734053187640129,11.134827311542393,35.2345761129683,0.316019902604821,0.753919313016278,-60.47044653217468,82.74010115525947
Baseline (p=3),gini,Panama,Upper middle income,public_debt,-0.3003473161585606,0.9534276413097593,-6.449046700774013,6.585838031614107,-0.9792294723642683,0.3352978223392944,-19.899122314400664,7.001028912852637
Baseline (p=3),gini,Panama,Upper middle income,growth,-1.805237505891133,0.9534276413097593,-38.76199438164646,33.56137801568646,-1.1549583680243778,0.2572243566232449,-107.3034722985968,29.779483535303882
Baseline (p=3),gini,Panama,Upper middle income,life_exp,-0.06781834631285777,0.9534276413097593,-1.4561930771839826,0.7150310418444922,-2.0365452574304896,0.05060572849619068,-2.9164812793433668,0.004095124975401543
Baseline (p=3),gini,Panama,Upper middle income,gdp_x_debt,0.5128325105667166,0.9534276413097593,11.011521103700973,46.66036581848255,0.23599302985617013,0.8150418444505296,-84.2816588083257,106.30470101572764
Baseline (p=3),gini,Paraguay,Lower middle income,public_debt,2.159335725526291,0.7765672301705606,9.664364485006613,8.135079977694375,1.18798641334878,0.2521750685590523,-7.581234669296412,26.909963639309638
Baseline (p=3),gini,Paraguay,Lower middle income,growth,2.6613126337126767,0.7765672301705606,11.911021985468953,14.302362693011396,0.8328010022630086,0.41721540133911816,-18.408632478830274,42.23067644976818
Baseline (p=3),gini,Paraguay,Lower middle income,life_exp,-0.4318417276118886,0.7765672301705606,-1.9327591379793627,0.27974659193549256,-6.908964018496577,3.5163699034766027e-6,-2.525795420662499,-1.3397228552962264
Baseline (p=3),gini,Paraguay,Lower middle income,gdp_x_debt,-8.16377568530136,0.7765672301705606,-36.53795140047404,45.62665887203018,-0.8008026952609575,0.4349767578572925,-133.26214732905126,60.186244528103174
Baseline (p=3),gini,Portugal,High income,public_debt,-0.13385525635059825,0.8508300101543914,-0.897333682794635,1.5712650432577064,-0.5710899549665991,0.5730372124211103,-4.133414615977459,2.338747250388189
Baseline (p=3),gini,Portugal,High income,growth,-0.003483703353152894,0.8508300101543914,-0.023353915601647075,13.447263648183608,-0.0017367039282227214,0.9986280956532152,-27.718511828073744,27.67180399687045
Baseline (p=3),gini,Portugal,High income,life_exp,0.00779048105556851,0.8508300101543914,0.05222552514504883,0.12225278793853143,0.42719291744338594,0.672895680191204,-0.19955880479593,0.3040098550860276
Baseline (p=3),gini,Portugal,High income,gdp_x_debt,0.9998986375443815,0.8508300101543914,6.703081756453022,26.000815621814716,0.2578027494964092,0.7986694742049255,-46.84660041970459,60.25276393261064
Baseline (p=3),gini,Singapore,High income,public_debt,0.9624440240630827,1.0696724458655835,-13.813840064117894,6.158831883860031,-2.2429318293812734,0.03219073068160861,-26.374860505345346,-1.2528196228904402
Baseline (p=3),gini,Singapore,High income,growth,0.2626666654190198,1.0696724458655835,-3.770022168100326,16.41816184055952,-0.22962510692194799,0.8198914826368096,-37.25508400703387,29.71503967083322
Baseline (p=3),gini,Singapore,High income,life_exp,-0.07675367011044604,1.0696724458655835,1.1016359359412193,0.3927705960392786,2.8047820968529207,0.00861605840074337,0.3005750239699788,1.90269684791246
Baseline (p=3),gini,Singapore,High income,gdp_x_debt,-0.1421685078058876,1.0696724458655835,2.040527012359636,18.604827422961645,0.10967728783343968,0.9133722447187841,-35.90426868465528,39.98532270937454
Baseline (p=3),gini,South Africa,Upper middle income,public_debt,-0.08339728299887349,0.960975169412764,-2.1370312630172044,11.340907380654963,-0.18843565080713903,0.8517251046653108,-25.23770365176606,20.963641125731655
Baseline (p=3),gini,South Africa,Upper middle income,growth,0.7024542929634443,0.960975169412764,18.000188146702623,56.82172347163164,0.3167835652800861,0.7534653088896924,-97.74187502553335,133.7422513189386
Baseline (p=3),gini,South Africa,Upper middle income,life_exp,-0.01009797540453436,0.960975169412764,-0.25875769997159526,0.1665086786568018,-1.5540192983269772,0.13001542860348322,-0.5979247795031182,0.08040937955992766
Baseline (p=3),gini,South Africa,Upper middle income,gdp_x_debt,-2.891086536867402,0.960975169412764,-74.08325656673055,164.07234629702094,-0.4515279889556604,0.6546545149025857,-408.28768947886505,260.12117634540397
Baseline (p=3),gini,South Korea,High income,public_debt,-1.6291904941733244,0.5725426494143424,-3.8113521546446143,4.572200075811833,-0.8335926012528829,0.41486775185507285,-13.381076894886275,5.758372585597046
Baseline (p=3),gini,South Korea,High income,growth,-3.0886203820354097,0.5725426494143424,-7.225563855209656,13.3063154416624,-0.5430176285003915,0.5934315134256753,-35.07600215015378,20.624874439734473
Baseline (p=3),gini,South Korea,High income,life_exp,0.01819302922729249,0.5725426494143424,0.04256103960398925,0.07161203895814942,0.5943279960072386,0.5593039442884106,-0.10732468052064245,0.19244675972862094
Baseline (p=3),gini,South Korea,High income,gdp_x_debt,-2.3583812654608955,0.5725426494143424,-5.517231747751412,89.68665603928565,-0.06151675167078017,0.9515901826137646,-193.23356019742056,182.1990967019177
Baseline (p=3),gini,Spain,High income,public_debt,0.4797414190629876,0.6398975494115136,1.3322359186364459,1.721395690065221,0.7739277647348877,0.44545928880919405,-2.193883306748706,4.858355144021598
Baseline (p=3),gini,Spain,High income,growth,1.9821420104239411,0.6398975494115136,5.504383564134835,11.23147624072174,0.4900854924286534,0.6278917027618308,-17.502252580263185,28.511019708532853
Baseline (p=3),gini,Spain,High income,life_exp,0.05745166585718681,0.6398975494115136,0.15954255730084085,0.144103566571682,1.1071381583153181,0.27765519571146147,-0.135640217622759,0.45472533222444067
Baseline (p=3),gini,Spain,High income,gdp_x_debt,-4.678425915612754,0.6398975494115136,-12.991930235318254,22.570733255763717,-0.5756095775931694,0.5694767505179927,-59.22598143198009,33.24212096134357
Baseline (p=3),gini,Sweden,High income,public_debt,-1.8824838393056078,0.5843067731095188,-4.528541043084083,5.253152874136563,-0.8620615374397262,0.3994036249295735,-15.523516370136054,6.466434283967889
Baseline (p=3),gini,Sweden,High income,growth,-6.129855009850615,0.5843067731095188,-14.746102686598718,90.72733654767927,-0.16253207961030913,0.872602998935224,-204.64060047328957,175.1483951000921
Baseline (p=3),gini,Sweden,High income,life_exp,0.46527193500999325,0.5843067731095188,1.1192675389261855,0.0991967047172195,11.283313716084486,7.277541575020864e-10,0.9116464498350069,1.3268886280173642
Baseline (p=3),gini,Sweden,High income,gdp_x_debt,38.53933964592835,0.5843067731095188,92.71101175791337,155.32132460331755,0.5968981528756105,0.5576218625753736,-232.38025679939142,417.8022803152181
Baseline (p=3),gini,Switzerland,High income,public_debt,-0.4722968254684324,0.8407666321239232,-2.966066922832386,4.244857601146557,-0.6987435625711536,0.49171805558772097,-11.747223904589356,5.815090058924584
Baseline (p=3),gini,Switzerland,High income,growth,24.244344093072694,0.8407666321239232,152.25668097368154,80.54898281682912,1.8902371656252686,0.07139302440363866,-14.37158534186517,318.88494728922825
Baseline (p=3),gini,Switzerland,High income,life_exp,0.029865149668579047,0.8407666321239232,0.18755585005161463,0.09395276428602843,1.9962781454798106,0.057874863665690966,-0.00680025080858504,0.3819119509118143
Baseline (p=3),gini,Switzerland,High income,gdp_x_debt,-52.94226393889728,0.8407666321239232,-332.4822218173489,177.4615371777738,-1.873545260031652,0.07375548049824172,-699.5893812568136,34.62493762211574
Baseline (p=3),gini,Thailand,Lower middle income,public_debt,0.17207220041527543,0.9932880982327008,25.636877055266527,127.9787560598957,0.2003213489844216,0.8425376792837301,-235.3775167819766,286.6512708925097
Baseline (p=3),gini,Thailand,Lower middle income,growth,-0.19389287729437946,0.9932880982327008,-28.8879194029683,125.87497944842197,-0.229496914554058,0.8199902237620648,-285.6116325528964,227.83579374695984
Baseline (p=3),gini,Thailand,Lower middle income,life_exp,-0.05257422982114648,0.9932880982327008,-7.832985589463103,23.252081124455906,-0.3368724522995313,0.738483134562796,-55.255917699491036,39.58994652056484
Baseline (p=3),gini,Thailand,Lower middle income,gdp_x_debt,-1.3588190350981058,0.9932880982327008,-202.44918388382237,1065.595306431265,-0.18998693280832418,0.8505579810849656,-2375.7451397672885,1970.8467719996436
Baseline (p=3),gini,Trinidad and Tobago,Upper middle income,public_debt,0.5089483299658656,0.654699035147315,1.473926753094933,0.6602915344682101,2.2322363322165164,0.07595138422434485,-0.22340667163347683,3.171260177823343
Baseline (p=3),gini,Trinidad and Tobago,Upper middle income,growth,2.111032930086997,0.654699035147315,6.1136027551722085,10.743582810580548,0.5690469243790237,0.5939327658172964,-21.503656067360684,33.7308615777051
Baseline (p=3),gini,Trinidad and Tobago,Upper middle income,life_exp,0.20057643140243403,0.654699035147315,0.5808742280462654,0.31696989833609224,1.8325848324888816,0.1263468615452622,-0.23392283505998224,1.395671291152513
Baseline (p=3),gini,Trinidad and Tobago,Upper middle income,gdp_x_debt,-3.9494603893474816,0.654699035147315,-11.437733430696989,29.030673781535793,-0.39398787354262726,0.7098318126941207,-86.06345612979628,63.1879892684023
Baseline (p=3),gini,Turkey,Upper middle income,public_debt,-0.18768658022637846,0.8489325967213317,-1.242402901969263,1.816716470400801,-0.6838727573682238,0.5060633921270498,-5.167180222302866,2.6823744183643403
Baseline (p=3),gini,Turkey,Upper middle income,growth,0.6880336083589023,0.8489325967213317,4.554480936497683,21.109634940791064,0.21575365700412286,0.8325280825109116,-41.050112738959115,50.15907461195448
Baseline (p=3),gini,Turkey,Upper middle income,life_exp,-0.022697734143711623,0.8489325967213317,-0.15024905208598824,0.051400418377509687,-2.923109516006,0.01186941504126983,-0.26129290487783424,-0.03920519929414225
Baseline (p=3),gini,Turkey,Upper middle income,gdp_x_debt,-6.2544446887810725,0.8489325967213317,-41.401682646545105,52.318988071364,-0.7913318696086495,0.44294956978487365,-154.42998461377056,71.62661932068036
Baseline (p=3),gini,United Kingdom,High income,public_debt,-0.8186716343003463,0.8875504224247684,-7.280344239200318,4.5609059526682705,-1.5962495861027548,0.12207273238882563,-16.63855025568166,2.0778617772810257
Baseline (p=3),gini,United Kingdom,High income,growth,9.029986722363752,0.8875504224247684,80.30254018804533,52.182466037590196,1.5388797480402427,0.13547222746554186,-26.7670360530783,187.37211642916895
Baseline (p=3),gini,United Kingdom,High income,life_exp,0.022358213174498626,0.8875504224247684,0.1988287875918469,0.5975683606824602,0.33272977733421505,0.7419079821882265,-1.0272802105395227,1.4249377857232164
Baseline (p=3),gini,United Kingdom,High income,gdp_x_debt,-14.758646381190957,0.8875504224247684,-131.24679255746477,93.59838423311933,-1.402233528204686,0.17223874973005038,-323.2948136202262,60.80122850529665
Baseline (p=3),gini,United States,High income,public_debt,-3.8781475035885236,1.0068450272159204,566.5642197256129,6067.252578787214,0.09338068794209714,0.9265788020921414,-12132.341371846871,13265.469811298097
Baseline (p=3),gini,United States,High income,growth,-94.5951945981702,1.0068450272159204,13819.549815398468,147201.4440556763,0.09388189024946979,0.9261859419907368,-294276.61343677103,321915.71306756797
Baseline (p=3),gini,United States,High income,life_exp,-0.07144971547780173,1.0068450272159204,10.438193044962853,96.02285021683836,0.10870530317930964,0.9145760623833831,-190.53994223172597,211.41632832165166
Baseline (p=3),gini,United States,High income,gdp_x_debt,116.88577715818988,1.0068450272159204,-17076.013501645833,182437.98157865927,-0.09359900473511545,0.9264076752813866,-398923.09738347965,364771.070380188
Baseline (p=3),gini,Uruguay,Upper middle income,public_debt,0.6227668577298751,0.9190287752291064,7.691212026148563,6.4484705134338265,1.1927188020982318,0.24148517147703416,-5.428299878583546,20.81072393088067
Baseline (p=3),gini,Uruguay,Upper middle income,growth,-3.2392204706085463,0.9190287752291064,-40.00458779984932,37.54980182095237,-1.0653741394056362,0.294439865728587,-116.40023402076793,36.39105842106929
Baseline (p=3),gini,Uruguay,Upper middle income,life_exp,-0.051926186641464776,0.9190287752291064,-0.6412918513754591,0.5528622973700401,-1.159948606418049,0.2543934296852576,-1.7660986527577909,0.4835149500068727
Baseline (p=3),gini,Uruguay,Upper middle income,gdp_x_debt,2.6225501152268524,0.9190287752291064,32.38866798232711,82.63380449310789,0.3919542151182026,0.6976119487911459,-135.73107134533876,200.50840730999295
Baseline (p=3),gini,Venezuela,Upper middle income,public_debt,0.5302233351885829,0.9493144278205053,10.461030869117621,9.199160922650018,1.1371722874594625,0.26827590064519935,-8.669671545503213,29.591733283738456
Baseline (p=3),gini,Venezuela,Upper middle income,growth,-4.346753700823304,0.9493144278205053,-85.75919169719516,55.92473288348985,-1.5334752134777396,0.14008722786872121,-202.061040464398,30.542657070007678
Baseline (p=3),gini,Venezuela,Upper middle income,life_exp,-0.07068398695990258,0.9493144278205053,-1.3945583313055403,1.3237024604397647,-1.0535285481317573,0.3040704317105535,-4.147348294336169,1.3582316317250887
Baseline (p=3),gini,Venezuela,Upper middle income,gdp_x_debt,7.096281215880087,0.9493144278205053,140.00594075863975,85.48381326005158,1.6378064503595038,0.11636021878306206,-37.76738079707914,317.7792623143587
Baseline (p=3),gini,Zambia,Low income,public_debt,0.04547934945625461,0.9589810650214251,1.1087403775843885,1.7052944849181393,0.6501753142288572,0.5200799960083256,-2.360707338637556,4.578188093806333
Baseline (p=3),gini,Zambia,Low income,growth,0.15046017214302287,0.9589810650214251,3.6680662777229975,6.034037984005378,0.6078957884332284,0.5474177255830622,-8.60827630612631,15.944408861572306
Baseline (p=3),gini,Zambia,Low income,life_exp,-0.006702985398916034,0.9589810650214251,-0.16341198040410246,0.15422791252174456,-1.059548675283166,0.2970439529415052,-0.47719102772327016,0.1503670669150652
Baseline (p=3),gini,Zambia,Low income,gdp_x_debt,-0.6657109673414731,0.9589810650214251,-16.229357678086686,15.446733467864217,-1.0506660007988524,0.30104559700020667,-47.6559732140791,15.19725785790573
Baseline (p=2),p90p100,Algeria,Lower middle income,public_debt,-7.446982703215323e-4,0.835155760690151,-0.004517587471902868,0.03345460837336499,-0.1350363280742979,0.8935160667629549,-0.07293994418304989,0.06390476923924415
Baseline (p=2),p90p100,Algeria,Lower middle income,growth,0.0018178883811145758,0.835155760690151,0.011027915738672473,0.4858297800538448,0.022699134946915445,0.9820457357986478,-0.9826055514582626,1.0046613829356075
Baseline (p=2),p90p100,Algeria,Lower middle income,life_exp,1.6187450415553424e-4,0.835155760690151,9.819845985110057e-4,0.0014294128130355659,0.6869846062353525,0.4975497519009312,-0.0019414928575536255,0.0039054620545756367
Baseline (p=2),p90p100,Algeria,Lower middle income,gdp_x_debt,-0.009047017820171812,0.835155760690151,-0.05488222007665435,0.88379157335551,-0.06209860076882367,0.9509103383570787,-1.862438943370443,1.7526745032171342
Baseline (p=2),p90p100,Argentina,Upper middle income,public_debt,0.0011649051025152614,0.8606456194658172,0.008359300210369182,0.06011962517981237,0.13904444988416462,0.8902353646884651,-0.11381847796354377,0.13053707838428213
Baseline (p=2),p90p100,Argentina,Upper middle income,growth,0.04737589045647322,0.8606456194658172,0.3399669983452884,0.34739405913610605,0.9786206453579339,0.3346797911313355,-0.366022670903658,1.0459566675942347
Baseline (p=2),p90p100,Argentina,Upper middle income,life_exp,-0.0020568562633111274,0.8606456194658172,-0.014759896713878992,0.005933015301915396,-2.487756387399499,0.01791921335606795,-0.026817234484894564,-0.0027025589428634218
Baseline (p=2),p90p100,Argentina,Upper middle income,gdp_x_debt,-0.15928966547158335,0.8606456194658172,-1.1430545983627012,0.7778453184392002,-1.4695140168180458,0.15088669243583647,-2.7238264758592585,0.43771727913385594
Baseline (p=2),p90p100,Australia,High income,public_debt,-0.022020499366091385,0.653516463893347,-0.06355424449175888,0.062348578219856295,-1.0193375102741093,0.31503739796034014,-0.1901285874510258,0.06302009846750802
Baseline (p=2),p90p100,Australia,High income,growth,0.03264028842109495,0.653516463893347,0.09420444269261835,0.3717742349460794,0.25339153130469455,0.8014482078270249,-0.660537379190623,0.8489462645758596
Baseline (p=2),p90p100,Australia,High income,life_exp,0.004110008639102718,0.653516463893347,0.011862060417894124,0.001439408391387011,8.240927653939732,1.0331663620323248e-9,0.008939906030549281,0.014784214805238968
Baseline (p=2),p90p100,Australia,High income,gdp_x_debt,-0.08063217898392842,0.653516463893347,-0.23271575870522346,1.3354139713033366,-0.1742648824305003,0.8626614003864723,-2.943750249344402,2.4783187319339555
Baseline (p=2),p90p100,Austria,High income,public_debt,-0.019041149577202796,0.1312779353475422,-0.021918574826138928,0.016396438142096962,-1.3367887974318142,0.19016818422749363,-0.0552401462127831,0.011402996560505241
Baseline (p=2),p90p100,Austria,High income,growth,-0.0075830368269303615,0.1312779353475422,-0.008728956170767969,0.16758796796041034,-0.052085816643054166,0.9587651370243586,-0.3493086838860256,0.33185077154448966
Baseline (p=2),p90p100,Austria,High income,life_exp,0.001500602152542229,0.1312779353475422,0.0017273673751369053,7.806253958721097e-4,2.2127993584004546,0.03372770056502394,1.4094570054184e-4,0.0033137890497319704
Baseline (p=2),p90p100,Austria,High income,gdp_x_debt,-3.8814157161998425e-4,0.1312779353475422,-4.4679603225602967e-4,0.2503778936164864,-0.0017844867444264255,0.9985866156811258,-0.5092758955888964,0.5083823035243843
Baseline (p=2),p90p100,Bahamas,High income,public_debt,-0.04270016858270929,0.5286751074516491,-0.09059603950013927,0.012409886293092219,-7.300311812733387,1.5716907867058558e-8,-0.11578944805243103,-0.0654026309478475
Baseline (p=2),p90p100,Bahamas,High income,growth,0.013065861058689654,0.5286751074516491,0.027721559512898616,0.02820167050743832,0.9829757959049599,0.3323659110087779,-0.029530875374155777,0.08497399439995301
Baseline (p=2),p90p100,Bahamas,High income,life_exp,0.0011932364443842933,0.5286751074516491,0.002531664385330306,9.387285349848328e-4,2.696907882289112,0.010690575847574385,6.25944143982768e-4,0.004437384626677844
Baseline (p=2),p90p100,Bahamas,High income,gdp_x_debt,-0.0861250598003414,0.5286751074516491,-0.18272970760080587,0.13579122964570622,-1.3456664916988168,0.18706321792868696,-0.458400559491417,0.09294114428980527
Baseline (p=2),p90p100,Bahrain,High income,public_debt,-0.004668560765972333,0.7860399640252334,-0.021819779309267453,0.06726955291275954,-0.32436337636382184,0.7480737571526574,-0.1596152119211372,0.11597565330260229
Baseline (p=2),p90p100,Bahrain,High income,growth,-0.027551205072621723,0.7860399640252334,-0.1287679960750753,0.11689372101311939,-1.101581804044233,0.28002310779991607,-0.3682139290293699,0.11067793687921929
Baseline (p=2),p90p100,Bahrain,High income,life_exp,-0.0010942322701518853,0.7860399640252334,-0.00511418997088285,0.0033365663130012113,-1.5327703666355972,0.1365547507917314,-0.011948836235507958,0.0017204562937422592
Baseline (p=2),p90p100,Bahrain,High income,gdp_x_debt,0.2367537997252626,0.7860399640252334,1.1065328094877687,0.6670505540456835,1.658844000318433,0.1083092518578159,-0.2598583093578841,2.4729239283334215
Baseline (p=2),p90p100,Bangladesh,Low income,public_debt,0.08262005238070258,0.730775762939966,0.30688192594739994,0.07252987365848756,4.231110719872158,1.9141534709527639e-4,0.1589562733554819,0.45480757853931797
Baseline (p=2),p90p100,Bangladesh,Low income,growth,-0.03168841477231959,0.730775762939966,-0.11770268204067166,0.38665545877056257,-0.3044123117126745,0.7628479989328877,-0.9062916893258061,0.6708863252444627
Baseline (p=2),p90p100,Bangladesh,Low income,life_exp,4.74727988312584e-4,0.730775762939966,0.0017633181674008237,4.6350447059166037e-4,3.804317496981118,6.273332007603702e-4,8.179945671642839e-4,0.0027086417676373637
Baseline (p=2),p90p100,Bangladesh,Low income,gdp_x_debt,0.03598964832649039,0.730775762939966,0.13367908000966905,1.261308820509597,0.10598441700872249,0.9162775804238044,-2.4387772194780477,2.7061353794973857
Baseline (p=2),p90p100,Belgium,High income,public_debt,-0.0022041723044375072,0.49217786508853784,-0.004340441569806327,0.013243631757242228,-0.3277380139652987,0.745119401977677,-0.03125473949188761,0.02257385635227496
Baseline (p=2),p90p100,Belgium,High income,growth,-0.22389544586203355,0.49217786508853784,-0.4408934358504662,0.3022324807188677,-1.4587890580184826,0.15380040871127007,-1.0551037353288584,0.17331686362792592
Baseline (p=2),p90p100,Belgium,High income,life_exp,-3.4519462548317524e-4,0.49217786508853784,-6.797549806358071e-4,6.774318261869833e-4,-1.0034293553373481,0.32274201698332716,-0.002056462089841379,6.969521285697648e-4
Baseline (p=2),p90p100,Belgium,High income,gdp_x_debt,0.2281067041808027,0.49217786508853784,0.4491862179669908,0.28245176972322583,1.5903112181139736,0.12102131687166005,-0.12482484020010748,1.023197276134089
Baseline (p=2),p90p100,Belize,Lower middle income,public_debt,9.866580261310223e-4,0.6640917355225746,0.0029372841649668024,0.01749369953210268,0.16790525980948706,0.8676525967037727,-0.03261419065680281,0.03848875898673641
Baseline (p=2),p90p100,Belize,Lower middle income,growth,0.003474067022863728,0.6640917355225746,0.010342308868965627,0.09142750561570392,0.11312032193503477,0.9106004579256024,-0.17546073741916357,0.1961453551570948
Baseline (p=2),p90p100,Belize,Lower middle income,life_exp,-0.0019692589476326024,0.6640917355225746,-0.005862490316206393,0.0013278174575379648,-4.415132729973746,9.709615620484502e-5,-0.008560940053664135,-0.0031640405787486513
Baseline (p=2),p90p100,Belize,Lower middle income,gdp_x_debt,0.004704532797680383,0.6640917355225746,0.014005409497736694,0.17673326116935495,0.07924603102477686,0.937301521605773,-0.34515979012749926,0.3731706091229727
Baseline (p=2),p90p100,Bolivia,Lower middle income,public_debt,-7.424226535296893e-4,0.9108066339697676,-0.008323742970727693,0.04008746447497967,-0.20763954716873906,0.836713893730084,-0.08970562242483787,0.0730581364833825
Baseline (p=2),p90p100,Bolivia,Lower middle income,growth,-0.030506463931909977,0.9108066339697676,-0.34202615384612456,0.4974650505592192,-0.6875380561139723,0.496274956080044,-1.3519338970138528,0.6678815893216038
Baseline (p=2),p90p100,Bolivia,Lower middle income,life_exp,-1.7106612090702047e-4,0.9108066339697676,-0.0019179242641099224,0.0025838200471614272,-0.7422824457984004,0.46286896476348305,-0.00716335782702451,0.003327509298804665
Baseline (p=2),p90p100,Bolivia,Lower middle income,gdp_x_debt,0.03857364099197008,0.9108066339697676,0.4324720851873154,0.5860309852051266,0.7379679506808646,0.4654534088690405,-0.7572340640779713,1.6221782344526021
Baseline (p=2),p90p100,Brazil,Upper middle income,public_debt,-0.0022985694569102586,0.5310297129229976,-0.004901311490834058,0.01673113676894849,-0.2929455158080148,0.7712936520706409,-0.038867324894117206,0.029064701912449087
Baseline (p=2),p90p100,Brazil,Upper middle income,growth,0.0031959719913057134,0.5310297129229976,0.006814870961709674,0.13207858727908145,0.05159709156571976,0.9591430977285345,-0.2613189162256584,0.27494865814907776
Baseline (p=2),p90p100,Brazil,Upper middle income,life_exp,-1.9966752882760586e-4,0.5310297129229976,-4.257573119868499e-4,5.403276596977556e-4,-0.7879613496466326,0.43602363968807645,-0.0015226807777922165,6.711661538185167e-4
Baseline (p=2),p90p100,Brazil,Upper middle income,gdp_x_debt,-2.6064660632067434e-4,0.5310297129229976,-5.557849047222849e-4,0.2430456673450278,-0.002286750925427081,0.9981884227677081,-0.4939647211087586,0.492853151299314
Baseline (p=2),p90p100,Burkina Faso,Low income,public_debt,-0.004416395184193754,0.6854770803379686,-0.014041568700110515,0.06450078507091253,-0.21769608981771515,0.8291398455554471,-0.14576974546024124,0.11768660806002022
Baseline (p=2),p90p100,Burkina Faso,Low income,growth,-0.06479103162560934,0.6854770803379686,-0.20599780675834414,0.24405131400030547,-0.8440757944785592,0.4053078066395508,-0.7044170832652926,0.2924214697486044
Baseline (p=2),p90p100,Burkina Faso,Low income,life_exp,-0.0027034720389155845,0.6854770803379686,-0.00859546910546482,9.892213745985787e-4,-8.68912593902737,1.084286076030215e-9,-0.010615728671991946,-0.006575209538937694
Baseline (p=2),p90p100,Burkina Faso,Low income,gdp_x_debt,0.28908114614965075,0.6854770803379686,0.9191099537683329,0.6799665295704443,1.3516988172181987,0.1865761763021323,-0.4695669607801267,2.307786868316793
Baseline (p=2),p90p100,Canada,High income,public_debt,0.01324956522343533,0.9868231416094296,1.0055177668841757,3.872560559335613,0.25965191543878274,0.7966981356532252,-6.864472166825976,8.875507700594328
Baseline (p=2),p90p100,Canada,High income,growth,0.01699730090464358,0.9868231416094296,1.2899357647196998,13.544421948268088,0.09523741726642256,0.9246853549645211,-26.23564137153052,28.81551290096992
Baseline (p=2),p90p100,Canada,High income,life_exp,-0.0012889588554568028,0.9868231416094296,-0.09781989130119274,0.41002499228613315,-0.23857055823789833,0.8128707031182256,-0.9310909305577267,0.7354511479553413
Baseline (p=2),p90p100,Canada,High income,gdp_x_debt,0.0421343171085732,0.9868231416094296,3.197599599212919,18.623501756774676,0.17169701170993407,0.86469359960427,-34.6499095902613,41.045108788687145
Baseline (p=2),p90p100,Chile,Upper middle income,public_debt,-0.0012315798310329827,0.955097161244182,-0.027427660815173026,0.16314301680062723,-0.16812034834866174,0.8674563456645511,-0.3586255926608052,0.30377027103045917
Baseline (p=2),p90p100,Chile,Upper middle income,growth,0.1155691601408596,0.955097161244182,2.57376066509571,4.822343948867369,0.5337156976744085,0.5969118318325258,-7.216118018249999,12.363639348441419
Baseline (p=2),p90p100,Chile,Upper middle income,life_exp,-7.275454777869788e-4,0.955097161244182,-0.016202661077696596,0.03489444125094305,-0.4643335871514695,0.6452842185417453,-0.08704214291310187,0.05463682075770869
Baseline (p=2),p90p100,Chile,Upper middle income,gdp_x_debt,-0.2013232676862857,0.955097161244182,-4.483530958500935,8.502090422595876,-0.5273445394776234,0.6012814418750634,-21.743692132114127,12.776630215112256
Baseline (p=2),p90p100,Colombia,Lower middle income,public_debt,0.01751328539906997,0.6092803346189939,0.0448231480286309,0.0703953759519328,0.636734265887534,0.5284407953556053,-0.09808706280355137,0.1877333588608132
Baseline (p=2),p90p100,Colombia,Lower middle income,growth,0.022953827203627757,0.6092803346189939,0.058747560559166065,0.3658160304182886,0.16059318256772884,0.8733371636747077,-0.68389846307407,0.8013935841924021
Baseline (p=2),p90p100,Colombia,Lower middle income,life_exp,-0.0034026758891906555,0.6092803346189939,-0.00870873977093672,0.002784461593964203,-3.127620718423412,0.0035393117660496693,-0.014361497328752035,-0.0030559822131214064
Baseline (p=2),p90p100,Colombia,Lower middle income,gdp_x_debt,0.04315954365537587,0.6092803346189939,0.11046166210571794,1.0428515711854887,0.105922707658337,0.9162484467774802,-2.006639580546269,2.2275629047577046
Baseline (p=2),p90p100,Costa Rica,Upper middle income,public_debt,-0.012230544208132249,0.22016685585564008,-0.015683539869995797,0.028230087549677107,-0.5555611488061143,0.5820449594708266,-0.07299366441979657,0.041626584679804984
Baseline (p=2),p90p100,Costa Rica,Upper middle income,growth,-0.26079416608508743,0.22016685585564008,-0.3344230340084265,0.15513726907094805,-2.155658894933149,0.03806757017110248,-0.6493684339164647,-0.01947763410038822
Baseline (p=2),p90p100,Costa Rica,Upper middle income,life_exp,6.701647066509447e-4,0.22016685585564008,8.59369355718082e-4,7.356185905786851e-4,1.16822680492896,0.25061151916810315,-6.340157771840492e-4,0.002352754488620213
Baseline (p=2),p90p100,Costa Rica,Upper middle income,gdp_x_debt,0.8423577566210221,0.22016685585564008,1.0801769108509292,0.4580333478586054,2.358293159004613,0.02407476342882471,0.15031977996012735,2.010034041741731
Baseline (p=2),p90p100,Cote d'Ivoire,Lower middle income,public_debt,-0.018581157877301746,0.6346884151360987,-0.05086386155594889,0.019590995040758254,-2.596287807236372,0.013819224163343602,-0.09067755365960051,-0.011050169452297268
Baseline (p=2),p90p100,Cote d'Ivoire,Lower middle income,growth,0.03995809489616627,0.6346884151360987,0.10938085883877148,0.215361058362876,0.5078952512132834,0.6148061324951781,-0.328285469540036,0.547047187217579
Baseline (p=2),p90p100,Cote d'Ivoire,Lower middle income,life_exp,-0.004190490468816101,0.6346884151360987,-0.011471003500689119,0.004219009133724245,-2.7188856760220665,0.010238181283992306,-0.02004506164746152,-0.002896945353916717
Baseline (p=2),p90p100,Cote d'Ivoire,Lower middle income,gdp_x_debt,0.018620384420667886,0.6346884151360987,0.05097123987350417,0.23659735656554848,0.21543452815113245,0.8307157052419541,-0.42985243892591823,0.5317949186729266
Baseline (p=2),p90p100,Cyprus,High income,public_debt,0.060214962587498394,0.31469326893695115,0.08786571013842641,0.03445437181698189,2.550204966880839,0.015592714074593268,0.017767763612769397,0.1579636566640834
Baseline (p=2),p90p100,Cyprus,High income,growth,0.10216396175550263,0.31469326893695115,0.14907771531300407,0.17627321854609335,0.8457195967861789,0.4037999424080857,-0.20955284434965327,0.5077082749756614
Baseline (p=2),p90p100,Cyprus,High income,life_exp,-0.004174439713512482,0.31469326893695115,-0.0060913449763394046,0.0023291648657423804,-2.6152485235938396,0.01333859470071903,-0.010830066525973812,-0.0013526234267049976
Baseline (p=2),p90p100,Cyprus,High income,gdp_x_debt,-0.10901915540321339,0.31469326893695115,-0.15908081806536864,0.25456750188370164,-0.6249062307177143,0.5363299799400169,-0.6770022948812229,0.35884065875048554
Baseline (p=2),p90p100,Denmark,High income,public_debt,0.0253651801298147,0.43351948608665936,0.044776791975751934,0.025825629179156904,1.7338122399701281,0.09201208715793596,-0.007707201123265145,0.09726078507476901
Baseline (p=2),p90p100,Denmark,High income,growth,0.24508199051641333,0.43351948608665936,0.43263975458457804,0.3200482060641223,1.3517955932485302,0.18536582125788917,-0.21777645490622033,1.0830559640753763
Baseline (p=2),p90p100,Denmark,High income,life_exp,0.005943771223107277,0.43351948608665936,0.010492454863180954,0.0011015805390531478,9.524909428955267,3.996714813481207e-11,0.008253773861118942,0.012731135865242965
Baseline (p=2),p90p100,Denmark,High income,gdp_x_debt,-0.31985561936026513,0.43351948608665936,-0.5646365788483171,0.578121427594145,-0.9766747120895602,0.33562858192007883,-1.7395206757954393,0.6102475180988051
Baseline (p=2),p90p100,Egypt,Lower middle income,public_debt,0.003064874541939083,0.7369135015719702,0.011649683888196616,0.03299541580030639,0.3530697706221492,0.7264257528092186,-0.05564491030596878,0.07894427808236201
Baseline (p=2),p90p100,Egypt,Lower middle income,growth,0.052308082733327134,0.7369135015719702,0.1988246567036833,0.20614692748430286,0.9644803302674636,0.3422691973493245,-0.22161477383385766,0.6192640872412243
Baseline (p=2),p90p100,Egypt,Lower middle income,life_exp,2.5918461583985565e-4,0.7369135015719702,9.851688223778555e-4,0.001194748302386405,0.8245827346312752,0.4159084386979498,-0.0014515364053984995,0.0034218740501542107
Baseline (p=2),p90p100,Egypt,Lower middle income,gdp_x_debt,-0.07588917019917649,0.7369135015719702,-0.2884571068930655,0.2220999912107591,-1.2987713566334074,0.20360061095331097,-0.7414330254119328,0.1645188116258018
Baseline (p=2),p90p100,El Salvador,Lower middle income,public_debt,-0.0025744432810785537,0.5337900326264957,-0.00552206829807231,0.030464501741851006,-0.18126238678922152,0.8572072642150472,-0.0673682948144004,0.05632415821825579
Baseline (p=2),p90p100,El Salvador,Lower middle income,growth,0.22893686402344768,0.5337900326264957,0.491059565528411,0.37588039485809505,1.3064250550066576,0.19992828804055796,-0.27201820414687705,1.254137335203699
Baseline (p=2),p90p100,El Salvador,Lower middle income,life_exp,-0.00084959374933775205,0.5337900326264957,-0.0018223414529812052,8.67519955530474e-4,-2.1006334682720627,0.04294631147913404,-0.003583500592619005,-6.118231334340516e-5
Baseline (p=2),p90p100,El Salvador,Lower middle income,gdp_x_debt,-0.4025757080286673,0.5337900326264957,-0.8635072954288505,0.6855550516722986,-1.2595739661205425,0.2161580943287843,-2.2552580410808574,0.5282434502231561
Baseline (p=2),p90p100,Finland,High income,public_debt,0.035527066917609866,0.8597624764022969,0.25333495633826025,0.19005808080021888,1.3329344128469622,0.19141695718998983,-0.1329095348194479,0.6395794474959684
Baseline (p=2),p90p100,Finland,High income,growth,0.14355378738041552,0.8597624764022969,1.0236474782043763,0.6896248387798112,1.4843541308859591,0.14692765059815557,-0.37783881389501195,2.4251337703037645
Baseline (p=2),p90p100,Finland,High income,life_exp,-3.039259308886943e-4,0.8597624764022969,-0.0021672226027076827,0.010452192849786206,-0.20734621278557946,0.8369763901106044,-0.023408634132015618,0.019074188926600254
Baseline (p=2),p90p100,Finland,High income,gdp_x_debt,-0.018111918829590304,0.8597624764022969,-0.12915173032823682,1.2717609888861157,-0.1015534612689729,0.9197076664151551,-2.7136810171565173,2.4553775565000437
Baseline (p=2),p90p100,France,High income,public_debt,-0.0025904823051092055,0.851419731733712,-0.017434901251265077,0.11815638739473158,-0.14755783953532142,0.883830071417026,-0.2603088339048275,0.22543903140229735
Baseline (p=2),p90p100,France,High income,growth,0.13504834933513768,0.851419731733712,0.9089251951887838,0.9095779132628944,0.9992823945430148,0.3268678509116466,-0.960738982262449,2.778589372640017
Baseline (p=2),p90p100,France,High income,life_exp,9.483734833819073e-4,0.851419731733712,0.00638290329158793,0.01038385934137181,0.6146946989311477,0.544098874340881,-0.014961425271328616,0.027727231854504476
Baseline (p=2),p90p100,France,High income,gdp_x_debt,-0.13140021146271377,0.851419731733712,-0.8843718819191801,1.6591157603566007,-0.5330380815194585,0.5985343660927489,-4.294733169448526,2.525989405610166
Baseline (p=2),p90p100,Germany,High income,public_debt,0.0452817296069452,0.7955849308761548,0.22151854949358546,0.1617834797768441,1.3692284885894213,0.17990532865388298,-0.10726503898122014,0.550302137968391
Baseline (p=2),p90p100,Germany,High income,growth,0.18645362579582603,0.7955849308761548,0.9121324890331973,0.6536801190602036,1.3953804964186012,0.17194898920757673,-0.41630534377705397,2.2405703218434487
Baseline (p=2),p90p100,Germany,High income,life_exp,2.109593014154395e-4,0.7955849308761548,0.0010320144318109418,0.008490596218019411,0.12154793436304503,0.9039725937987745,-0.016222953113092794,0.01828698197671468
Baseline (p=2),p90p100,Germany,High income,gdp_x_debt,-0.28748979868526914,0.7955849308761548,-1.4064021792399901,1.088760244605449,-1.2917464485026728,0.20515724124498316,-3.6190292083028304,0.8062248498228499
Baseline (p=2),p90p100,Ghana,Low income,public_debt,0.004782061106554287,0.8634147209945418,0.035011541078033635,0.03667529331806139,0.9546356118927505,0.34670314030887717,-0.03960490421600376,0.10962798637207102
Baseline (p=2),p90p100,Ghana,Low income,growth,0.021190398703240257,0.8634147209945418,0.1551440891546844,0.10343427640340529,1.499929177728329,0.14314014177161885,-0.0552945284686468,0.3655827067780156
Baseline (p=2),p90p100,Ghana,Low income,life_exp,4.4482808903054783e-4,0.8634147209945418,0.0032567791512346767,0.0015035187135237216,2.166104832577658,0.03762675476219329,1.9784732856931598e-4,0.006315710973900037
Baseline (p=2),p90p100,Ghana,Low income,gdp_x_debt,-0.03345182487339792,0.8634147209945418,-0.24491530212462437,0.23340185818238138,-1.049328844388404,0.3016512238506196,-0.7197749530497803,0.22994434880053155
Baseline (p=2),p90p100,Greece,High income,public_debt,0.04006904068374611,0.8530317273253377,0.2726373519572168,0.17772889616777826,1.5340068938471534,0.13401884338084674,-0.08817148923217177,0.6334461931466053
Baseline (p=2),p90p100,Greece,High income,growth,-0.10323343362572136,0.8530317273253377,-0.7024198607426314,0.8830190388228127,-0.795475329364421,0.43169903677500077,-2.4950438122528205,1.0902040907675579
Baseline (p=2),p90p100,Greece,High income,life_exp,-0.010034433015425934,0.8530317273253377,-0.06827618528006213,0.04284476772331279,-1.5935711385106084,0.12002425351602385,-0.1552556879192038,0.01870331735907954
Baseline (p=2),p90p100,Greece,High income,gdp_x_debt,0.12796550771183912,0.8530317273253377,0.8707015832941793,0.7043690755994165,1.2361439669298573,0.22463698668869467,-0.5592436614945611,2.30064682808292
Baseline (p=2),p90p100,Guatemala,Lower middle income,public_debt,2.815610282280744e-4,0.9286087080509995,0.0039439127734123645,0.14377278962989729,0.027431566039477023,0.9782713391480009,-0.2879303673209107,0.2958181928677355
Baseline (p=2),p90p100,Guatemala,Lower middle income,growth,0.016258417256257297,0.9286087080509995,0.22773670026691423,1.2035060231294825,0.18922771958775028,0.8510074245755115,-2.215510418985288,2.6709838195191167
Baseline (p=2),p90p100,Guatemala,Lower middle income,life_exp,-2.1170676336281443e-4,0.9286087080509995,-0.0029654423891649203,0.0029343543178820632,-1.0105945185601497,0.31914636632062776,-0.008922498354192922,0.002991613575863082
Baseline (p=2),p90p100,Guatemala,Lower middle income,gdp_x_debt,-0.03256785474581696,0.9286087080509995,-0.45618805678824687,2.9598123588205953,-0.15412735723896545,0.8783946283878006,-6.464926592563285,5.552550478986791
Baseline (p=2),p90p100,Guyana,Lower middle income,public_debt,-7.806695342799126e-4,0.8311001467639768,-0.004622085332359604,0.007319205348849227,-0.631500977505204,0.5318161077877517,-0.019480862139550734,0.010236691474831524
Baseline (p=2),p90p100,Guyana,Lower middle income,growth,-0.015083852566789053,0.8311001467639768,-0.0893064871152413,0.13190030507364822,-0.6770756676064994,0.5028088795815511,-0.35707834218389345,0.17846536795341084
Baseline (p=2),p90p100,Guyana,Lower middle income,life_exp,-9.574448026428597e-4,0.8311001467639768,-0.005668713052727831,0.0027871655366137216,-2.0338630692223103,0.049600313364200475,-0.011326959905953468,-1.046619950219492e-5
Baseline (p=2),p90p100,Guyana,Lower middle income,gdp_x_debt,0.01265067835983133,0.8311001467639768,0.0749004698195509,0.08020194464570446,0.9338984254113406,0.3567548915229316,-0.08791813386678884,0.23771907350589064
Baseline (p=2),p90p100,Haiti,Low income,public_debt,6.262827825234951e-4,0.9159088734778685,0.00744766788632172,0.03376466051054857,0.22057582613617455,0.8267043888464349,-0.06109823711082419,0.07599357288346763
Baseline (p=2),p90p100,Haiti,Low income,growth,5.202430099009483e-4,0.9159088734778685,0.006186657634608195,0.1903258725717678,0.032505604997425344,0.9742535133279895,-0.380195405224502,0.3925687204937184
Baseline (p=2),p90p100,Haiti,Low income,life_exp,-2.559895358804005e-4,0.9159088734778685,-0.0030441920148736273,0.0026489051192493678,-1.149226521082897,0.258255644049358,-0.008421755298644688,0.0023333712688974333
Baseline (p=2),p90p100,Haiti,Low income,gdp_x_debt,0.00260163297445037,0.9159088734778685,0.030938258078462788,0.586371777333293,0.052762188213020894,0.9582213921662223,-1.1594597359881,1.2213362521450255
Baseline (p=2),p90p100,Honduras,Lower middle income,public_debt,0.0057373984200105345,0.9184676636295145,0.0703696064091628,0.09248982552708108,0.7608361893661323,0.45185061758778045,-0.11739472167585542,0.25813393449418104
Baseline (p=2),p90p100,Honduras,Lower middle income,growth,0.022115823839464706,0.9184676636295145,0.2712521782642129,0.6363809787955662,0.4262418068773723,0.6725417887754439,-1.0206698921763793,1.5631742487048048
Baseline (p=2),p90p100,Honduras,Lower middle income,life_exp,-2.3415887862506234e-4,0.9184676636295145,-0.0028719755749551565,0.002701488820174327,-1.0631084435766156,0.295013055042451,-0.008356289446870722,0.0026123382969604086
Baseline (p=2),p90p100,Honduras,Lower middle income,gdp_x_debt,-0.07938581717856033,0.9184676636295145,-0.9736727869274918,1.493364685016854,-0.6519993386052938,0.518660697308992,-4.005364273749283,2.058018699894299
Baseline (p=2),p90p100,Iceland,High income,public_debt,-0.004826352056665262,0.81844756838197,-0.02658379187572366,0.06165200695607469,-0.4311910218050786,0.6690511641037431,-0.15187574450062424,0.09870816074917693
Baseline (p=2),p90p100,Iceland,High income,growth,0.027203573915079646,0.81844756838197,0.1498386646360844,0.4574159363915985,0.3275763975739708,0.7452405376239715,-0.7797423605701644,1.0794196898423332
Baseline (p=2),p90p100,Iceland,High income,life_exp,2.0825116867172913e-4,0.81844756838197,0.001147057997602978,0.01043390347316653,0.1099356535694367,0.9131067477494402,-0.020057185046490775,0.022351301041696733
Baseline (p=2),p90p100,Iceland,High income,gdp_x_debt,-0.12169268114289498,0.81844756838197,-0.6702894588540981,0.9331307134919998,-0.718323220061757,0.4774655184530042,-2.56663922782394,1.2260603101157437
Baseline (p=2),p90p100,India,Low income,public_debt,-0.05097430675756959,0.586754315915218,-0.12335109287460007,0.07014909167116357,-1.7584132586182357,0.08823901916572265,-0.26624011671303244,0.019537930963832287
Baseline (p=2),p90p100,India,Low income,growth,-0.2788705739063654,0.586754315915218,-0.6748299731768086,0.4784322692929686,-1.410502628039865,0.16803878715741952,-1.649364615086939,0.2997046687333217
Baseline (p=2),p90p100,India,Low income,life_exp,0.00851463374529042,0.586754315915218,0.020604289586587787,0.0011379333775355972,18.10676265706358,2.2352129163140364e-18,0.018286395147249355,0.022922184025926218
Baseline (p=2),p90p100,India,Low income,gdp_x_debt,0.38086512528882943,0.586754315915218,0.9216433225003522,0.7000521450444652,1.3165352453020656,0.19734642955485815,-0.5043162339014864,2.3476028789021908
Baseline (p=2),p90p100,Indonesia,Lower middle income,public_debt,-0.0189499730315043,0.6754761502344404,-0.05839315984077601,0.051723670001988985,-1.1289446367307376,0.26659994268427284,-0.16339779239001825,0.04661147270846624
Baseline (p=2),p90p100,Indonesia,Lower middle income,growth,-0.03934791523464738,0.6754761502344404,-0.12124814636296484,0.3125590939697529,-0.38792071228200553,0.7004240878338469,-0.755776841077704,0.5132805483517743
Baseline (p=2),p90p100,Indonesia,Lower middle income,life_exp,5.936253213509731e-4,0.6754761502344404,0.0018292193987585691,0.0021705167106323025,0.8427575746356227,0.4050865736506115,-0.002577163783895923,0.006235602581413062
Baseline (p=2),p90p100,Indonesia,Lower middle income,gdp_x_debt,0.3599405142867969,0.6754761502344404,1.1091342425119843,0.8397922148214066,1.3207246065597988,0.19516426295817926,-0.5957345908798681,2.8140030759038366
Baseline (p=2),p90p100,Iran,Lower middle income,public_debt,-0.019917515838431425,0.3603079931450438,-0.031136102413340805,0.029228697312564465,-1.0652579579712027,0.29405311877255064,-0.09047351256000741,0.028201307733325798
Baseline (p=2),p90p100,Iran,Lower middle income,growth,0.08955211229822445,0.3603079931450438,0.13999254537899752,0.10416086734021007,1.344003261049604,0.18759524333992178,-0.07146525722179511,0.35145034797979013
Baseline (p=2),p90p100,Iran,Lower middle income,life_exp,-0.003972315781345806,0.3603079931450438,-0.006209731775258041,6.905126858437432e-4,-8.992929315513324,1.263172681581889e-10,-0.007611547053346862,-0.0048079164971692205
Baseline (p=2),p90p100,Iran,Lower middle income,gdp_x_debt,-0.2072932220879208,0.3603079931450438,-0.3240516058768302,0.30342607144453637,-1.0679754852116061,0.29284264834094687,-0.9400392791542382,0.2919360674005779
Baseline (p=2),p90p100,Ireland,High income,public_debt,-0.019515555566373716,0.29553999346354926,-0.027702858054815527,0.013736888582446505,-2.0166763302000748,0.051682682493532875,-0.05561957445160169,2.138583419706401e-4
Baseline (p=2),p90p100,Ireland,High income,growth,0.19539656020797477,0.29553999346354926,0.27737069300592637,0.13751474753651222,2.017025068037014,0.051644453859239846,-0.002092897625362855,0.5568342836372155
Baseline (p=2),p90p100,Ireland,High income,life_exp,0.0021418506142003493,0.29553999346354926,0.003040414777740152,6.766618457116101e-4,4.49325582195743,7.718953506873951e-5,0.0016652724571279394,0.004415557098352365
Baseline (p=2),p90p100,Ireland,High income,gdp_x_debt,-0.2285452556400094,0.29553999346354926,-0.3244261612006555,0.18675348035743997,-1.7371893716771145,0.09140648206258559,-0.7039548962530373,0.05510257385172629
Baseline (p=2),p90p100,Italy,High income,public_debt,0.012412060637963483,0.7490776713418342,0.04946574784451554,0.02296960712328268,2.153530427360927,0.03891527481370935,0.002678189208922384,0.09625330648010869
Baseline (p=2),p90p100,Italy,High income,growth,-0.1371155061377208,0.7490776713418342,-0.5464460132781358,0.3190878484782082,-1.7125252994880336,0.09647554495529648,-1.1964066913363427,0.1035146647800711
Baseline (p=2),p90p100,Italy,High income,life_exp,0.0012577335022844654,0.7490776713418342,0.005012441535236545,0.0018267790846300406,2.7438684717871427,0.009868637248887976,0.0012914143066180923,0.008733468763854998
Baseline (p=2),p90p100,Italy,High income,gdp_x_debt,0.19750788409152262,0.7490776713418342,0.7871275750855548,0.3676728891286186,2.140836592415176,0.04000583815451739,0.03820240773316241,1.536052742437947
Baseline (p=2),p90p100,Jamaica,Lower middle income,public_debt,-4.150062216364859e-4,0.8800546850574781,-0.003459961915439197,0.013266392640342274,-0.26080653642932805,0.7957701566960669,-0.03039217079388004,0.023472246963001646
Baseline (p=2),p90p100,Jamaica,Lower middle income,growth,0.06714896771053386,0.8800546850574781,0.5598298503173034,0.49484609104520083,1.1313211530778096,0.26561230813781733,-0.44476112237724963,1.5644208230118564
Baseline (p=2),p90p100,Jamaica,Lower middle income,life_exp,-0.0019227425425848443,0.8800546850574781,-0.01603015960653592,0.008997160534939071,-1.7816909617523544,0.08347872459160373,-0.03429536654025682,0.002235047327184981
Baseline (p=2),p90p100,Jamaica,Lower middle income,gdp_x_debt,-0.029605743666833127,0.8800546850574781,-0.24682701180133856,0.2690001901272547,-0.9175718860442933,0.3651230307180888,-0.7929264304795278,0.29927240687685064
Baseline (p=2),p90p100,Japan,High income,public_debt,0.010069339576450311,0.7962303409826104,0.04941530365711117,0.039185886041541496,1.261048521519338,0.21640800001728785,-0.030403734213932478,0.12923434152815483
Baseline (p=2),p90p100,Japan,High income,growth,-0.07404873931724001,0.7962303409826104,-0.36339433296554086,0.5588103291573988,-0.6502999568985856,0.520140368860458,-1.5016537250961612,0.7748650591650794
Baseline (p=2),p90p100,Japan,High income,life_exp,2.306414000793379e-4,0.7962303409826104,0.0011318731217960915,0.009920808907569615,0.11409080976577102,0.9098786449404201,-0.01907615333612844,0.021339899579720625
Baseline (p=2),p90p100,Japan,High income,gdp_x_debt,0.20424473694690815,0.7962303409826104,1.0023314458678951,0.6905232749786677,1.451553455455734,0.15635997135421728,-0.4042184373714217,2.4088813291072118
Baseline (p=2),p90p100,Jordan,Lower middle income,public_debt,0.008062174485888233,0.6908025388927302,0.026074517096669254,0.012443834316064967,2.0953764277468,0.04440024271165514,6.951496843257028e-4,0.05145388450901281
Baseline (p=2),p90p100,Jordan,Lower middle income,growth,0.06641458870445613,0.6908025388927302,0.21479668192170226,0.10743993541109663,1.999225717139789,0.054415187228364435,-0.0043285110291909346,0.4339218748725955
Baseline (p=2),p90p100,Jordan,Lower middle income,life_exp,5.669177141707155e-4,0.6908025388927302,0.001833513484038716,0.0013841819241355332,1.3246188611976022,0.19498025757912554,-9.89544162494557e-4,0.004656571130571989
Baseline (p=2),p90p100,Jordan,Lower middle income,gdp_x_debt,-0.03846131360181399,0.6908025388927302,-0.12439078077834094,0.10899994711181463,-1.1412003773794317,0.2625259302134054,-0.3466976385693842,0.09791607701270232
Baseline (p=2),p90p100,Kenya,Low income,public_debt,-0.11051586968317617,0.9513005997606827,-2.2693476539768875,1.8191844506994272,-1.247453304201443,0.22738866618417897,-6.076944468696356,1.5382491607425806
Baseline (p=2),p90p100,Kenya,Low income,growth,-0.5018117007646226,0.9513005997606827,-10.304268600817112,10.36188945666435,-0.9944391555142311,0.3325059254444884,-31.991952482735442,11.38341528110122
Baseline (p=2),p90p100,Kenya,Low income,life_exp,0.0022483615816903902,0.9513005997606827,0.04616815752640796,0.037796418965948986,1.2214955487714623,0.23683872097621883,-0.0329406565398177,0.12527697159263362
Baseline (p=2),p90p100,Kenya,Low income,gdp_x_debt,0.8609661668298392,0.9513005997606827,17.679194458225403,26.003111762311157,0.6798876465181211,0.5047758548649681,-36.745943949759486,72.10433286621029
Baseline (p=2),p90p100,Lebanon,Upper middle income,public_debt,0.010850284402769937,0.768287413923178,0.04682647838202727,0.021969831227702494,2.131399094362737,0.040593627338691235,0.0021285206668863674,0.09152443609716818
Baseline (p=2),p90p100,Lebanon,Upper middle income,growth,5.663623578926096e-4,0.768287413923178,0.002444245120568625,0.07246012095189457,0.0337322804386613,0.9732938485734046,-0.1449769794110902,0.14986546965222744
Baseline (p=2),p90p100,Lebanon,Upper middle income,life_exp,2.0520659438814254e-5,0.768287413923178,8.856083213369702e-5,9.857019735627338e-4,0.08984544467695608,0.9289531374980988,-0.0019168649118056881,0.0020939865760730824
Baseline (p=2),p90p100,Lebanon,Upper middle income,gdp_x_debt,-0.028216347750736375,0.768287413923178,-0.12177304750024034,0.07358687523020525,-1.6548201988369806,0.10744267426725397,-0.2714866708475887,0.027940575847108046
Baseline (p=2),p90p100,Luxembourg,High income,public_debt,-0.17114087503011538,0.5544950295026818,-0.38415031562738894,0.17702092172268988,-2.1700842583408035,0.037079573716937576,-0.7439001118326871,-0.02440051942209076
Baseline (p=2),p90p100,Luxembourg,High income,growth,0.022674844796160682,0.5544950295026818,0.05089695131986676,0.22035913186186593,0.23097273477993172,0.818720282819472,-0.3969266844844294,0.49872058712416295
Baseline (p=2),p90p100,Luxembourg,High income,life_exp,0.0034159138422247114,0.5544950295026818,0.00766751005810669,0.0025519876506083787,3.0045247500624863,0.004966843317050383,0.002481247167311188,0.012853772948902192
Baseline (p=2),p90p100,Luxembourg,High income,gdp_x_debt,-0.8147092422322773,0.5544950295026818,-1.828732104431552,1.9021349722996108,-0.9614102737518583,0.3431338526839358,-5.694335457868647,2.036871249005543
Baseline (p=2),p90p100,Malaysia,Upper middle income,public_debt,-0.005203427986491511,0.9549888616945498,-0.1156031191919767,0.22399718601272203,-0.5160918369100002,0.609231305042484,-0.5713288207204646,0.34012258233651127
Baseline (p=2),p90p100,Malaysia,Upper middle income,growth,0.06600235217626778,0.9549888616945498,1.4663559878972403,2.2593460104051855,0.6490178932948246,0.5208184657700636,-3.130318032503241,6.063030008297722
Baseline (p=2),p90p100,Malaysia,Upper middle income,life_exp,-0.002240680530543231,0.9549888616945498,-0.049780579094395296,0.052387081189778174,-0.95024532697402,0.34889559079911203,-0.15636289716371948,0.056801738974928885
Baseline (p=2),p90p100,Malaysia,Upper middle income,gdp_x_debt,-0.02235239057415632,0.9549888616945498,-0.49659687392197666,2.1667649110958993,-0.2291881649822405,0.8201372037839783,-4.9049132315230395,3.911719483679086
Baseline (p=2),p90p100,Malta,High income,public_debt,-0.025772887272447288,0.5849266655083493,-0.0620923705060743,0.02235203663235586,-2.777928988188576,0.008840444117642067,-0.107517174224248,-0.016667566787900594
Baseline (p=2),p90p100,Malta,High income,growth,0.011863849024203753,0.5849266655083493,0.028582537200886837,0.11914416434966645,0.23989875926278934,0.8118492271609391,-0.21354753661597067,0.27071261101774435
Baseline (p=2),p90p100,Malta,High income,life_exp,0.0026897398221475276,0.5849266655083493,0.006480155670423179,0.0013606480248254628,4.762551043466529,3.482559118252763e-5,0.0037149861928576335,0.009245325147988724
Baseline (p=2),p90p100,Malta,High income,gdp_x_debt,-0.0028417314182373797,0.5849266655083493,-0.006846335772732087,0.2196602882919058,-0.0311678356883244,0.9753179374866705,-0.45324975056910477,0.4395570790236406
Baseline (p=2),p90p100,Mauritania,Low income,public_debt,0.03894356169576333,0.8005464394685236,0.1952512734893871,0.1166730281943743,1.6734910931093983,0.10577913824869102,-0.04414200620999481,0.434644553188769
Baseline (p=2),p90p100,Mauritania,Low income,growth,0.2762471708498946,0.8005464394685236,1.3850200022190082,1.4348535259117232,0.9652692607344362,0.3429767709843138,-1.559056248926001,4.329096253364018
Baseline (p=2),p90p100,Mauritania,Low income,life_exp,-0.0011193736842499621,0.8005464394685236,-0.0056122020648175395,0.007051439084879137,-0.7958945680821596,0.43303548489694,-0.020080559964274367,0.00885615583463929
Baseline (p=2),p90p100,Mauritania,Low income,gdp_x_debt,-0.6869334941916537,0.8005464394685236,-3.4440773699963425,2.7866633508824594,-1.2359144024001674,0.2271354545862136,-9.161838272494181,2.273683532501496
Baseline (p=2),p90p100,Mexico,Upper middle income,public_debt,-0.02388515947471987,0.860948405135708,-0.17177192032950575,0.34944149355641124,-0.4915613156906799,0.6286600678788524,-0.9031613719514406,0.5596175312924292
Baseline (p=2),p90p100,Mexico,Upper middle income,growth,0.4301652760366971,0.860948405135708,3.093565927499924,3.841130211687763,0.805379082981057,0.4305652533865617,-4.946012001677046,11.133143856676893
Baseline (p=2),p90p100,Mexico,Upper middle income,life_exp,-0.0016915107524716685,0.860948405135708,-0.012164626764061973,0.01311686019239584,-0.9274038592798375,0.3653488170167082,-0.039618530665057265,0.015289277136933321
Baseline (p=2),p90p100,Mexico,Upper middle income,gdp_x_debt,-1.7699707333425607,0.860948405135708,-12.728877616038648,16.45483925272154,-0.7735643855611267,0.44870677239100076,-47.16925198340688,21.711496751329587
Baseline (p=2),p90p100,Netherlands,High income,public_debt,0.0021192205667602965,0.5251508484880643,0.004462934302425573,0.02307353570122784,0.19342221149869468,0.8478139448758456,-0.04248052704796591,0.05140639565281706
Baseline (p=2),p90p100,Netherlands,High income,growth,0.3346714045886168,0.5251508484880643,0.7047952039569024,0.36544313563950737,1.928604303166198,0.06241916148569474,-0.03870444584952881,1.4482948537633336
Baseline (p=2),p90p100,Netherlands,High income,life_exp,9.538591781511177e-4,0.5251508484880643,0.0020087625198739385,0.0010561937563591,1.9018882736047633,0.06594509255895824,-1.4007983450912975e-4,0.004157604874257007
Baseline (p=2),p90p100,Netherlands,High income,gdp_x_debt,-0.6760880075838295,0.5251508484880643,-1.423795336753035,0.7218007044181138,-1.9725601929148024,0.05697260089639688,-2.8923099116013957,0.04471923809532585
Baseline (p=2),p90p100,New Zealand,High income,public_debt,-0.05789859074712824,0.4788530614311577,-0.11109839943822288,0.07824176614312689,-1.4199372651556927,0.1656051430094817,-0.2706735335569334,0.048476734680487646
Baseline (p=2),p90p100,New Zealand,High income,growth,-0.011214229083807443,0.4788530614311577,-0.02151836315992494,0.68255063095655,-0.03152639845892218,0.9750518471168602,-1.4135895528421611,1.3705528265223113
Baseline (p=2),p90p100,New Zealand,High income,life_exp,-4.930337011208163e-4,0.4788530614311577,-9.46055065534435e-4,0.002940015055043822,-0.32178578946777997,0.7497748303561889,-0.006942255302904187,0.005050145171835317
Baseline (p=2),p90p100,New Zealand,High income,gdp_x_debt,0.5370934189268602,0.4788530614311577,1.0305988180642673,1.5016549120813176,0.6863086916792627,0.4976200644834503,-2.032046566972796,4.093244203101331
Baseline (p=2),p90p100,Norway,High income,public_debt,0.007376790251688555,0.824575436347419,0.04205106798098068,0.1653920867609925,0.25425078553938635,0.8008332450797842,-0.2940660922236461,0.37816822818560747
Baseline (p=2),p90p100,Norway,High income,growth,0.1488504692635807,0.824575436347419,0.848515545168299,1.0239298394662286,0.8286852403975524,0.4130623390452359,-1.2323602490135173,2.929391339350115
Baseline (p=2),p90p100,Norway,High income,life_exp,0.0020770050900010763,0.824575436347419,0.011839876051306444,0.004343435651333758,2.7259241305142212,0.010061376064155029,0.0030129527973085848,0.020666799305304302
Baseline (p=2),p90p100,Norway,High income,gdp_x_debt,-0.12875656419016504,0.824575436347419,-0.7339711241645758,2.412775463911812,-0.3042020010327006,0.7628281001012873,-5.637320812915867,4.169378564586715
Baseline (p=2),p90p100,Pakistan,Low income,public_debt,-0.002113835308144449,0.45980000958934975,-0.003913060617675224,0.04987388552612346,-0.07845910893839624,0.9379838532462359,-0.10576912331639812,0.09794300208104767
Baseline (p=2),p90p100,Pakistan,Low income,growth,0.24666282295547606,0.45980000958934975,0.4566138973234106,0.47713304428623554,0.9569949153416519,0.3462188873417221,-0.5178217770135269,1.4310495716603482
Baseline (p=2),p90p100,Pakistan,Low income,life_exp,3.9129370462573365e-4,0.45980000958934975,7.243497067230217e-4,9.008813134491472e-4,0.8040456560806548,0.42769630507843437,-0.0011154953861306535,0.002564194799576697
Baseline (p=2),p90p100,Pakistan,Low income,gdp_x_debt,-0.02714827610406184,0.45980000958934975,-0.05025597294702692,0.8685297598131734,-0.057863271096015544,0.954241241645439,-1.8240303788914005,1.7235184329973467
Baseline (p=2),p90p100,Panama,Upper middle income,public_debt,-0.003991667096006132,0.8985019342740842,-0.039327518878883694,0.06556085017184621,-0.5998628568085913,0.5524617682306491,-0.17242312059558151,0.09376808283781413
Baseline (p=2),p90p100,Panama,Upper middle income,growth,-0.07707959724089532,0.8985019342740842,-0.7594193710946193,0.6038030106877353,-1.2577270362226847,0.21681761630348795,-1.985204650193217,0.46636590800397837
Baseline (p=2),p90p100,Panama,Upper middle income,life_exp,-2.474587828754898e-4,0.8985019342740842,-0.0024380640271877163,0.004272166114104814,-0.5706856807693644,0.5718588123435937,-0.011111022326234355,0.006234894271858924
Baseline (p=2),p90p100,Panama,Upper middle income,gdp_x_debt,0.08228251502015838,0.8985019342740842,0.8106806216618268,0.6711403314266875,1.207915220857774,0.23517877087955802,-0.551806686136054,2.1731679294597077
Baseline (p=2),p90p100,Paraguay,Lower middle income,public_debt,-0.0022676117366192323,0.8795233263648331,-0.018821998219224746,0.08573440352352399,-0.21953845184285123,0.8275829736276076,-0.19324995370552878,0.15560595726707926
Baseline (p=2),p90p100,Paraguay,Lower middle income,growth,-0.04395642433461873,0.8795233263648331,-0.36485423284286245,0.422188170942516,-0.8641981418577926,0.3937174692016827,-1.2238025250275675,0.4940940593418426
Baseline (p=2),p90p100,Paraguay,Lower middle income,life_exp,-5.346687307853312e-4,0.8795233263648331,-0.004437943999055287,0.0029697127210112015,-1.4944017876396292,0.1445722727810357,-0.010479869958982476,0.0016039819608719011
Baseline (p=2),p90p100,Paraguay,Lower middle income,gdp_x_debt,0.11111848041266767,0.8795233263648331,0.9223236088768674,1.10045790467411,0.8381271150485348,0.40798910591045934,-1.3165748323816555,3.1612220501353905
Baseline (p=2),p90p100,Portugal,High income,public_debt,0.0014258715342093733,0.9788374135348619,0.06737699744585858,1.2237981762228773,0.055055644594773384,0.9564474366208437,-2.428575838636101,2.5633298335278183
Baseline (p=2),p90p100,Portugal,High income,growth,-0.05596907762996022,0.9788374135348619,-2.6447182021989626,19.729367600198835,-0.1340498213522216,0.8942296838365968,-42.883028711702124,37.59359230730419
Baseline (p=2),p90p100,Portugal,High income,life_exp,-0.0013542678384666027,0.9788374135348619,-0.06399349345589375,0.5132082796429034,-0.12469302619283774,0.9015716638688035,-1.1106886805895633,0.9827016936777758
Baseline (p=2),p90p100,Portugal,High income,gdp_x_debt,0.02444993540441008,0.9788374135348619,1.155337767653652,12.813588281940504,0.09016504528103086,0.9287361216905187,-24.978147829951457,27.28882336525876
Baseline (p=2),p90p100,Singapore,High income,public_debt,0.03098738090722862,0.7408694944362753,0.11958214197829471,0.17863228299975942,0.6694318628758485,0.5078770569586109,-0.2438479704030152,0.4830122543596046
Baseline (p=2),p90p100,Singapore,High income,growth,0.220966083637819,0.7408694944362753,0.8527212307833806,0.6946003285726823,1.2276429994434601,0.22826632370292543,-0.5604537633110783,2.2658962248778396
Baseline (p=2),p90p100,Singapore,High income,life_exp,0.0019492243326316389,0.7408694944362753,0.00752217238333713,0.007822801766878742,0.9615701135602773,0.3432588708057336,-0.008393437480291383,0.023437782246965643
Baseline (p=2),p90p100,Singapore,High income,gdp_x_debt,-0.18377832577035227,0.7408694944362753,-0.70921146613191,0.7601488260359223,-0.9329902801144296,0.35760157190169795,-2.25574588104015,0.8373229487763298
Baseline (p=2),p90p100,South Africa,Upper middle income,public_debt,0.015396984975230975,1.009297463461989,-1.6560414610048146,8.615486980683306,-0.19221681429242574,0.8487503574716095,-19.18438151818061,15.872298596170982
Baseline (p=2),p90p100,South Africa,Upper middle income,growth,-0.15017039140084387,1.009297463461989,16.15175924216213,53.25965246966287,0.3032644505399712,0.7635920423382462,-92.20581844420241,124.50933692852666
Baseline (p=2),p90p100,South Africa,Upper middle income,life_exp,-6.933750290707701e-4,1.009297463461989,0.07457679526308614,0.31297483540907267,0.23828367915142698,0.8131345350627263,-0.5621752950933611,0.7113288856195333
Baseline (p=2),p90p100,South Africa,Upper middle income,gdp_x_debt,0.6680377237057568,1.009297463461989,-71.85161054269433,218.1426765052169,-0.3293789720278599,0.743950795231674,-515.6662229191005,371.9630018337118
Baseline (p=2),p90p100,South Korea,High income,public_debt,-0.06654488148247688,0.9816254249373898,-3.6215739006605276,21.250178233880412,-0.17042557764934127,0.8656568315014962,-46.761729209994016,39.51858140867296
Baseline (p=2),p90p100,South Korea,High income,growth,-0.23680935644215015,0.9816254249373898,-12.88788206721719,68.15546383725538,-0.18909536142240102,0.8511103686181924,-151.25082955680884,125.47506542237446
Baseline (p=2),p90p100,South Korea,High income,life_exp,5.498022079168626e-4,0.9816254249373898,0.029921900563329842,0.16379886759103293,0.18267464850879042,0.8561073437223372,-0.3026074791716542,0.36245128029831386
Baseline (p=2),p90p100,South Korea,High income,gdp_x_debt,1.3833644198526927,0.9816254249373898,75.2868795680426,396.930952156469,0.18967248373809037,0.850661520344004,-730.5257933727626,881.0995525088476
Baseline (p=2),p90p100,Spain,High income,public_debt,0.003010211269190842,0.6811036002638695,0.009439464577466628,0.02238201656110158,0.421743257659445,0.6758671422067023,-0.036046265686290296,0.05492519484122356
Baseline (p=2),p90p100,Spain,High income,growth,0.07224589718730132,0.6811036002638695,0.22654974232095718,0.16458399592255502,1.3764992218779288,0.17766515058574897,-0.10792517971422502,0.5610246643561394
Baseline (p=2),p90p100,Spain,High income,life_exp,-0.00064766257579776615,0.6811036002638695,-0.0020309497891279798,0.0018508345312494435,-1.0973156999383116,0.2802143788152325,-0.005792298102915295,0.0017303985246593353
Baseline (p=2),p90p100,Spain,High income,gdp_x_debt,-0.050597749061951754,0.6811036002638695,-0.1586651624283581,0.31129243609064394,-0.5096980974576493,0.6135557068305884,-0.7912875064657061,0.47395718160898986
Baseline (p=2),p90p100,Sweden,High income,public_debt,0.040454953357336,0.8447799085748768,0.2606296194384805,0.18586256593182215,1.402270640845905,0.1698992071223749,-0.11708855966416754,0.6383477985411286
Baseline (p=2),p90p100,Sweden,High income,growth,0.010067569027649619,0.8447799085748768,0.06485996068689424,1.1129724602822624,0.058276339263996724,0.9538696808876204,-2.1969722107435663,2.326692132117355
Baseline (p=2),p90p100,Sweden,High income,life_exp,0.0012863100333446078,0.8447799085748768,0.008287007316737168,0.0034499867959289425,2.4020402995501353,0.021913497712706217,0.0012757905934919463,0.015298224039982392
Baseline (p=2),p90p100,Sweden,High income,gdp_x_debt,-0.08264101009929181,0.8447799085748768,-0.5324118117734593,2.3770649167826248,-0.223978658729305,0.8241143786557847,-5.363188937196728,4.298365313649809
Baseline (p=2),p90p100,Switzerland,High income,public_debt,0.00811797725728107,0.6822294482045129,0.025546663186416633,0.05903204554229397,0.43275924037078345,0.6680049483584818,-0.09455493650910649,0.14564826288193974
Baseline (p=2),p90p100,Switzerland,High income,growth,-0.22153929803448874,0.6822294482045129,-0.697167490136306,0.7053822502624979,-0.9883541723326112,0.3301710353649404,-2.1322784688445955,0.7379434885719837
Baseline (p=2),p90p100,Switzerland,High income,life_exp,1.053274674156044e-4,0.6822294482045129,3.314576093362854e-4,0.002387927087282083,0.13880558208900234,0.8904474008121603,-0.004526816578932753,0.005189731797605324
Baseline (p=2),p90p100,Switzerland,High income,gdp_x_debt,0.44105392530639925,0.6822294482045129,1.387963493830151,1.5491868558977098,0.8959303318035613,0.3767791762626962,-1.7638808631011833,4.539807850761486
Baseline (p=2),p90p100,Thailand,Lower middle income,public_debt,-0.04283951764750248,0.6482495349136939,-0.12178951245165034,0.0761992387474082,-1.598303532340641,0.11922875024788805,-0.2766449970102606,0.03306597210695991
Baseline (p=2),p90p100,Thailand,Lower middle income,growth,-0.011175493274460852,0.6482495349136939,-0.03177108315043396,0.18975826858278788,-0.16742924241308016,0.8680242076878025,-0.4174062825754416,0.35386411627457365
Baseline (p=2),p90p100,Thailand,Lower middle income,life_exp,-0.0014836178137557483,0.6482495349136939,-0.004217813367756956,0.001362639245377661,-3.0953265011738096,0.003920528247864165,-0.006987029492356547,-0.0014485972431573647
Baseline (p=2),p90p100,Thailand,Lower middle income,gdp_x_debt,0.4058270290428366,0.6482495349136939,1.1537355862294656,1.0173903295650386,1.1340146969184564,0.2647210007141991,-0.9138503248620284,3.2213214973209596
Baseline (p=2),p90p100,Togo,Low income,public_debt,0.007964663772187826,0.7830197820293789,0.03670686593773371,0.050720083842538226,0.7237146147409987,0.4741912118436672,-0.06636874596339892,0.13978247783886635
Baseline (p=2),p90p100,Togo,Low income,growth,-0.03989648287735658,0.7830197820293789,-0.18387152179356062,0.29381702679943666,-0.6258028127113059,0.5356229397223096,-0.7809795612507727,0.41323651766365155
Baseline (p=2),p90p100,Togo,Low income,life_exp,5.147677956723095e-5,0.7830197820293789,2.372418096390744e-4,0.0012989884262564289,0.18263581479535163,0.8561684540854294,-0.002402620287287817,0.002877103906565966
Baseline (p=2),p90p100,Togo,Low income,gdp_x_debt,0.055314063821027694,0.7830197820293789,0.25492675939940834,0.4405422332989386,0.5786658806589896,0.566628545559634,-0.640362775344925,1.1502162941437417
Baseline (p=2),p90p100,Trinidad and Tobago,Upper middle income,public_debt,0.003130479394363199,0.6968732125649679,0.0103272938061739,0.01434312380237892,0.7200170582408999,0.4764354250926952,-0.018821440787674937,0.039476028400022733
Baseline (p=2),p90p100,Trinidad and Tobago,Upper middle income,growth,0.014963582533796137,0.6968732125649679,0.049364104902814704,0.04935030670120294,1.0002795970792098,0.3242413862101814,-0.05092778492385039,0.1496559947294798
Baseline (p=2),p90p100,Trinidad and Tobago,Upper middle income,life_exp,-0.0013560550664719903,0.6968732125649679,-0.004473557345249892,9.734915059338412e-4,-4.595373783933063,5.7128234526598614e-5,-0.006451930113051377,-0.0024951845774484056
Baseline (p=2),p90p100,Trinidad and Tobago,Upper middle income,gdp_x_debt,-0.01075990528709024,0.6968732125649679,-0.03549638545025113,0.17021529402189398,-0.20853816723240748,0.836053080498271,-0.38141548212814624,0.310422711227644
Baseline (p=2),p90p100,Turkey,Upper middle income,public_debt,-0.015808968164263942,0.8436785179796026,-0.10113113028317584,0.08036135831853335,-1.2584547150424716,0.21733193297708137,-0.2648218605679412,0.06255960000158954
Baseline (p=2),p90p100,Turkey,Upper middle income,growth,0.26616700664347864,0.8436785179796026,1.702689887553319,0.9674253561784537,1.7600219765577827,0.08796137594621066,-0.2678910777553385,3.673270852861976
Baseline (p=2),p90p100,Turkey,Upper middle income,life_exp,-4.6399069489342764e-4,0.8436785179796026,-0.002968182548530882,0.002278157307463372,-1.3028874427621606,0.20191134099701824,-0.007608637129750311,0.001672272032688547
Baseline (p=2),p90p100,Turkey,Upper middle income,gdp_x_debt,-0.7508866859145469,0.8436785179796026,-4.803477271387233,2.4236742261552453,-1.9818988953012666,0.05613481382231942,-9.740340116327712,0.13338557355324543
Baseline (p=2),p90p100,United Arab Emirates,High income,public_debt,-0.13226397133511264,0.8153063941183595,-0.7161264230223161,0.08858835951185393,-8.083753068330516,2.4946577274120093e-9,-0.8963607956251245,-0.5358920504195077
Baseline (p=2),p90p100,United Arab Emirates,High income,growth,0.00632753561212002,0.8153063941183595,0.03425963547527992,0.02693043469968859,1.2721530809777861,0.21221041612731645,-0.02053074588819699,0.08905001683875684
Baseline (p=2),p90p100,United Arab Emirates,High income,life_exp,4.935437861185311e-4,0.8153063941183595,0.002672229954916874,0.0011770078505819908,2.270358650195533,0.029841779388362955,2.775894776898486e-4,0.005066870432143899
Baseline (p=2),p90p100,United Arab Emirates,High income,gdp_x_debt,-0.07522660516290033,0.8153063941183595,-0.4073048701594398,0.4327106898185053,-0.9412868222189712,0.3533978627933766,-1.2876613879650445,0.47305164764616486
Baseline (p=2),p90p100,United Kingdom,High income,public_debt,-0.09402937363903027,0.37866358180886844,-0.15133407745963726,0.01935679413559327,-7.818137466336132,5.2016995806796775e-9,-0.1907157712380794,-0.11195238368119512
Baseline (p=2),p90p100,United Kingdom,High income,growth,-0.30378215810715165,0.37866358180886844,-0.48891735493557387,0.27820606296545913,-1.7573928825421599,0.0881257332488054,-1.0549318458819543,0.07709713601080659
Baseline (p=2),p90p100,United Kingdom,High income,life_exp,0.010974186294828802,0.37866358180886844,0.017662229306914683,0.0011482417849150493,15.381977505914742,1.301647767979153e-16,0.015326113830334482,0.019998344783494885
Baseline (p=2),p90p100,United Kingdom,High income,gdp_x_debt,1.1091399626524563,0.37866358180886844,1.785087643633452,0.6702114702857006,2.6634692522831593,0.011866185314259134,0.42153215481118145,3.1486431324557227
Baseline (p=2),p90p100,United States,High income,public_debt,-0.011415379355738048,0.6637830093798774,-0.03395241666604471,0.026385486384502287,-1.2867838087679488,0.20661568776898545,-0.08751780176596427,0.019612968433874847
Baseline (p=2),p90p100,United States,High income,growth,-0.05319442022912317,0.6637830093798774,-0.15821455105826376,0.4394645488756781,-0.36001664175879117,0.7209981314250724,-1.050375015915738,0.7339459137992105
Baseline (p=2),p90p100,United States,High income,life_exp,0.0073010149081513915,0.6637830093798774,0.021715187250606564,0.002360375044198962,9.19988851092773,7.173115994440949e-11,0.016923371159734,0.026507003341479127
Baseline (p=2),p90p100,United States,High income,gdp_x_debt,0.45212575354980294,0.6637830093798774,1.3447439188480537,0.7309263413714179,1.8397803482153154,0.07429440065755145,-0.13911544173707813,2.8286032794331852
Baseline (p=2),p90p100,Uruguay,Upper middle income,public_debt,0.0018308785385043615,0.8802433648727331,0.015288326501146797,0.08261772437189982,0.18504899060554017,0.8542900683348591,-0.15261109022597127,0.1831877432282649
Baseline (p=2),p90p100,Uruguay,Upper middle income,growth,-0.029182419571794082,0.8802433648727331,-0.2436810247781391,0.3712774202717796,-0.6563313885335704,0.51602863565865,-0.9982075235591104,0.5108454740028321
Baseline (p=2),p90p100,Uruguay,Upper middle income,life_exp,-6.273552724155698e-4,0.8802433648727331,-0.005238584665884037,0.00653576851736702,-0.8015254291769864,0.42839393078979826,-0.01852086434947477,0.008043695017706694
Baseline (p=2),p90p100,Uruguay,Upper middle income,gdp_x_debt,-0.08449889386120116,0.8802433648727331,-0.7055884107916286,1.1797683329377318,-0.5980736989563439,0.5537541134717529,-3.103166127671252,1.6919893060879951
Baseline (p=2),p90p100,Venezuela,Upper middle income,public_debt,-0.0024428380865291308,0.8623332738506501,-0.017744578917922253,0.012633329320325033,-1.4045845293824508,0.1689578165911724,-0.043391600931311614,0.007902443095467105
Baseline (p=2),p90p100,Venezuela,Upper middle income,growth,-0.0017709556690704042,0.8623332738506501,-0.012864079204942773,0.06310832354503454,-0.2038412444241666,0.8396581739777323,-0.14098078717230517,0.11525262876241961
Baseline (p=2),p90p100,Venezuela,Upper middle income,life_exp,-6.057699941623459e-4,0.8623332738506501,-0.004400264400165706,0.00542613812948939,-0.8109385155994507,0.4228813502468073,-0.0154159104366236,0.006615381636292188
Baseline (p=2),p90p100,Venezuela,Upper middle income,gdp_x_debt,0.003408250135713029,0.8623332738506501,0.024757254211272044,0.04921656343606415,0.5030268771901049,0.6180963666612024,-0.0751576814215177,0.1246721898440618
Baseline (p=2),p90p100,Zambia,Low income,public_debt,-0.01704395479134287,0.7582648973524679,-0.07050674314435101,0.031094726661871637,-2.2674823262172747,0.03521729535637632,-0.13558875401289974,-0.005424732275802285
Baseline (p=2),p90p100,Zambia,Low income,growth,-0.03539836534710443,0.7582648973524679,-0.1464345267171144,0.11013121895173227,-1.3296368469443072,0.19938186197168845,-0.3769418171243983,0.08407276369016947
Baseline (p=2),p90p100,Zambia,Low income,life_exp,0.0010534140907509106,0.7582648973524679,0.00435772082421504,0.0011474279277563382,3.797816593793438,0.0012158163628767922,0.0019561265707211443,0.006759315077708935
Baseline (p=2),p90p100,Zambia,Low income,gdp_x_debt,0.20197661670824096,0.7582648973524679,0.8355287026838549,0.355577246132795,2.3497811284916015,0.029745112934805997,0.09129697332765108,1.5797604320400587
Baseline (p=2),p99p100,Algeria,Lower middle income,public_debt,0.0036762984967198763,1.0341876279769422,-0.10753300870125741,0.16405002083454978,-0.6554891499203662,0.5169882491588579,-0.44211523207493264,0.2270492146724178
Baseline (p=2),p99p100,Algeria,Lower middle income,growth,0.17559642634886177,1.0341876279769422,-5.136256498031761,8.024644108804726,-0.6400603476478421,0.526836114533435,-21.502626060484722,11.230113064421198
Baseline (p=2),p99p100,Algeria,Lower middle income,life_exp,1.2382232194711084e-4,1.0341876279769422,-0.0036218459505474514,0.01084923109973303,-0.3338343443192555,0.74075236397780575,-0.025748998661515057,0.018505306760420153
Baseline (p=2),p99p100,Algeria,Lower middle income,gdp_x_debt,-0.2944640424525101,1.0341876279769422,8.613175580684073,13.792971944385698,0.6244611832325221,0.5368939453716337,-19.517776165658972,36.744127327027115
Baseline (p=2),p99p100,Argentina,Upper middle income,public_debt,0.005935783176367804,0.3570153146384896,0.009231608950422328,0.012321151928629866,0.7492488530209123,0.45886001561056367,-0.015807984405005138,0.03427120230584979
Baseline (p=2),p99p100,Argentina,Upper middle income,growth,0.005792690478322561,0.3570153146384896,0.009009064461723051,0.0704044437104298,0.12796158860052803,0.8989332528831149,-0.13406997970036627,0.1520881086238124
Baseline (p=2),p99p100,Argentina,Upper middle income,life_exp,-0.00161062491273124,0.3570153146384896,-0.0025049195562499055,0.0012243131856703388,-2.0459793993629223,0.0485554941246157,-0.004993023305513736,-1.681580698607507e-5
Baseline (p=2),p99p100,Argentina,Upper middle income,gdp_x_debt,-0.086877673788427,0.3570153146384896,-0.13511624112723786,0.12420196619063527,-1.0878752186567682,0.2843020178346407,-0.3875250049646213,0.11729252271014556
Baseline (p=2),p99p100,Australia,High income,public_debt,-0.02479873891119274,0.49565015983141875,-0.04916971700219761,0.026768330349584132,-1.8368615584184729,0.074734442734420245,-0.10351231667091262,0.0051728826665173935
Baseline (p=2),p99p100,Australia,High income,growth,0.042920948597927014,0.49565015983141875,0.08510154099301485,0.16396103938305734,0.5190351397699708,0.6070029103014458,-0.24775706498269645,0.4179601469687262
Baseline (p=2),p99p100,Australia,High income,life_exp,0.0032104879418358447,0.49565015983141875,0.00636559722267925,5.679329939827981e-4,11.208359595449132,3.947377175621487e-13,0.005212631948879817,0.007518562496478682
Baseline (p=2),p99p100,Australia,High income,gdp_x_debt,0.11455020641728984,0.49565015983141875,0.22712450226810996,0.6168533136405827,0.3681985607366728,0.7149428022350213,-1.0251543003211323,1.479403304857352
Baseline (p=2),p99p100,Austria,High income,public_debt,-0.0012588707622946454,0.1607329048085426,-0.0014999643969211805,0.012164498210188598,-0.12330672182308826,0.9025696029494437,-0.026195208656612155,0.023195279862769796
Baseline (p=2),p99p100,Austria,High income,growth,0.1041075915070898,0.1607329048085426,0.12404583964219437,0.1257158004168129,0.9867163811622585,0.3305541877804028,-0.1311708034903152,0.379262482774704
Baseline (p=2),p99p100,Austria,High income,life_exp,2.0456075360362978e-4,0.1607329048085426,2.4373736892063482e-4,5.701677185014422e-4,0.4274836350981844,0.6716457884113625,-9.137646368415524e-4,0.0014012393746828222
Baseline (p=2),p99p100,Austria,High income,gdp_x_debt,-0.17595372609509805,0.1607329048085426,-0.2096516438011414,0.1891746984701914,-1.108243573250239,0.2753144709561825,-0.5936966989898449,0.17439341138756206
Baseline (p=2),p99p100,Bahamas,High income,public_debt,-0.0150074951427044,0.5686772169875868,-0.0347941164570305,0.029478499410546748,-1.1803218329553755,0.24657198882258055,-0.09483985482154211,0.025251621907481127
Baseline (p=2),p99p100,Bahamas,High income,growth,0.011603643783451936,0.5686772169875868,0.026902459690189815,0.04547458713988758,0.5915932696086557,0.558279544416727,-0.06572624313512913,0.11953116251550876
Baseline (p=2),p99p100,Bahamas,High income,life_exp,0.0015325712798650304,0.5686772169875868,0.0035531887955497212,0.0017783093679071954,1.9980712353392671,0.05426725307381479,-6.910885092790238e-5,0.007175486442027345
Baseline (p=2),p99p100,Bahamas,High income,gdp_x_debt,0.12990338019840164,0.5686772169875868,0.3011743995787561,0.3622073257389174,0.8314972618633494,0.4118546669928176,-0.43661777946435903,1.0389665786218711
Baseline (p=2),p99p100,Bahrain,High income,public_debt,0.023395071788904244,0.7007211971145068,0.07817149615455862,0.024235116428386515,3.225546548767416,0.002835011561633583,0.028864781045540487,0.12747821126357675
Baseline (p=2),p99p100,Bahrain,High income,growth,-0.015991915997660904,0.7007211971145068,-0.053434843508711694,0.039358660372990094,-1.3576387763792233,0.18379035548974437,-0.13351064012467312,0.026640953107249732
Baseline (p=2),p99p100,Bahrain,High income,life_exp,-0.001109904999238421,0.7007211971145068,-0.0037085987665590892,0.0018869668018035085,-1.9653757358182018,0.05783353901203922,-0.007547661590607381,0.00013046405748920247
Baseline (p=2),p99p100,Bahrain,High income,gdp_x_debt,0.007119008855363899,0.7007211971145068,0.023787213750944117,0.16811776649108306,0.14149137385908458,0.8883420251181485,-0.31825095394818015,0.3658253814500684
Baseline (p=2),p99p100,Bangladesh,Low income,public_debt,0.05786265595576491,0.7307827760545546,0.21492924972545693,0.06304440075588787,3.409172696520304,0.0018261697870315691,0.08634934666381974,0.34350915278709415
Baseline (p=2),p99p100,Bangladesh,Low income,growth,0.056685919711047694,0.7307827760545546,0.2105582951948669,0.3188073198401705,0.6604562759111908,0.5138392473877871,-0.43965352042876127,0.8607701108184951
Baseline (p=2),p99p100,Bangladesh,Low income,life_exp,2.836560644861611e-4,0.7307827760545546,0.0010536326774680715,4.3272871496545447e-4,2.434857315979562,0.020848567483010554,1.7107664465418847e-4,0.0019361887102819545
Baseline (p=2),p99p100,Bangladesh,Low income,gdp_x_debt,-0.16851629949386465,0.7307827760545546,-0.6259491760007637,1.042095153465421,-0.6006641273776292,0.5524303694306867,-2.7513162539180183,1.499417901916491
Baseline (p=2),p99p100,Belgium,High income,public_debt,-0.00504039827501774,0.30807805955972034,-0.007284634263527565,0.0069683692676840575,-1.045385797407464,0.3039280736553071,-0.02149671708442469,0.006927448557369562
Baseline (p=2),p99p100,Belgium,High income,growth,-0.13665295395142887,0.30807805955972034,-0.1974976452755273,0.15616020738344796,-1.264711725123265,0.21540024235735347,-0.5159884880261211,0.12099319747506651
Baseline (p=2),p99p100,Belgium,High income,life_exp,4.857113592834106e-4,0.30807805955972034,7.019742125453424e-4,3.1632764307461166e-4,2.219136480524938,0.03392954387431742,5.681973102778827e-5,0.0013471286940628965
Baseline (p=2),p99p100,Belgium,High income,gdp_x_debt,0.14084173140082504,0.30807805955972034,0.2035514747678119,0.14150209671776737,1.438505007977408,0.16031108870419342,-0.08504395418135971,0.49214690371698355
Baseline (p=2),p99p100,Belize,Lower middle income,public_debt,0.006480372923451216,0.45889555794335346,0.011976196127350968,0.018045352819087028,0.6636720405202298,0.5113756910423285,-0.024696373057939657,0.04864876531264159
Baseline (p=2),p99p100,Belize,Lower middle income,growth,-0.0458760413402348,0.45889555794335346,-0.08478223014741428,0.09534969437740973,-0.8891714934274703,0.3801590443247659,-0.2785561230110277,0.10899166271619919
Baseline (p=2),p99p100,Belize,Lower middle income,life_exp,6.13971773101003e-4,0.45889555794335346,0.0011346640784677354,0.0011687080441351967,0.9708704275303824,0.3384693483599117,-0.001240436427221468,0.003509764584156939
Baseline (p=2),p99p100,Belize,Lower middle income,gdp_x_debt,0.09558415009221818,0.45889555794335346,0.1766463970040959,0.1861631891004031,0.9488793023889673,0.34937823472468876,-0.20168272188227448,0.5549755158904663
Baseline (p=2),p99p100,Bolivia,Lower middle income,public_debt,0.003822676567830172,0.3547078582072627,0.005923947186479121,0.00779726186360345,0.759747112525654,0.4524930753839643,-0.009905335941466283,0.021753230314424526
Baseline (p=2),p99p100,Bolivia,Lower middle income,growth,0.08916160459308556,0.3547078582072627,0.13817246301090638,0.08197555826585416,1.6855324432533971,0.10078290349695039,-0.028246767747352047,0.30459169376916484
Baseline (p=2),p99p100,Bolivia,Lower middle income,life_exp,5.957253948640282e-4,0.3547078582072627,9.231871214315367e-4,4.688120523331798e-4,1.9692051789987628,0.056886394445199516,-2.8551942869366057e-5,0.0018749261857324395
Baseline (p=2),p99p100,Bolivia,Lower middle income,gdp_x_debt,-0.10519756999528362,0.3547078582072627,-0.1630231691695887,0.09975848707255353,-1.634178443895438,0.11118576227132607,-0.3655436646858389,0.039497326346661504
Baseline (p=2),p99p100,Brazil,Upper middle income,public_debt,-0.021357081072138247,0.5935385023241687,-0.05254392161190958,0.02960688379706392,-1.7747197567992719,0.08464287633459674,-0.11264909113911564,0.0075612479152964845
Baseline (p=2),p99p100,Brazil,Upper middle income,growth,-0.2068540223786409,0.5935385023241687,-0.5089141863656049,0.2422837536215178,-2.100488285981413,0.04295988191128347,-1.0007763554789009,-0.017052017252309037
Baseline (p=2),p99p100,Brazil,Upper middle income,life_exp,4.042121664629256e-4,0.5935385023241687,9.944660657263543e-4,9.201370162260358e-4,1.0807804144269524,0.2871859325861161,-8.73511385990735e-4,0.0028624435174434437
Baseline (p=2),p99p100,Brazil,Upper middle income,gdp_x_debt,0.4884612157461343,0.5935385023241687,1.201740431847006,0.4653798373243185,2.5822786796186987,0.014158049867405535,0.2569691344470524,2.1465117292469595
Baseline (p=2),p99p100,Burkina Faso,Low income,public_debt,0.0602161762958496,0.8238026446652147,0.3417541437068413,0.2249998157874799,1.5189085489280574,0.14525086040526908,-0.12917588297379257,0.8126841703874752
Baseline (p=2),p99p100,Burkina Faso,Low income,growth,0.2646764962795932,0.8238026446652147,1.5021593018617807,1.3142791429912988,1.1429530095432137,0.26725614841351236,-1.2486585586261456,4.252977162349707
Baseline (p=2),p99p100,Burkina Faso,Low income,life_exp,-9.465292792184199e-4,0.8238026446652147,-0.005371983463769696,0.0013984538491319052,-3.8413734333130636,0.0011007402416946244,-0.008298981008982662,-0.0024449859185567296
Baseline (p=2),p99p100,Burkina Faso,Low income,gdp_x_debt,-1.1487435322385129,0.8238026446652147,-6.519641172001888,5.037325888982212,-1.2942663063078448,0.21108416931848129,-17.062885427535377,4.023603083531603
Baseline (p=2),p99p100,Canada,High income,public_debt,0.013241475604926486,0.9319218229004679,0.19450396836517955,0.21412877911987502,0.9083504289551431,0.3702793478157499,-0.24114430837835663,0.6301522451087157
Baseline (p=2),p99p100,Canada,High income,growth,-0.15811462090734918,0.9319218229004679,-2.3225448689112422,3.0222261931506837,-0.7684881013124896,0.44766228654499307,-8.471310291228388,3.8262205534059026
Baseline (p=2),p99p100,Canada,High income,life_exp,-8.327545452506187e-4,0.9319218229004679,-0.01223232731442132,0.01768936299454504,-0.6915075075452669,0.49408322662100757,-0.04822160692895744,0.023756952300114802
Baseline (p=2),p99p100,Canada,High income,gdp_x_debt,0.19316456346861202,0.9319218229004679,2.837393298386945,3.7615969712504684,0.7543055037721678,0.45601505608219073,-4.815633282461232,10.490419879235123
Baseline (p=2),p99p100,Chile,Upper middle income,public_debt,1.800880159544907e-4,0.61955930019158,4.7336685072122493e-4,0.021338205047375026,0.022184005152741625,0.9824347751866076,-0.04293953773827395,0.0438862714397164
Baseline (p=2),p99p100,Chile,Upper middle income,growth,0.0033551349866916633,0.61955930019158,0.008819074795050114,0.10055578703996212,0.08770330435129808,0.9306425485303659,-0.19576321218481074,0.21340136177491098
Baseline (p=2),p99p100,Chile,Upper middle income,life_exp,7.984604052565782e-4,0.61955930019158,0.0020987775641740274,0.0013036365440663048,1.609940725984497,0.1169365850780128,-5.534909270428581e-4,0.004751046055390912
Baseline (p=2),p99p100,Chile,Upper middle income,gdp_x_debt,-0.006113899651349066,0.61955930019158,-0.01607057198251361,0.2814328562350024,-0.05710268586797251,0.9548077585671995,-0.5886500231974864,0.5565088792324592
Baseline (p=2),p99p100,Colombia,Lower middle income,public_debt,-0.030492274710436255,0.579539372396568,-0.07252111781366558,0.0776150946801007,-0.9343687347489491,0.35651571740442756,-0.23008813687563898,0.08504590124830783
Baseline (p=2),p99p100,Colombia,Lower middle income,growth,0.05315361724824702,0.579539372396568,0.1264175852831105,0.38472819505786127,0.3285893441318953,0.7444240747381579,-0.6546221737252979,0.9074573442915189
Baseline (p=2),p99p100,Colombia,Lower middle income,life_exp,-0.0017063217852346215,0.579539372396568,-0.004058220135760207,0.003003412082642978,-1.3512032395464717,0.18530052690653076,-0.01015547081653659,0.0020390305450161753
Baseline (p=2),p99p100,Colombia,Lower middle income,gdp_x_debt,-0.187587527224944,0.579539372396568,-0.44614766498867503,1.0992005005987808,-0.4058837898505683,0.6872988179110817,-2.6776433159910056,1.7853479860136554
Baseline (p=2),p99p100,Costa Rica,Upper middle income,public_debt,-0.01992916680864864,0.6347124672250097,-0.05455747875448189,0.08926198901737961,-0.6112061735915314,0.5453808107853895,-0.23637820048755182,0.12726324297858804
Baseline (p=2),p99p100,Costa Rica,Upper middle income,growth,-0.2956534676621091,0.6347124672250097,-0.8093719087977351,0.5927318463918845,-1.365494217536304,0.1816203072013117,-2.0167271704440357,0.39798335284856545
Baseline (p=2),p99p100,Costa Rica,Upper middle income,life_exp,-7.564047044226595e-4,0.6347124672250097,-0.002070710430975999,0.0017009709256394661,-1.2173696797301414,0.23236514549498835,-0.005535474825667221,0.0013940539637152223
Baseline (p=2),p99p100,Costa Rica,Upper middle income,gdp_x_debt,0.856979630828772,0.6347124672250097,2.3460412796421775,1.7641113599492118,1.3298714201974864,0.19296258887680892,-1.2473359710151173,5.939418530299472
Baseline (p=2),p99p100,Cote d'Ivoire,Lower middle income,public_debt,0.018261149357442254,0.798045805353182,0.09042223356329766,0.09916824440984943,0.9118063358023598,0.36994035360969435,-0.11305419658260683,0.29389866370920215
Baseline (p=2),p99p100,Cote d'Ivoire,Lower middle income,growth,0.033677108271928026,0.798045805353182,0.1667561712735074,0.27093985065687065,0.6154730316312688,0.5433959571106716,-0.38916648243487084,0.7226788249818856
Baseline (p=2),p99p100,Cote d'Ivoire,Lower middle income,life_exp,-6.574849287425098e-4,0.798045805353182,-0.0032556141252343593,0.005480320357985976,-0.5940554406623778,0.5574201301955015,-0.014500302675838145,0.007989074425369426
Baseline (p=2),p99p100,Cote d'Ivoire,Lower middle income,gdp_x_debt,-0.3199562371132348,0.798045805353182,-1.5843010226788379,1.278075218908461,-1.2395992029576388,0.22579031726735355,-4.206694759192439,1.038092713834763
Baseline (p=2),p99p100,Cyprus,High income,public_debt,7.605052880294283e-4,0.30072685981547354,0.0010875654223308844,0.03604859106291908,0.030169429380267645,0.9761083325736837,-0.07217198583392619,0.07434711667858797
Baseline (p=2),p99p100,Cyprus,High income,growth,0.0043291415462318955,0.30072685981547354,0.006190916392254831,0.16642888994542215,0.03719856807483995,0.9705442347981691,-0.3320332813911722,0.3444151141756819
Baseline (p=2),p99p100,Cyprus,High income,life_exp,-7.011490662548463e-4,0.30072685981547354,-0.0010026826800037319,0.0022984566030086443,-0.4362417279017736,0.6654189967424744,-0.005673708491373104,0.0036683431313656407
Baseline (p=2),p99p100,Cyprus,High income,gdp_x_debt,0.09578497871530134,0.30072685981547354,0.13697791779908103,0.26523321078021445,0.5164433118919931,0.6088877637939716,-0.40204081849771894,0.67599665409588106
Baseline (p=2),p99p100,Denmark,High income,public_debt,0.01071428926758521,0.6821995307406915,0.03371388749852006,0.0376978188783941,0.8943193134667703,0.3774384677446595,-0.04289729793035018,0.1103250729273903
Baseline (p=2),p99p100,Denmark,High income,growth,-0.14481683431410813,0.6821995307406915,-0.4556847718054979,0.5053795302425804,-0.9016684383452784,0.3735763023078239,-1.48273954726255,0.5713700036515541
Baseline (p=2),p99p100,Denmark,High income,life_exp,0.002391129086851294,0.6821995307406915,0.0075239948273967405,0.001831841264989201,4.1073399596340545,2.3780321892004922e-4,0.003801245474680813,0.011246744180112667
Baseline (p=2),p99p100,Denmark,High income,gdp_x_debt,0.15045167980117125,0.6821995307406915,0.47341553696200045,0.8623711246520153,0.5489696065055906,0.5866137816565329,-1.2791334461062034,2.2259645200302045
Baseline (p=2),p99p100,Egypt,Lower middle income,public_debt,0.004388036057188303,0.7465080473164282,0.017310356446170058,0.036301215179396426,0.4768533604350232,0.6370403496896051,-0.05693396488416916,0.09155467777650927
Baseline (p=2),p99p100,Egypt,Lower middle income,growth,0.06225464647337905,0.7465080473164282,0.24558825562044603,0.2909545609610827,0.8440776965627127,0.405535335780539,-0.34948063697086695,0.8406571482117591
Baseline (p=2),p99p100,Egypt,Lower middle income,life_exp,7.498926302878902e-4,0.7465080473164282,0.0029582502416712372,9.781359338770974e-4,3.0243753850709068,0.00517420139436676,9.577376356706439e-4,0.0049587628476718305
Baseline (p=2),p99p100,Egypt,Lower middle income,gdp_x_debt,-0.06555742285398411,0.7465080473164282,-0.25861737289868897,0.30630365039418306,-0.844316979460981,0.4054038273765158,-0.8850786781783246,0.36784393238094676
Baseline (p=2),p99p100,El Salvador,Lower middle income,public_debt,-0.013830622102918015,0.11708005262278595,-0.015664638842969866,0.02752391773871141,-0.5691282393617283,0.5730099862526642,-0.07159996954237868,0.04027069185643896
Baseline (p=2),p99p100,El Salvador,Lower middle income,growth,-0.17393941008999034,0.11708005262278595,-0.19700473480828198,0.32541286398602015,-0.6053993452967654,0.548933727887273,-0.8583232409052249,0.464313771288661
Baseline (p=2),p99p100,El Salvador,Lower middle income,life_exp,5.690929175881836e-5,0.11708005262278595,6.445577759101724e-5,6.765760894875423e-4,0.0952675960509303,0.9246615635062796,-0.001310512265405694,0.0014394238205877286
Baseline (p=2),p99p100,El Salvador,Lower middle income,gdp_x_debt,0.4829096930717102,0.11708005262278595,0.5469461806885585,0.7560212539488296,0.7234534450344672,0.47434952807882214,-0.9894738615764469,2.083366222953564
Baseline (p=2),p99p100,Finland,High income,public_debt,0.05830265138846395,0.9622109301272067,1.542844308810037,2.774574931665911,0.5560651079203984,0.5819174309632702,-4.102070833583712,7.187759451203785
Baseline (p=2),p99p100,Finland,High income,growth,-0.0781829944346739,0.9622109301272067,-2.0689314317038194,4.48861546802745,-0.46092864190325133,0.647873287577918,-11.20108826577339,7.06322540236575
Baseline (p=2),p99p100,Finland,High income,life_exp,-0.00355577213795072,0.9622109301272067,-0.09409525426056443,0.18080430825870425,-0.52042595205158515,0.6062410900669939,-0.461944385257644,0.27375387673651513
Baseline (p=2),p99p100,Finland,High income,gdp_x_debt,0.05031578840004561,0.9622109301272067,1.3314905227733875,5.778812734529644,0.23040901028293348,0.819196384861203,-10.425592386722215,13.08857343226899
Baseline (p=2),p99p100,France,High income,public_debt,0.03445202266867234,0.9604030125420059,0.8700667621550822,2.4646759876986333,0.3530146625753831,0.7263923388167748,-4.150313938013722,5.890447462323888
Baseline (p=2),p99p100,France,High income,growth,0.12289941946118342,0.9604030125420059,3.1037568095694015,8.170024064556873,0.3798956753425112,0.7065326273212263,-13.53803762439792,19.74555124353672
Baseline (p=2),p99p100,France,High income,life_exp,-0.0027777757681612635,0.9604030125420059,-0.07015118943348976,0.21054773995711554,-0.3331842433824186,0.7411684718324798,-0.49902290134230515,0.35872052247532565
Baseline (p=2),p99p100,France,High income,gdp_x_debt,-0.1879391473960649,0.9604030125420059,-4.746299136908771,13.737711306785332,-0.3454941679087752,0.7319838610504925,-32.72910136052866,23.236503086711117
Baseline (p=2),p99p100,Germany,High income,public_debt,0.007742633761558454,0.7790397431334962,0.03504084341391889,0.0764977774247201,0.45806354894953477,0.6504420004182386,-0.12165775019434077,0.19173943702217855
Baseline (p=2),p99p100,Germany,High income,growth,0.00817001487463296,0.7790397431334962,0.036975042437468686,0.3903148990614718,0.09473131188785437,0.925202939893604,-0.7625487843491401,0.8364988692240776
Baseline (p=2),p99p100,Germany,High income,life_exp,7.322532740025058e-4,0.7790397431334962,0.0033139591906109467,0.004325294432001105,0.7661811797347949,0.4499799520178984,-0.005546004814267322,0.012173923195489217
Baseline (p=2),p99p100,Germany,High income,gdp_x_debt,-0.10326724104803142,0.7790397431334962,-0.46735663015825407,0.8014767870600431,-0.5831193587934091,0.5644804644178227,-2.109107404755153,1.1743941444386445
Baseline (p=2),p99p100,Ghana,Low income,public_debt,0.00680706819901967,0.9300560754938558,0.09732179380957824,0.16771544985418524,0.580279240190403,0.5662083252208023,-0.2456948156758224,0.44033840329497886
Baseline (p=2),p99p100,Ghana,Low income,growth,-0.0044406314021574545,0.9300560754938558,-0.0634884506912015,0.17855552210408981,-0.35556699643369527,0.7247382525485591,-0.4286754972649671,0.3016985958825641
Baseline (p=2),p99p100,Ghana,Low income,life_exp,-8.084809302776833e-5,0.9300560754938558,-0.0011558987231359357,0.007063065534742651,-0.1636539711333787,0.8711387775034551,-0.015601489719117479,0.013289692272845608
Baseline (p=2),p99p100,Ghana,Low income,gdp_x_debt,0.042360985159853294,0.9300560754938558,0.6056420977083167,0.9758201295399734,0.6206493178141671,0.5396779304204822,-1.3901341566166114,2.601418352033245
Baseline (p=2),p99p100,Greece,High income,public_debt,0.02936055269046591,0.4845341256140998,0.056959255984587884,0.01681603613394714,3.38719871501716,0.0019358621367468716,0.022662724174314815,0.09125578779486096
Baseline (p=2),p99p100,Greece,High income,growth,0.08862151156988347,0.4845341256140998,0.1719250797649071,0.14869514978647408,1.1562252031205533,0.25642222651203095,-0.13134067763853483,0.475190837168349
Baseline (p=2),p99p100,Greece,High income,life_exp,-0.005553866115422013,0.4845341256140998,-0.010774459360745475,0.003969804055562605,-2.7141035703381853,0.010756097600778801,-0.018870928111624403,-0.0026779906098665478
Baseline (p=2),p99p100,Greece,High income,gdp_x_debt,-0.08257579394139529,0.4845341256140998,-0.1601964320912066,0.1253429183018553,-1.2780652809232975,0.2107138140689266,-0.4158349993784069,0.0954421351959937
Baseline (p=2),p99p100,Guatemala,Lower middle income,public_debt,-0.017122242224295536,0.4948842082167703,-0.03389765773081105,0.030394428794318317,-1.115258916698168,0.2723387662084391,-0.09560162860079716,0.027806313139175066
Baseline (p=2),p99p100,Guatemala,Lower middle income,growth,-0.15657062498865965,0.4948842082167703,-0.3099697683889715,0.2602110631361724,-1.191224403194416,0.24158133748078245,-0.8382263106801656,0.21828677390222262
Baseline (p=2),p99p100,Guatemala,Lower middle income,life_exp,5.541518087588348e-4,0.4948842082167703,0.001097078764460108,3.748487552289865e-4,2.926723776339948,0.0059823581272379685,3.360953345749706e-4,0.0018580621943452456
Baseline (p=2),p99p100,Guatemala,Lower middle income,gdp_x_debt,0.24336521723002535,0.4948842082167703,0.4818008488130292,0.6161802364951204,0.7819154531043525,0.4395221481877558,-0.7691115345268857,1.7327132321529441
Baseline (p=2),p99p100,Guyana,Lower middle income,public_debt,-0.001674999080171588,0.4388249310904202,-0.002984806654768683,0.0033071229707960646,-0.9025387568367933,0.37294042651162074,-0.0096986232174806,0.003729009907943234
Baseline (p=2),p99p100,Guyana,Lower middle income,growth,0.014637085943984851,0.4388249310904202,0.0260829227008003,0.050768484605574996,0.5137620888911875,0.6106467993849307,-0.07698258040223296,0.12914842580383357
Baseline (p=2),p99p100,Guyana,Lower middle income,life_exp,6.333704448977121e-4,0.4388249310904202,0.0011286503624054704,0.0011869555378827559,0.9508783828741488,0.3481866448471125,-0.001280997485530962,0.003538298210341903
Baseline (p=2),p99p100,Guyana,Lower middle income,gdp_x_debt,-0.006714693945628349,0.4388249310904202,-0.011965417420762618,0.03191504413516367,-0.374914644331613,0.7099862488924149,-0.07675640155001798,0.052825566708492734
Baseline (p=2),p99p100,Haiti,Low income,public_debt,-0.0021463160152103773,0.5398372423925915,-0.0046642540703859476,0.00934073324090466,-0.4993456027585057,0.6206604588102956,-0.023626950678418013,0.01429844253764612
Baseline (p=2),p99p100,Haiti,Low income,growth,-0.008600941598018443,0.5398372423925915,-0.01869108582958468,0.05261027883306487,-0.3552744110878496,0.7245161960794817,-0.12549562999605085,0.0881134583368815
Baseline (p=2),p99p100,Haiti,Low income,life_exp,4.0957057958372937e-4,0.5398372423925915,8.900559048134828e-4,4.5197605444241573e-4,1.9692545568846742,0.0568804930855725,-2.7504266689373845e-5,0.0018076160763163393
Baseline (p=2),p99p100,Haiti,Low income,gdp_x_debt,0.01768018901632743,0.5398372423925915,0.03842159914951532,0.16228584417364084,0.23675262217205706,0.8142289289031135,-0.2910361797501926,0.3678793780492232
Baseline (p=2),p99p100,Honduras,Lower middle income,public_debt,-0.007548645926516618,0.38576977220151976,-0.012289603449788564,0.01087345469436068,-1.13023908180372,0.26606166976896195,-0.03436389003228109,0.009784683132703958
Baseline (p=2),p99p100,Honduras,Lower middle income,growth,-0.03899230222941742,0.38576977220151976,-0.06348157492862792,0.10313299921435609,-0.61553116279189235,0.542186170595062,-0.2728526942979286,0.1458895444406727
Baseline (p=2),p99p100,Honduras,Lower middle income,life_exp,7.799349205428123e-4,0.38576977220151976,0.001269776193428724,4.156610337274232e-4,3.05483576856377,0.004288172124538578,4.2593943339394916e-4,0.002113612953463499
Baseline (p=2),p99p100,Honduras,Lower middle income,gdp_x_debt,0.06497593595991595,0.38576977220151976,0.10578433463426613,0.19464728114545476,0.5434667980551771,0.590253462081977,-0.289370654031495,0.5009393233000272
Baseline (p=2),p99p100,Iceland,High income,public_debt,-0.007811049176098987,0.5354205261510901,-0.016813160321928665,0.025463245026505932,-0.660291345601357,0.5133893066510604,-0.06850629592921946,0.03487997528536213
Baseline (p=2),p99p100,Iceland,High income,growth,-0.05672950697526961,0.5354205261510901,-0.12210937023386258,0.18271858782880362,-0.6682919985583062,0.5083308496599235,-0.49304782402382336,0.24882908355609817
Baseline (p=2),p99p100,Iceland,High income,life_exp,0.001550295941602297,0.5354205261510901,0.003336987596026429,0.0040543860104551325,0.823056213054521,0.4160488791247634,-0.004893853587985811,0.01156782878003867
Baseline (p=2),p99p100,Iceland,High income,gdp_x_debt,0.00873528460274131,0.5354205261510901,0.018802562520405693,0.24865753905975752,0.07561629778651936,0.9401549432887708,-0.4859990789440273,0.5236042039848386
Baseline (p=2),p99p100,India,Low income,public_debt,-0.003021192727472241,0.5412442923784465,-0.006585624281680976,0.040912168045293094,-0.1609698189152468,0.8738164032799104,-0.09221577611847441,0.07904452755511245
Baseline (p=2),p99p100,India,Low income,growth,-0.5954442864235375,0.5412442923784465,-1.2979550478197954,0.4927148292546139,-2.6342926389761,0.016342054105597012,-2.3292190374133854,-0.26669105822620565
Baseline (p=2),p99p100,India,Low income,life_exp,0.004292015090438956,0.5412442923784465,0.00935577480374286,6.821542704301944e-4,13.71504249008472,2.6307566218124705e-11,0.007928009506915112,0.010783540100570607
Baseline (p=2),p99p100,India,Low income,gdp_x_debt,0.9553223493014825,0.5412442923784465,2.082420629171915,0.6344050809648681,3.2824778546930244,0.003916887278827894,0.7545955344735951,3.4102457238702346
Baseline (p=2),p99p100,Indonesia,Lower middle income,public_debt,-0.010814176886945283,0.5161026947113835,-0.02234808247277851,0.027106662596301383,-0.8244497969229098,0.41578732801789464,-0.07756254734510756,0.032866382399550545
Baseline (p=2),p99p100,Indonesia,Lower middle income,growth,-0.061903734495981536,0.5161026947113835,-0.12792742141653293,0.1800804173882366,-0.7103905203680938,0.48260753541606227,-0.4947392280988443,0.23888438526577846
Baseline (p=2),p99p100,Indonesia,Lower middle income,life_exp,8.199711789510376e-4,0.5161026947113835,0.0016945148691455776,0.0010113608673483945,1.675479963534964,0.10358630289399615,-3.655598038270959e-4,0.0037545895421182513
Baseline (p=2),p99p100,Indonesia,Lower middle income,gdp_x_debt,0.42254549628102683,0.5161026947113835,0.8732131625097665,0.5338937525345359,1.6355560602917547,0.11173257705943974,-0.21429282389286564,1.9607191489123987
Baseline (p=2),p99p100,Iran,Lower middle income,public_debt,-0.015328042540610322,0.26088200186724075,-0.02073828885148745,0.01646834495484963,-1.2592819077050241,0.21626228533871358,-0.05417080650948921,0.012694228806514309
Baseline (p=2),p99p100,Iran,Lower middle income,growth,0.07152610774858918,0.26088200186724075,0.09677224466091512,0.05812382177640469,1.6649325819142835,0.10485449423641839,-0.021225386747573946,0.21476987606940418
Baseline (p=2),p99p100,Iran,Lower middle income,life_exp,-0.0034907995476134612,0.26088200186724075,-0.004722925914985565,3.901158032489436e-4,-12.106471657011383,4.556194551999918e-14,-0.0055149031000969965,-0.0039309487298741334
Baseline (p=2),p99p100,Iran,Lower middle income,gdp_x_debt,-0.1461946593010148,0.26088200186724075,-0.1977961024766651,0.1696108541959732,-1.1661759703664123,0.25142858475032764,-0.5421244422972231,0.14653223734389295
Baseline (p=2),p99p100,Ireland,High income,public_debt,-0.0023739731912002793,0.5931155861732741,-0.005834514939693044,0.01812957760801175,-0.3218229936650415,0.7495571276788175,-0.042678249489824384,0.031009219610438295
Baseline (p=2),p99p100,Ireland,High income,growth,0.04106159317272139,0.5931155861732741,0.10091709531593833,0.15224580815806682,0.6628563146458701,0.5118916144759487,-0.20848361237993168,0.41031780301180837
Baseline (p=2),p99p100,Ireland,High income,life_exp,0.0011747177132801047,0.5931155861732741,0.0028871042324574397,8.667445621420344e-4,3.3309747283817703,0.0020938072151750506,0.0011256673550633,0.004648541109851579
Baseline (p=2),p99p100,Ireland,High income,gdp_x_debt,-0.07074847085682982,0.5931155861732741,-0.17387854745145995,0.21248678081431555,-0.8183028929381074,0.4188826511975543,-0.6057036410639502,0.2579465461610304
Baseline (p=2),p99p100,Italy,High income,public_debt,0.01334879039838597,0.7995970021898596,0.06660973410703401,0.033597169737650916,1.9825995649980992,0.05530492936411142,-0.001596146544143598,0.13481561475821163
Baseline (p=2),p99p100,Italy,High income,growth,-0.05003428364851248,0.7995970021898596,-0.24966833927262114,0.28381373392845033,-0.8796908303794866,0.3850270663664538,-0.8258408506671013,0.3265041721218591
Baseline (p=2),p99p100,Italy,High income,life_exp,-1.7020720553903443e-4,0.7995970021898596,-8.493246478293049e-4,0.002657757906947775,-0.3195643386514038,0.7511983365140029,-0.006244860046094019,0.0045462107504354084
Baseline (p=2),p99p100,Italy,High income,gdp_x_debt,0.04355324840144031,0.7995970021898596,0.21732832780626457,0.26332069304685923,0.8253370644425195,0.41477048058981925,-0.3172410988205392,0.7518977544330683
Baseline (p=2),p99p100,Jamaica,Lower middle income,public_debt,-0.0033266601529294846,0.5752532557700363,-0.007832102772113034,0.006542137129653375,-1.1971780194903994,0.23976660304753433,-0.02114218084040413,0.0054779752961780625
Baseline (p=2),p99p100,Jamaica,Lower middle income,growth,0.11490041383723534,0.5752532557700363,0.2705151137663028,0.20783884636117,1.3015618518985506,0.20207966807077785,-0.15233619855972036,0.6933664260923259
Baseline (p=2),p99p100,Jamaica,Lower middle income,life_exp,0.002131312285981705,0.5752532557700363,0.0050178425495541485,0.0025522740472348417,1.9660281210752142,0.05775489729184429,-1.7479804282807213e-4,0.010210483141936368
Baseline (p=2),p99p100,Jamaica,Lower middle income,gdp_x_debt,-0.054556244988191956,0.5752532557700363,-0.12844417462716196,0.11466822895952133,-1.1201374242250102,0.270741549221853,-0.3617384405767313,0.10485009132240741
Baseline (p=2),p99p100,Japan,High income,public_debt,0.010242695424971906,0.6810706730074383,0.03211587821527242,0.02167632958467195,1.4816105323468884,0.14793049212308812,-0.011984945917296326,0.07621670234784117
Baseline (p=2),p99p100,Japan,High income,growth,0.01992999901864942,0.6810706730074383,0.06249033040198978,0.28362685434178764,0.2203258592949916,0.8269747879951502,-0.5145528435238125,0.6395335043277921
Baseline (p=2),p99p100,Japan,High income,life_exp,-0.0015505225207112744,0.6810706730074383,-0.004861649241643546,0.00572984057667814,-0.848478971898739,0.40228414899847187,-0.01651909754684116,0.006795799063554068
Baseline (p=2),p99p100,Japan,High income,gdp_x_debt,0.03680533621041533,0.6810706730074383,0.11540279646742468,0.28435387975548165,0.405842173022786,0.687478157025931,-0.4631195217841725,0.6939251147190219
Baseline (p=2),p99p100,Jordan,Lower middle income,public_debt,0.009277749848899985,0.6606385746474259,0.027338846303055855,0.01037267139479128,2.6356610811737733,0.012695800187036798,0.006235487674937833,0.04844220493117388
Baseline (p=2),p99p100,Jordan,Lower middle income,growth,0.09072156443925412,0.6606385746474259,0.2673302198238955,0.09220858027196223,2.89919028180919,0.006605184397989542,0.07973045270450307,0.4549299869432879
Baseline (p=2),p99p100,Jordan,Lower middle income,life_exp,4.157670901230782e-4,0.6606385746474259,0.0012251454026960304,0.001361391127311976,0.8999216890116225,0.374682388869753,-0.0015446256716319846,0.0039949164770240455
Baseline (p=2),p99p100,Jordan,Lower middle income,gdp_x_debt,-0.062426510230323674,0.6606385746474259,-0.18395287609800276,0.09067785161967422,-2.0286417555363743,0.050627335303662695,-0.3684383523580712,5.326001620656884e-4
Baseline (p=2),p99p100,Kenya,Low income,public_debt,-0.18114336685874843,0.9827887228675228,-10.52469061211828,25.960389892429543,-0.40541342621311877,0.6879581186467296,-63.471254871421735,42.42187364718518
Baseline (p=2),p99p100,Kenya,Low income,growth,-0.9772672917354717,0.9827887228675228,-56.78063773032842,145.4982342261964,-0.39024966888639595,0.699020670433013,-353.52624286159005,239.96496740093323
Baseline (p=2),p99p100,Kenya,Low income,life_exp,-0.002219181167848097,0.9827887228675228,-0.12893762332491693,0.37724890634823705,-0.34178395524862065,0.734819683028866,-0.8983418404604857,0.6404665938106517
Baseline (p=2),p99p100,Kenya,Low income,gdp_x_debt,3.064353647022309,0.9827887228675228,178.0433621186638,469.05243612501056,0.3795809346808555,0.7068444789553143,-778.5953884232875,1134.682112660615
Baseline (p=2),p99p100,Lebanon,Upper middle income,public_debt,0.003361859859604633,0.4342025497820232,0.005941808076917732,0.002988714101095754,1.9880817890005884,0.05466875284569447,-1.256041149903537e-4,0.012009220268825819
Baseline (p=2),p99p100,Lebanon,Upper middle income,growth,0.011680235953180662,0.4342025497820232,0.02064384692557519,0.013484990356492896,1.530875913132216,0.13478948537050228,-0.006732138909520451,0.04801983276067083
Baseline (p=2),p99p100,Lebanon,Upper middle income,life_exp,1.1500573721373122e-4,0.4342025497820232,2.0326308853004657e-4,1.5061261700126312e-4,1.3495754378156903,0.18581742228784445,-1.0249677933875002e-4,5.090229563988432e-4
Baseline (p=2),p99p100,Lebanon,Upper middle income,gdp_x_debt,-0.016334192329116634,0.4342025497820232,-0.028869328277855957,0.013371117898797092,-2.1590811251805007,0.0377810477191784,-0.05601414073377399,-0.0017245158219379199
Baseline (p=2),p99p100,Luxembourg,High income,public_debt,-0.2523891421135764,0.5979673060024874,-0.6277826303229407,0.21699918765997683,-2.8930183430300853,0.006709188519673984,-1.0692707971512432,-0.18629446349463813
Baseline (p=2),p99p100,Luxembourg,High income,growth,-0.24376359712161816,0.5979673060024874,-0.6063277956273037,0.3493252519757126,-1.7357113240398079,0.0919452972320656,-1.3170353645572357,0.10437977330262838
Baseline (p=2),p99p100,Luxembourg,High income,life_exp,0.0017875434743805315,0.5979673060024874,0.004446263950840752,0.0024316035589507846,1.8285316019027689,0.07652097105690503,-5.008706871768732e-4,0.009393398588858378
Baseline (p=2),p99p100,Luxembourg,High income,gdp_x_debt,1.7348316344886885,0.5979673060024874,4.315150634240264,2.843613845300407,1.5174882628215647,0.13866604394831317,-1.4702252340621502,10.100526502542678
Baseline (p=2),p99p100,Malaysia,Upper middle income,public_debt,-0.005510411420149789,0.9276531549674756,-0.07616657530362955,0.09811053082556631,-0.7763343512945458,0.4427665764917539,-0.27534154177746134,0.12300839117020224
Baseline (p=2),p99p100,Malaysia,Upper middle income,growth,0.009003521156502749,0.9276531549674756,0.12444939585762316,0.5506130433164627,0.22601970180008316,0.8225008287971849,-0.9933545087771769,1.2422533004924232
Baseline (p=2),p99p100,Malaysia,Upper middle income,life_exp,-0.001250857314442244,0.9276531549674756,-0.017289728582910637,0.009320462586043195,-1.8550290206411981,0.07203123662190987,-0.036211273573797616,0.0016318164079763414
Baseline (p=2),p99p100,Malaysia,Upper middle income,gdp_x_debt,0.023681861301917937,0.9276531549674756,0.3273378582199606,0.9966718525163083,0.32843092477581975,0.7445428100406959,-1.696013571437353,2.350689287877274
Baseline (p=2),p99p100,Malta,High income,public_debt,-0.01569559049848731,0.6279500758811727,-0.04218678591498481,0.01564942014109064,-2.6957411542818175,0.010721508828510569,-0.0739567978159335,-0.01041677401403611
Baseline (p=2),p99p100,Malta,High income,growth,-0.009203609054342997,0.6279500758811727,-0.024737564659208205,0.08140797627987043,-0.30387150976660515,0.7630250199195487,-0.19000454272778897,0.14052941340937256
Baseline (p=2),p99p100,Malta,High income,life_exp,0.0014314969825853984,0.6279500758811727,0.003847593803374085,9.285699144053793e-4,4.143569314151145,2.0567423208614385e-4,0.001962496658204983,0.005732690948543187
Baseline (p=2),p99p100,Malta,High income,gdp_x_debt,0.015155617881042568,0.6279500758811727,0.04073544139791865,0.15081104571526935,0.2701091369317006,0.7886626383483135,-0.2654272581763745,0.3468981409722118
Baseline (p=2),p99p100,Mauritania,Low income,public_debt,0.05316407194180243,0.8127460142860702,0.28391423413022476,0.14595552680643356,1.9452105743604506,0.061174336369657176,-0.01416671811149145,0.581995186371941
Baseline (p=2),p99p100,Mauritania,Low income,growth,0.4417661630188615,0.8127460142860702,2.3591816288159175,1.661978940212629,1.4195015181805435,0.166060938050712,-1.0350321837330565,5.753395441364892
Baseline (p=2),p99p100,Mauritania,Low income,life_exp,7.112879859443851e-4,0.8127460142860702,0.0037985198725277248,0.008074762684433466,0.4704187628759065,0.6414580710419512,-0.012692345549059788,0.020289385294115236
Baseline (p=2),p99p100,Mauritania,Low income,gdp_x_debt,-1.0279970833374537,0.8127460142860702,-5.489854218152329,3.46545053922958,-1.5841675291585042,0.12364195051066622,-12.567248403095173,1.587539966790514
Baseline (p=2),p99p100,Mexico,Upper middle income,public_debt,-0.08295692484616601,0.9080880239978835,-0.9025692674070644,0.8146805905040674,-1.1078811474428496,0.275923028226454,-2.5600493913226496,0.7549108565085207
Baseline (p=2),p99p100,Mexico,Upper middle income,growth,-0.3476200421935166,0.9080880239978835,-3.7820973643903777,3.580384309950208,-1.056338380737395,0.29848587718079145,-11.066444013731669,3.5022492849509144
Baseline (p=2),p99p100,Mexico,Upper middle income,life_exp,-8.082260092032029e-4,0.9080880239978835,-0.008793478764775889,0.019074271963032498,-0.4610125504039353,0.6478137120217264,-0.047600376861274524,0.030013419331722746
Baseline (p=2),p99p100,Mexico,Upper middle income,gdp_x_debt,1.115897377978221,0.9080880239978835,12.14093556156952,12.409675277003217,0.9783443394420073,0.335022214625848,-13.106738625872378,37.38860974901142
Baseline (p=2),p99p100,Netherlands,High income,public_debt,-0.008056000191350138,0.4230959844484833,-0.013964195037971179,0.013072919317401328,-1.0681772524506807,0.2934327941868119,-0.04059286029194961,0.012664470216007256
Baseline (p=2),p99p100,Netherlands,High income,growth,0.08485356519642603,0.4230959844484833,0.14708437263225937,0.207133545265411,0.710094410076323,0.48278863627673263,-0.27483285226795856,0.5690015975324774
Baseline (p=2),p99p100,Netherlands,High income,life_exp,5.830697481405508e-4,0.4230959844484833,0.0010106876229369623,3.862315245570686e-4,2.6167921536079217,0.013438016023968742,2.2395975227124034e-4,0.0017974154936026845
Baseline (p=2),p99p100,Netherlands,High income,gdp_x_debt,-0.15787147039369195,0.4230959844484833,-0.2736529234291562,0.36432352694443293,-0.7511261370471254,0.45806531613209456,-1.0157556632692564,0.468449816410944
Baseline (p=2),p99p100,New Zealand,High income,public_debt,-0.07254510894783907,0.5763318662431703,-0.171230978135064,0.13055309929847225,-1.3115811042033818,0.1982003875706692,-0.43626786007854673,0.09380590380841874
Baseline (p=2),p99p100,New Zealand,High income,growth,-0.03529209122812477,0.5763318662431703,-0.08330126440045445,1.1177369334012905,-0.07452671725445041,0.9410156180054892,-2.3524278745966396,2.1858253457957306
Baseline (p=2),p99p100,New Zealand,High income,life_exp,1.2032932854942034e-4,0.5763318662431703,2.8401788796908917e-4,0.004966320541006527,0.05718879512991063,0.9547200547280041,-0.00979814881656079,0.01036618459249897
Baseline (p=2),p99p100,New Zealand,High income,gdp_x_debt,0.11577181180600327,0.5763318662431703,0.2732606079655076,2.3579157175618577,0.11589074449534004,0.9084015239347664,-4.5135627844029145,5.06008400033393
Baseline (p=2),p99p100,Norway,High income,public_debt,0.02576294284371247,0.911845072180243,0.29224620200912427,0.6016846902450409,0.4857132095053053,0.630286095216749,-0.9305242060818923,1.515016610100141
Baseline (p=2),p99p100,Norway,High income,growth,0.20071239007900257,0.911845072180243,2.276814184334453,4.071733365372616,0.5591756581354868,0.579706812959799,-5.9979435908498004,10.551571959518707
Baseline (p=2),p99p100,Norway,High income,life_exp,-8.400481939939072e-5,0.911845072180243,-9.529225589197732e-4,0.01810808470150939,-0.05262414963413237,0.9583393568079186,-0.03775297826782241,0.03584713314998286
Baseline (p=2),p99p100,Norway,High income,gdp_x_debt,-0.6770609969940572,0.911845072180243,-7.680353370357098,13.770816585493764,-0.5577267929374367,0.5806849053730365,-35.666019765048176,20.305313024333977
Baseline (p=2),p99p100,Pakistan,Low income,public_debt,-0.01465079371248815,0.7729668677259897,-0.06453152262730466,0.13753818164636278,-0.46918987771139553,0.6420191276733176,-0.34435505717019554,0.21529201191558622
Baseline (p=2),p99p100,Pakistan,Low income,growth,-0.35702817828479794,0.7729668677259897,-1.5725818285143256,1.593993938984559,-0.986567006343905,0.3310336649988095,-4.815586881419938,1.6704232243912869
Baseline (p=2),p99p100,Pakistan,Low income,life_exp,-2.7986577761254696e-4,0.7729668677259897,-0.0012327089654684056,0.0024033102142363033,-0.5129212858857348,0.6114230846648883,-0.006122280360848411,0.0036568624299115997
Baseline (p=2),p99p100,Pakistan,Low income,gdp_x_debt,0.662614265423252,0.7729668677259897,2.9185795869808597,2.7038643098202804,1.0794105223330719,0.2882312342057564,-2.582473713575798,8.419632887537517
Baseline (p=2),p99p100,Panama,Upper middle income,public_debt,0.004582540021663506,0.38025460280264767,0.007394230021532919,0.015168170874784826,0.4874833018808415,0.6291387889137587,-0.023465645657542323,0.03825410570060816
Baseline (p=2),p99p100,Panama,Upper middle income,growth,0.10215183018451388,0.38025460280264767,0.16482870328117102,0.09717152488788539,1.6962654797415928,0.09925105271159047,-0.032868250579710906,0.362525657142053
Baseline (p=2),p99p100,Panama,Upper middle income,life_exp,8.971630280531228e-4,0.38025460280264767,0.0014476316114816249,0.0010730274441347971,1.349109586520295,0.1864865024053132,-7.35459138193585e-4,0.0036307223611568348
Baseline (p=2),p99p100,Panama,Upper middle income,gdp_x_debt,-0.08765125187676559,0.38025460280264767,-0.14143106552004586,0.12552053670460667,-1.1267563797379403,0.2679724888683664,-0.39680451758961927,0.11394238654952754
Baseline (p=2),p99p100,Paraguay,Lower middle income,public_debt,0.023460236256599952,0.5479432520976876,0.05189666201303915,0.05236516787744885,0.9910531010708081,0.331155510917267,-0.05595142005196532,0.15974474407804362
Baseline (p=2),p99p100,Paraguay,Lower middle income,growth,0.15933697876325625,0.5479432520976876,0.3524711875281824,0.22194684845767523,1.5880882741860507,0.12483483484889242,-0.1046369035324935,0.8095792785888583
Baseline (p=2),p99p100,Paraguay,Lower middle income,life_exp,8.694736175266244e-4,0.5479432520976876,0.001923372721591392,9.248388224179342e-4,2.079684237911696,0.04796313583968981,1.8631511738695546e-5,0.0038281139314440883
Baseline (p=2),p99p100,Paraguay,Lower middle income,gdp_x_debt,-0.3707721183838723,0.5479432520976876,-0.8201893238058569,0.6237490221273615,-1.3149348451217047,0.20046658337230486,-2.1048244821193274,0.4644458345076139
Baseline (p=2),p99p100,Portugal,High income,public_debt,0.0010918791103636887,0.7904855345018909,0.005211473621965939,0.039479702190030067,0.1320038737091084,0.8957371729367216,-0.0749365827989765,0.08535953004290839
Baseline (p=2),p99p100,Portugal,High income,growth,0.012909071818052346,0.7904855345018909,0.06161422690963956,0.3320823026040365,0.18553902579718692,0.8538773607480371,-0.6125486884384442,0.7357771422577234
Baseline (p=2),p99p100,Portugal,High income,life_exp,4.751026885704254e-4,0.7904855345018909,0.002267636687714592,0.004167484381868297,0.5441260194232576,0.5898046145517839,-0.006192806396775717,0.0107280797722049
Baseline (p=2),p99p100,Portugal,High income,gdp_x_debt,0.008042961627141665,0.7904855345018909,0.03838857430688599,0.45332581976121006,0.08468208214371557,0.9329966812663768,-0.8819117664709323,0.9586889150847043
Baseline (p=2),p99p100,Singapore,High income,public_debt,-0.006079767509017703,0.8154359558274229,-0.03294123476906911,0.0871104902681364,-0.3781546248640329,0.7075996568692144,-0.20978493169618712,0.14390246215804892
Baseline (p=2),p99p100,Singapore,High income,growth,0.005587364713846843,0.8154359558274229,0.030273311028134832,0.34447098297613493,0.08788348663385728,0.9304701997325351,-0.6690399625639055,0.7295865846201751
Baseline (p=2),p99p100,Singapore,High income,life_exp,0.001040901722768849,0.8154359558274229,0.0056397860560291535,0.003943612361824268,1.4301065973482892,0.1615534706272694,-0.00236617266565635,0.013645744777714658
Baseline (p=2),p99p100,Singapore,High income,gdp_x_debt,0.020812554247186997,0.8154359558274229,0.11276602840218522,0.39690689482894714,0.2841120420716889,0.7779986231503317,-0.6929978055672853,0.9185298623716557
Baseline (p=2),p99p100,South Africa,Upper middle income,public_debt,0.044100224949834343,0.934866928865587,0.6770788507550355,0.15386842088656494,4.400375638183695,9.663031530625299e-5,0.36470934960585943,0.9894483519042115
Baseline (p=2),p99p100,South Africa,Upper middle income,growth,-0.07603352589000054,0.934866928865587,-1.1673566832599156,1.359464339855047,-0.8586887121911452,0.39635511986107763,-3.9272160177732647,1.5925026512534335
Baseline (p=2),p99p100,South Africa,Upper middle income,life_exp,-0.001012411427601884,0.934866928865587,-0.01554373853357234,0.0036990483036495234,-4.202091256347399,1.7331136749093953e-4,-0.023053205821792218,-0.008034271245352463
Baseline (p=2),p99p100,South Africa,Upper middle income,gdp_x_debt,0.28369937979469423,0.934866928865587,4.355688667117092,4.304585654741439,1.0118717610647063,0.31854382452555924,-4.383084798406196,13.09446213264038
Baseline (p=2),p99p100,South Korea,High income,public_debt,0.19459406584101638,0.616653116345357,0.5076187498535297,0.0638885126577811,7.945383743280896,1.5349248230181382e-8,0.37653034992975754,0.6387071497773019
Baseline (p=2),p99p100,South Korea,High income,growth,0.20151017694208068,0.616653116345357,0.5256601410737464,0.15833497348383702,3.3199243951457524,0.0025868759549473354,0.2007836106535128,0.8505366714939799
Baseline (p=2),p99p100,South Korea,High income,life_exp,7.837843695486478e-4,0.616653116345357,0.0020445826038193618,0.001207692560968127,1.6929661321920835,0.1019711728713009,-4.333978473012685e-4,0.004522563054939992
Baseline (p=2),p99p100,South Korea,High income,gdp_x_debt,-1.6793554441010143,0.616653116345357,-4.380772391028343,0.9820406235367469,-4.4608871425820595,1.295880083961749e-4,-6.395753310824368,-2.3657914712323187
Baseline (p=2),p99p100,Spain,High income,public_debt,0.0033312916822809653,0.6396780397533388,0.009245319602503561,0.013494219583840873,0.6851318481266374,0.4980453721295016,-0.018208876567961142,0.03669951577296826
Baseline (p=2),p99p100,Spain,High income,growth,0.05544463071177961,0.6396780397533388,0.15387524722008217,0.12754006879610844,1.206485527823216,0.23620860971537533,-0.10560697378334144,0.4133574682235058
Baseline (p=2),p99p100,Spain,High income,life_exp,3.487207481071532e-4,0.6396780397533388,9.678032054122756e-4,0.001164112442450457,0.8313657427928951,0.41174241638926345,-0.001400601366704292,0.003336207777528843
Baseline (p=2),p99p100,Spain,High income,gdp_x_debt,-0.10998427448088513,0.6396780397533388,-0.30523888803667293,0.24322981158856424,-1.2549402807292398,0.2183154056660649,-0.8000936605093272,0.18961588443598137
Baseline (p=2),p99p100,Sweden,High income,public_debt,0.05480690414467482,0.7742783386267315,0.24280746389706226,0.13477153787282237,1.8016227144798806,0.08047852305062292,-0.031081253957285948,0.5166961817514104
Baseline (p=2),p99p100,Sweden,High income,growth,0.04923555973649901,0.7742783386267315,0.2181250990133365,0.7673274843395088,0.28426597960464256,0.7779306900577511,-1.341271967884208,1.777522165910881
Baseline (p=2),p99p100,Sweden,High income,life_exp,9.809967767177724e-4,0.7742783386267315,0.004346046235658039,0.00233990660438537,1.857358848217631,0.07193957274013058,-4.092161134203959e-4,0.009101308584736473
Baseline (p=2),p99p100,Sweden,High income,gdp_x_debt,-0.4510451480525766,0.7742783386267315,-1.998235992542594,2.0478793957498374,-0.975758629482638,0.3360758676969927,-6.160027650300089,2.1635556652149006
Baseline (p=2),p99p100,Switzerland,High income,public_debt,0.011699511161842995,0.6125240988472963,0.030194164661693976,0.037622582699432555,0.8025542771190288,0.4276486301875335,-0.04618373875767823,0.10657206808106617
Baseline (p=2),p99p100,Switzerland,High income,growth,-0.15116977508152837,0.6125240988472963,-0.39013981161618766,0.44518882906054086,-0.8763468131926843,0.38681680785716355,-1.2939211830604782,0.5136415598281028
Baseline (p=2),p99p100,Switzerland,High income,life_exp,-1.556386491515774e-6,0.6125240988472963,-4.016731071237394e-6,0.0012890592563715565,-0.003116017399032289,0.997531474994876,-0.002620946147415625,0.0026129126852731505
Baseline (p=2),p99p100,Switzerland,High income,gdp_x_debt,0.25367597021377625,0.6125240988472963,0.6546883805137675,1.0606834187781327,0.6172325963838898,0.5410763482917387,-1.4986134373113977,2.807990198338933
Baseline (p=2),p99p100,Thailand,Lower middle income,public_debt,0.023527674340522376,0.951994921633268,0.4901080290044336,1.264141835773878,0.38770018927852423,0.7006545627953424,-2.0789372757458513,3.0591533337547188
Baseline (p=2),p99p100,Thailand,Lower middle income,growth,-0.060941411665661256,0.951994921633268,-1.2694784330962434,3.299529112158367,-0.3847453348474388,0.7028223265623847,-7.974928354614052,5.435971488421565
Baseline (p=2),p99p100,Thailand,Lower middle income,life_exp,-9.931637970021605e-4,0.951994921633268,-0.020688723584928754,0.04180605042277063,-0.49487390881727883,0.6238720959733869,-0.10564884001286405,0.06427139284300655
Baseline (p=2),p99p100,Thailand,Lower middle income,gdp_x_debt,0.01796674783190377,0.951994921633268,0.3742676492401046,5.209349248527668,0.07184537480298231,0.9431459327641657,-10.212403758198633,10.960939056678843
Baseline (p=2),p99p100,Togo,Low income,public_debt,-0.0011575228318083785,0.4660316171539808,-0.002167774102352,0.006607062633001844,-0.328099523610403,0.7449736477280607,-0.01562592028184275,0.011290372077138747
Baseline (p=2),p99p100,Togo,Low income,growth,0.0016543526802676328,0.4660316171539808,0.003098222167106661,0.04532117776010524,0.06836146632168781,0.9459232790325217,-0.08921799597733411,0.09541444031154743
Baseline (p=2),p99p100,Togo,Low income,life_exp,4.92777197934881e-4,0.4660316171539808,9.228583821918599e-4,2.506735107509054e-4,3.681515368047426,8.490145750235584e-4,4.122531498211364e-4,0.0014334636145625834
Baseline (p=2),p99p100,Togo,Low income,gdp_x_debt,-7.000602694905502e-4,0.4660316171539808,-0.0013110519123983918,0.06943426563765204,-0.018881915151810136,0.9850525497296878,-0.1427440227683978,0.14012191894360101
Baseline (p=2),p99p100,Trinidad and Tobago,Upper middle income,public_debt,-0.008352503834216882,0.2577775650525756,-0.011253370204052824,0.00818806322896692,-1.374362885259821,0.17806606241639425,-0.02787602228219367,0.0053692818740880225
Baseline (p=2),p99p100,Trinidad and Tobago,Upper middle income,growth,0.006127695257355235,0.2577775650525756,0.00825587447756048,0.030526311303820563,0.2704511002129237,0.7884017115208335,-0.053715832120563696,0.07022758107568466
Baseline (p=2),p99p100,Trinidad and Tobago,Upper middle income,life_exp,0.0017073186555389833,0.2577775650525756,0.0023002789664528555,4.931187839938241e-4,4.664756324678283,4.397477918122043e-5,0.001299194613497825,0.003301363319407886
Baseline (p=2),p99p100,Trinidad and Tobago,Upper middle income,gdp_x_debt,0.03309875247480109,0.2577775650525756,0.04459411480487739,0.10520054170705387,0.4238962469324175,0.6742354739374545,-0.16897433897084346,0.2581625685805983
Baseline (p=2),p99p100,Turkey,Upper middle income,public_debt,-0.017647799375595567,0.7970585522730806,-0.08696005460325026,0.06443119214061667,-1.3496577001627705,0.18604419625617763,-0.21789999105981345,0.04397988185331292
Baseline (p=2),p99p100,Turkey,Upper middle income,growth,0.1313364310475467,0.7970585522730806,0.6471641575370779,0.4400061903493796,1.4708069380187765,0.15053842360229122,-0.2470360068662557,1.5413643219404114
Baseline (p=2),p99p100,Turkey,Upper middle income,life_exp,-9.349062149372652e-4,0.7970585522730806,-0.004606778089980354,0.001750063464219895,-2.632349159996813,0.012661065019940927,-0.008163334956098781,-0.0010502212238619264
Baseline (p=2),p99p100,Turkey,Upper middle income,gdp_x_debt,-0.36331879393709926,0.7970585522730806,-1.790264127936969,1.0881773647197497,-1.645195154742109,0.10914491677703127,-4.001706602552504,0.4211783466785666
Baseline (p=2),p99p100,United Arab Emirates,High income,public_debt,8.328632711034761e-4,0.9406108840348502,0.014023836818722964,0.15202492942159798,0.09224695497033801,0.9270595714204044,-0.2952732076831741,0.3233208813206201
Baseline (p=2),p99p100,United Arab Emirates,High income,growth,-6.585642793788147e-4,0.9406108840348502,-0.01108897259499985,0.033538492214099706,-0.33063420156789297,0.7430109663165922,-0.07932354805797123,0.05714560286797154
Baseline (p=2),p99p100,United Arab Emirates,High income,life_exp,-3.996187664099941e-4,0.9406108840348502,-0.006728821601663419,0.00500191460906403,-1.345249195072231,0.18771680815522027,-0.016905293390339516,0.003447650187012677
Baseline (p=2),p99p100,United Arab Emirates,High income,gdp_x_debt,-0.021073016890065053,0.9406108840348502,-0.3548296105709154,0.6122296316698985,-0.579569482128941,0.5661409847822301,-1.600420161755098,0.890760940613267
Baseline (p=2),p99p100,United Kingdom,High income,public_debt,-0.031775328403685764,0.638282631913729,-0.08784573594516265,0.022145342986640622,-3.9667814582125183,3.43656379790393e-4,-0.1328031723161649,-0.042888299574160405
Baseline (p=2),p99p100,United Kingdom,High income,growth,0.07556640632217541,0.638282631913729,0.2089100855786182,0.2767350085066665,0.7549102179227375,0.4553529081235036,-0.35289184921519134,0.7707120203724278
Baseline (p=2),p99p100,United Kingdom,High income,life_exp,0.004966363239100748,0.638282631913729,0.01372995514530077,0.001440592611678122,9.530768819719945,2.936250013432818e-11,0.010805396662954148,0.01665451362764739
Baseline (p=2),p99p100,United Kingdom,High income,gdp_x_debt,0.04179738675811301,0.638282631913729,0.11555261219346308,0.5285007376864029,0.21864229120911588,0.8281986480017416,-0.9573609254698581,1.1884661498567843
Baseline (p=2),p99p100,United States,High income,public_debt,0.005178044943577244,0.6219231138962211,0.01369574584931361,0.03900152743487395,0.3511592173456084,0.727574017670068,-0.06548156421009724,0.09287305590872447
Baseline (p=2),p99p100,United States,High income,growth,0.18263236704175284,0.6219231138962211,0.4830561553863989,0.6497808877358844,0.7434139176816572,0.46219258112920303,-0.8360691764317657,1.8021814872045634
Baseline (p=2),p99p100,United States,High income,life_exp,0.005335124025662651,0.6219231138962211,0.01411121446921303,0.003464232782493511,4.073402497812504,2.523347495335029e-4,0.007078448032168208,0.021143980906257853
Baseline (p=2),p99p100,United States,High income,gdp_x_debt,-0.2194748346828214,0.6219231138962211,-0.5805031800398859,1.0475276530996787,-0.5541650173359648,0.5829896758765205,-2.707097373659018,1.5460910135792463
Baseline (p=2),p99p100,Uruguay,Upper middle income,public_debt,0.051114132254057906,0.19589463050207595,0.063566460557244,0.036087320980864014,1.7614624424725605,0.09424441540681788,-0.01196517031485804,0.13909809142934604
Baseline (p=2),p99p100,Uruguay,Upper middle income,growth,-0.14566095233061663,0.19589463050207595,-0.181146598264312,0.21757562980019074,-0.8325684196831552,0.4154311258723373,-0.6365376250891486,0.27424442856052456
Baseline (p=2),p99p100,Uruguay,Upper middle income,life_exp,4.1051196647856614e-4,0.19589463050207595,5.105201159580441e-4,0.004307858073882028,0.11850903794933727,0.9069082954182195,-0.008505930455654087,0.009526970687570175
Baseline (p=2),p99p100,Uruguay,Upper middle income,gdp_x_debt,-0.18889224278041186,0.19589463050207595,-0.23490981399409683,0.5506478859289121,-0.42660622150181715,0.6744607797275046,-1.3874290847523927,0.917609456764199
Baseline (p=2),p99p100,Venezuela,Upper middle income,public_debt,-0.013009070319065175,0.24301173441922208,-0.01718529983960099,0.009477868174302673,-1.8132030878204723,0.08563000388159564,-0.03702270591292745,0.002652106233725471
Baseline (p=2),p99p100,Venezuela,Upper middle income,growth,0.06739066842250663,0.24301173441922208,0.08902472004741452,0.033961351684502795,2.621353851708976,0.016800995257733195,0.017942794051530014,0.16010664604329902
Baseline (p=2),p99p100,Venezuela,Upper middle income,life_exp,0.0046993310700789576,0.24301173441922208,0.006207931197551033,0.0020203839850666777,3.072649181262519,0.006265355980633614,0.001979218917665158,0.010436643477436908
Baseline (p=2),p99p100,Venezuela,Upper middle income,gdp_x_debt,-0.06455993617413244,0.24301173441922208,-0.08528525356281534,0.05655957932784159,-1.5078834492114666,0.14803261029643228,-0.20366581360320274,0.033095306477572056
Baseline (p=2),p99p100,Zambia,Low income,public_debt,-4.734774263098188e-5,0.5854464424918692,-1.1421381332628711e-4,0.009794827776691429,-0.011660624967605823,0.9907735789897739,-0.020117920795877483,0.01988949316922491
Baseline (p=2),p99p100,Zambia,Low income,growth,2.5366187865398006e-4,0.5854464424918692,6.118916942330302e-4,0.0264038392183141,0.023174345562921504,0.9816646619414687,-0.05331194188193626,0.05453572527040232
Baseline (p=2),p99p100,Zambia,Low income,life_exp,2.1263230752294323e-4,0.5854464424918692,5.129187861782437e-4,4.991484164768015e-4,1.0275877259085369,0.3123582276522715,-5.064782763987071e-4,0.0015323158487551944
Baseline (p=2),p99p100,Zambia,Low income,gdp_x_debt,0.028530935393504188,0.5854464424918692,0.06882327959022423,0.09649900254782497,0.7132019790164709,0.48123229848599525,-0.12825397537374167,0.2659005345541901
Baseline (p=2),gini,Argentina,Upper middle income,public_debt,-0.2934460145010007,0.9777118684314214,-13.166021278997475,9.326527620369314,-1.4116745068381755,0.16868600391636349,-32.24091202634618,5.908869468351229
Baseline (p=2),gini,Argentina,Upper middle income,growth,0.3387105241043683,0.9777118684314214,15.196900783817913,36.51651456041709,0.4161651506655824,0.6803530573449356,-59.4877572225176,89.88155879015342
Baseline (p=2),gini,Argentina,Upper middle income,life_exp,0.002441104639271552,0.9777118684314214,0.10952486671036081,0.6689032972930583,0.16373796803452748,0.8710732469972102,-1.2585359846337063,1.4775857180544278
Baseline (p=2),gini,Argentina,Upper middle income,gdp_x_debt,-0.015411167402909237,0.9777118684314214,-0.6914517421745502,77.51537983720377,-0.008920187756632595,0.9929438968301423,-159.2282043063994,157.84530082205026
Baseline (p=2),gini,Australia,High income,public_debt,0.24798973820656833,0.7364258933695829,0.9408729156931142,3.489180032816184,0.26965444799181587,0.7892130075693198,-6.175356678133355,8.057102509519583
Baseline (p=2),gini,Australia,High income,growth,10.306775934886206,0.7364258933695829,39.103901618599956,27.021916181488653,1.4471180117636535,0.15790132006658586,-16.007659780942838,94.21546301814274
Baseline (p=2),gini,Australia,High income,life_exp,0.1435947350086445,0.7364258933695829,0.544798337152263,0.11337693641010142,4.8051954339429805,3.7512378431213886e-5,0.31356455083263063,0.7760321234718954
Baseline (p=2),gini,Australia,High income,gdp_x_debt,-27.824553937880868,0.7364258933695829,-105.56634069103146,85.268882620831,-1.2380406245084516,0.2249954852038046,-279.4733733554133,68.34069197335035
Baseline (p=2),gini,Austria,High income,public_debt,-0.3737916068744387,0.7912028318971418,-1.7902139682771008,6.982081567744474,-0.2564011822129744,0.802373121704834,-17.157671885432052,13.57724394887785
Baseline (p=2),gini,Austria,High income,growth,16.428580989288555,0.7912028318971418,78.68201057782291,83.11280564375555,0.9466893815987364,0.3641297118135599,-104.24804125766367,261.6120624133095
Baseline (p=2),gini,Austria,High income,life_exp,0.21292148858440021,0.7912028318971418,1.0197527606289674,0.4608210088482256,2.2129042319006547,0.04896931187427159,0.005492558695564975,2.03401296256237
Baseline (p=2),gini,Austria,High income,gdp_x_debt,-36.19739552302829,0.7912028318971418,-173.36152521568988,135.16745177599165,-1.282568569118222,0.2260109964591164,-470.86308070204973,124.14003027066997
Baseline (p=2),gini,Bangladesh,Low income,public_debt,2.0267824296268317,0.8959856233433011,19.485598960192394,11.801267882935884,1.6511445340858433,0.11073819061437311,-4.772254586492963,43.74345250687775
Baseline (p=2),gini,Bangladesh,Low income,growth,-4.483351873587972,0.8959856233433011,-43.1031941707957,36.802374882048966,-1.1712068666476216,0.25213779635797795,-118.75155915281837,32.54517081122697
Baseline (p=2),gini,Bangladesh,Low income,life_exp,0.0017699909050709727,0.8959856233433011,0.017016790966433958,0.10976729561744696,0.1550260564470828,0.8779980132179304,-0.20861311657544304,0.24264669850831097
Baseline (p=2),gini,Bangladesh,Low income,gdp_x_debt,11.981337094056517,0.8959856233433011,115.18924094119328,117.50884621746702,0.9802601646519362,0.3359916887855565,-126.35365175976835,356.7321336421549
Baseline (p=2),gini,Belgium,High income,public_debt,1.110581950744363,0.9750340616321644,44.4838857799618,162.6599325643406,0.27347783242419627,0.7864931271667532,-288.70988176876637,377.6776533286899
Baseline (p=2),gini,Belgium,High income,growth,28.507858834414474,0.9750340616321644,1141.87011176564,3752.749064418924,0.30427563691697235,0.763167852159476,-6545.287873155506,8829.028096686787
Baseline (p=2),gini,Belgium,High income,life_exp,0.0010403298122859555,0.9750340616321644,0.04166996637411581,1.0600051957905412,0.03931109634140875,0.9689213193739242,-2.1296522470232953,2.2129921797715273
Baseline (p=2),gini,Belgium,High income,gdp_x_debt,-24.437799032966964,0.9750340616321644,-978.8456044756957,3208.4178366320125,-0.30508669827843365,0.7625565250542341,-7550.991614895958,5593.300405944567
Baseline (p=2),gini,Belize,Lower middle income,public_debt,-0.2381257442147779,0.9899002413014352,-23.57736965028832,170.99753417254658,-0.13788134293502363,0.8928257704193859,-399.9404047763262,352.7856654757496
Baseline (p=2),gini,Belize,Lower middle income,growth,4.3117314927514805,0.9899002413014352,426.91430770164584,3833.7907955165015,0.11135566087771633,0.91334022332758,-8011.202340126093,8865.030955529384
Baseline (p=2),gini,Belize,Lower middle income,life_exp,0.006023013905142743,0.9899002413014352,0.5963522579998479,9.3314595769505,0.06390771487376838,0.9501902779871977,-19.942051792863207,21.1347563088629
Baseline (p=2),gini,Belize,Lower middle income,gdp_x_debt,-5.787969376583575,0.9899002413014352,-573.0799664952433,5150.865191332327,-0.11125897207707933,0.9134151309721351,-11910.057814250275,10763.897881259789
Baseline (p=2),gini,Bolivia,Lower middle income,public_debt,4.4428041970612515,0.8408749464855956,27.920205517222826,4.775694974527304,5.846312561029163,2.4488180167744596e-4,17.116832923256496,38.723578111189155
Baseline (p=2),gini,Bolivia,Lower middle income,growth,25.161404250774225,0.8408749464855956,158.1234613598829,32.74778488072781,4.828523881410347,9.358215475473193e-4,84.04282522616973,232.20409749359607
Baseline (p=2),gini,Bolivia,Lower middle income,life_exp,-0.18013068551916062,0.8408749464855956,-1.1320070695395223,0.7269752721056013,-1.5571465949052055,0.15386191726383586,-2.7765393885103826,0.5125252494313377
Baseline (p=2),gini,Bolivia,Lower middle income,gdp_x_debt,-50.52581427727408,0.8408749464855956,-317.52268521751256,60.578255594318286,-5.241529028896194,5.336747040695908e-4,-454.5602200200201,-180.48515041500502
Baseline (p=2),gini,Brazil,Upper middle income,public_debt,4.515992608301057,0.9021930557289009,46.17251506992927,12.870541991854276,3.5874569306523143,0.0012103914879134164,19.849301077875214,72.49572906198333
Baseline (p=2),gini,Brazil,Upper middle income,growth,27.42056035489805,0.9021930557289009,280.3539212808279,75.2117310965838,3.727529165906432,8.338516694104673e-4,126.52865940598065,434.1791831556751
Baseline (p=2),gini,Brazil,Upper middle income,life_exp,-0.14506099093748814,0.9021930557289009,-1.4831359063361724,0.24123899009594527,-6.147994176838087,1.0621177962276527e-6,-1.9765250397185574,-0.9897467729537874
Baseline (p=2),gini,Brazil,Upper middle income,gdp_x_debt,-47.046924908998136,0.9021930557289009,-481.01824731988864,130.13407296370048,-3.6963282279965495,9.063084749838718e-4,-747.1723107967089,-214.86418384306842
Baseline (p=2),gini,Burkina Faso,Low income,public_debt,-0.31717385991693037,0.5910300816160097,-0.7755432506386185,1.5883759007168665,-0.4882617838060877,0.634164611258055,-4.236317041454767,2.68523054017753
Baseline (p=2),gini,Burkina Faso,Low income,growth,-6.077287343408523,0.5910300816160097,-14.85998620001785,11.131938778745596,-1.3348965077305563,0.2066838448094414,-39.1143972302189,9.394424830183194
Baseline (p=2),gini,Burkina Faso,Low income,life_exp,-0.13001707371512525,0.5910300816160097,-0.317913538063818,0.03542938929763829,-8.973158848239306,1.1394574015055082e-6,-0.3951075460127871,-0.24071953011484892
Baseline (p=2),gini,Burkina Faso,Low income,gdp_x_debt,28.204864068223813,0.5910300816160097,68.9656202091169,35.51503460395839,1.9418711252341063,0.07599613921854023,-8.414992832063206,146.34623325029702
Baseline (p=2),gini,Canada,High income,public_debt,-1.1487416963374786,0.9204886056165001,-14.447510388220088,18.178896134775034,-0.7947407962017534,0.4339593708346219,-51.8147665552813,22.919745778841126
Baseline (p=2),gini,Canada,High income,growth,-49.447714508708096,0.9204886056165001,-621.8946968809472,755.9557843412142,-0.8226601472768729,0.4181827115626139,-2175.7840659066756,931.9946721447812
Baseline (p=2),gini,Canada,High income,life_exp,-0.007944467908206132,0.9204886056165001,-0.0999160934077992,0.9324304126073326,-0.1071566221530744,0.9154873159010094,-2.016554256008092,1.8167220691924935
Baseline (p=2),gini,Canada,High income,gdp_x_debt,62.04967816353713,0.9204886056165001,780.387246942982,930.6674301610396,0.8385242909037295,0.4093795085436681,-1132.6270533391448,2693.4015472251085
Baseline (p=2),gini,Chile,Upper middle income,public_debt,0.04211378705393848,0.9735079304200818,1.5896752394860827,12.280934345132536,0.12944253220571442,0.8979669870045989,-23.60872062074768,26.788071099719847
Baseline (p=2),gini,Chile,Upper middle income,growth,-0.33035877840708094,0.9735079304200818,-12.470100813018497,29.63304007633736,-0.42081746526493413,0.6772191938930396,-73.27207673773077,48.33187511169377
Baseline (p=2),gini,Chile,Upper middle income,life_exp,-0.004211776652672598,0.9735079304200818,-0.15898254532236503,0.39543950282999163,-0.4020401203840154,0.690819506037121,-0.9703573846507338,0.6523922940060038
Baseline (p=2),gini,Chile,Upper middle income,gdp_x_debt,6.6671998474430545,0.9735079304200818,251.66776145329877,277.1071089306053,0.9081966984698425,0.37180976807455024,-316.9090609841437,820.2445838907413
Baseline (p=2),gini,Colombia,Lower middle income,public_debt,-3.6157744062694728,0.9803908908324074,-184.39258894254888,503.5486443818039,-0.366186248339371,0.7168840908642293,-1214.2652026879537,845.480024802856
Baseline (p=2),gini,Colombia,Lower middle income,growth,-19.37420145520702,0.9803908908324074,-988.0204801565477,2629.391915150613,-0.37576006622046426,0.7098300301056738,-6365.730765806659,4389.689805493564
Baseline (p=2),gini,Colombia,Lower middle income,life_exp,0.030167187902894736,0.9803908908324074,1.53842725057348,7.027420932706163,0.21891776020040582,0.8282475506140647,-12.834262348741014,15.911116849887975
Baseline (p=2),gini,Colombia,Lower middle income,gdp_x_debt,42.531163598947536,0.9803908908324074,2168.949299809983,5561.704366245104,0.3899792504207329,0.6994015196751693,-9206.013330813385,13543.91193043335
Baseline (p=2),gini,Costa Rica,Upper middle income,public_debt,-0.03304765015710673,0.9106308244938675,-0.36978801661697086,12.6640933709287,-0.029199722853105674,0.9769124382551004,-26.311007321989134,25.57143128875519
Baseline (p=2),gini,Costa Rica,Upper middle income,growth,0.9925398702238373,0.9106308244938675,11.106064978251128,53.10314066376789,0.2091413961477567,0.8358520051909222,-97.67078760916849,119.88291756567074
Baseline (p=2),gini,Costa Rica,Upper middle income,life_exp,0.13308440383748893,0.9106308244938675,1.489153313586927,0.3801963100328601,3.916801069053565,5.249948325220933e-4,0.7103564768314174,2.2679501503424366
Baseline (p=2),gini,Costa Rica,Upper middle income,gdp_x_debt,0.9339985780397599,0.9106308244938675,10.45101482418475,180.045254780978,0.05804659965572673,0.9541237922161894,-358.35497091551497,379.2570005638845
Baseline (p=2),gini,Cyprus,High income,public_debt,-0.4254628059047314,1.0109974493338267,38.68740768789565,424.6193103515689,0.09111080618510713,0.9280771439181272,-832.5594511782664,909.9342665540577
Baseline (p=2),gini,Cyprus,High income,growth,2.3894592949363735,1.0109974493338267,-217.2739534781674,2498.3522556251023,-0.08696690108008977,0.9313395963849108,-5343.469352487106,4908.921445530771
Baseline (p=2),gini,Cyprus,High income,life_exp,0.03177045880827469,1.0109974493338267,-2.888893400995525,31.916716338055718,-0.09051349049811147,0.9285473268140216,-68.37658596926315,62.59879916727209
Baseline (p=2),gini,Cyprus,High income,gdp_x_debt,-2.806896838725202,1.0109974493338267,255.2316226719544,2935.3322052088574,0.08695152876360511,0.9313517011516879,-5767.57257198295,6278.035817326858
Baseline (p=2),gini,Denmark,High income,public_debt,-3.1807510112728568,0.9415915606846584,-54.45704505303227,71.03467737259889,-0.7666262038101221,0.44910285140638095,-199.33322471487838,90.41913460881386
Baseline (p=2),gini,Denmark,High income,growth,-44.101897097199085,0.9415915606846584,-755.0603579578145,969.857525635477,-0.7785270908354074,0.4421606412478959,-2733.097822580119,1222.9771066644898
Baseline (p=2),gini,Denmark,High income,life_exp,0.040941110676741624,0.9415915606846584,0.7009451229419861,0.7103706693648666,0.9867315095775171,0.33141364878793456,-0.7478654091532764,2.1497556550372483
Baseline (p=2),gini,Denmark,High income,gdp_x_debt,75.86372575342894,0.9415915606846584,1298.848704788155,1687.3173612509988,0.7697714340028907,0.44726184507968647,-2142.457741821363,4740.155151397673
Baseline (p=2),gini,Egypt,Lower middle income,public_debt,-2.4601467446224,1.0059948946051032,410.37364402173085,4043.218968268734,0.10149676464281349,0.9199061259171878,-7885.626419883991,8706.373707927452
Baseline (p=2),gini,Egypt,Lower middle income,growth,-2.4679339346644094,1.0059948946051032,411.6726143214556,4371.804164672724,0.09416538317248108,0.9256731220916001,-8558.52858282964,9381.873811472553
Baseline (p=2),gini,Egypt,Lower middle income,life_exp,-0.028605522136366666,1.0059948946051032,4.771647213283145,48.201155782679145,0.09899445637355056,0.9218740025890446,-94.12895515123807,103.67224957780437
Baseline (p=2),gini,Egypt,Lower middle income,gdp_x_debt,7.157220247328423,1.0059948946051032,-1193.885917733371,11987.255506957168,-0.0995962684736688,0.9214006761385185,-25789.70257575444,23401.930740287695
Baseline (p=2),gini,El Salvador,Lower middle income,public_debt,-6.593904814304992,0.7117834403252621,-22.878299642971367,1.2216156168374088,-18.727903710170363,2.615822176024495e-11,-25.49840455571674,-20.258194730225995
Baseline (p=2),gini,El Salvador,Lower middle income,growth,-28.555103597953668,0.7117834403252621,-99.07516636163815,23.23785691558246,-4.263524245009099,7.872294030646077e-4,-148.9154125299181,-49.23492019335822
Baseline (p=2),gini,El Salvador,Lower middle income,life_exp,-0.24493515409654643,0.7117834403252621,-0.8498302608738512,0.18363186847475077,-4.627901833884036,3.9115361260212635e-4,-1.2436814478559697,-0.45597907389173264
Baseline (p=2),gini,El Salvador,Lower middle income,gdp_x_debt,56.12082773320644,0.7117834403252621,194.71756861070259,43.19624806476997,4.507742624283855,4.918506962441774e-4,102.07083079338877,287.3643064280164
Baseline (p=2),gini,Finland,High income,public_debt,0.888013342185678,0.8899339201613766,8.068001908377811,8.262216859203521,0.9764936028507447,0.33817500375364684,-8.948352244360107,25.084356061115727
Baseline (p=2),gini,Finland,High income,growth,-5.66991862216964,0.8899339201613766,-51.513769096553254,43.8401588545969,-1.1750360957269144,0.2510508477454275,-141.8042664164244,38.77672822331791
Baseline (p=2),gini,Finland,High income,life_exp,0.019168827319345293,0.8899339201613766,0.17415744566764105,0.5076798146315717,0.3430458344971403,0.7344319042554568,-0.8714287050207287,1.2197435963560108
Baseline (p=2),gini,Finland,High income,gdp_x_debt,23.252148743578807,0.8899339201613766,211.25626330719356,123.61687645078722,1.7089597259909428,0.0998460582779213,-43.337459514143944,465.8499861285311
Baseline (p=2),gini,France,High income,public_debt,0.5622987233013482,0.8419143667780655,3.556924888373278,7.039731154736188,0.5052643077115596,0.6173274442047543,-10.863310685306814,17.97716046205337
Baseline (p=2),gini,France,High income,growth,-2.7988940493863903,0.8419143667780655,-17.704923542653983,26.305965105483054,-0.6730383573330171,0.5064403066011798,-71.59025033654197,36.180403251234
Baseline (p=2),gini,France,High income,life_exp,-0.020255053784953625,0.8419143667780655,-0.12812710030719746,0.584125207354792,-0.21934869218779374,0.8279696258456799,-1.3246533467553816,1.0683991461409865
Baseline (p=2),gini,France,High income,gdp_x_debt,-2.933767705834825,0.8419143667780655,-18.55809187743294,46.75386545709654,-0.39693171240488523,0.6944272211314935,-114.32904378628348,77.21286003141759
Baseline (p=2),gini,Germany,High income,public_debt,-0.3970746846859339,0.9240638713914582,-5.2290614752418145,8.090424026123765,-0.646327245439462,0.522537361679746,-21.68915291924228,11.231029968758651
Baseline (p=2),gini,Germany,High income,growth,0.6764004111799146,0.9240638713914582,8.907491382222354,58.62286573532706,0.15194568314756676,0.8801549391556263,-110.3616257366192,128.17660850106392
Baseline (p=2),gini,Germany,High income,life_exp,0.07778496547111956,0.9240638713914582,1.0243472625804861,0.45220394839092826,2.265232902599388,0.030187809324489123,0.10433141201215146,1.9443631131488208
Baseline (p=2),gini,Germany,High income,gdp_x_debt,1.0710815101583024,0.9240638713914582,14.105031817987884,88.90664604934659,0.15864991476744103,0.8749116368967047,-166.77689961432154,194.9869632502973
Baseline (p=2),gini,Ghana,Low income,public_debt,-0.03661168101617351,1.1667024696041954,0.21962290722567732,2.4228252819908884,0.0906474391109244,0.9303120714631181,-5.509448511942102,5.948694326393456
Baseline (p=2),gini,Ghana,Low income,growth,-7.169092530238771,1.1667024696041954,43.00531688139037,21.666567341858592,1.9848698782250807,0.08755098201635142,-8.227973703936648,94.23860746671738
Baseline (p=2),gini,Ghana,Low income,life_exp,-0.1148243191316938,1.1667024696041954,0.688797948850567,0.12206071087380639,5.6430766617661865,7.80080093404513e-4,0.4001702317517094,0.9774256659494246
Baseline (p=2),gini,Ghana,Low income,gdp_x_debt,6.5124472328928515,1.1667024696041954,-39.0662912694423,33.71136035074574,-1.1588464797321092,0.2845193947732387,-118.7809915089991,40.64840897011449
Baseline (p=2),gini,Greece,High income,public_debt,-0.0444744451043545,0.940872912133172,-0.7521839263338043,5.637228287200192,-0.13343151776231985,0.8947431778536707,-12.26493998716496,10.76057213449735
Baseline (p=2),gini,Greece,High income,growth,3.724406582650332,0.940872912133172,62.9898531623749,76.3379290728742,0.8251449040783267,0.41580267021336403,-92.91299675423356,218.89270307898335
Baseline (p=2),gini,Greece,High income,life_exp,-0.03807169493322817,0.940872912133172,-0.6438959926282368,1.2074468184140577,-0.5332706855561336,0.5977751297781009,-3.1098313723238293,1.8220393870673555
Baseline (p=2),gini,Greece,High income,gdp_x_debt,-3.4835920575082175,0.940872912133172,-58.917024044111855,72.96301392975899,-0.8074916436542888,0.4257396957538483,-207.92737772158216,90.09332963335845
Baseline (p=2),gini,Guatemala,Lower middle income,public_debt,0.26246903008243927,0.9776285958938082,11.732344954145967,28.947237865213925,0.4053010172775344,0.6879532979928707,-47.23124905457909,70.69593896287103
Baseline (p=2),gini,Guatemala,Lower middle income,growth,3.1779046788632743,0.9776285958938082,142.05208862968604,253.7613595189129,0.5597861270092181,0.5795230629227877,-374.8428858561541,658.9470631155262
Baseline (p=2),gini,Guatemala,Lower middle income,life_exp,-0.031610651925362096,0.9776285958938082,-1.4129936491832973,1.4266766574130616,-0.9904091735442176,0.32940444391572854,-4.3190389030041665,1.4930516046375721
Baseline (p=2),gini,Guatemala,Lower middle income,gdp_x_debt,-11.030395716110377,0.9776285958938082,-493.0578189796089,735.7188007582835,-0.6701715634715721,0.5075563097176632,-1991.6679756546355,1005.5523376954178
Baseline (p=2),gini,Honduras,Lower middle income,public_debt,0.6523550466611799,0.9878479800184694,53.68284841965947,111.87797347267771,0.47983393650555917,0.635877105439419,-177.75437284285564,285.1200696821746
Baseline (p=2),gini,Honduras,Lower middle income,growth,5.494911351932363,0.9878479800184694,452.1809016347798,894.3445213460394,0.505600348458804,0.6179485524788988,-1397.9116987842856,2302.2735020538453
Baseline (p=2),gini,Honduras,Lower middle income,life_exp,-0.022104422900533546,0.9878479800184694,-1.8189916519335256,2.9037024973747503,-0.6264387118095204,0.5371956798344,-7.825757921520599,4.187774617653548
Baseline (p=2),gini,Honduras,Lower middle income,gdp_x_debt,-9.410988721424339,0.9878479800184694,-774.4382197961946,1545.2692250281773,-0.5011671799663733,0.6210163909210642,-3971.071162297078,2422.194722704689
Baseline (p=2),gini,Iceland,High income,public_debt,0.37939158053308275,0.855831455600166,2.631583623962286,2.743174411826138,0.9593205640214595,0.36001716734066047,-3.480589860802127,8.7437571087267
Baseline (p=2),gini,Iceland,High income,growth,3.3649917630040673,0.855831455600166,23.340679320945846,48.37091166190093,0.4825354436999375,0.6398140046031346,-84.43642825893156,131.11778690082323
Baseline (p=2),gini,Iceland,High income,life_exp,0.1252972200586774,0.855831455600166,0.8691023453159157,0.4765710425699398,1.8236574774439205,0.09818849887983552,-0.1927641103657718,1.9309688009976032
Baseline (p=2),gini,Iceland,High income,gdp_x_debt,-15.91104235588298,0.855831455600166,-110.3641742525723,77.6440642008643,-1.4214116093544698,0.18562440875913316,-283.36593032463463,62.63758181949004
Baseline (p=2),gini,India,Low income,public_debt,3.868086164741046,1.7687120826833918,-5.031904990017164,2.6239311481763568,-1.9176970377116638,0.0703073670849277,-10.523856000261492,0.4600460202271641
Baseline (p=2),gini,India,Low income,growth,10.750333354485026,1.7687120826833918,-13.984863249395222,13.779067186915805,-1.0149354132386288,0.32288759270662937,-42.82478231891824,14.855055820127792
Baseline (p=2),gini,India,Low income,life_exp,-0.18504396609862317,1.7687120826833918,0.24071947126507823,0.0479366729543046,5.021614067679309,7.575560297754579e-5,0.14038686168341447,0.341052080846742
Baseline (p=2),gini,India,Low income,gdp_x_debt,-66.8071986373613,1.7687120826833918,86.90795961493566,21.2712796963382,4.085694930234811,6.29992571508758e-4,42.38665954245273,131.4292596874186
Baseline (p=2),gini,Indonesia,Lower middle income,public_debt,0.7624085890976604,0.9918822774541873,93.91902529249792,434.5467200798332,0.2161310187204807,0.8305723546324053,-799.3045502973031,987.142600882299
Baseline (p=2),gini,Indonesia,Lower middle income,growth,2.7855563577688023,0.9918822774541873,343.1450560238308,1428.847981572371,0.24015504829717294,0.8120934801741131,-2593.8940334436265,3280.1841454912883
Baseline (p=2),gini,Indonesia,Lower middle income,life_exp,0.01601242773581609,0.9918822774541873,1.9725271029465918,6.3313947578924035,0.31154700952546627,0.757869290828633,-11.041841209570407,14.98689541546359
Baseline (p=2),gini,Indonesia,Lower middle income,gdp_x_debt,6.7941373021153275,0.9918822774541873,836.9511601033865,3817.003982190221,0.2192691346429088,0.8281526822531841,-7009.012892705688,8682.915212912461
Baseline (p=2),gini,Iran,Lower middle income,public_debt,-0.05400754683099679,1.0577807908453978,0.9346972590856892,6.247475691962773,0.14961198813276771,0.8826474589311224,-12.14141964352359,14.01081416169497
Baseline (p=2),gini,Iran,Lower middle income,growth,-6.774630078735129,1.0577807908453978,117.24709855325086,86.04976598561578,1.3625498827370441,0.18895825265123667,-62.85713153084889,297.3513286373506
Baseline (p=2),gini,Iran,Lower middle income,life_exp,0.04505109778416684,1.0577807908453978,-0.77968987833186,0.20131094866438495,-3.8730624613553335,0.001023902995322453,-1.201038536302174,-0.358341220361546
Baseline (p=2),gini,Iran,Lower middle income,gdp_x_debt,23.34899587989641,1.0577807908453978,-404.0961630720939,327.7259470426035,-1.2330307280172799,0.23260284203252352,-1090.0344534860067,281.8421273418189
Baseline (p=2),gini,Ireland,High income,public_debt,0.46193419982124806,0.9660860670091957,13.62077939903052,11.64226201220708,1.1699426953927798,0.2535115550010131,-10.407668422060274,37.64922722012131
Baseline (p=2),gini,Ireland,High income,growth,3.1358911582841067,0.9660860670091957,92.466160121694,91.6078019057752,1.009369924810571,0.3228660382797732,-96.60305046554052,281.53537070892855
Baseline (p=2),gini,Ireland,High income,life_exp,-0.047958680767853236,0.9660860670091957,-1.4141291362714319,0.8906556298850695,-1.5877395132548722,0.12543390483809472,-3.25235200969713,0.4240937371542661
Baseline (p=2),gini,Ireland,High income,gdp_x_debt,-1.9996725643194235,0.9660860670091957,-58.96315726228609,88.38095041359853,-0.667147807150237,0.5110417766087963,-241.37247369622992,123.44615917165775
Baseline (p=2),gini,Italy,High income,public_debt,1.7987362403491782,0.9407155840207484,30.34079379273469,39.40023839102456,0.7700662491333142,0.44847661773025893,-50.80551616125095,111.48710374672032
Baseline (p=2),gini,Italy,High income,growth,-2.2296510472636175,0.9407155840207484,-37.60939549516608,203.79377883496787,-0.1845463375288907,0.8550737579851331,-457.33053981706144,382.11174882672924
Baseline (p=2),gini,Italy,High income,life_exp,-0.11940571860513842,0.9407155840207484,-2.014116469443304,3.1074803342105355,-0.6481509946401627,0.522796255015093,-8.414092019672603,4.3858590807859965
Baseline (p=2),gini,Italy,High income,gdp_x_debt,-0.36254753358750086,0.9407155840207484,-6.1153935245712034,194.9344599658277,-0.03137153649305126,0.9752223575304064,-407.59042908433764,395.3596420351952
Baseline (p=2),gini,Jamaica,Lower middle income,public_debt,-0.2627505123936987,0.8745370812627553,-2.0942483646819468,1.8559598665830752,-1.1283909756828814,0.2781210914172334,-6.07488637983903,1.8863896504751363
Baseline (p=2),gini,Jamaica,Lower middle income,growth,12.310613362987954,0.8745370812627553,98.12152855115627,74.74456665166889,1.3127580096681908,0.21037756639454086,-62.189622997528176,258.4326800998407
Baseline (p=2),gini,Jamaica,Lower middle income,life_exp,-0.12816547158189695,0.8745370812627553,-1.0215406501925257,0.5808852523183358,-1.7585928479256738,0.100475670699666,-2.267415606572667,0.22433430618761552
Baseline (p=2),gini,Jamaica,Lower middle income,gdp_x_debt,-11.402519133037368,0.8745370812627553,-90.88357936991336,65.31627514062207,-1.3914384917732434,0.18580838754697176,-230.97305679589618,49.205898056069444
Baseline (p=2),gini,Japan,High income,public_debt,-1.2986966441673216,0.8234591430338944,-7.356351761771843,1.761796754058764,-4.1754826399949625,2.4794282011503184e-4,-10.959630706586008,-3.753072816957679
Baseline (p=2),gini,Japan,High income,growth,-6.167522600079175,0.8234591430338944,-34.93538383164918,13.851101664790678,-2.5222097618743553,0.017406834601460454,-63.26406753267271,-6.606700130625654
Baseline (p=2),gini,Japan,High income,life_exp,0.41419111375197215,0.8234591430338944,2.3461487661833065,0.3708167850363705,6.326975640957545,6.521382491822773e-7,1.587743285626571,3.104554246740042
Baseline (p=2),gini,Japan,High income,gdp_x_debt,-0.2921360122411909,0.8234591430338944,-1.6547784873236382,14.78818519288084,-0.1118986857238076,0.9116746789018871,-31.900013197151466,28.590456222504187
Baseline (p=2),gini,Jordan,Lower middle income,public_debt,-0.0747402248976825,0.5002673801473487,-0.14956042877433146,0.7032681318891694,-0.21266487416765423,0.8338533754946353,-1.6215175455171582,1.3223966879684952
Baseline (p=2),gini,Jordan,Lower middle income,growth,0.5819422171367341,0.5002673801473487,1.1645071664689866,2.0556244620580606,0.5664980097109271,0.5776864410656363,-3.137964279448675,5.466978612386648
Baseline (p=2),gini,Jordan,Lower middle income,life_exp,-0.3651611048771572,0.5002673801473487,-0.7307129660353707,0.10520594231361588,-6.945548416430095,1.2787644598834773e-6,-0.9509115339644617,-0.5105143981062797
Baseline (p=2),gini,Jordan,Lower middle income,gdp_x_debt,-2.615720448657532,0.5002673801473487,-5.234239961019136,4.088857858221771,-1.2801227488244082,0.21591120520372506,-13.792317813333742,3.3238378912954714
Baseline (p=2),gini,Kenya,Low income,public_debt,-0.5774765434780004,0.9879356449575409,-47.86634191762762,26.73135235278091,-1.7906442325073015,0.08200344875535574,-102.1338722618616,6.401188426606346
Baseline (p=2),gini,Kenya,Low income,growth,-1.608964960201133,0.9879356449575409,-133.36518649679758,108.10206882556606,-1.233696893553408,0.22553665017928662,-352.8240534798434,86.09368048624827
Baseline (p=2),gini,Kenya,Low income,life_exp,-0.0025527967023261165,0.9879356449575409,-0.21159827386891816,0.4312092519444435,-0.4907090302788314,0.6266948960390107,-1.0869995949762323,0.663803047238396
Baseline (p=2),gini,Kenya,Low income,gdp_x_debt,2.8744229863901722,0.9879356449575409,238.2574929429698,233.9047516246001,1.0186090333271876,0.3153783711586935,-236.59439778555804,713.1093836714977
Baseline (p=2),gini,Lebanon,Upper middle income,public_debt,-0.8173289802446311,0.6863824050724437,-2.606132415604517,4.975246051195204,-0.5238198048473293,0.6526640673658441,-24.01288841895479,18.800623587745758
Baseline (p=2),gini,Lebanon,Upper middle income,growth,-9.410867783893373,0.6863824050724437,-30.007461112209683,54.48524550059323,-0.5507447169689813,0.6371114839606957,-264.43855139640675,204.42362917198736
Baseline (p=2),gini,Lebanon,Upper middle income,life_exp,-0.0025011563533119674,0.6863824050724437,-0.007975178669072184,0.33852512005294083,-0.023558602291685098,0.9833438634751425,-1.4645312105536223,1.4485808532154778
Baseline (p=2),gini,Lebanon,Upper middle income,gdp_x_debt,6.397337410934491,0.6863824050724437,20.398528381075803,35.26650623456385,0.5784108084141235,0.6214406590808492,-131.34100093779676,172.13805769994838
Baseline (p=2),gini,Luxembourg,High income,public_debt,-0.7850796378424199,0.7146324975558801,-2.7511178782389654,4.144076978340356,-0.6638674649670114,0.5143560258087045,-11.395510977712924,5.893275221234994
Baseline (p=2),gini,Luxembourg,High income,growth,-4.545841863049667,0.7146324975558801,-15.929781156282237,8.822122146743322,-1.805663182997608,0.08604656004719678,-34.33240548170347,2.4728431691389954
Baseline (p=2),gini,Luxembourg,High income,life_exp,0.14158630908374445,0.7146324975558801,0.49615428481198415,0.10546538606311878,4.704427711619492,1.3601729476632408e-4,0.2761573445325356,0.7161512250914327
Baseline (p=2),gini,Luxembourg,High income,gdp_x_debt,35.24709980152826,0.7146324975558801,123.51476429391352,59.9960232201895,2.0587158558927463,0.05278510435582754,-1.6347471247158438,248.66427571254286
Baseline (p=2),gini,Malaysia,Upper middle income,public_debt,-0.10963244019875129,0.8450645547944913,-0.7076007691676566,0.8651236873694749,-0.8179186161451804,0.4203098685726815,-2.479726308911525,1.0645247705762122
Baseline (p=2),gini,Malaysia,Upper middle income,growth,-1.1328986935628005,0.8450645547944913,-7.312069178618917,9.034097700767594,-0.8093856653772559,0.4251182940905809,-25.817579428547255,11.193441071309422
Baseline (p=2),gini,Malaysia,Upper middle income,life_exp,-0.1276759778133387,0.8450645547944913,-0.8240591921621766,0.0515300365974802,-15.991822373409159,1.3026648787100395e-15,-0.9296136871454254,-0.7185046971789278
Baseline (p=2),gini,Malaysia,Upper middle income,gdp_x_debt,2.1678881714407123,0.8450645547944913,13.99220280785454,15.295076939794432,0.9148174188944352,0.36809891870161326,-17.33834202992813,45.32274764563721
Baseline (p=2),gini,Mauritania,Low income,public_debt,0.7459690008085889,1.009082230922283,-82.13499603697214,765.8065840184305,-0.1072529248912744,0.9162258810973227,-1736.5595370632288,1572.2895449892847
Baseline (p=2),gini,Mauritania,Low income,growth,0.9660331988062834,1.009082230922283,-106.36518792273124,1005.3272198398776,-0.10580155975451698,0.9173549500758044,-2278.242603153681,2065.5122273082184
Baseline (p=2),gini,Mauritania,Low income,life_exp,0.09040157688147082,1.009082230922283,-9.95367522088345,86.32876920994413,-0.11529963084122015,0.9099695596553936,-196.45564237305686,176.54829193128998
Baseline (p=2),gini,Mauritania,Low income,gdp_x_debt,-4.080684333387002,1.009082230922283,449.3041817925053,4263.96048983629,0.1053725011907312,0.9176887659592617,-8762.422412845548,9661.03077643056
Baseline (p=2),gini,Mexico,Upper middle income,public_debt,-0.007716550553990675,0.9602912220513395,-0.1943285830646165,21.161762680897407,-0.009183005498877262,0.9927406414284077,-43.614679034243565,43.22602186811433
Baseline (p=2),gini,Mexico,Upper middle income,growth,5.2958603673184035,0.9602912220513395,133.36749809237216,146.77657309824428,0.9086429481025095,0.3715783227712842,-167.79315369500472,434.52814987974904
Baseline (p=2),gini,Mexico,Upper middle income,life_exp,-0.03656536812825306,0.9602912220513395,-0.9208384145069507,0.798996205840011,-1.152494101694567,0.2592202874810182,-2.5602432122014487,0.7185663831875472
Baseline (p=2),gini,Mexico,Upper middle income,gdp_x_debt,-20.176760636864977,0.9602912220513395,-508.11839797617404,555.300692644891,-0.9150328906596744,0.36827456655380497,-1647.5013049676008,631.2645090152528
Baseline (p=2),gini,Netherlands,High income,public_debt,-0.565849555819005,0.729872955697445,-2.0947534419590617,2.5037144390190593,-0.8366582903039749,0.4088026486671218,-7.188598768588127,2.9990918846700034
Baseline (p=2),gini,Netherlands,High income,growth,-2.404942182845088,0.729872955697445,-8.903004099624471,33.24830145180142,-0.26777320076127076,0.7905405303792205,-76.5471820175215,58.74117381827256
Baseline (p=2),gini,Netherlands,High income,life_exp,0.10318242786054314,0.729872955697445,0.3819774066937703,0.09746889546575638,3.918967224040924,4.2322162809603345e-4,0.18367544784319847,0.5802793655443421
Baseline (p=2),gini,Netherlands,High income,gdp_x_debt,7.023497923210367,0.729872955697445,26.0007210360756,58.25737126371768,0.446307831473829,0.6582898751526014,-92.52479198914351,144.5262340612947
Baseline (p=2),gini,New Zealand,High income,public_debt,-1.02747309045828,0.9047629251623848,-10.788583040902733,6.658572659232106,-1.6202546090631558,0.11824431277376814,-24.531201574787573,2.954035492982106
Baseline (p=2),gini,New Zealand,High income,growth,-4.843188030047905,0.9047629251623848,-50.854019175891565,121.41881386492288,-0.41883146076905436,0.6790639591634321,-301.45013446628684,199.74209611450374
Baseline (p=2),gini,New Zealand,High income,life_exp,0.049533629004934326,0.9047629251623848,0.52010867710282,0.20180299166546437,2.5773090518153556,0.016529543586204617,0.10360777287223571,0.9366095813334043
Baseline (p=2),gini,New Zealand,High income,gdp_x_debt,32.12281890549764,0.9047629251623848,337.2932123363608,239.31254374636546,1.409425544754728,0.17153618681181132,-156.62360248130682,831.2100271540285
Baseline (p=2),gini,Norway,High income,public_debt,-0.25480256223679754,0.8180122754478549,-1.4001085120649925,5.592099441302555,-0.250372606346011,0.8041945927610707,-12.874148796921926,10.07393177279194
Baseline (p=2),gini,Norway,High income,growth,6.786549686756848,0.8180122754478549,37.29124974477217,31.0137332660798,1.2024108618215978,0.23964373282436952,-26.343674600550138,100.92617409009449
Baseline (p=2),gini,Norway,High income,life_exp,0.09032758403651378,0.8180122754478549,0.4963388836186704,0.1506229257456521,3.295241286554267,0.0027536372477712737,0.18728616809219745,0.8053915991451434
Baseline (p=2),gini,Norway,High income,gdp_x_debt,-15.316092314485847,0.8180122754478549,-84.16002976122336,79.95462510606569,-1.052597390702275,0.30185510043582553,-248.21336948758966,79.89330996514296
Baseline (p=2),gini,Pakistan,Low income,public_debt,-0.24715805682629163,0.7734053187640129,-1.0907495951720454,2.1764379353175314,-0.5011627381935476,0.6194860184126487,-5.513803639091891,3.3323044487477995
Baseline (p=2),gini,Pakistan,Low income,growth,-2.4524807360546514,0.7734053187640129,-10.823205216809631,19.268943158990314,-0.5616916884079264,0.5780102248649819,-49.98240915202292,28.33599871840365
Baseline (p=2),gini,Pakistan,Low income,life_exp,0.004741584260297851,0.7734053187640129,0.02092539963618884,0.03826077730686354,0.5469151729030625,0.5880089281581253,-0.056829854967912555,0.09868065424029022
Baseline (p=2),gini,Pakistan,Low income,gdp_x_debt,2.523092645276712,0.7734053187640129,11.134827311542393,35.2345761129683,0.316019902604821,0.753919313016278,-60.47044653217468,82.74010115525947
Baseline (p=2),gini,Panama,Upper middle income,public_debt,-0.3003473161585606,0.9534276413097593,-6.449046700774013,6.585838031614107,-0.9792294723642683,0.3352978223392944,-19.899122314400664,7.001028912852637
Baseline (p=2),gini,Panama,Upper middle income,growth,-1.805237505891133,0.9534276413097593,-38.76199438164646,33.56137801568646,-1.1549583680243778,0.2572243566232449,-107.3034722985968,29.779483535303882
Baseline (p=2),gini,Panama,Upper middle income,life_exp,-0.06781834631285777,0.9534276413097593,-1.4561930771839826,0.7150310418444922,-2.0365452574304896,0.05060572849619068,-2.9164812793433668,0.004095124975401543
Baseline (p=2),gini,Panama,Upper middle income,gdp_x_debt,0.5128325105667166,0.9534276413097593,11.011521103700973,46.66036581848255,0.23599302985617013,0.8150418444505296,-84.2816588083257,106.30470101572764
Baseline (p=2),gini,Paraguay,Lower middle income,public_debt,2.159335725526291,0.7765672301705606,9.664364485006613,8.135079977694375,1.18798641334878,0.2521750685590523,-7.581234669296412,26.909963639309638
Baseline (p=2),gini,Paraguay,Lower middle income,growth,2.6613126337126767,0.7765672301705606,11.911021985468953,14.302362693011396,0.8328010022630086,0.41721540133911816,-18.408632478830274,42.23067644976818
Baseline (p=2),gini,Paraguay,Lower middle income,life_exp,-0.4318417276118886,0.7765672301705606,-1.9327591379793627,0.27974659193549256,-6.908964018496577,3.5163699034766027e-6,-2.525795420662499,-1.3397228552962264
Baseline (p=2),gini,Paraguay,Lower middle income,gdp_x_debt,-8.16377568530136,0.7765672301705606,-36.53795140047404,45.62665887203018,-0.8008026952609575,0.4349767578572925,-133.26214732905126,60.186244528103174
Baseline (p=2),gini,Portugal,High income,public_debt,-0.13385525635059825,0.8508300101543914,-0.897333682794635,1.5712650432577064,-0.5710899549665991,0.5730372124211103,-4.133414615977459,2.338747250388189
Baseline (p=2),gini,Portugal,High income,growth,-0.003483703353152894,0.8508300101543914,-0.023353915601647075,13.447263648183608,-0.0017367039282227214,0.9986280956532152,-27.718511828073744,27.67180399687045
Baseline (p=2),gini,Portugal,High income,life_exp,0.00779048105556851,0.8508300101543914,0.05222552514504883,0.12225278793853143,0.42719291744338594,0.672895680191204,-0.19955880479593,0.3040098550860276
Baseline (p=2),gini,Portugal,High income,gdp_x_debt,0.9998986375443815,0.8508300101543914,6.703081756453022,26.000815621814716,0.2578027494964092,0.7986694742049255,-46.84660041970459,60.25276393261064
Baseline (p=2),gini,Singapore,High income,public_debt,0.9624440240630827,1.0696724458655835,-13.813840064117894,6.158831883860031,-2.2429318293812734,0.03219073068160861,-26.374860505345346,-1.2528196228904402
Baseline (p=2),gini,Singapore,High income,growth,0.2626666654190198,1.0696724458655835,-3.770022168100326,16.41816184055952,-0.22962510692194799,0.8198914826368096,-37.25508400703387,29.71503967083322
Baseline (p=2),gini,Singapore,High income,life_exp,-0.07675367011044604,1.0696724458655835,1.1016359359412193,0.3927705960392786,2.8047820968529207,0.00861605840074337,0.3005750239699788,1.90269684791246
Baseline (p=2),gini,Singapore,High income,gdp_x_debt,-0.1421685078058876,1.0696724458655835,2.040527012359636,18.604827422961645,0.10967728783343968,0.9133722447187841,-35.90426868465528,39.98532270937454
Baseline (p=2),gini,South Africa,Upper middle income,public_debt,-0.08339728299887349,0.960975169412764,-2.1370312630172044,11.340907380654963,-0.18843565080713903,0.8517251046653108,-25.23770365176606,20.963641125731655
Baseline (p=2),gini,South Africa,Upper middle income,growth,0.7024542929634443,0.960975169412764,18.000188146702623,56.82172347163164,0.3167835652800861,0.7534653088896924,-97.74187502553335,133.7422513189386
Baseline (p=2),gini,South Africa,Upper middle income,life_exp,-0.01009797540453436,0.960975169412764,-0.25875769997159526,0.1665086786568018,-1.5540192983269772,0.13001542860348322,-0.5979247795031182,0.08040937955992766
Baseline (p=2),gini,South Africa,Upper middle income,gdp_x_debt,-2.891086536867402,0.960975169412764,-74.08325656673055,164.07234629702094,-0.4515279889556604,0.6546545149025857,-408.28768947886505,260.12117634540397
Baseline (p=2),gini,South Korea,High income,public_debt,-1.6291904941733244,0.5725426494143424,-3.8113521546446143,4.572200075811833,-0.8335926012528829,0.41486775185507285,-13.381076894886275,5.758372585597046
Baseline (p=2),gini,South Korea,High income,growth,-3.0886203820354097,0.5725426494143424,-7.225563855209656,13.3063154416624,-0.5430176285003915,0.5934315134256753,-35.07600215015378,20.624874439734473
Baseline (p=2),gini,South Korea,High income,life_exp,0.01819302922729249,0.5725426494143424,0.04256103960398925,0.07161203895814942,0.5943279960072386,0.5593039442884106,-0.10732468052064245,0.19244675972862094
Baseline (p=2),gini,South Korea,High income,gdp_x_debt,-2.3583812654608955,0.5725426494143424,-5.517231747751412,89.68665603928565,-0.06151675167078017,0.9515901826137646,-193.23356019742056,182.1990967019177
Baseline (p=2),gini,Spain,High income,public_debt,0.4797414190629876,0.6398975494115136,1.3322359186364459,1.721395690065221,0.7739277647348877,0.44545928880919405,-2.193883306748706,4.858355144021598
Baseline (p=2),gini,Spain,High income,growth,1.9821420104239411,0.6398975494115136,5.504383564134835,11.23147624072174,0.4900854924286534,0.6278917027618308,-17.502252580263185,28.511019708532853
Baseline (p=2),gini,Spain,High income,life_exp,0.05745166585718681,0.6398975494115136,0.15954255730084085,0.144103566571682,1.1071381583153181,0.27765519571146147,-0.135640217622759,0.45472533222444067
Baseline (p=2),gini,Spain,High income,gdp_x_debt,-4.678425915612754,0.6398975494115136,-12.991930235318254,22.570733255763717,-0.5756095775931694,0.5694767505179927,-59.22598143198009,33.24212096134357
Baseline (p=2),gini,Sweden,High income,public_debt,-1.8824838393056078,0.5843067731095188,-4.528541043084083,5.253152874136563,-0.8620615374397262,0.3994036249295735,-15.523516370136054,6.466434283967889
Baseline (p=2),gini,Sweden,High income,growth,-6.129855009850615,0.5843067731095188,-14.746102686598718,90.72733654767927,-0.16253207961030913,0.872602998935224,-204.64060047328957,175.1483951000921
Baseline (p=2),gini,Sweden,High income,life_exp,0.46527193500999325,0.5843067731095188,1.1192675389261855,0.0991967047172195,11.283313716084486,7.277541575020864e-10,0.9116464498350069,1.3268886280173642
Baseline (p=2),gini,Sweden,High income,gdp_x_debt,38.53933964592835,0.5843067731095188,92.71101175791337,155.32132460331755,0.5968981528756105,0.5576218625753736,-232.38025679939142,417.8022803152181
Baseline (p=2),gini,Switzerland,High income,public_debt,-0.4722968254684324,0.8407666321239232,-2.966066922832386,4.244857601146557,-0.6987435625711536,0.49171805558772097,-11.747223904589356,5.815090058924584
Baseline (p=2),gini,Switzerland,High income,growth,24.244344093072694,0.8407666321239232,152.25668097368154,80.54898281682912,1.8902371656252686,0.07139302440363866,-14.37158534186517,318.88494728922825
Baseline (p=2),gini,Switzerland,High income,life_exp,0.029865149668579047,0.8407666321239232,0.18755585005161463,0.09395276428602843,1.9962781454798106,0.057874863665690966,-0.00680025080858504,0.3819119509118143
Baseline (p=2),gini,Switzerland,High income,gdp_x_debt,-52.94226393889728,0.8407666321239232,-332.4822218173489,177.4615371777738,-1.873545260031652,0.07375548049824172,-699.5893812568136,34.62493762211574
Baseline (p=2),gini,Thailand,Lower middle income,public_debt,0.17207220041527543,0.9932880982327008,25.636877055266527,127.9787560598957,0.2003213489844216,0.8425376792837301,-235.3775167819766,286.6512708925097
Baseline (p=2),gini,Thailand,Lower middle income,growth,-0.19389287729437946,0.9932880982327008,-28.8879194029683,125.87497944842197,-0.229496914554058,0.8199902237620648,-285.6116325528964,227.83579374695984
Baseline (p=2),gini,Thailand,Lower middle income,life_exp,-0.05257422982114648,0.9932880982327008,-7.832985589463103,23.252081124455906,-0.3368724522995313,0.738483134562796,-55.255917699491036,39.58994652056484
Baseline (p=2),gini,Thailand,Lower middle income,gdp_x_debt,-1.3588190350981058,0.9932880982327008,-202.44918388382237,1065.595306431265,-0.18998693280832418,0.8505579810849656,-2375.7451397672885,1970.8467719996436
Baseline (p=2),gini,Trinidad and Tobago,Upper middle income,public_debt,0.5089483299658656,0.654699035147315,1.473926753094933,0.6602915344682101,2.2322363322165164,0.07595138422434485,-0.22340667163347683,3.171260177823343
Baseline (p=2),gini,Trinidad and Tobago,Upper middle income,growth,2.111032930086997,0.654699035147315,6.1136027551722085,10.743582810580548,0.5690469243790237,0.5939327658172964,-21.503656067360684,33.7308615777051
Baseline (p=2),gini,Trinidad and Tobago,Upper middle income,life_exp,0.20057643140243403,0.654699035147315,0.5808742280462654,0.31696989833609224,1.8325848324888816,0.1263468615452622,-0.23392283505998224,1.395671291152513
Baseline (p=2),gini,Trinidad and Tobago,Upper middle income,gdp_x_debt,-3.9494603893474816,0.654699035147315,-11.437733430696989,29.030673781535793,-0.39398787354262726,0.7098318126941207,-86.06345612979628,63.1879892684023
Baseline (p=2),gini,Turkey,Upper middle income,public_debt,-0.18768658022637846,0.8489325967213317,-1.242402901969263,1.816716470400801,-0.6838727573682238,0.5060633921270498,-5.167180222302866,2.6823744183643403
Baseline (p=2),gini,Turkey,Upper middle income,growth,0.6880336083589023,0.8489325967213317,4.554480936497683,21.109634940791064,0.21575365700412286,0.8325280825109116,-41.050112738959115,50.15907461195448
Baseline (p=2),gini,Turkey,Upper middle income,life_exp,-0.022697734143711623,0.8489325967213317,-0.15024905208598824,0.051400418377509687,-2.923109516006,0.01186941504126983,-0.26129290487783424,-0.03920519929414225
Baseline (p=2),gini,Turkey,Upper middle income,gdp_x_debt,-6.2544446887810725,0.8489325967213317,-41.401682646545105,52.318988071364,-0.7913318696086495,0.44294956978487365,-154.42998461377056,71.62661932068036
Baseline (p=2),gini,United Kingdom,High income,public_debt,-0.8186716343003463,0.8875504224247684,-7.280344239200318,4.5609059526682705,-1.5962495861027548,0.12207273238882563,-16.63855025568166,2.0778617772810257
Baseline (p=2),gini,United Kingdom,High income,growth,9.029986722363752,0.8875504224247684,80.30254018804533,52.182466037590196,1.5388797480402427,0.13547222746554186,-26.7670360530783,187.37211642916895
Baseline (p=2),gini,United Kingdom,High income,life_exp,0.022358213174498626,0.8875504224247684,0.1988287875918469,0.5975683606824602,0.33272977733421505,0.7419079821882265,-1.0272802105395227,1.4249377857232164
Baseline (p=2),gini,United Kingdom,High income,gdp_x_debt,-14.758646381190957,0.8875504224247684,-131.24679255746477,93.59838423311933,-1.402233528204686,0.17223874973005038,-323.2948136202262,60.80122850529665
Baseline (p=2),gini,United States,High income,public_debt,-3.8781475035885236,1.0068450272159204,566.5642197256129,6067.252578787214,0.09338068794209714,0.9265788020921414,-12132.341371846871,13265.469811298097
Baseline (p=2),gini,United States,High income,growth,-94.5951945981702,1.0068450272159204,13819.549815398468,147201.4440556763,0.09388189024946979,0.9261859419907368,-294276.61343677103,321915.71306756797
Baseline (p=2),gini,United States,High income,life_exp,-0.07144971547780173,1.0068450272159204,10.438193044962853,96.02285021683836,0.10870530317930964,0.9145760623833831,-190.53994223172597,211.41632832165166
Baseline (p=2),gini,United States,High income,gdp_x_debt,116.88577715818988,1.0068450272159204,-17076.013501645833,182437.98157865927,-0.09359900473511545,0.9264076752813866,-398923.09738347965,364771.070380188
Baseline (p=2),gini,Uruguay,Upper middle income,public_debt,0.6227668577298751,0.9190287752291064,7.691212026148563,6.4484705134338265,1.1927188020982318,0.24148517147703416,-5.428299878583546,20.81072393088067
Baseline (p=2),gini,Uruguay,Upper middle income,growth,-3.2392204706085463,0.9190287752291064,-40.00458779984932,37.54980182095237,-1.0653741394056362,0.294439865728587,-116.40023402076793,36.39105842106929
Baseline (p=2),gini,Uruguay,Upper middle income,life_exp,-0.051926186641464776,0.9190287752291064,-0.6412918513754591,0.5528622973700401,-1.159948606418049,0.2543934296852576,-1.7660986527577909,0.4835149500068727
Baseline (p=2),gini,Uruguay,Upper middle income,gdp_x_debt,2.6225501152268524,0.9190287752291064,32.38866798232711,82.63380449310789,0.3919542151182026,0.6976119487911459,-135.73107134533876,200.50840730999295
Baseline (p=2),gini,Venezuela,Upper middle income,public_debt,0.5302233351885829,0.9493144278205053,10.461030869117621,9.199160922650018,1.1371722874594625,0.26827590064519935,-8.669671545503213,29.591733283738456
Baseline (p=2),gini,Venezuela,Upper middle income,growth,-4.346753700823304,0.9493144278205053,-85.75919169719516,55.92473288348985,-1.5334752134777396,0.14008722786872121,-202.061040464398,30.542657070007678
Baseline (p=2),gini,Venezuela,Upper middle income,life_exp,-0.07068398695990258,0.9493144278205053,-1.3945583313055403,1.3237024604397647,-1.0535285481317573,0.3040704317105535,-4.147348294336169,1.3582316317250887
Baseline (p=2),gini,Venezuela,Upper middle income,gdp_x_debt,7.096281215880087,0.9493144278205053,140.00594075863975,85.48381326005158,1.6378064503595038,0.11636021878306206,-37.76738079707914,317.7792623143587
Baseline (p=2),gini,Zambia,Low income,public_debt,0.04547934945625461,0.9589810650214251,1.1087403775843885,1.7052944849181393,0.6501753142288572,0.5200799960083256,-2.360707338637556,4.578188093806333
Baseline (p=2),gini,Zambia,Low income,growth,0.15046017214302287,0.9589810650214251,3.6680662777229975,6.034037984005378,0.6078957884332284,0.5474177255830622,-8.60827630612631,15.944408861572306
Baseline (p=2),gini,Zambia,Low income,life_exp,-0.006702985398916034,0.9589810650214251,-0.16341198040410246,0.15422791252174456,-1.059548675283166,0.2970439529415052,-0.47719102772327016,0.1503670669150652
Baseline (p=2),gini,Zambia,Low income,gdp_x_debt,-0.6657109673414731,0.9589810650214251,-16.229357678086686,15.446733467864217,-1.0506660007988524,0.30104559700020667,-47.6559732140791,15.19725785790573
Composition,p90p100,Algeria,Lower middle income,public_debt,0.0066790716669930875,0.42614876438832483,0.011639029860890309,0.009323491455483694,1.2483552879800959,0.22346602415554023,-0.0075630602379443135,0.03084111995972493
Composition,p90p100,Algeria,Lower middle income,growth,-0.020207282709681727,0.42614876438832483,-0.035213451598030514,0.11653713054269524,-0.3021650819275107,0.7650258037569286,-0.2752261647779552,0.20479926158189415
Composition,p90p100,Algeria,Lower middle income,life_exp,-2.5709298894085325e-5,0.42614876438832483,-4.480133055160448e-5,6.132519964746705e-4,-0.07305533583118949,0.9423434535574465,-0.0013078174598441176,0.0012182147987409087
Composition,p90p100,Algeria,Lower middle income,gdp_x_debt,-0.02956046510084993,0.42614876438832483,-0.0515124186660347,0.22421862318551056,-0.22974192747323732,0.8201616637245744,-0.5132993173618581,0.4102744800297887
Composition,p90p100,Algeria,Lower middle income,military_exp,0.6228456825498461,0.42614876438832483,1.0853783069508374,0.23823532116532523,4.5559084255085365,1.1781498711920598e-4,0.5947234783832864,1.5760331355183883
Composition,p90p100,Algeria,Lower middle income,nonmil_g,-0.21812297538989914,0.42614876438832483,-0.38010369561616286,0.07247181304217437,-5.244848716492917,1.9804824835201198e-5,-0.5293621885644502,-0.2308452026678755
Composition,p90p100,Argentina,Upper middle income,public_debt,-0.0018991393685419734,0.8620080548517569,-0.013762682789214623,0.0691414116899633,-0.19905122636095152,0.8438993854146264,-0.15646354292506098,0.12893817734663177
Composition,p90p100,Argentina,Upper middle income,growth,0.1270563449849103,0.8620080548517569,0.9207518949632546,0.8386286625378733,1.097925620830629,0.2831303839856597,-0.8100925953886967,2.651596385315206
Composition,p90p100,Argentina,Upper middle income,life_exp,-0.0016460993505786337,0.8620080548517569,-0.011928952438566244,0.026140867196456273,-0.45633346242558337,0.6522530444744495,-0.06588105064504157,0.04202314576790909
Composition,p90p100,Argentina,Upper middle income,gdp_x_debt,-0.33915281711061346,0.8620080548517569,-2.4577725659730767,1.9992775491421566,-1.2293303483689144,0.23086461617287274,-6.584078623942777,1.668533491996624
Composition,p90p100,Argentina,Upper middle income,military_exp,0.2111124816965956,0.8620080548517569,1.5298898893685424,8.919592377177944,0.17152015749990832,0.8652527796369266,-16.879243988197313,19.9390237669344
Composition,p90p100,Argentina,Upper middle income,nonmil_g,0.0057075001864259345,0.8620080548517569,0.04136111118873233,0.6344561785315821,0.06519143888622947,0.9485615695960072,-1.2680920830986135,1.3508143054760784
Composition,p90p100,Australia,High income,public_debt,-0.06886287250368317,0.10229632319926416,-0.07671002612922208,0.030109784586526717,-2.5476776796187264,0.016619956336812656,-0.1383871239141798,-0.015032928344264375
Composition,p90p100,Australia,High income,growth,0.05952971849823646,0.10229632319926416,0.06631332814675586,0.13158987080755688,0.5039394578001793,0.6182462492235047,-0.20323630300335724,0.33586295929686893
Composition,p90p100,Australia,High income,life_exp,0.0059109936024720755,0.10229632319926416,0.0065845710062566055,0.0017326173022743129,3.8003608746221085,7.158093755993734e-4,0.003035465350279893,0.010133676662233318
Composition,p90p100,Australia,High income,gdp_x_debt,-0.19236007770940877,0.10229632319926416,-0.21428014909657891,0.47053893026096266,-0.45539302981315133,0.6523383478896192,-1.1781354543358293,0.7495751561426716
Composition,p90p100,Australia,High income,military_exp,-3.816383406265395,0.10229632319926416,-4.25127300343287,1.0600646832366711,-4.010390187184197,4.086596144070965e-4,-6.422717071339781,-2.0798289355259594
Composition,p90p100,Australia,High income,nonmil_g,0.390856063823497,0.10229632319926416,0.43539541379226826,0.2470887661568768,1.7621012098778925,0.08896785557967334,-0.07074297946085334,0.9415338070453898
Composition,p90p100,Austria,High income,public_debt,-0.12326115359063249,-1.0495124406369483,-0.060141695725606494,0.015307233046862012,-3.9289723715244254,0.0023562300459871095,-0.0938326885038141,-0.02645070294739888
Composition,p90p100,Austria,High income,growth,0.6467531545646683,-1.0495124406369483,0.3155643955806729,0.46779424311922196,0.674579476387973,0.5138708379404324,-0.7140437915010349,1.3451725826623806
Composition,p90p100,Austria,High income,life_exp,0.008566057155052475,-1.0495124406369483,0.004179558506310073,0.0015640894079707614,2.672199226598307,0.02170857201280637,7.3702093030991e-4,0.007622096082310235
Composition,p90p100,Austria,High income,gdp_x_debt,-1.5384463288769823,-1.0495124406369483,-0.7506401514688359,0.7348962786521804,-1.0214232583209295,0.3289930181032442,-2.3681359549888548,0.866855652051183
Composition,p90p100,Austria,High income,military_exp,-0.2692454064564376,-1.0495124406369483,-0.13137046700373353,1.9893536856172345,-0.06603675754267566,0.9485334872114762,-4.509908407220874,4.247167473213406
Composition,p90p100,Austria,High income,nonmil_g,-0.2382417686418846,-1.0495124406369483,-0.11624314345115355,0.10596826216040507,-1.096961874067495,0.2960914397905771,-0.34947771590690546,0.11699142900459836
Composition,p90p100,Bahrain,High income,public_debt,-0.024881642761185114,0.7878056987800752,-0.11725876999588696,0.11169802980867263,-1.0497836908738614,0.3052134380388709,-0.3489063057540342,0.11438876576226027
Composition,p90p100,Bahrain,High income,growth,-0.04712681195154462,0.7878056987800752,-0.22209273142873392,0.29588424252544343,-0.7506068235777574,0.4608427675140305,-0.835719093219434,0.39153363036196626
Composition,p90p100,Bahrain,High income,life_exp,0.001118439122043525,0.7878056987800752,0.005270825444479491,0.00818852924356375,0.6436840228203865,0.5264342560107953,-0.011711144819491898,0.02225279570845088
Composition,p90p100,Bahrain,High income,gdp_x_debt,0.3651487305784402,0.7878056987800752,1.7208225125706307,1.0698672455066924,1.6084448979982033,0.12199542761501206,-0.4979463541183631,3.9395913792596247
Composition,p90p100,Bahrain,High income,military_exp,0.48963192145322787,0.7878056987800752,2.307469704126305,1.7444548595930525,1.3227454361671434,0.19950588364669553,-1.3103082473580252,5.925247655610635
Composition,p90p100,Bahrain,High income,nonmil_g,0.04913781301815208,0.7878056987800752,0.23156989954798135,0.19839520024542895,1.167215231323706,0.2556193386738295,-0.17987656304243993,0.6430163621384026
Composition,p90p100,Bangladesh,Low income,public_debt,0.0896829410763531,0.626894578786187,0.24036890373929765,0.06051965189018879,3.971749609125979,4.532497328251137e-4,0.11640001658847286,0.3643377908901224
Composition,p90p100,Bangladesh,Low income,growth,-0.14705769645705097,0.626894578786187,-0.394145161382626,0.30585726082263487,-1.2886572001675933,0.2080636716599319,-1.020665358821642,0.2323750360563901
Composition,p90p100,Bangladesh,Low income,life_exp,-9.252292733487408e-5,0.626894578786187,-2.479806566033588e-4,0.0010187668103521063,-0.2434125788978654,0.8094603371234326,-0.002334829866752575,0.0018388685535458574
Composition,p90p100,Bangladesh,Low income,gdp_x_debt,0.41452557377440735,0.626894578786187,1.1110146092915065,1.0207283484096898,1.0884527808231093,0.285675583843756,-0.9798526294237666,3.2018818480067797
Composition,p90p100,Bangladesh,Low income,military_exp,0.45972014029639385,0.626894578786187,1.2321454317141782,1.2621285974524201,0.9762439692763778,0.3373031766096195,-1.3532078011713744,3.817498664599731
Composition,p90p100,Bangladesh,Low income,nonmil_g,-0.15119857331879605,0.626894578786187,-0.4052435711786394,0.19323306600356127,-2.0971750827116247,0.04513186202752754,-0.8010635636113261,-0.009423578745952621
Composition,p90p100,Belgium,High income,public_debt,0.02390056568817716,0.3182753106350465,0.03505897037474356,0.03688927339939872,0.9503838689139104,0.3623317822759412,-0.04613377294389628,0.11625171369338339
Composition,p90p100,Belgium,High income,growth,0.6199833554757409,0.3182753106350465,0.9094336249627009,1.4360133356808327,0.633304442490798,0.5394786226601685,-2.251210416564505,4.070077666489906
Composition,p90p100,Belgium,High income,life_exp,0.006208698780513184,0.3182753106350465,0.009107340363889077,0.003495947909234813,2.6051132912568127,0.0244698485022858,0.0014128108952098624,0.016801869832568293
Composition,p90p100,Belgium,High income,gdp_x_debt,-0.5693456782728632,0.3182753106350465,-0.8351548464574832,1.315340869326335,-0.6349341573224407,0.53845382019639,-3.730200580306782,2.0598908873918162
Composition,p90p100,Belgium,High income,military_exp,2.312515598142882,0.3182753106350465,3.3921546838754777,1.31473011816182,2.5801148365097113,0.025585069361891196,0.49845320427578477,6.28585616347517
Composition,p90p100,Belgium,High income,nonmil_g,-0.23435038758036647,0.3182753106350465,-0.34376103907674327,0.20250241182427192,-1.697565159742656,0.11766574273092081,-0.7894658423847314,0.10194376423124485
Composition,p90p100,Belize,Lower middle income,public_debt,-9.748700780182421e-4,0.6165435435349612,-0.002542322763333429,0.020864696763470754,-0.12184805713469303,0.9037813322013815,-0.04504231930203107,0.03995767377536421
Composition,p90p100,Belize,Lower middle income,growth,0.005599872214817001,0.6165435435349612,0.014603671734831156,0.09225881978981108,0.1582902509277922,0.8752227997995187,-0.17332139452331172,0.20252873799297402
Composition,p90p100,Belize,Lower middle income,life_exp,-0.0022035580745124704,0.6165435435349612,-0.005746566624086501,0.0011763033190278543,-4.885276213311802,2.7728941398804216e-5,-0.008142618076637123,-0.0033505151715358793
Composition,p90p100,Belize,Lower middle income,gdp_x_debt,3.915733818671231e-4,0.6165435435349612,0.0010211677891067779,0.1750538070519092,0.005833450904635099,0.9953818217191442,-0.3555517686945582,0.3575941042727717
Composition,p90p100,Belize,Lower middle income,military_exp,-0.23635061997265105,0.6165435435349612,-0.6163688627164896,1.3803027826415217,-0.44654612775388913,0.6582102387460003,-3.427953624749766,2.1952158993167874
Composition,p90p100,Belize,Lower middle income,nonmil_g,-0.003673942042873374,0.6165435435349612,-0.009581119266427952,0.05805928737625635,-0.16502302558997997,0.8699639433039221,-0.12784401762065667,0.10868177908780076
Composition,p90p100,Bolivia,Lower middle income,public_debt,-3.852109188741577e-4,0.8814794031142519,-0.0032501601324662127,0.03575668465519451,-0.0908965739919081,0.9281413797588636,-0.07608414335822006,0.06958382309328764
Composition,p90p100,Bolivia,Lower middle income,growth,-0.02075236402084574,0.8814794031142519,-0.1750950009208161,0.38899725573579685,-0.45011885903827276,0.6556594315981016,-0.9674564816435369,0.6172664798019047
Composition,p90p100,Bolivia,Lower middle income,life_exp,1.4317624289640388e-4,0.8814794031142519,0.0012080283651830018,0.003071472180890504,0.39330597643009135,0.6967017505285247,-0.005048355733582983,0.007464412463948986
Composition,p90p100,Bolivia,Lower middle income,gdp_x_debt,-0.0034054373028251234,0.8814794031142519,-0.02873287337649766,0.4562226334580251,-0.06297993845397684,0.95017423949015,-0.9580279675083252,0.9005622207553299
Composition,p90p100,Bolivia,Lower middle income,military_exp,0.0659641222666288,0.8814794031142519,0.5565625216199098,1.728500307175888,0.3219915665096121,0.7495531941062086,-2.9642773882476843,4.077402431487504
Composition,p90p100,Bolivia,Lower middle income,nonmil_g,0.030945970931286027,0.8814794031142519,0.26110205098880346,0.21787282328852936,1.1984149608371557,0.23955596580527258,-0.18269036740139255,0.7048944693789995
Composition,p90p100,Brazil,Upper middle income,public_debt,-0.0019205554474561407,0.5302917421675367,-0.004088826235073706,0.017170468610643076,-0.23813131299976617,0.8132517154502126,-0.03902240728780073,0.030844754817653315
Composition,p90p100,Brazil,Upper middle income,growth,-0.006711113587247613,0.5302917421675367,-0.01428783393806406,0.14519632807534577,-0.09840354868099535,0.9222071608558486,-0.30969198454082786,0.2811163166646998
Composition,p90p100,Brazil,Upper middle income,life_exp,-2.479796781053354e-4,0.5302917421675367,-5.279440460546159e-4,7.116674461148952e-4,-0.7418409384000149,0.4634311507628406,-0.0019758423518720725,9.19954259762841e-4
Composition,p90p100,Brazil,Upper middle income,gdp_x_debt,0.017587930271489652,0.5302917421675367,0.03744437100733911,0.2652805808091492,0.14115006418158335,0.8886095303149375,-0.5022730287651203,0.5771617707797985
Composition,p90p100,Brazil,Upper middle income,military_exp,0.1416893833485431,0.5302917421675367,0.301654018182242,0.6947373958308564,0.4341986194963427,0.6669700312221835,-1.1117998413457515,1.7151078777102355
Composition,p90p100,Brazil,Upper middle income,nonmil_g,0.0061754196193168605,0.5302917421675367,0.013147351608877877,0.046053264450799304,0.2854814260327574,0.7770596038362482,-0.0805487194137531,0.10684342263150887
Composition,p90p100,Burkina Faso,Low income,public_debt,0.02372229047151477,0.6374837654547498,0.06543787066880641,0.058613379626120135,1.1164323075416904,0.27407452424179746,-0.05482685032211068,0.1857025916597235
Composition,p90p100,Burkina Faso,Low income,growth,-0.0872571678620434,0.6374837654547498,-0.24069864890740983,0.2434077432461842,-0.9888701390405876,0.33150631423808763,-0.7401300844475285,0.2587327866327089
Composition,p90p100,Burkina Faso,Low income,life_exp,-0.0020122359336863854,0.6374837654547498,-0.005550747089190604,0.002050608028473465,-2.7068786487307124,0.011631409514515615,-0.009758247219351934,-0.0013432469590292746
Composition,p90p100,Burkina Faso,Low income,gdp_x_debt,0.2576873911537455,0.6374837654547498,0.7108299342152091,0.6036868851313665,1.177481160718818,0.2492789135807439,-0.527833239096257,1.9494931075266753
Composition,p90p100,Burkina Faso,Low income,military_exp,0.42670569365521693,0.6374837654547498,1.1770664400464375,1.0505469433314005,1.1204320259253049,0.2723972968262207,-0.978477837276015,3.33261071736889
Composition,p90p100,Burkina Faso,Low income,nonmil_g,-0.11313720920418528,0.6374837654547498,-0.3120886692043118,0.35673337532250066,-0.8748513337788247,0.3893708786887514,-1.0440450949380335,0.4198677565294101
Composition,p90p100,Canada,High income,public_debt,0.013619988280985762,0.9825335231709076,0.7797787965057792,3.3046770817502917,0.2359621763990255,0.8150140731226019,-5.9601545477219835,7.519712140733541
Composition,p90p100,Canada,High income,growth,-0.015293471250882155,0.9825335231709076,-0.8755899315315342,9.659096481620319,-0.09064925826112605,0.9283544913789803,-20.57544708583641,18.824267222773344
Composition,p90p100,Canada,High income,life_exp,0.0019929002111912794,0.9825335231709076,0.11409858042303507,0.4274247666002009,0.26694424221271,0.7912799275406162,-0.757639978380921,0.9858371392269912
Composition,p90p100,Canada,High income,gdp_x_debt,0.03840380694119941,0.9825335231709076,2.1987151339664264,14.345680936375699,0.15326669704407292,0.8791812987836107,-27.059494033484427,31.45692430141728
Composition,p90p100,Canada,High income,military_exp,1.7423763864863586,0.9825335231709076,99.75545747063492,425.2033057258507,0.23460649559237465,0.8160568658843242,-767.4524020094404,966.9633169507104
Composition,p90p100,Canada,High income,nonmil_g,-0.27838923065364746,0.9825335231709076,-15.938487960546134,63.12651241095631,-0.2524848491040641,0.8023329678450538,-144.68585884680127,112.80888292570901
Composition,p90p100,Chile,Upper middle income,public_debt,0.10205205457667113,1.1291691894913467,-0.7900649913384167,0.8999993590616314,-0.87785061554062,0.3987930176657539,-2.7709502247250537,1.1908202420482206
Composition,p90p100,Chile,Upper middle income,growth,0.19377885089151806,1.1291691894913467,-1.500194060631616,1.9477661416072138,-0.7702126187457595,0.4573966529383464,-5.787198433638043,2.7868103123748114
Composition,p90p100,Chile,Upper middle income,life_exp,-0.0034809945568129615,1.1291691894913467,0.02694910892079384,0.026709366158187402,1.008975980979352,0.33466564148684375,-0.031837809628830455,0.08573602747041814
Composition,p90p100,Chile,Upper middle income,gdp_x_debt,-0.5555818727417318,1.1291691894913467,4.301195005786974,6.4962121921431715,0.6621081452648736,0.5215316135500443,-9.99687162592652,18.59926163750047
Composition,p90p100,Chile,Upper middle income,military_exp,-0.8538175355407209,1.1291691894913467,6.610071170245439,7.356065814544866,0.8985878235585656,0.3881186536216057,-9.580520524225227,22.800662864716102
Composition,p90p100,Chile,Upper middle income,nonmil_g,-0.22813435297957538,1.1291691894913467,1.7661669464517198,2.041328279993975,0.8652047609201459,0.4054005707672452,-2.7267663046904094,6.259100197593849
Composition,p90p100,Colombia,Lower middle income,public_debt,-0.027563773820534626,0.9250491540122422,-0.3677580080288459,1.1662499591906867,-0.31533377997633516,0.7550253435297811,-2.7650191319613513,2.0295031159036596
Composition,p90p100,Colombia,Lower middle income,growth,0.10301795997976108,0.9250491540122422,1.3744736116332517,4.7269026231519735,0.2907767985109731,0.7735289386684701,-8.341813883853845,11.09076110712035
Composition,p90p100,Colombia,Lower middle income,life_exp,-0.003467839233610161,0.9250491540122422,-0.04626818000395332,0.11564253793826665,-0.40009654603613615,0.6923537226361502,-0.28397482109543565,0.19143846108752902
Composition,p90p100,Colombia,Lower middle income,gdp_x_debt,-0.6569439544018729,0.9250491540122422,-8.764997189080104,26.860229844358237,-0.32631877090661293,0.7467953745115639,-63.97699036287233,46.44699598471212
Composition,p90p100,Colombia,Lower middle income,military_exp,1.270737915618901,0.9250491540122422,16.954283822579647,46.12118568526498,0.36760294798744264,0.7161448540301993,-77.84917109859677,111.75773874375608
Composition,p90p100,Colombia,Lower middle income,nonmil_g,0.3069092208391616,0.9250491540122422,4.094806626856367,12.434285451712228,0.32931579725737303,0.7445552484038849,-21.464233167626904,29.65384642133964
Composition,p90p100,Cote d'Ivoire,Lower middle income,public_debt,0.00863375345926292,0.9522192380235494,0.18069518153599506,11.190226519813915,0.01614758925711183,0.9877411734649809,-28.584697846953418,28.946088210025408
Composition,p90p100,Cote d'Ivoire,Lower middle income,growth,0.659315728702195,0.9522192380235494,13.798769660206489,482.82118208236585,0.028579462070602604,0.9783056338265645,-1227.3325908611764,1254.9301301815894
Composition,p90p100,Cote d'Ivoire,Lower middle income,life_exp,-0.013485741560875612,0.9522192380235494,-0.2822420782557262,9.284841985175587,-0.030398156339802123,0.9769255772070928,-24.149688232101504,23.58520407559005
Composition,p90p100,Cote d'Ivoire,Lower middle income,gdp_x_debt,-1.0929797469112834,0.9522192380235494,-22.874891519100768,843.7959320000965,-0.0271095067558327,0.9794211244539673,-2191.921387302363,2146.1716042641615
Composition,p90p100,Cote d'Ivoire,Lower middle income,military_exp,10.788011842420813,0.9522192380235494,225.78149439596257,8061.664238015849,0.028006809478774857,0.9787401905776256,-20497.386160846443,20948.94914963837
Composition,p90p100,Cote d'Ivoire,Lower middle income,nonmil_g,-0.049189743983029915,0.9522192380235494,-1.0294884792183452,38.74888334719147,-0.026568210237030293,0.9798319064440505,-100.63666416269919,98.5776872042625
Composition,p90p100,Cyprus,High income,public_debt,0.08677078078961498,0.17239265254867686,0.1048453485301114,0.03356599592097331,3.123558400500193,0.004773266188191789,0.035408795616895236,0.17428190144332756
Composition,p90p100,Cyprus,High income,growth,0.23647127958776232,0.17239265254867686,0.28572883060547105,0.20980938479000166,1.3618496183641033,0.1864363860995229,-0.14829494997770437,0.7197526111886465
Composition,p90p100,Cyprus,High income,life_exp,-0.0036606585946052108,0.17239265254867686,-0.004423182812330599,0.0038194540794116508,-1.158066760423507,0.25872120419171596,-0.01232432556135159,0.003477959936690392
Composition,p90p100,Cyprus,High income,gdp_x_debt,-0.27294196278453725,0.17239265254867686,-0.32979644710149303,0.25988943471551146,-1.268987511795181,0.21713787052597508,-0.8674187040932402,0.20782580989025412
Composition,p90p100,Cyprus,High income,military_exp,-0.2256901677757565,0.17239265254867686,-0.2727019866012376,0.38087928734287557,-0.7159800904472537,0.48121034819778397,-1.0606108230140605,0.5152068498115854
Composition,p90p100,Cyprus,High income,nonmil_g,-0.3138452985974435,0.17239265254867686,-0.3792200486909074,0.29216981316002905,-1.2979439750786255,0.20717275124022222,-0.9836193562191129,0.22517925883729806
Composition,p90p100,Denmark,High income,public_debt,0.030354328101889153,0.4484579606714538,0.05503538431783527,0.02870068434050102,1.9175634861142317,0.06385604859436891,-0.0033565970201787296,0.11342736565584927
Composition,p90p100,Denmark,High income,growth,0.2778735462250309,0.4484579606714538,0.5038120875850506,0.3551084931584532,1.4187553868508693,0.16534655264111278,-0.2186615740000062,1.2262857491701074
Composition,p90p100,Denmark,High income,life_exp,0.0044678395785249,0.4484579606714538,0.008100632880068582,0.003217295646937925,2.517839132309272,0.016840481908440657,0.0015549956699562086,0.014646270090180956
Composition,p90p100,Denmark,High income,gdp_x_debt,-0.3657251818030638,0.4484579606714538,-0.6630957492348216,0.6386553802127714,-1.0382684774594835,0.3066932277675589,-1.9624498900760283,0.6362583916063852
Composition,p90p100,Denmark,High income,military_exp,-1.1538771963765357,0.4484579606714538,-2.0920929214775352,2.166285147606585,-0.9657514034054931,0.3411931692551785,-6.4994331929204305,2.31524734996536
Composition,p90p100,Denmark,High income,nonmil_g,0.016960286319807137,0.4484579606714538,0.030750668327032316,0.1560308958624842,0.19708063686395813,0.8449732790295129,-0.28669657617991645,0.3481979128339811
Composition,p90p100,Egypt,Lower middle income,public_debt,0.01331967811948482,0.5251852880076495,0.028052370289022147,0.01777885628729045,1.577850106650331,0.12669082304495477,-0.008492592194904301,0.0645973327729486
Composition,p90p100,Egypt,Lower middle income,growth,0.14534015925815685,0.5251852880076495,0.3060986856289709,0.11196514948410388,2.733874665816696,0.011113390542423468,0.07595102476234555,0.5362463464955962
Composition,p90p100,Egypt,Lower middle income,life_exp,5.882546461831416e-4,0.5251852880076495,0.0012389141097056374,0.0010104434591293476,1.2261092874737913,0.231147090317634,-8.38082166618873e-4,0.003315910386030148
Composition,p90p100,Egypt,Lower middle income,gdp_x_debt,-0.23645088666345804,0.5251852880076495,-0.49798559457287284,0.13053640080213064,-3.814917459902454,7.561696037170631e-4,-0.7663070092361375,-0.22966417990960825
Composition,p90p100,Egypt,Lower middle income,military_exp,0.07884096952207009,0.5251852880076495,0.16604575960009482,0.19414682832810096,0.8552586773113987,0.4002208725285722,-0.2330287614474607,0.5651202806476503
Composition,p90p100,Egypt,Lower middle income,nonmil_g,-0.04589940113083373,0.5251852880076495,-0.096668026435485,0.030430558254622004,-3.1766760776004626,0.0038169303168355513,-0.1592189347621974,-0.034117118108772604
Composition,p90p100,El Salvador,Lower middle income,public_debt,-0.1426999118665942,0.10500913609144301,-0.15944286988964632,0.05042543587414264,-3.1619532310558784,0.009047394773940093,-0.27042850593978685,-0.048457233839505814
Composition,p90p100,El Salvador,Lower middle income,growth,-1.116625970182053,0.10500913609144301,-1.247639518134948,0.6483848922715433,-1.924226694678193,0.08057266095833314,-2.6747250440522308,0.17944600778233477
Composition,p90p100,El Salvador,Lower middle income,life_exp,-0.0029011721040202464,0.10500913609144301,-0.0032415661667767205,0.0020103630880095712,-1.6124282156344922,0.13516537998270126,-0.007666345489881788,0.0011832131563283468
Composition,p90p100,El Salvador,Lower middle income,gdp_x_debt,3.0226958350429047,0.10500913609144301,3.377348257883155,1.431101342767849,2.3599644252664382,0.03781624775760844,0.22751543986390166,6.5271810759024085
Composition,p90p100,El Salvador,Lower middle income,military_exp,0.25868992354298004,0.10500913609144301,0.2890419712367152,0.9232471472939738,0.31307106887239644,0.7600825182577114,-1.7430112990542606,2.321095241527691
Composition,p90p100,El Salvador,Lower middle income,nonmil_g,-1.4096830940438088,0.10500913609144301,-1.5750809878522278,0.5881874633433225,-2.677855421976003,0.021490360714183577,-2.8696728660228255,-0.2804891096816302
Composition,p90p100,Finland,High income,public_debt,0.03633508105745509,0.651526660950747,0.104269328484609,0.07082949360366451,1.4721173790689703,0.15075689394263925,-0.040005628737089224,0.2485442857063072
Composition,p90p100,Finland,High income,growth,0.2538712873561433,0.651526660950747,0.7285242769182444,0.3303172466918596,2.2055290306953212,0.03471909173403233,0.0556900632116597,1.401358490624829
Composition,p90p100,Finland,High income,life_exp,0.0028399835898444583,0.651526660950747,0.008149787291024455,0.0038718672457031178,2.104872603798295,0.04324438273440592,2.630517968007489e-4,0.016036522785248163
Composition,p90p100,Finland,High income,gdp_x_debt,-0.22198329490142718,0.651526660950747,-0.6370165806861114,0.5079947200425506,-1.2539826804356424,0.21893187732800812,-1.6717679642424623,0.39773480287023943
Composition,p90p100,Finland,High income,military_exp,-0.2553782286109505,0.651526660950747,-0.7328486859502772,3.928786602200377,-0.18653308518712472,0.8532042820288863,-8.735525115311543,7.269827743410989
Composition,p90p100,Finland,High income,nonmil_g,-0.22103264409405188,0.651526660950747,-0.6342885360960462,0.23041426366474937,-2.7528180157237583,0.009653953702082937,-1.1036270325635815,-0.16495003962851085
Composition,p90p100,France,High income,public_debt,-0.019476784439531922,0.6859912170310616,-0.06202624097128696,0.07184968221172221,-0.8632778748904116,0.39875136128488897,-0.21240935414201434,0.08835687219944044
Composition,p90p100,France,High income,growth,0.1908032650832467,0.6859912170310616,0.6076367141046525,0.3698567873676869,1.642897291217156,0.11685106341344559,-0.16648243854209543,1.3817558667514005
Composition,p90p100,France,High income,life_exp,0.0019829777247386427,0.6859912170310616,0.006315039044416786,0.006395851938368036,0.9873647960068521,0.33587171200690125,-0.007071632911021525,0.0197017109998551
Composition,p90p100,France,High income,gdp_x_debt,-0.4557040400111769,0.6859912170310616,-1.4512461584753027,0.9965178496670428,-1.4563172741563977,0.1616320454002636,-3.5369819884756666,0.6344896715250614
Composition,p90p100,France,High income,military_exp,-1.9340292720588208,0.6859912170310616,-6.159156612667531,1.9353036923266853,-3.182527185313635,0.004902415187084616,-10.209793793292501,-2.108519432042561
Composition,p90p100,France,High income,nonmil_g,-0.3923243255861481,0.6859912170310616,-1.2494055799227648,0.8556488926390644,-1.4601848850283004,0.16057782207290347,-3.0402992943441594,0.5414881344986298
Composition,p90p100,Germany,High income,public_debt,0.050545632742875046,0.6635668775630036,0.150239763483278,0.08562187643550684,1.7546889853137408,0.08919328047861493,-0.02438720481262996,0.32486673177918596
Composition,p90p100,Germany,High income,growth,0.08779468945214534,0.6635668775630036,0.2609573302895781,0.4648894730528668,0.5613319840862524,0.5786069138310943,-0.6871910010898844,1.2091056616690405
Composition,p90p100,Germany,High income,life_exp,0.006099976250117561,0.6635668775630036,0.0181313189555523,0.006336254851986409,2.8615198376795328,0.0074873378616065345,0.0052084419851315365,0.031054195925973065
Composition,p90p100,Germany,High income,gdp_x_debt,-0.09306501271770547,0.6635668775630036,-0.2766226227773803,0.751552387935715,-0.3680683172828154,0.7153237121918037,-1.8094238236436007,1.2561785780888401
Composition,p90p100,Germany,High income,military_exp,1.8492963447784931,0.6635668775630036,5.49677252757659,2.1619946656012266,2.5424542507129635,0.016220397388246623,1.087355336045583,9.906189719107598
Composition,p90p100,Germany,High income,nonmil_g,-0.2246391068365046,0.6635668775630036,-0.6677080580214648,0.4856823801532804,-1.3747833672918863,0.17905503074787427,-1.6582638030218924,0.3228476869789626
Composition,p90p100,Ghana,Low income,public_debt,0.004160560628022817,0.8711554857901664,0.032291329231503116,0.04024775724559391,0.8023137546387925,0.4286817414087861,-0.0499055568190719,0.11448821528207813
Composition,p90p100,Ghana,Low income,growth,0.02645229448928771,0.8711554857901664,0.2053040026695125,0.12871167057682678,1.5950690543400916,0.12117912919869918,-0.05756029695405929,0.46816830229308426
Composition,p90p100,Ghana,Low income,life_exp,3.617735988053811e-4,0.8711554857901664,0.0028078308263571393,0.0016627253498881572,1.688691897640225,0.10164824656042906,-5.879073581132824e-4,0.006203569010827561
Composition,p90p100,Ghana,Low income,gdp_x_debt,-0.031150691274208157,0.8711554857901664,-0.2417696357912202,0.23759843634575328,-1.017555668756157,0.31702566933694437,-0.727010378000395,0.24347110641795464
Composition,p90p100,Ghana,Low income,military_exp,-0.14069523635718983,0.8711554857901664,-1.0919769244351096,2.4829767854071396,-0.4397853942303595,0.6632446141886295,-6.1628920229075,3.978938174037281
Composition,p90p100,Ghana,Low income,nonmil_g,2.5872740992459712e-5,0.8711554857901664,2.0080591828941892e-4,0.16064472304732474,0.0012500000901384293,0.9990109197326003,-0.32787948721140253,0.32828109904798136
Composition,p90p100,Greece,High income,public_debt,0.041829801454523904,0.5157906384328451,0.08638784124111268,0.04405696877874304,1.9608212647347127,0.06754680545891167,-0.007008760340570033,0.17978444282279538
Composition,p90p100,Greece,High income,growth,-0.47747089884394833,0.5157906384328451,-0.9860835761179888,0.38957879006688767,-2.531153135797475,0.02223378730719691,-1.8119537176449885,-0.16021343459098913
Composition,p90p100,Greece,High income,life_exp,-0.03376210201548997,0.5157906384328451,-0.06972624797302171,0.017710174175168764,-3.9370729662717885,0.0011781081946946321,-0.10727014005709337,-0.03218235588895004
Composition,p90p100,Greece,High income,gdp_x_debt,0.3113920750532004,0.5157906384328451,0.6430938758502576,0.27318532100107046,2.3540572146910397,0.031680357593775015,0.06396686619062897,1.2222208855098862
Composition,p90p100,Greece,High income,military_exp,-2.89921526194927,0.5157906384328451,-5.987524182857375,1.756578319881631,-3.408629216863414,0.0035941195419778274,-9.711303871671612,-2.2637444940431384
Composition,p90p100,Greece,High income,nonmil_g,0.6711631702456553,0.5157906384328451,1.38610118580405,0.5026376556189026,2.757654883809551,0.014011767468482489,0.3205569560693906,2.4516454155387093
Composition,p90p100,Guatemala,Lower middle income,public_debt,-0.01421037230802432,0.767401206517348,-0.0610939209754937,0.058512096431707,-1.0441246289440356,0.30425160939206575,-0.18027916119299053,0.05809131924200312
Composition,p90p100,Guatemala,Lower middle income,growth,0.0222249022610928,0.767401206517348,0.09555037637265479,0.34412858480595104,0.2776589350359669,0.7830602236486524,-0.6054166124563243,0.7965173652016337
Composition,p90p100,Guatemala,Lower middle income,life_exp,2.7438911877052844e-5,0.767401206517348,1.1796669907962928e-4,0.001632820493249975,0.07224719408367279,0.9428548715785374,-0.0032079798075062144,0.003443913205665473
Composition,p90p100,Guatemala,Lower middle income,gdp_x_debt,-0.03616097291066442,0.767401206517348,-0.15546500637098715,0.854471072428424,-0.18194297195942802,0.8567751486582963,-1.8959656248225554,1.5850356120805813
Composition,p90p100,Guatemala,Lower middle income,military_exp,0.9516621879226408,0.767401206517348,4.091432176726312,2.2319735717190743,1.8331006372871503,0.07610544775209244,-0.45494921323000703,8.637813566682631
Composition,p90p100,Guatemala,Lower middle income,nonmil_g,-0.20236385951558633,0.767401206517348,-0.8700125073119922,0.3312340066559227,-2.626579668239616,0.0131254327503335,-1.5447140999573263,-0.19531091466665806
Composition,p90p100,Guyana,Lower middle income,public_debt,-0.0011878830133320742,0.7844153977945747,-0.005510054990848417,0.005756460245483363,-0.9571950045467124,0.34542925519601364,-0.017221661419443292,0.006201551437746459
Composition,p90p100,Guyana,Lower middle income,growth,0.00342014210800022,0.7844153977945747,0.015864500864218728,0.10045235105681963,0.15793060786845267,0.8754739278886963,-0.18850734402563202,0.22023634575406947
Composition,p90p100,Guyana,Lower middle income,life_exp,-3.225763489627193e-4,0.7844153977945747,-0.0014962865884797477,0.0034312819654482712,-0.4360721746410803,0.6656239329689726,-0.008477282237046288,0.005484709060086792
Composition,p90p100,Guyana,Lower middle income,gdp_x_debt,6.764523440118612e-4,0.7844153977945747,0.00313775815662051,0.0686460637427564,0.045709221848158905,0.9638175063720227,-0.13652370863769978,0.1427992249509408
Composition,p90p100,Guyana,Lower middle income,military_exp,0.05480857833726546,0.7844153977945747,0.25423234209018186,0.3360264031457264,0.7565844222661501,0.4546667450799594,-0.429418515456677,0.9378831996370407
Composition,p90p100,Guyana,Lower middle income,nonmil_g,-0.03752681098082357,0.7844153977945747,-0.17406999663670408,0.12055349848343538,-1.4439232276666123,0.158188146337052,-0.419337933462289,0.071197940188880815
Composition,p90p100,Honduras,Lower middle income,public_debt,0.011141393696403303,0.3028282164485618,0.015980844261436287,0.05056939722465985,0.31601808877491083,0.767791764939817,-0.12442231113577343,0.156383999658646
Composition,p90p100,Honduras,Lower middle income,growth,-0.17652595280276323,0.3028282164485618,-0.2532029507900171,0.2692652004972465,-0.940347844141881,0.4002806622149427,-1.0008029987106997,0.4943970971306654
Composition,p90p100,Honduras,Lower middle income,life_exp,-0.0032043424097757097,0.3028282164485618,-0.004596202091617338,0.0017475596429097607,-2.630068799233923,0.05818201137653496,-0.009448205508215346,2.558013249806708e-4
Composition,p90p100,Honduras,Lower middle income,gdp_x_debt,0.6230229337167595,0.3028282164485618,0.8936433579440642,0.8465339210996495,1.05564979225312,0.35066869387098853,-1.4567116036769527,3.243998319565081
Composition,p90p100,Honduras,Lower middle income,military_exp,-1.079234213326212,0.3028282164485618,-1.5480176317930183,0.31910001513696984,-4.851198866689337,0.00833218441275683,-2.4339813068886,-0.6620539566974366
Composition,p90p100,Honduras,Lower middle income,nonmil_g,-0.013488600884165647,0.3028282164485618,-0.019347600121527926,0.37879039344772353,-0.051077325233693044,0.961712812963792,-1.0710383339054064,1.0323431336623503
Composition,p90p100,India,Low income,public_debt,-0.05648896975090278,0.59622634832471,-0.13990256550056054,0.07184678362007056,-1.9472349136792597,0.06092070132125784,-0.2866332727616656,0.006828141760544498
Composition,p90p100,India,Low income,growth,-0.4697784338122699,0.59622634832471,-1.1634697605034916,0.608195904533758,-1.9129851941298512,0.06533731585390774,-2.4055715043680026,0.07863198336101962
Composition,p90p100,India,Low income,life_exp,0.006058175651500405,0.59622634832471,0.01500389048756534,0.005704618880310599,2.63013021594677,0.013338561484190405,0.003353504474610995,0.026654276500519686
Composition,p90p100,India,Low income,gdp_x_debt,0.5898227917418895,0.59622634832471,1.460775831445827,0.8224769439033701,1.776069034243285,0.08586634317447792,-0.21894617703084407,3.140497839922498
Composition,p90p100,India,Low income,military_exp,1.0135765909091035,0.59622634832471,2.5102593661168604,2.2197703789115653,1.1308644308280809,0.26707199863267617,-2.023116538047591,7.043635270281312
Composition,p90p100,India,Low income,nonmil_g,-0.43689611893887526,0.59622634832471,-1.0820322651717302,0.9914942630794206,-1.0913147009152764,0.2838219349282092,-3.1069336892395243,0.9428691588960638
Composition,p90p100,Indonesia,Lower middle income,public_debt,-0.00945303864630035,-0.3042217960087145,-0.007248029955663452,0.02805020031460825,-0.2583949445768754,0.7983051926481513,-0.06514079803836141,0.0506447381270345
Composition,p90p100,Indonesia,Lower middle income,growth,0.3157832544677839,-0.3042217960087145,0.24212388984309988,0.06485452384508238,3.7333384857077943,0.0010306603673655918,0.10827073136416387,0.3759770483220359
Composition,p90p100,Indonesia,Lower middle income,life_exp,0.01948442642449747,-0.3042217960087145,0.014939503759349288,0.003372138574559224,4.4302757520283835,1.768542055856117e-4,0.007979751805706125,0.02189925571299245
Composition,p90p100,Indonesia,Lower middle income,gdp_x_debt,-0.18168231975544505,-0.3042217960087145,-0.13930323838433312,0.2150295038674203,-0.6478331386107026,0.5232425856683922,-0.5831023221238898,0.3044958453552236
Composition,p90p100,Indonesia,Lower middle income,military_exp,6.593298399137394,-0.3042217960087145,5.055350569446655,1.7190634461357646,2.940758574565958,0.007140566062943599,1.5073779956197337,8.603323143273576
Composition,p90p100,Indonesia,Lower middle income,nonmil_g,1.0987601926132757,-0.3042217960087145,0.8424642158073044,0.0829870528144285,10.151754848930238,3.6598589504400834e-10,0.6711873568698564,1.0137410747447524
Composition,p90p100,Iran,Lower middle income,public_debt,-0.01923110300754923,0.2727067646380119,-0.026442021006805507,0.026055549984403466,-1.0148325797242193,0.31756884669945995,-0.07945243603353022,0.02656839401991921
Composition,p90p100,Iran,Lower middle income,growth,0.07046137320721295,0.2727067646380119,0.09688165623064394,0.10015821744978819,0.9672861468327663,0.3404370456839646,-0.10689176933620738,0.3006550817974953
Composition,p90p100,Iran,Lower middle income,life_exp,-0.0041823434583933995,0.2727067646380119,-0.0057505600974162305,0.001119063200228314,-5.138726835305627,1.2254430934164297e-5,-0.008027311297093347,-0.003473808897739114
Composition,p90p100,Iran,Lower middle income,gdp_x_debt,-0.2019782957869334,0.2727067646380119,-0.2777123256019353,0.27384841313025254,-1.0141096763260955,0.31790847089100643,-0.8348611112976603,0.2794364600937897
Composition,p90p100,Iran,Lower middle income,military_exp,-0.22358111718703608,0.2727067646380119,-0.3074153674422056,0.3582175797211425,-0.8581805719348439,0.3969832098925078,-1.036214513200148,0.42138377831573665
Composition,p90p100,Iran,Lower middle income,nonmil_g,-0.14623790402051445,0.2727067646380119,-0.20107144809030017,0.14138209192407,-1.4221847007207014,0.1643564095103475,-0.4887154768952091,0.0865725807146088
Composition,p90p100,Ireland,High income,public_debt,-0.024524881098019993,0.02587764253274791,-0.025176386631537165,0.012185138572744916,-2.06615513489936,0.047542388838511515,-0.05006175951486788,-2.910137482064479e-4
Composition,p90p100,Ireland,High income,growth,0.42220268198777433,0.02587764253274791,0.43341853182131473,0.16493936936799988,2.627744567485917,0.01341447795548115,0.09656740080135245,0.7702696628412771
Composition,p90p100,Ireland,High income,life_exp,0.006255815660968608,0.02587764253274791,0.006422001931291178,0.002931409142396258,2.1907559195375783,0.03637502230378496,4.352657816256676e-4,0.012408738080956688
Composition,p90p100,Ireland,High income,gdp_x_debt,-0.48866278160382876,0.02587764253274791,-0.5016441495854452,0.2070566400471628,-2.4227387707594508,0.02165151550623694,-0.9245102224480456,-0.07877807672284487
Composition,p90p100,Ireland,High income,military_exp,5.680232061015881,0.02587764253274791,5.831127904491032,3.31365071973806,1.7597291922644085,0.08864892062649829,-0.9362496902327804,12.598505499214845
Composition,p90p100,Ireland,High income,nonmil_g,-0.35015808771563417,0.02587764253274791,-0.3594600668298548,0.15632618255989644,-2.299423301609297,0.028618225802127594,-0.6787207236706503,-0.04019940998905941
Composition,p90p100,Italy,High income,public_debt,0.023175784772430076,0.6125357518827818,0.05981399544615219,0.01790826330534536,3.340022113048705,0.002314520985203693,0.023187484494942477,0.0964405063973619
Composition,p90p100,Italy,High income,growth,-0.04736761625460666,0.6125357518827818,-0.1222502888583328,0.1919885774758379,-0.6367581366850755,0.5292771392473621,-0.5149110184628075,0.27041044074614196
Composition,p90p100,Italy,High income,life_exp,0.003136869451734109,0.6125357518827818,0.008095893923057186,0.0015099974366014365,5.36152825615299,9.289277117805437e-6,0.005007602406175531,0.011184185439938842
Composition,p90p100,Italy,High income,gdp_x_debt,0.0991237308383942,0.6125357518827818,0.2558267796837003,0.2194437702305518,1.1657965018324459,0.253195697548885,-0.19298612397318238,0.704639683340583
Composition,p90p100,Italy,High income,military_exp,1.7194866382617988,0.6125357518827818,4.437794316810382,1.1884364228061857,3.7341453288108393,8.192294912335077e-4,2.0071689170970166,6.868419716523746
Composition,p90p100,Italy,High income,nonmil_g,-0.028595528917556068,0.6125357518827818,-0.07380172249829141,0.16890443526625074,-0.43694366214809477,0.6653886155979761,-0.4192500801925118,0.27164663519592896
Composition,p90p100,Jamaica,Lower middle income,public_debt,-0.0010768188864294665,0.7932807385339197,-0.005209088300686277,0.009853552574304127,-0.5286507847200633,0.6005855333639756,-0.02525629174732933,0.014838115145956779
Composition,p90p100,Jamaica,Lower middle income,growth,0.03280564499696248,0.7932807385339197,0.15869660506863514,0.25850119510388714,0.6139105275890804,0.5434836765122313,-0.3672280307791592,0.6846212409164295
Composition,p90p100,Jamaica,Lower middle income,life_exp,-0.002647007020979942,0.7932807385339197,-0.012804839772583447,0.004377154925624746,-2.9253796107652796,0.006180498370821124,-0.021710228428072714,-0.00389945111709418
Composition,p90p100,Jamaica,Lower middle income,gdp_x_debt,-0.013766047792497488,0.7932807385339197,-0.06659296136638095,0.14385169885341775,-0.4629278757023089,0.646454461360836,-0.3592614432477348,0.22607552051497293
Composition,p90p100,Jamaica,Lower middle income,military_exp,-0.6217928857772345,0.7932807385339197,-3.007909767901632,1.4264289881330905,-2.1086992713449986,0.042644638070329,-5.910001364983585,-0.10581817081967859
Composition,p90p100,Jamaica,Lower middle income,nonmil_g,-0.027682866812980718,0.7932807385339197,-0.13391527531904945,0.11973527797903316,-1.1184278984385818,0.2714600564307572,-0.3775185300117413,0.10968797937364241
Composition,p90p100,Japan,High income,public_debt,0.018155804945222027,0.7773348569221268,0.08153860408619212,0.08104902465546619,1.0060405345136119,0.3224420841635154,-0.08398558657774641,0.24706279475013065
Composition,p90p100,Japan,High income,growth,-0.03509063021934236,0.7773348569221268,-0.15759372901518776,0.547943050187837,-0.28760968673872955,0.7756230180337165,-1.276642728035494,0.9614552700051183
Composition,p90p100,Japan,High income,life_exp,-8.490632970430036e-4,0.7773348569221268,-0.0038131846112350806,0.014959131784591918,-0.2549068131856894,0.8005344610534614,-0.03436380742508753,0.026737438202617373
Composition,p90p100,Japan,High income,gdp_x_debt,0.15766538975904754,0.7773348569221268,0.7080829427527722,0.6750011505173305,1.04900997903498,0.3025513453104915,-0.6704533149204177,2.086619200425962
Composition,p90p100,Japan,High income,military_exp,-3.953660743063923,0.7773348569221268,-17.756082916315282,28.370197799516763,-0.6258709594410274,0.5361325951627163,-75.69575646208635,40.18359062945579
Composition,p90p100,Japan,High income,nonmil_g,-0.08385657182325339,0.7773348569221268,-0.3766039473629064,0.8353634355809358,-0.45082646824373535,0.6553563306009138,-2.082643682851025,1.3294357881252123
Composition,p90p100,Jordan,Lower middle income,public_debt,0.010090353442300137,0.6490993573845629,0.028755585532963725,0.008359738939121545,3.4397707562845747,0.0017852116005189903,0.011657999654181343,0.04585317141174611
Composition,p90p100,Jordan,Lower middle income,growth,0.06821311621000883,0.6490993573845629,0.1943943895388237,0.08279956715943759,2.3477706008353985,0.025919725302779625,0.02505026042858441,0.36373851864906304
Composition,p90p100,Jordan,Lower middle income,life_exp,3.7595071074795203e-4,0.6490993573845629,0.0010713879232189612,0.0033421764178966943,0.3205659394524749,0.7508379350136841,-0.005764130355900256,0.007906906202338177
Composition,p90p100,Jordan,Lower middle income,gdp_x_debt,-0.10236171315043618,0.6490993573845629,-0.29171138698260396,0.11172088434353754,-2.6110730209188318,0.01414101232996069,-0.5202062512872864,-0.06321652267792152
Composition,p90p100,Jordan,Lower middle income,military_exp,0.4220491302917653,0.6490993573845629,1.202759639156039,0.3738901633205403,3.2168796003464237,0.0031782740321334886,0.43806839423103217,1.9674508840810456
Composition,p90p100,Jordan,Lower middle income,nonmil_g,-0.16391085220087737,0.6490993573845629,-0.4671147108171938,0.11718572886726586,-3.9861057769780666,4.1544128176377584e-4,-0.706786437131452,-0.22744298450293562
Composition,p90p100,Kenya,Low income,public_debt,-0.004243676149457518,0.7728496047302783,-0.01868223097044808,0.2271968718509578,-0.08222926142532327,0.9354248341620132,-0.4980257304365986,0.46066126849570244
Composition,p90p100,Kenya,Low income,growth,0.2435633768243194,0.7728496047302783,1.072256011419697,1.3714130115125986,0.7818622124906438,0.4450494169929917,-1.8211725239128849,3.965684546752279
Composition,p90p100,Kenya,Low income,life_exp,-7.276959609848611e-4,0.7728496047302783,-0.003203586593458419,0.0053919050467534915,-0.5941474424493666,0.5602378627993538,-0.014579511855297012,0.008172338668380174
Composition,p90p100,Kenya,Low income,gdp_x_debt,-0.557494484506996,0.7728496047302783,-2.4542967836134246,3.369088757315137,-0.7284749558124672,0.47623891263261153,-9.562452726899991,4.653859159673141
Composition,p90p100,Kenya,Low income,military_exp,1.236243857872204,0.7728496047302783,5.44240240658296,1.4835338071138309,3.668539523997087,0.0019035221740522057,2.3124196700918325,8.5723851430740865
Composition,p90p100,Kenya,Low income,nonmil_g,-0.026084337992027445,0.7728496047302783,-0.11483289721355987,0.23388058835523012,-0.49098943191961547,0.6297119776131157,-0.6082778058782458,0.378612011451126
Composition,p90p100,Lebanon,Upper middle income,public_debt,0.01180130738641421,0.744695435926933,0.0462244277898484,0.019962370326105622,2.315578111953909,0.027366941245412224,0.005510905087811331,0.08693795049188546
Composition,p90p100,Lebanon,Upper middle income,growth,-0.003178509123827894,0.744695435926933,-0.012449871922063325,0.06865666213049848,-0.18133523442196114,0.8572848983308472,-0.15247605752191004,0.1275763136777834
Composition,p90p100,Lebanon,Upper middle income,life_exp,-2.2012272034149102e-4,0.744695435926933,-8.621965734952271e-4,0.0014767996369761378,-0.5838277257845497,0.5635605781416495,-0.0038741492907413944,0.0021497561437509405
Composition,p90p100,Lebanon,Upper middle income,gdp_x_debt,-0.02569592332285644,0.744695435926933,-0.10064811577556593,0.06815900502567564,-1.4766664469009132,0.14985235494159665,-0.23965932301843176,0.03836309146729991
Composition,p90p100,Lebanon,Upper middle income,military_exp,0.007350916862271062,0.744695435926933,0.028792735801492615,0.253725177322553,0.1134800105583897,0.9103817530220503,-0.48868317503716724,0.5462686466401525
Composition,p90p100,Lebanon,Upper middle income,nonmil_g,-0.018478207450866948,0.744695435926933,-0.0723771136562156,0.06159265409056468,-1.1750932757304737,0.24890451927230878,-0.197996159873165,0.053241932560733785
Composition,p90p100,Luxembourg,High income,public_debt,-0.46793498979259646,0.7037209182156096,-1.579372350468955,0.8666055911559449,-1.8224811455027277,0.09565322618270587,-3.486758396255632,0.32801369531772173
Composition,p90p100,Luxembourg,High income,growth,-0.6180500253668185,0.7037209182156096,-2.0860400324062995,1.3298556809662068,-1.5686213641548585,0.14503473688248142,-5.013032651276482,0.8409525864638825
Composition,p90p100,Luxembourg,High income,life_exp,-0.015536359124127246,0.7037209182156096,-0.05243825865314864,0.03660698021717328,-1.4324661128029486,0.17981043588994225,-0.13300967886691523,0.028133161560617938
Composition,p90p100,Luxembourg,High income,gdp_x_debt,2.968256679587106,0.7037209182156096,10.018448355213883,7.798787654245774,1.2846161223225117,0.22531976433632825,-7.146567538486947,27.18346424891471
Composition,p90p100,Luxembourg,High income,military_exp,-30.51638863921679,0.7037209182156096,-102.9987957820941,64.10722336390472,-1.6066644346366608,0.1364292672305859,-244.0978430607284,38.10025149654018
Composition,p90p100,Luxembourg,High income,nonmil_g,0.3043258080584587,0.7037209182156096,1.0271592791013309,0.906233527820079,1.133437737149425,0.2811295993575824,-0.9674472672081564,3.021765825410818
Composition,p90p100,Malaysia,Upper middle income,public_debt,-0.01337929665554474,0.8924525573859647,-0.12440367088560321,0.09590073470540261,-1.2972129073646697,0.20412952887051478,-0.31999450883656655,0.07118716706536012
Composition,p90p100,Malaysia,Upper middle income,growth,0.06341758235618743,0.8924525573859647,0.5896707612451516,0.6399630943344912,0.9214136978607502,0.3639501152086533,-0.7155425748474961,1.8948840973377994
Composition,p90p100,Malaysia,Upper middle income,life_exp,-0.002836365902287842,0.8924525573859647,-0.026373159912941417,0.014254918811316604,-1.8501094437664887,0.07385010258679127,-0.055446258505910735,0.002699938680027901
Composition,p90p100,Malaysia,Upper middle income,gdp_x_debt,-0.0034120453182679006,0.8924525573859647,-0.0317259549398399,0.8892707293697848,-0.035676373788130523,0.9717691530363242,-1.8454055649762573,1.7819536550965775
Composition,p90p100,Malaysia,Upper middle income,military_exp,0.04610278082572021,0.8924525573859647,0.42867389223910435,2.42117182312038,0.1770522389801456,0.8606190986700485,-4.509338597051016,5.366686381529226
Composition,p90p100,Malaysia,Upper middle income,nonmil_g,0.13287938969706853,0.8924525573859647,1.2355420683869183,0.8203376056652479,1.5061385213286214,0.14215456808601845,-0.43754750895198913,2.9086316457258254
Composition,p90p100,Malta,High income,public_debt,-0.11976390976719781,0.6514058865663046,-0.34356262814511807,0.12418591080417037,-2.7665185681722333,0.024427631449830633,-0.6299358519936307,-0.05718940429660546
Composition,p90p100,Malta,High income,growth,-0.4250471409585146,0.6514058865663046,-1.2193181828911204,0.5993060161075237,-2.0345502132792843,0.0763165502746529,-2.601320334287805,0.16268396850556388
Composition,p90p100,Malta,High income,life_exp,-0.006442701871945728,0.6514058865663046,-0.018481958311011945,0.011329321910641363,-1.6313384381506788,0.14146435578976976,-0.04460742148601009,0.007643504863986201
Composition,p90p100,Malta,High income,gdp_x_debt,0.4780362171150099,0.6514058865663046,1.3713261317189027,0.8036637050097524,1.706343241794479,0.1263337147286021,-0.4819256953470874,3.224577958784893
Composition,p90p100,Malta,High income,military_exp,-7.748812216352968,0.6514058865663046,-22.2287523447433,9.170419626736622,-2.4239623975259246,0.04159216836573387,-43.3757779255554,-1.0817267639312007
Composition,p90p100,Malta,High income,nonmil_g,0.451634456810679,0.6514058865663046,1.2955883057290423,0.647996917615633,1.9993741798900586,0.08059433701038721,-0.19869526589216102,2.7898718773502456
Composition,p90p100,Mexico,Upper middle income,public_debt,-0.04346629790909856,1.0349721919609438,1.242881714638899,7.258282402581593,0.17123634018384798,0.8671472432629788,-14.732490141197474,17.218253570475273
Composition,p90p100,Mexico,Upper middle income,growth,0.48563479752218247,1.0349721919609438,-13.886312818611112,91.99147022828733,-0.15095217832860636,0.8827460761200624,-216.35817364608332,188.58554800886108
Composition,p90p100,Mexico,Upper middle income,life_exp,0.0028584874138502248,1.0349721919609438,-0.08173600948555132,0.5011706741648956,-0.16309016807846677,0.8734050827753123,-1.1848052259956086,1.021333207024506
Composition,p90p100,Mexico,Upper middle income,gdp_x_debt,-1.7673856257052267,1.0349721919609438,50.53688449608777,331.2977233028332,0.15254220280256175,0.881521353353014,-678.6444880655941,779.7182570577696
Composition,p90p100,Mexico,Upper middle income,military_exp,12.602467693075642,1.0349721919609438,-360.3568145556849,2323.583499912029,-0.15508666444280053,0.8795621455735956,-5474.529616095851,4753.815986984482
Composition,p90p100,Mexico,Upper middle income,nonmil_g,-0.6653230285363162,1.0349721919609438,19.024344521479655,118.31336199896619,0.16079624651056648,0.8751689119711021,-241.38160947879496,279.43029852175425
Composition,p90p100,Netherlands,High income,public_debt,-0.0016940799907402965,0.3346487746097864,-0.0025461439403628608,0.01634376818385166,-0.15578683640891086,0.8779348548573358,-0.03688312673840706,0.031790838857681344
Composition,p90p100,Netherlands,High income,growth,0.6679723125750792,0.3346487746097864,1.0039394038589593,0.30357182572408653,3.3070901802706487,0.003919474308822169,0.36615866439901457,1.6417201433189041
Composition,p90p100,Netherlands,High income,life_exp,-5.03696048434857e-4,0.3346487746097864,-7.570378308681262e-4,0.0019555041535391075,-0.38713179386401464,0.7031977248452917,-0.004865399606821332,0.0033513239450850794
Composition,p90p100,Netherlands,High income,gdp_x_debt,-1.276421249161773,0.3346487746097864,-1.918417221540669,0.5470830375617703,-3.506628957261471,0.0025193685394423915,-3.067796032996208,-0.7690384100851297
Composition,p90p100,Netherlands,High income,military_exp,0.00665479883458775,0.3346487746097864,0.010001933686504986,0.313106440159366,0.03194419661701678,0.974868101469105,-0.6478102873857188,0.6678141547587289
Composition,p90p100,Netherlands,High income,nonmil_g,0.17255997303557558,0.3346487746097864,0.25935170245515515,0.16622892156785601,1.560208055306944,0.13611979654614947,-0.08988230259225244,0.6085857075025627
Composition,p90p100,New Zealand,High income,public_debt,-0.1381122739845695,-0.09976330780080278,-0.12558363513759396,0.03405923348359604,-3.6872126085303374,0.001101045254732841,-0.19572993957428603,-0.05543733070090191
Composition,p90p100,New Zealand,High income,growth,-0.3938163757660668,-0.09976330780080278,-0.3580919393951973,0.24425700720315546,-1.4660457175640496,0.15510192969198278,-0.8611486625102358,0.14496478371984128
Composition,p90p100,New Zealand,High income,life_exp,0.005296338128747566,-0.09976330780080278,0.0048158891019365385,0.003917822448814125,1.22922597051182,0.23043162073466225,-0.0032530172742384856,0.012884795478111562
Composition,p90p100,New Zealand,High income,gdp_x_debt,0.900828335815852,-0.09976330780080278,0.8191111027492258,0.5868312522601533,1.3958205184104586,0.17504261899736875,-0.38949048524105556,2.027712690739507
Composition,p90p100,New Zealand,High income,military_exp,1.7368708604754042,-0.09976330780080278,1.5793133378386897,1.9778414753811528,0.7985034986357225,0.43209896062060693,-2.494127431943257,5.652754107620636
Composition,p90p100,New Zealand,High income,nonmil_g,-0.8525779009059533,-0.09976330780080278,-0.7752376305505715,0.14474827107983557,-5.355764353986591,1.4886635093684793e-5,-1.073352275283878,-0.4771229858172649
Composition,p90p100,Norway,High income,public_debt,0.03759039984987099,0.16115256219200524,0.044811962408920325,0.028426328383929913,1.576424566820019,0.12476397044864133,-0.013090573708452818,0.10271449852629347
Composition,p90p100,Norway,High income,growth,-0.10004688140963222,0.16115256219200524,-0.11926707634831225,0.1319759885376756,-0.9037028452661654,0.37290616982903246,-0.3880933679368118,0.14955921524018734
Composition,p90p100,Norway,High income,life_exp,-0.0020064725501680505,0.16115256219200524,-0.002391939773233611,0.0018529683942527077,-1.2908691700584929,0.20599758325018855,-0.006166312879864674,0.0013824333333974526
Composition,p90p100,Norway,High income,gdp_x_debt,0.3547815533462368,0.16115256219200524,0.42293930619055353,0.34517387227803226,1.2252935119315242,0.2294070985398468,-0.28015686354380875,1.1260354759249158
Composition,p90p100,Norway,High income,military_exp,-5.925529645372734,0.16115256219200524,-7.063894312959729,0.8921271541731208,-7.918035315836773,4.9018562694066054e-9,-8.881097859901129,-5.246690766018328
Composition,p90p100,Norway,High income,nonmil_g,-0.007887315021515406,0.16115256219200524,-0.009402561974947281,0.09248521820012892,-0.10166556513497174,0.9196565135913433,-0.19778878670397293,0.17898366275407834
Composition,p90p100,Pakistan,Low income,public_debt,-0.0772926509605479,0.5943066256894676,-0.19051987499649253,0.27860789301094624,-0.6838279882795969,0.508233122510628,-0.8037317129979842,0.42269196300499917
Composition,p90p100,Pakistan,Low income,growth,-1.080875780594301,0.5943066256894676,-2.664267767328533,3.3081401970792306,-0.8053672482444441,0.43767052794717953,-9.94543524860255,4.616899713945483
Composition,p90p100,Pakistan,Low income,life_exp,-0.0023170133181713614,0.5943066256894676,-0.005711242689405707,0.004997744858772895,-1.1427639567034638,0.2773995334869242,-0.016711204957489133,0.0052887195786777185
Composition,p90p100,Pakistan,Low income,gdp_x_debt,2.417620618348665,0.5943066256894676,5.959231211151431,6.267592171052156,0.950800729931833,0.36212931491899336,-7.835646146840901,19.754108569143764
Composition,p90p100,Pakistan,Low income,military_exp,-0.16698813592378192,0.5943066256894676,-0.4116116912374397,0.7718034524219245,-0.5333115444687366,0.6044260662706256,-2.1103396365255884,1.2871162540507093
Composition,p90p100,Pakistan,Low income,nonmil_g,-0.11272117954448005,0.5943066256894676,-0.2778482141495344,0.37217304338415136,-0.746556525488988,0.47098667021812646,-1.0969955596241934,0.5412991313251244
Composition,p90p100,Paraguay,Lower middle income,public_debt,0.004598675261067248,-0.03605698878027817,0.0044386315722662545,0.007011867399809103,0.633017043703236,0.5310851009812945,-0.009827119916331683,0.01870438306086419
Composition,p90p100,Paraguay,Lower middle income,growth,0.02915569770599881,-0.03605698878027817,0.028141017358826008,0.022293260932558914,1.262310500198136,0.21568537832061824,-0.017214963038494804,0.07349699775614682
Composition,p90p100,Paraguay,Lower middle income,life_exp,-0.003108991131890785,-0.03605698878027817,-0.0030007916220428335,3.4398910602561825e-4,-8.723507720094346,4.40331562966026e-10,-0.0037006427204078762,-0.002300940523677791
Composition,p90p100,Paraguay,Lower middle income,gdp_x_debt,-0.0661030354739845,-0.03605698878027817,-0.06380250911854357,0.06530825456626081,-0.9769440255643407,0.3357046758258857,-0.1966731520833168,0.06906813384622965
Composition,p90p100,Paraguay,Lower middle income,military_exp,-0.2528274508719649,-0.03605698878027817,-0.24402851735946668,0.09938576313486523,-2.4553669425300186,0.019511418751373546,-0.4462303728060265,-0.04182666191290685
Composition,p90p100,Paraguay,Lower middle income,nonmil_g,-0.25335159326500667,-0.03605698878027817,-0.2445344184814299,0.019375110452166524,-12.621059326868822,3.5309649705662563e-14,-0.2839533770861333,-0.20511545987672652
Composition,p90p100,Portugal,High income,public_debt,-0.006962322755052305,0.8437451331593251,-0.044557477765805716,0.10311287466517428,-0.432123320298185,0.6689614945078743,-0.25577462664098666,0.16665967110937524
Composition,p90p100,Portugal,High income,growth,-0.15140659392117928,0.8437451331593251,-0.96897201976794,1.420158432108257,-0.6822985364594001,0.5006561945723502,-3.8780346945792306,1.9400906550433503
Composition,p90p100,Portugal,High income,life_exp,-1.0980113349594312e-5,0.8437451331593251,-7.027053666616458e-5,0.019398186576187904,-0.003622531229410106,0.9971353312555093,-0.03980565445720611,0.039665113383873775
Composition,p90p100,Portugal,High income,gdp_x_debt,0.1520654397117704,0.8437451331593251,0.9731885014936765,1.7674871592116508,0.5506056982771779,0.5862705702147042,-2.6473448184668573,4.593721821454211
Composition,p90p100,Portugal,High income,military_exp,-0.5744066928336323,0.8437451331593251,-3.6760883321434425,11.173091795744277,-0.3290126313598917,0.7445944788937797,-26.563129362479874,19.210952698192987
Composition,p90p100,Portugal,High income,nonmil_g,-0.11675268966157244,0.8437451331593251,-0.747193940401352,0.7612294549390921,-0.9815620448648258,0.334721448816233,-2.3065017924434894,0.8121139116407855
Composition,p90p100,Singapore,High income,public_debt,-0.02425159245764137,0.8487404675965132,-0.1603310024319653,0.40874423147851774,-0.392252636451927,0.6977396479509451,-0.996306820702581,0.6756448158386504
Composition,p90p100,Singapore,High income,growth,0.24244790187135015,0.8487404675965132,1.6028603157691723,1.4204050665655883,1.1284529698593264,0.2683779430299147,-1.3021942302062448,4.50791486174459
Composition,p90p100,Singapore,High income,life_exp,0.005818754157756359,0.8487404675965132,0.03846867741356463,0.0329398602787444,1.167845798009893,0.2523811257863265,-0.028900901236233033,0.10583825606336228
Composition,p90p100,Singapore,High income,gdp_x_debt,-0.18498996108613208,0.8487404675965132,-1.222997044527871,1.3597667227273433,-0.8994168073732917,0.37583869497550293,-4.004032252235474,1.5580381631797322
Composition,p90p100,Singapore,High income,military_exp,1.5585629509863406,0.8487404675965132,10.303899041740085,9.445167439931982,1.0909175625810066,0.28429055481244536,-9.013637381315466,29.621435464795635
Composition,p90p100,Singapore,High income,nonmil_g,-0.207900336177281,0.8487404675965132,-1.3744610529583294,1.4995566736287727,-0.916578264182757,0.3669234834237698,-4.441398811921811,1.6924767060051522
Composition,p90p100,South Africa,Upper middle income,public_debt,-0.04188037503186635,0.9223409793732603,-0.5392853875039215,1.2899973375375229,-0.4180515508143326,0.6788867753144661,-3.1738114186587354,2.0952406436508926
Composition,p90p100,South Africa,Upper middle income,growth,-0.10047135984864958,0.9223409793732603,-1.293750024630817,5.996480393776723,-0.2157515641964741,0.8306416183903422,-13.54019676759142,10.952696718329785
Composition,p90p100,South Africa,Upper middle income,life_exp,-1.3219113303932685e-5,0.9223409793732603,-1.7021993320607314e-4,0.02298696862344715,-0.00740506223306215,0.9941406934330337,-0.04711587280673297,0.04677543294032082
Composition,p90p100,South Africa,Upper middle income,gdp_x_debt,0.4724565299673289,0.9223409793732603,6.0837302113059595,20.60167908134166,0.29530263952202884,0.7697968929260197,-35.9905115300755,48.157971952687426
Composition,p90p100,South Africa,Upper middle income,military_exp,-0.6114011170161263,0.9223409793732603,-7.8728924480616955,14.381571011088509,-0.5474292371808005,0.5881337535567895,-37.2439788023481,21.49819390622471
Composition,p90p100,South Africa,Upper middle income,nonmil_g,0.09214161755991995,0.9223409793732603,1.186489564461409,2.358786740266286,0.5030084086056313,0.6186314986811376,-3.6307956254730085,6.003774754395827
Composition,p90p100,South Korea,High income,public_debt,0.05246772661509521,1.019083429743218,-2.749386631286303,14.79401530908792,-0.18584451711344135,0.8537774248392973,-32.92197978036543,27.423206517792824
Composition,p90p100,South Korea,High income,growth,-0.17961795113313583,1.019083429743218,9.412246831415034,44.92202131449717,0.20952411659128808,0.8354099905916441,-82.206819678808,101.03131334163807
Composition,p90p100,South Korea,High income,life_exp,-0.0020860599214573804,1.019083429743218,0.10931263140467344,0.48323405172755446,0.22621053092985155,0.8225226028866285,-0.8762497148502914,1.0948749776596383
Composition,p90p100,South Korea,High income,gdp_x_debt,1.2522697328639898,1.019083429743218,-65.62078985351282,314.4092949990634,-0.2087113545854562,0.83603892646207,-706.8627746761176,575.6211949690919
Composition,p90p100,South Korea,High income,military_exp,-1.0132519649808078,1.019083429743218,53.09590459445058,242.123265293828,0.21929286526850772,0.8278594389702848,-440.7177506577164,546.9095598466175
Composition,p90p100,South Korea,High income,nonmil_g,-0.42889092806620366,1.019083429743218,22.474520242810335,114.35697050149446,0.1965295175646213,0.8454784908572914,-210.75805878414502,255.7070992697657
Composition,p90p100,Spain,High income,public_debt,0.006565574813215499,0.4610451204024869,0.012182049113496502,0.011821767279266987,1.030476139964401,0.3105126260553972,-0.01189810283626803,0.036262201063261036
Composition,p90p100,Spain,High income,growth,0.129988324970432,0.4610451204024869,0.24118591349892995,0.09325015450590539,2.586439827117456,0.014451695800812282,0.05124156450304504,0.4311302624948149
Composition,p90p100,Spain,High income,life_exp,-0.0013439270189374633,0.4610451204024869,-0.002493579833512402,0.00300725271842535,-0.8291886538947361,0.41314037577626916,-0.00861915316788403,0.003631993500859226
Composition,p90p100,Spain,High income,gdp_x_debt,-0.06964326597509568,0.4610451204024869,-0.12921910276998452,0.16400878524595155,-0.7878791527917509,0.43656498871403215,-0.4632940660578504,0.20485586051788138
Composition,p90p100,Spain,High income,military_exp,0.927724143987707,0.4610451204024869,1.7213391679105372,0.8441727333913466,2.0390840639868766,0.04977268406807454,0.0018155796258487733,3.4408627561952256
Composition,p90p100,Spain,High income,nonmil_g,0.27555586410983773,0.4610451204024869,0.5112781691773911,0.20955448390714385,2.439834069138529,0.02041548710139871,0.08442965363535654,0.9381266847194256
Composition,p90p100,Sweden,High income,public_debt,0.05334540554001746,0.31444976247198253,0.07781399906208523,0.028446798154823087,2.7354220548329815,0.010212448618296675,0.019796371718399014,0.13583162640577146
Composition,p90p100,Sweden,High income,growth,0.05228492842619109,0.31444976247198253,0.07626709986232669,0.22554238399556686,0.33814974600882886,0.7375298076633983,-0.38372962502893404,0.5362638247535874
Composition,p90p100,Sweden,High income,life_exp,-0.007893639551701019,0.31444976247198253,-0.01151431232839215,0.004700799350596381,-2.4494370998692707,0.02015751276914781,-0.021101655812744972,-0.0019269688440393274
Composition,p90p100,Sweden,High income,gdp_x_debt,-0.016219191552164086,0.31444976247198253,-0.023658647702680186,0.463340681658691,-0.05106101976192924,0.9596044977613545,-0.9686481982080581,0.9213309028026977
Composition,p90p100,Sweden,High income,military_exp,-4.328136757327949,0.31444976247198253,-6.31337649730019,1.5534069874541896,-4.0642127583363745,3.054915890545004e-4,-9.481570935939146,-3.145182058661234
Composition,p90p100,Sweden,High income,nonmil_g,-0.16629736644402543,0.31444976247198253,-0.24257502563731384,0.07407312811298665,-3.2748046669138184,0.0026035419369199544,-0.3936481664403939,-0.09150188483423377
Composition,p90p100,Switzerland,High income,public_debt,0.025766606272690753,0.7394539984738805,0.09889465246737887,0.10316523712773042,0.9586044216128339,0.3454204293235351,-0.11179686976637078,0.30958617470112854
Composition,p90p100,Switzerland,High income,growth,0.038468109112040565,0.7394539984738805,0.14764421210349749,0.7733633207778713,0.19091183682592117,0.8498808126308451,-1.4317743966348078,1.7270628208418028
Composition,p90p100,Switzerland,High income,life_exp,-0.004899669853351652,0.7394539984738805,-0.018805392616476076,0.014741513814453761,-1.2756758127538952,0.2118597065434706,-0.04891158024391919,0.011300795010967035
Composition,p90p100,Switzerland,High income,gdp_x_debt,-0.4734199649550148,0.7394539984738805,-1.8170302448781002,2.608611790358628,-0.6965506525707673,0.49144628197536433,-7.144526253510185,3.5104657637539853
Composition,p90p100,Switzerland,High income,military_exp,-4.126737262679457,0.7394539984738805,-15.838804811847229,10.76564195510474,-1.4712364462703451,0.15163983119349322,-37.82517885115865,6.147569227464189
Composition,p90p100,Switzerland,High income,nonmil_g,-0.6065917502166671,0.7394539984738805,-2.328156051766762,1.9283623051911791,-1.2073229421148362,0.23674086776696923,-6.266397273428268,1.6100851698947447
Composition,p90p100,Thailand,Lower middle income,public_debt,-0.05686563525874655,0.485381444862598,-0.11050055364514313,0.06114495956951058,-1.8071899045010293,0.07985740251735485,-0.23490090925123372,0.01389980196094745
Composition,p90p100,Thailand,Lower middle income,growth,0.07854844605257962,0.485381444862598,0.15263430606696127,0.12242088405949497,1.2467995737784654,0.2212483110500592,-0.09643285527935311,0.4017014674132756
Composition,p90p100,Thailand,Lower middle income,life_exp,-0.0024302486369166304,0.485381444862598,-0.004722427150470234,0.002275259584325425,-2.07555532696299,0.04580382223004355,-0.009351477580448533,-9.337672049193439e-5
Composition,p90p100,Thailand,Lower middle income,gdp_x_debt,0.3339001467633711,0.485381444862598,0.6488303684934572,0.6724440967979299,0.9648837302358404,0.34162114391621556,-0.7192674331214349,2.0169281701083492
Composition,p90p100,Thailand,Lower middle income,military_exp,-0.5298150593504909,0.485381444862598,-1.0295296468838582,0.8787556505874454,-1.1715767018916132,0.2497567431724556,-2.8173714607240616,0.7583121669563453
Composition,p90p100,Thailand,Lower middle income,nonmil_g,0.21700335684166658,0.485381444862598,0.4216780655795187,0.26150813011616186,1.612485490956665,0.11638040768502608,-0.11036422554918468,0.9537203567082221
Composition,p90p100,Togo,Low income,public_debt,-0.10507481542180738,0.6323970929504584,-0.28583782501928506,0.8608256156698458,-0.33205078916809677,0.7714207690553279,-3.9896715101194085,3.417995860080838
Composition,p90p100,Togo,Low income,growth,-1.1801678471988022,0.6323970929504584,-3.2104420954422754,10.881397067681343,-0.2950395133523393,0.7957726361426589,-50.0293148921892,43.60843070130465
Composition,p90p100,Togo,Low income,life_exp,-0.001979698821168767,0.6323970929504584,-0.005385427544788062,0.00962795466789501,-0.5593532303123624,0.6322014842559873,-0.0468111729785106,0.03604031788893448
Composition,p90p100,Togo,Low income,gdp_x_debt,2.28194322589963,0.6323970929504584,6.207631066399848,20.70650847842301,0.2997912986087655,0.7926238122820566,-82.8852841618673,95.30054629466699
Composition,p90p100,Togo,Low income,military_exp,-2.5762158236967605,0.6323970929504584,-7.008148668828579,19.08910808254476,-0.3671281360304564,0.7487299104610337,-89.14195166867232,75.12565433101516
Composition,p90p100,Togo,Low income,nonmil_g,0.4525634792353275,0.6323970929504584,1.2311205122606277,4.158235639229667,0.296068000727515,0.7950905560204301,-16.660323411812396,19.12256443633365
Composition,p90p100,Turkey,Upper middle income,public_debt,-0.010318052827459005,0.8569892957117679,-0.07214881486537816,0.08870656813415678,-0.8133424207806434,0.42243025941506473,-0.25331179565877565,0.10901416592801932
Composition,p90p100,Turkey,Upper middle income,growth,0.31157854618499625,0.8569892957117679,2.178707864811452,1.2530605049485284,1.738709229288929,0.09234040906574348,-0.38038309052384855,4.737798820146752
Composition,p90p100,Turkey,Upper middle income,life_exp,-0.0011428473716433689,0.8569892957117679,-0.0079913414686778091,0.004179534011776871,-1.912017331635591,0.06546605594109471,-0.016527088661103924,5.444057237483074e-4
Composition,p90p100,Turkey,Upper middle income,gdp_x_debt,-0.8923528563558296,0.8569892957117679,-6.239762686276472,3.2860451716961006,-1.8988669845508552,0.06723713171615245,-12.950762230593089,0.4712368580401458
Composition,p90p100,Turkey,Upper middle income,military_exp,-0.4021958022301385,0.8569892957117679,-2.8123475388214962,2.800827923244794,-1.0041129322801654,0.3233549400042538,-8.532401261303736,2.907706183660744
Composition,p90p100,Turkey,Upper middle income,nonmil_g,0.03619429538563367,0.8569892957117679,0.2530880157941574,0.6961604360713903,0.3635484044775615,0.718744720378314,-1.168661267961102,1.6748372995494165
Composition,p90p100,United Kingdom,High income,public_debt,-0.07906216353607359,0.31894570966383307,-0.11608790173988726,0.029384422141459067,-3.950661380408653,4.1892312396320285e-4,-0.17601782581198136,-0.05615797766779315
Composition,p90p100,United Kingdom,High income,growth,-0.3771104261977611,0.31894570966383307,-0.5537156604822505,0.2719814068616235,-2.035858505445431,0.05038714472325305,-1.1084253969463438,9.94075981842868e-4
Composition,p90p100,United Kingdom,High income,life_exp,0.009306089892891481,0.31894570966383307,0.013664240905520198,0.0038002625343247485,3.595604456824227,0.0011078972466112,0.0059135543669283815,0.021414927444112015
Composition,p90p100,United Kingdom,High income,gdp_x_debt,1.0841703105023184,0.31894570966383307,1.591899979026891,0.6542035793049683,2.43334036893858,0.020921697984578616,0.25764298235374916,2.926156975700033
Composition,p90p100,United Kingdom,High income,military_exp,-0.3517597939109207,0.31894570966383307,-0.516493029854188,0.6141697433513806,-0.8409613717468502,0.406809795626062,-1.7691004797891599,0.7361144200807838
Composition,p90p100,United Kingdom,High income,nonmil_g,-0.09924997356402236,0.31894570966383307,-0.14572989991008323,0.12258379709808978,-1.1888186151834754,0.24353829196422272,-0.39574120240196636,0.10428140258179991
Composition,p90p100,United States,High income,public_debt,-0.0012736664850682908,0.5422494300789271,-0.0027824465304060707,0.023096100550533436,-0.12047256740670044,0.9048620653193823,-0.04982766384569484,0.044262770784882693
Composition,p90p100,United States,High income,growth,-0.052432828741112006,0.5422494300789271,-0.11454454060025021,0.33108034315438406,-0.3459720366027217,0.731628115808084,-0.7889331309356274,0.559844049735127
Composition,p90p100,United States,High income,life_exp,0.010620689932582967,0.5422494300789271,0.023201915257941082,0.0025801470233703587,8.992477966481617,2.850495494074578e-10,0.017946327755008668,0.028457502760873495
Composition,p90p100,United States,High income,gdp_x_debt,0.31684647747269,0.5422494300789271,0.6921815029685751,0.6138685668477405,1.1275728068680517,0.2678843299161556,-0.558227849345654,1.9425908552828042
Composition,p90p100,United States,High income,military_exp,-0.017206198759305475,0.5422494300789271,-0.037588590577336115,0.28473775527799505,-0.13201126257611195,0.8958019440731348,-0.6175804184450667,0.5424032372903945
Composition,p90p100,United States,High income,nonmil_g,-0.3710914148247852,0.5422494300789271,-0.810684768538399,0.32602144038726183,-2.4865995548496254,0.018304576713529138,-1.4747687111461025,-0.14660082593069557
Composition,p90p100,Uruguay,Upper middle income,public_debt,0.01312831072533151,0.7786257038337293,0.05930368137893952,0.043563345170946816,1.3613206503363342,0.1832259782623479,-0.029544346867214542,0.14815170962509358
Composition,p90p100,Uruguay,Upper middle income,growth,-0.11543483429341475,0.7786257038337293,-0.521446420350055,0.2743058103226608,-1.9009674630540534,0.06663847406290786,-1.0808968089277844,0.03800396822767449
Composition,p90p100,Uruguay,Upper middle income,life_exp,-0.004763872212040531,0.7786257038337293,-0.021519536344284804,0.0072661284302456075,-2.9616234492510074,0.0058275581007250915,-0.03633890298101394,-0.006700169707555662
Composition,p90p100,Uruguay,Upper middle income,gdp_x_debt,0.10650109777305497,0.7786257038337293,0.48109062170914235,0.5910052526789459,0.814020889879446,0.4218420642412264,-0.7242725380204746,1.6864537814387595
Composition,p90p100,Uruguay,Upper middle income,military_exp,-0.645121487184467,0.7786257038337293,-2.9141661807924018,1.326072730901557,-2.1975915143139604,0.03557605737084405,-5.618709346365733,-0.20962301521907056
Composition,p90p100,Uruguay,Upper middle income,nonmil_g,0.005602826681686117,0.7786257038337293,0.025309291903870917,0.2144156531535749,0.1180384525645764,0.9067987158600747,-0.4119943158207135,0.46261289962845537
Composition,p90p100,Venezuela,Upper middle income,public_debt,-0.0018386310174297934,0.8682757163594828,-0.013958178147679419,0.014694291377564376,-0.9499048160288374,0.34928015687386027,-0.04388947021315856,0.015973113917799726
Composition,p90p100,Venezuela,Upper middle income,growth,4.714632446452e-5,0.8682757163594828,3.579167269809179e-4,0.06969628647400816,0.00513537729322775,0.99593446152563,-0.1416087731072736,0.1423246065612354
Composition,p90p100,Venezuela,Upper middle income,life_exp,-2.5253272040070955e-4,0.8682757163594828,-0.0019171310970260056,0.005377978230551625,-0.3564780322343111,0.7238224119926249,-0.012871714275239168,0.009037452081187156
Composition,p90p100,Venezuela,Upper middle income,gdp_x_debt,-6.89651841202317e-4,0.8682757163594828,-0.005235571013499792,0.0521065924957751,-0.1004780923627716,0.9205916696569068,-0.11137322668223201,0.10090208465523243
Composition,p90p100,Venezuela,Upper middle income,military_exp,0.13375357258558904,0.8682757163594828,1.015405579662212,1.5875138044163184,0.6396200000513044,0.5269726552966407,-2.2182542217565855,4.249065381081009
Composition,p90p100,Venezuela,Upper middle income,nonmil_g,0.006618354621782297,0.8682757163594828,0.05024399783295955,0.08363574336488552,0.6007479076709503,0.5522395504091946,-0.12011643653204773,0.22060443219796683
Composition,p99p100,Algeria,Lower middle income,public_debt,-0.04800889958370756,0.10728872174668769,-0.05377875328027921,0.01391846292264414,-3.8638428380468515,0.0026357749184401694,-0.08441308362430466,-0.023144422936253756
Composition,p99p100,Algeria,Lower middle income,growth,-0.545854320096412,0.10728872174668769,-0.6114567311890984,0.1398345724634237,-4.372714990415092,0.0011125051377651697,-0.9192305500488529,-0.3036829123293439
Composition,p99p100,Algeria,Lower middle income,life_exp,0.002556667823268606,0.10728872174668769,0.0028639358385513032,0.0010656218941872979,2.6875722563259634,0.021120552034490665,5.185178631763182e-4,0.005209353813926288
Composition,p99p100,Algeria,Lower middle income,gdp_x_debt,0.9585319131936787,0.10728872174668769,1.0737311564710503,0.3140719701943685,3.418742385086305,0.005735961844594208,0.3824634108725018,1.7649989020695989
Composition,p99p100,Algeria,Lower middle income,military_exp,0.3792454602645732,0.10728872174668769,0.4248243183469224,0.424539147470259,1.0006717186821585,0.33848995890374867,-0.5095800451130734,1.3592286818069184
Composition,p99p100,Algeria,Lower middle income,nonmil_g,-0.6864459826038171,0.10728872174668769,-0.7689451218169037,0.21538907128002752,-3.5700284942368197,0.004394842017046922,-1.2430132713501645,-0.2948769722836429
Composition,p99p100,Argentina,Upper middle income,public_debt,-0.010582800689913848,0.25574297392352624,-0.014219282209136236,0.015317387777809043,-0.9283098668910322,0.3604190079801989,-0.04545930054564577,0.017020736127373304
Composition,p99p100,Argentina,Upper middle income,growth,-0.03582968887113635,0.25574297392352624,-0.04814155273752804,0.06615473477229755,-0.7277113709733658,0.472251222048118,-0.1830650238484169,0.08678191837336083
Composition,p99p100,Argentina,Upper middle income,life_exp,2.482950536649496e-4,0.25574297392352624,3.336146585997252e-4,0.0032562711899619,0.10245297124765233,0.9190570146107834,-0.0063075942184408025,0.006974823535640253
Composition,p99p100,Argentina,Upper middle income,gdp_x_debt,-0.032046232899731845,0.25574297392352624,-0.04305801863728598,0.12328478508590963,-0.3492565494378035,0.7292580802452395,-0.29449899555609005,0.2083829582815181
Composition,p99p100,Argentina,Upper middle income,military_exp,-0.5377120011692504,0.25574297392352624,-0.7224815921509345,0.7382373609341485,-0.9786575841091584,0.33532534517325485,-2.228126616408329,0.7831634321064597
Composition,p99p100,Argentina,Upper middle income,nonmil_g,-0.14143945324859347,0.25574297392352624,-0.19004113940882073,0.08529034471577401,-2.228167092560403,0.03325996204665991,-0.36399194430442666,-0.016090334513214788
Composition,p99p100,Australia,High income,public_debt,-0.02941360012198865,0.5390900212387159,-0.06381636648665971,0.03492446916249086,-1.8272680449270498,0.07671514512595994,-0.13487073325304505,0.007238000279725626
Composition,p99p100,Australia,High income,growth,0.04371210200714705,0.5390900212387159,0.09483869740599943,0.1815496422335552,0.5223843805981939,0.6048921768453509,-0.27452682696462305,0.4642042217766219
Composition,p99p100,Australia,High income,life_exp,0.0033161399846602805,0.5390900212387159,0.007194767172480302,0.0017125207992189466,4.201272869656077,1.8936764067672694e-4,0.0037106174092691882,0.010678916935691417
Composition,p99p100,Australia,High income,gdp_x_debt,0.1100217330299252,0.5390900212387159,0.23870546983081914,0.6838533260498937,0.3490594557895055,0.7292621932546548,-1.1526045832292997,1.6300155228909379
Composition,p99p100,Australia,High income,military_exp,0.7007389841629532,0.5390900212387159,1.5203380626434257,1.482431131168649,1.0255707875244724,0.3125532677374384,-1.4956907511343176,4.5363668764211695
Composition,p99p100,Australia,High income,nonmil_g,0.03341313064566277,0.5390900212387159,0.07249383216970488,0.28639135154164647,0.253128566136757,0.8017391475951258,-0.510173753598966,0.6551614179383757
Composition,p99p100,Austria,High income,public_debt,-0.02679557554942885,-0.5796794971007245,-0.01696266590698195,0.005868856916840333,-2.890284453571972,0.00849258725206934,-0.029133930206199372,-0.004791401607764525
Composition,p99p100,Austria,High income,growth,0.4997600523883958,-0.5796794971007245,0.3163680058553864,0.09516077336811131,3.3245632066437403,0.003077292966910164,0.11901664084634167,0.5137193708644311
Composition,p99p100,Austria,High income,life_exp,-7.474799954668104e-4,-0.5796794971007245,-4.7318459018978395e-4,6.03821044354523e-4,-0.7836503788893483,0.4416009897448573,-0.0017254327919103115,7.790636115307436e-4
Composition,p99p100,Austria,High income,gdp_x_debt,-0.9525522678469457,-0.5796794971007245,-0.6030035014034295,0.14652911933509455,-4.115246881573298,4.553272168872804e-4,-0.9068862956561772,-0.2991207071506819
Composition,p99p100,Austria,High income,military_exp,-3.77523941397639,-0.5796794971007245,-2.3898768205229612,0.7051196452751843,-3.389320998977802,0.002637665305969652,-3.852205462509206,-0.9275481785367163
Composition,p99p100,Austria,High income,nonmil_g,-0.05383149249826577,-0.5796794971007245,-0.0340774774864558,0.03813375241183677,-0.8936303230383932,0.38119171577829014,-0.11316203959148427,0.04500708461857267
Composition,p99p100,Bahrain,High income,public_debt,0.0020142571877687296,0.5783705583855544,0.004777316261540021,0.03483292867813308,0.1371494285101286,0.8922191138905766,-0.06766172446991738,0.0772163569929974
Composition,p99p100,Bahrain,High income,growth,0.027392405670782913,0.5783705583855544,0.06496796230807714,0.09277762808476647,0.7002546157864591,0.4914541887976239,-0.12797367753799885,0.25790960215415315
Composition,p99p100,Bahrain,High income,life_exp,0.005230800314096301,0.5783705583855544,0.01240615525819838,0.004814233829110217,2.576973968979676,0.017579226724831525,0.0023944079354244197,0.02241790258097234
Composition,p99p100,Bahrain,High income,gdp_x_debt,0.0026517417957250544,0.5783705583855544,0.006289270942682201,0.2572009168583399,0.024452754754938064,0.9807223411195176,-0.5285893166325745,0.5411678585179388
Composition,p99p100,Bahrain,High income,military_exp,1.5593283822918385,0.5783705583855544,3.6983384659312977,0.905389973525725,4.084801659034737,5.30516696304258e-4,1.8154769421095722,5.581199989753023
Composition,p99p100,Bahrain,High income,nonmil_g,0.22072262127874212,0.5783705583855544,0.5234990716814778,0.15049728742502264,3.4784618423257876,0.0022434055911718384,0.21052282915843973,0.8364753142045158
Composition,p99p100,Bangladesh,Low income,public_debt,0.054827926873709555,0.5881116827454669,0.1331135761246361,0.04675098859972933,2.8472890116682317,0.00849852451420841,0.03701554277223512,0.22921160947703706
Composition,p99p100,Bangladesh,Low income,growth,-0.048047121087029285,0.5881116827454669,-0.11665084702399506,0.23155491461588992,-0.503771847026002,0.6186637474418052,-0.5926187906793936,0.35931709663140343
Composition,p99p100,Bangladesh,Low income,life_exp,2.3375674957556015e-4,0.5881116827454669,5.675245929131472e-4,7.946409729368011e-4,0.7141899451971541,0.48147285673837403,-0.0010658833201102618,0.002200932505936556
Composition,p99p100,Bangladesh,Low income,gdp_x_debt,0.16720675804185153,0.5881116827454669,0.40595168893446276,0.7580027131480019,0.5355544009183509,0.5968184030542732,-1.1521452025124241,1.9640485803813497
Composition,p99p100,Bangladesh,Low income,military_exp,0.9931679804903193,0.5881116827454669,2.41125552458089,0.9516626170089488,2.5337293716121834,0.017653102827434833,0.45508499966307836,4.367426049498702
Composition,p99p100,Bangladesh,Low income,nonmil_g,-0.0651570911999651,0.5881116827454669,-0.15819116122125942,0.13192725738127042,-1.1990786768505783,0.24131178916655727,-0.42937152252787597,0.11298920008535712
Composition,p99p100,Belgium,High income,public_debt,-4.141599740200654e-4,0.3693326363080646,-6.567011357549362e-4,0.016474367423456777,-0.03986199402229565,0.9685471521621641,-0.034736526683128446,0.03342312441161857
Composition,p99p100,Belgium,High income,growth,-0.07624733486726731,0.3693326363080646,-0.12089944597880312,0.5006558867800956,-0.24148212209458367,0.8113213849289963,-1.1565850563675453,0.9147861644099391
Composition,p99p100,Belgium,High income,life_exp,-9.560318413401405e-4,0.3693326363080646,-0.0015159050497611248,0.0020420531825758427,-0.7423435700381538,0.46539357502347545,-0.00574021390677708,0.0027084038072548305
Composition,p99p100,Belgium,High income,gdp_x_debt,0.06199396416438409,0.3693326363080646,0.098298988870251,0.44986677815557957,0.21850688613475652,0.8289614177874345,-0.8323213454359862,1.0289193231764882
Composition,p99p100,Belgium,High income,military_exp,-0.5636671401767098,0.3693326363080646,-0.89376297653488,0.7164262790961871,-1.2475295820561096,0.22475662938994284,-2.3758036510914087,0.5882776980216484
Composition,p99p100,Belgium,High income,nonmil_g,0.1434668282019571,0.3693326363080646,0.2274841484774166,0.19638583165955611,1.1583531589578766,0.2586067139774986,-0.1787708967635982,0.6337391937184313
Composition,p99p100,Belize,Lower middle income,public_debt,-0.0017067314692041004,0.3163474204717869,-0.002496489474788366,0.015438661717161666,-0.16170374871374119,0.8725558372251712,-0.03394401430487595,0.02895103535529922
Composition,p99p100,Belize,Lower middle income,growth,-0.06366654978851638,0.3163474204717869,-0.09312705267996282,0.07394742122251732,-1.2593684964311536,0.2170060988755995,-0.24375302063099752,0.05749891527107187
Composition,p99p100,Belize,Lower middle income,life_exp,6.177671434150125e-4,0.3163474204717869,9.036273129274697e-4,9.653050747611015e-4,0.9361054205077125,0.3562302370715553,-0.001062634780464664,0.0028698894063196034
Composition,p99p100,Belize,Lower middle income,gdp_x_debt,0.11415793527289823,0.3163474204717869,0.16698238065843082,0.14181768738591208,1.1774439686358795,0.24770171256032478,-0.12189079547033452,0.45585555678719614
Composition,p99p100,Belize,Lower middle income,military_exp,-0.6533785813452977,0.3163474204717869,-0.9557172764508437,0.9220997869788551,-1.0364575395707791,0.30775787241738717,-2.8339730785455304,0.922538525643843
Composition,p99p100,Belize,Lower middle income,nonmil_g,-0.018061117429884293,0.3163474204717869,-0.026418561080173535,0.03387861331486215,-0.7798005436244942,0.4412380605023404,-0.0954270381714076,0.04258991601106054
Composition,p99p100,Bolivia,Lower middle income,public_debt,0.0030614615507104795,0.15105192534794987,0.0036061823356690575,0.006770481451482282,0.5326330721841864,0.5979671590115276,-0.010184837084133348,0.017397201755471464
Composition,p99p100,Bolivia,Lower middle income,growth,0.07770521546936918,0.15105192534794987,0.09153117580391172,0.06968596090261514,1.3134808592483194,0.1983611277992468,-0.050414481529682045,0.2334768331375055
Composition,p99p100,Bolivia,Lower middle income,life_exp,6.48804276727494e-6,0.15105192534794987,7.642449474821096e-6,5.614529213401528e-4,0.013611915058842423,0.989224111536273,-0.0011359997267860178,0.00115128462573566
Composition,p99p100,Bolivia,Lower middle income,gdp_x_debt,-0.040226834483931634,0.15105192534794987,-0.04738432854143524,0.08688370713685768,-0.5453764589809259,0.5892762413711636,-0.22436064861192304,0.12959199152905257
Composition,p99p100,Bolivia,Lower middle income,military_exp,-0.11980592513416509,0.15105192534794987,-0.14112279503463007,0.32913962089791526,-0.42876270760000723,0.6709685659632716,-0.8115582634954109,0.5293126734261507
Composition,p99p100,Bolivia,Lower middle income,nonmil_g,-0.07242044499553839,0.15105192534794987,-0.08530609486948967,0.03099026550567609,-2.7526738954161347,0.009657376093216012,-0.14843120000068272,-0.022180989738296616
Composition,p99p100,Brazil,Upper middle income,public_debt,-0.020723839133874992,0.6029144770323375,-0.05218986322894144,0.031218889784891374,-1.6717398853241454,0.10403318843875066,-0.11570517206568783,0.011325445607804949
Composition,p99p100,Brazil,Upper middle income,growth,-0.2186180962624755,0.6029144770323375,-0.5505567028196067,0.2851962503739918,-1.930448601963156,0.062181884438211925,-1.1307928369806848,0.02967943134147133
Composition,p99p100,Brazil,Upper middle income,life_exp,2.86077078332722e-4,0.6029144770323375,7.20441974803547e-4,0.0012880815481009851,0.5593139470600231,0.579724013932505,-0.0019001796391701332,0.003341063588777227
Composition,p99p100,Brazil,Upper middle income,gdp_x_debt,0.5083010665229363,0.6029144770323375,1.2800795725920504,0.5482027309099606,2.3350477850908344,0.025771384249358497,0.16475273045223227,2.3954064147318688
Composition,p99p100,Brazil,Upper middle income,military_exp,0.010022601556216154,0.6029144770323375,0.025240410381398782,1.2505071021747522,0.020184139968100364,0.9840180295724799,-2.5189354185621773,2.569416239324975
Composition,p99p100,Brazil,Upper middle income,nonmil_g,0.011498289789275454,0.6029144770323375,0.028956708628765197,0.08686915067615683,0.33333707539876994,0.7409886029400875,-0.1477799072983074,0.2056933245558378
Composition,p99p100,Burkina Faso,Low income,public_debt,0.052240122620611375,0.9439028118303692,0.9312431571907638,1.699936131901251,0.5478106734217351,0.5947632034071664,-2.810291042227472,4.672777356609
Composition,p99p100,Burkina Faso,Low income,growth,0.3613764026330362,0.9439028118303692,6.441969988589793,12.451780427632928,0.5173533235691987,0.6151535069723698,-20.9642139493498,33.84815392652939
Composition,p99p100,Burkina Faso,Low income,life_exp,5.055963396093221e-4,0.9439028118303692,0.009012864211312383,0.03000748263075217,0.30035389246800226,0.7695075149019458,-0.057033159750680754,0.07505888817330551
Composition,p99p100,Burkina Faso,Low income,gdp_x_debt,-1.405766775746843,0.9439028118303692,-25.059487322180594,47.79253060023516,-0.5243389920444449,0.6104458256461722,-130.25013793652371,80.13116329216254
Composition,p99p100,Burkina Faso,Low income,military_exp,0.4137531808179271,0.9439028118303692,7.375649195941686,14.611652067313567,0.5047785946423606,0.6236733291576677,-24.784380168637792,39.53567856052116
Composition,p99p100,Burkina Faso,Low income,nonmil_g,-0.03890454984172853,0.9439028118303692,-0.6935204973925979,3.7338131724804406,-0.18574054601984263,0.8560289716216188,-8.91158788057673,7.524546885791535
Composition,p99p100,Canada,High income,public_debt,0.010831003463496315,1.0034165059770193,-3.170198892186883,73.05613546264021,-0.043394013002618706,0.9656571000584725,-151.9806771603767,145.64027937600295
Composition,p99p100,Canada,High income,growth,-0.12986558012119712,1.0034165059770193,38.011225794634434,874.8553912987569,0.04344858152866303,0.9656139414217899,-1744.010891447638,1820.0333430369067
Composition,p99p100,Canada,High income,life_exp,-0.004229817534046146,1.0034165059770193,1.2380536028613844,28.155801711396993,0.043971527273550914,0.9652003452702056,-56.11343771493414,58.58954492065691
Composition,p99p100,Canada,High income,gdp_x_debt,0.200186038229263,1.0034165059770193,-58.593791310710955,1347.9979611533342,-0.04346726998057079,0.965599160616054,-2804.375785300172,2687.1882026787503
Composition,p99p100,Canada,High income,military_exp,-1.429192069565301,1.0034165059770193,418.3197919683444,9588.74805302097,0.04362611152730739,0.9654735324096384,-19113.3208392682,19949.960423204888
Composition,p99p100,Canada,High income,nonmil_g,0.29660451002128235,1.0034165059770193,-86.81515911763631,1970.417300099771,-0.04405927572460944,0.9651309462528124,-4100.423858221489,3926.7935399862163
Composition,p99p100,Chile,Upper middle income,public_debt,-0.02679772695431922,0.46379299292972453,-0.04997645797420006,0.02135097934994905,-2.340710332536541,0.02752532213310997,-0.09394962308445967,-0.006003292863940447
Composition,p99p100,Chile,Upper middle income,growth,-0.0548026622667379,0.46379299292972453,-0.1022043008467352,0.07512907016029743,-1.3603828801377325,0.18584950011363865,-0.25693551727437514,0.052526915580904734
Composition,p99p100,Chile,Upper middle income,life_exp,-2.2220172684878428e-5,0.46379299292972453,-4.1439541803612135e-5,0.002232841860039534,-0.018559102883747628,0.9853401568415145,-0.004640063434756416,0.004557184351149191
Composition,p99p100,Chile,Upper middle income,gdp_x_debt,0.19749251863228906,0.46379299292972453,0.3683139459727456,0.23667966378204763,1.5561706489152218,0.1322374623065222,-0.1191369462390699,0.8557648381845611
Composition,p99p100,Chile,Upper middle income,military_exp,0.03796098924115612,0.46379299292972453,0.07079539942711145,0.3716976926519147,0.19046499568510777,0.8504829772629258,-0.694730328558953,0.8363211274131759
Composition,p99p100,Chile,Upper middle income,nonmil_g,0.029132537977573703,0.46379299292972453,0.054330767023631196,0.08865457079563956,0.612836614469329,0.5455194508234056,-0.1282567394077851,0.23691827345504746
Composition,p99p100,Colombia,Lower middle income,public_debt,-0.08279183374960536,0.1798688355427672,-0.10094950336925368,0.040981756542295064,-2.4632790755337473,0.019520886819721507,-0.18453234689420844,-0.01736665984429893
Composition,p99p100,Colombia,Lower middle income,growth,-0.037351565787926574,0.1798688355427672,-0.0455434050145455,0.19617790141489927,-0.23215359470190855,0.8179445102842906,-0.44565087283606153,0.3545640628069705
Composition,p99p100,Colombia,Lower middle income,life_exp,-0.0025106541897150954,0.1798688355427672,-0.0030612837293857256,0.002106692619388867,-1.4531231092810195,0.15623829004793896,-0.0073579116540533895,0.0012353441952819388
Composition,p99p100,Colombia,Lower middle income,gdp_x_debt,-0.14367960747712813,0.1798688355427672,-0.17519101054063232,0.5067948380284903,-0.3456842836484922,0.7319149561565743,-1.208805897264028,0.8584238761827635
Composition,p99p100,Colombia,Lower middle income,military_exp,1.1743957105405354,0.1798688355427672,1.4319608392369247,0.6222911665344355,2.301110663697144,0.028272006740232242,0.16278963751623698,2.7011320409576127
Composition,p99p100,Colombia,Lower middle income,nonmil_g,-0.15507011649594044,0.1798688355427672,-0.1890796536168293,0.11922388724551303,-1.5859208920731216,0.12290661404551255,-0.4322383747857024,0.05407906755204375
Composition,p99p100,Cote d'Ivoire,Lower middle income,public_debt,0.18342634057827673,2.0848420307888196,-0.16908115225301715,0.062155884523820384,-2.7202758604170314,0.0417612188811921,-0.32885793998785806,-0.009304364518176206
Composition,p99p100,Cote d'Ivoire,Lower middle income,growth,-0.34381684641479004,2.0848420307888196,0.3169280288345678,0.28450432406882126,1.113965595678972,0.31595754755713523,-0.4144136187767314,1.048269676445867
Composition,p99p100,Cote d'Ivoire,Lower middle income,life_exp,0.02985908503146045,2.0848420307888196,-0.027523901346031974,0.010394988011371696,-2.647805011022806,0.04554648775062588,-0.0542450687097213,-8.027339823426446e-4
Composition,p99p100,Cote d'Ivoire,Lower middle income,gdp_x_debt,-1.4825196394321272,2.0848420307888196,1.3665765128533458,0.903483180765465,1.5125644195119723,0.190799004600324,-0.9559009404252787,3.6890539661319703
Composition,p99p100,Cote d'Ivoire,Lower middle income,military_exp,-1.5375411159199488,2.0848420307888196,1.4172949353759448,7.685285420059053,0.18441669474977734,0.8609330125867541,-18.33836016710845,21.172950037860343
Composition,p99p100,Cote d'Ivoire,Lower middle income,nonmil_g,-0.033569043149212385,2.0848420307888196,0.03094371548713261,0.13438490448405022,0.230261840836485,0.8270126211864326,-0.3145036789632879,0.3763911099375531
Composition,p99p100,Cyprus,High income,public_debt,-0.20378998001089732,1.7563336342723608,0.26944455565162817,0.3424751436046753,0.7867565301692448,0.47541983888483713,-0.6814188804614839,1.2203079917647401
Composition,p99p100,Cyprus,High income,growth,-0.9518820751547277,1.7563336342723608,1.2585478577460019,1.6371723189359741,0.7687326759616564,0.48492612821831055,-3.2869712135291045,5.804066929021108
Composition,p99p100,Cyprus,High income,life_exp,0.014988035465745442,1.7563336342723608,-0.019816698328066356,0.03555569606356058,-0.557342437977908,0.6070080438244188,-0.11853513662563958,0.07890173996950686
Composition,p99p100,Cyprus,High income,gdp_x_debt,2.4186264169944307,1.7563336342723608,-3.1978300413960796,4.760041323092623,-0.671807201732113,0.5385128352770779,-16.413823473435823,10.018163390643663
Composition,p99p100,Cyprus,High income,military_exp,1.846657384752195,1.7563336342723608,-2.4415909871954753,3.875870225598339,-0.6299465268650871,0.5629221754864924,-13.202731903439851,8.3195499290489
Composition,p99p100,Cyprus,High income,nonmil_g,0.6522748260664751,1.7563336342723608,-0.8624167913595479,0.8339350025278678,-1.0341534876763112,0.35948723359261403,-3.1777915471811555,1.45295796446206
Composition,p99p100,Denmark,High income,public_debt,0.0038380741376014688,0.7034293010195352,0.012941514960162276,0.0502230737113155,0.25768066356413566,0.7984127730131523,-0.08962768515124415,0.1155107150715687
Composition,p99p100,Denmark,High income,growth,-0.19880049715056036,0.7034293010195352,-0.6703308783840961,0.8267764379613319,-0.8107764658085809,0.42387971380828726,-2.3588336251513735,1.018171868383181
Composition,p99p100,Denmark,High income,life_exp,0.0015323432549969943,0.7034293010195352,0.005166873397354504,0.005822391186570759,0.8874143340405922,0.38191536558810735,-0.006724035752790038,0.017057782547499047
Composition,p99p100,Denmark,High income,gdp_x_debt,0.20037286745900118,0.7034293010195352,0.6756327180932995,1.2489080038680638,0.5409787718557004,0.5925168845243294,-1.8749776986606068,3.2262431348472056
Composition,p99p100,Denmark,High income,military_exp,-0.5266146310681729,0.7034293010195352,-1.7756799066075677,3.951758594869852,-0.44933916482467934,0.6564166071287143,-9.846247638861948,6.294887825646812
Composition,p99p100,Denmark,High income,nonmil_g,-0.06035326431940238,0.7034293010195352,-0.20350380036491017,0.3431791849991829,-0.592995756328854,0.5576282667305535,-0.9043691974646482,0.4973615967348279
Composition,p99p100,Egypt,Lower middle income,public_debt,0.04295919695425948,0.44630663913095503,0.07758662102582053,0.03319168723332206,2.337531698235851,0.029391013461709237,0.008560728725532998,0.14661251332610808
Composition,p99p100,Egypt,Lower middle income,growth,0.36552179223447157,0.44630663913095503,0.6601520228827916,0.28112412540773846,2.3482581650554413,0.028733509772284362,0.0755223995978982,1.244781646167685
Composition,p99p100,Egypt,Lower middle income,life_exp,-3.1773753132258685e-4,0.44630663913095503,-5.738510767473976e-4,0.0019415651576317429,-0.2955610706608282,0.7704679626665534,-0.00461155685899925,0.003463854705504455
Composition,p99p100,Egypt,Lower middle income,gdp_x_debt,-0.48426734316122266,0.44630663913095503,-0.8746128767033521,0.33339013073666124,-2.6233916246134856,0.01588004706813462,-1.567935608278884,-0.18129014512782016
Composition,p99p100,Egypt,Lower middle income,military_exp,-0.41626272011195903,0.44630663913095503,-0.7517928686351182,0.37297791067468444,-2.0156498471322086,0.05681197606376152,-1.527442895451796,0.023857158181559535
Composition,p99p100,Egypt,Lower middle income,nonmil_g,-0.045876133836640576,0.44630663913095503,-0.08285476597486388,0.04723160089759865,-1.7542231133452093,0.09397529248381381,-0.18107825711016234,0.015368725160434582
Composition,p99p100,El Salvador,Lower middle income,public_debt,0.04151162184424934,-0.06442294192844808,0.038999179939734716,0.04034411901295977,0.9666633178235218,0.3407437599831712,-0.04308154735424864,0.12107990723371807
Composition,p99p100,El Salvador,Lower middle income,growth,4.4394128945669754e-4,-0.06442294192844808,4.1707226701859256e-4,0.29264169145089164,0.0014251977049161558,0.9988714380140069,-0.5949669256612697,0.5958010701953069
Composition,p99p100,El Salvador,Lower middle income,life_exp,-0.0025997356091272614,-0.06442294192844808,-0.002442389680569304,0.0016053107781226106,-1.5214435197561222,0.13767394015220744,-0.005708419015820056,8.236396546814477e-4
Composition,p99p100,El Salvador,Lower middle income,gdp_x_debt,-0.27971671170185763,-0.06442294192844808,-0.2627871879528321,0.4870046479318899,-0.5395989321021516,0.593096309544806,-1.2536055940991915,0.7280312181935271
Composition,p99p100,El Salvador,Lower middle income,military_exp,-0.7583696299459703,-0.06442294192844808,-0.7124702034061842,0.6949218957374313,-1.0252522014004626,0.3127012824399945,-2.1262994308164824,0.701359024004114
Composition,p99p100,El Salvador,Lower middle income,nonmil_g,-1.065372908040582,-0.06442294192844808,-1.0008924705347038,0.38789882116665714,-2.580292632816947,0.014509625134610918,-1.7900785560608328,-0.21170638500857464
Composition,p99p100,Finland,High income,public_debt,0.061805173486930015,1.0120863807019964,-5.1136212742927345,55.4151052879436,-0.09227847258832658,0.9270347229518259,-117.85650069237971,107.62925814379423
Composition,p99p100,Finland,High income,growth,0.020711531632951054,1.0120863807019964,-1.713625620739379,20.946003379013103,-0.0818115795042958,0.9352907530155057,-44.32858991576707,40.90133867428831
Composition,p99p100,Finland,High income,life_exp,-0.0029444024005953733,1.0120863807019964,0.24361324313646854,2.5516446672531043,0.09547302814647894,0.9245165280410278,-4.947746866045,5.434973352317936
Composition,p99p100,Finland,High income,gdp_x_debt,-0.14765545153431844,1.0120863807019964,12.216680507997642,135.86853334373828,0.08991545140985853,0.928897931901827,-264.2099290218434,288.64329003783865
Composition,p99p100,Finland,High income,military_exp,1.6341038409205773,1.0120863807019964,-135.20208251016436,1397.5171053593706,-0.09674449206501642,0.9235144807745732,-2978.4720118109226,2708.0678467905936
Composition,p99p100,Finland,High income,nonmil_g,-0.051440381600763085,1.0120863807019964,4.256061667184307,53.89087935497029,0.07897554684811013,0.9375290396234374,-105.38575677349947,113.89788010786809
Composition,p99p100,France,High income,public_debt,0.02675002163612182,0.8890753703065775,0.24115493294910686,0.5233995689667253,0.46074728992457015,0.6508193849094039,-0.8631216310881337,1.3454314969863475
Composition,p99p100,France,High income,growth,0.20164446750786663,0.8890753703065775,1.8178511667352764,3.340961733774294,0.5441101430041357,0.5934310538311598,-5.230961944126735,8.866664277597287
Composition,p99p100,France,High income,life_exp,-0.005029927754688351,0.8890753703065775,-0.045345454554053914,0.08158589804210241,-0.5558001522598107,0.5855887810588357,-0.21747665317480228,0.12678574406669443
Composition,p99p100,France,High income,gdp_x_debt,-0.7413344944102833,0.8890753703065775,-6.683227128719835,12.944723362061508,-0.5162896835869886,0.6123025633962857,-33.99420612874007,20.627751871300397
Composition,p99p100,France,High income,military_exp,-2.6574362821503863,0.8890753703065775,-23.957134583140856,36.02956680449573,-0.6649298536709443,0.5150152782422608,-99.97287588985209,52.05860672357038
Composition,p99p100,France,High income,nonmil_g,-0.2721859144961951,0.8890753703065775,-2.4537915091397853,4.714487967680392,-0.5204788995032884,0.609442418662319,-12.40049166485961,7.492908646580039
Composition,p99p100,Germany,High income,public_debt,0.016912011624824794,0.562733882985663,0.038676702737226454,0.03518546160429906,1.0992239684728429,0.2813755836383712,-0.03351790111891974,0.11087130659337265
Composition,p99p100,Germany,High income,growth,-0.003615861936707786,0.562733882985663,-0.00826924793852534,0.2606576024060121,-0.03172456073483245,0.9749250653138126,-0.543094470907766,0.5265559750307153
Composition,p99p100,Germany,High income,life_exp,0.0036432832682537584,0.562733882985663,0.008331958792348649,0.0032943423959110383,2.529172074733439,0.01758198204371833,0.0015725265326836033,0.015091391052013695
Composition,p99p100,Germany,High income,gdp_x_debt,0.1380629912341272,0.562733882985663,0.31574134345653043,0.45190004294403957,0.6986973079257481,0.4907162545459952,-0.6114809550548013,1.242963641967862
Composition,p99p100,Germany,High income,military_exp,1.0362569493088587,0.562733882985663,2.3698542123145616,0.8423172014991509,2.8134937860662346,0.009028706221989254,0.6415620737223304,4.098146350906793
Composition,p99p100,Germany,High income,nonmil_g,0.013516773527385095,0.562733882985663,0.03091200758860058,0.22333789317011168,0.13840914835287518,0.890944205716558,-0.4273394971042484,0.48916351228144955
Composition,p99p100,Ghana,Low income,public_debt,0.013012649430149814,1.0842179025859164,-0.15451167780953368,0.127408588956123,-1.2127257595070333,0.23573919298035742,-0.41593250869139986,0.10690915307233251
Composition,p99p100,Ghana,Low income,growth,-0.021957203484054166,1.0842179025859164,0.2607189541636248,0.2788567136816635,0.9349567049020582,0.3580978952166889,-0.31144776069381774,0.8328856690210673
Composition,p99p100,Ghana,Low income,life_exp,-6.730419346201223e-4,1.0842179025859164,0.007991672957344268,0.004637062999202835,1.7234341993451738,0.09624529065357595,-0.0015227944112617044,0.017506140325950242
Composition,p99p100,Ghana,Low income,gdp_x_debt,0.09573726163429346,1.0842179025859164,-1.1367804076648114,1.1318011629260423,-1.0043993988536788,0.32410327164259756,-3.4590445723443395,1.185483757014717
Composition,p99p100,Ghana,Low income,military_exp,0.33069478818485903,1.0842179025859164,-3.92665666124248,3.6859988960930217,-1.0652897008201885,0.29617906778112085,-11.489701679958785,3.636388357473825
Composition,p99p100,Ghana,Low income,nonmil_g,0.014211894343476616,1.0842179025859164,-0.1687514638467527,0.29475678519100673,-0.5725108710810483,0.5717129185919662,-0.7735424306412845,0.43603950294777916
Composition,p99p100,Greece,High income,public_debt,0.04164207023079745,0.46487150635043156,0.07781695560032535,0.020364064468477217,3.8212880204137534,7.43805084578923e-4,0.03595802159494911,0.1196758896057016
Composition,p99p100,Greece,High income,growth,0.018601392906862364,0.46487150635043156,0.034760610073295,0.16274302460450454,0.21359201205562986,0.8325313250061496,-0.2997624679350454,0.3692836880816354
Composition,p99p100,Greece,High income,life_exp,-0.012874877674518549,0.46487150635043156,-0.024059413444259103,0.006801898867333893,-3.537161300619213,0.0015432218417236881,-0.03804091680473553,-0.010077910083782676
Composition,p99p100,Greece,High income,gdp_x_debt,-0.020671824369263268,0.46487150635043156,-0.03862964617765302,0.13222936674461874,-0.29214120228118773,0.7724971672036759,-0.31043100217432174,0.2331717098190157
Composition,p99p100,Greece,High income,military_exp,-0.5900422418468492,0.46487150635043156,-1.1026178737423789,0.6079238018019595,-1.8137435489021592,0.08127603258518803,-2.3522231447980015,0.14698739731324384
Composition,p99p100,Greece,High income,nonmil_g,0.13814450879840548,0.46487150635043156,0.2581520334607152,0.19216148375722908,1.3434119492273309,0.19074748319597779,-0.13684155337556336,0.6531456202969937
Composition,p99p100,Guatemala,Lower middle income,public_debt,-0.01379446695156303,0.433295334746237,-0.024341544718687016,0.036294960326088165,-0.6706590804892202,0.5071047245374697,-0.09818419672243021,0.049501107285056176
Composition,p99p100,Guatemala,Lower middle income,growth,-0.14794716799146676,0.433295334746237,-0.2610657315221111,0.2321775242692758,-1.1244229274291477,0.2689463640169771,-0.7334344563718678,0.21130299332764552
Composition,p99p100,Guatemala,Lower middle income,life_exp,5.690082919349531e-4,0.433295334746237,0.0010040649509743466,9.714590136457846e-4,1.0335638836745107,0.30885548204051466,-9.723832731330479e-4,0.0029805131750817414
Composition,p99p100,Guatemala,Lower middle income,gdp_x_debt,0.23159891746136652,0.433295334746237,0.4086765676397944,0.552939847346616,0.7390976967945145,0.46507269946249374,-0.7162880103561979,1.5336411456357866
Composition,p99p100,Guatemala,Lower middle income,military_exp,-0.27675007025904225,0.433295334746237,-0.4883497299869891,1.1021635133373997,-0.44308283124728437,0.6605969894116097,-2.7307182581624367,1.7540187981884587
Composition,p99p100,Guatemala,Lower middle income,nonmil_g,0.11419851336287222,0.433295334746237,0.20151327554668286,0.17596992280685358,1.1451574924418528,0.2603814590342757,-0.15650022429483995,0.5595267753882056
Composition,p99p100,Guyana,Lower middle income,public_debt,-0.001534724992812164,0.44237192651106605,-0.0027522376755707233,0.003417238749394562,-0.8053981232825309,0.42635537437949944,-0.009704662186250606,0.004200186835109159
Composition,p99p100,Guyana,Lower middle income,growth,0.007296747456946377,0.44237192651106605,0.013085330175886813,0.05926254423175411,0.22080270676052782,0.8266065285319341,-0.10748522262938497,0.1336558829811586
Composition,p99p100,Guyana,Lower middle income,life_exp,-1.1966447201903291e-4,0.44237192651106605,-2.1459549421592677e-4,0.002041910000116301,-0.10509547149663993,0.916936262104943,-0.004368892625467321,0.003939701637035468
Composition,p99p100,Guyana,Lower middle income,gdp_x_debt,-0.0036642908206108737,0.44237192651106605,-0.006571209368431467,0.040956865416199625,-0.16044219452967132,0.8735108778921703,-0.08989857859326336,0.07675615985640044
Composition,p99p100,Guyana,Lower middle income,military_exp,-0.08384940848152377,0.44237192651106605,-0.150367982653563,0.191055517373925,-0.7870381589622965,0.4368757318256339,-0.5390733554129112,0.23833739010578525
Composition,p99p100,Guyana,Lower middle income,nonmil_g,0.02495296980793655,0.44237192651106605,0.04474841026530874,0.06329829852897617,0.7069449148751477,0.48456313996355027,-0.08403294639440823,0.1735297669250257
Composition,p99p100,Honduras,Lower middle income,public_debt,0.16543117113391706,-0.027469756462639716,0.16100831201442026,0.1262051427157256,1.2757666490428845,0.2710873827312396,-0.18939333872944505,0.5114099627582855
Composition,p99p100,Honduras,Lower middle income,growth,1.1815941283471032,-0.027469756462639716,1.1500038039222498,0.7427886161367542,1.548224863627317,0.19648562018420426,-0.9123080135472839,3.2123156213917836
Composition,p99p100,Honduras,Lower middle income,life_exp,0.0048394980988102805,-0.027469756462639716,0.004710112456712737,0.002681754561501879,1.7563547851578574,0.15387015162675113,-0.0027356318689110096,0.012155856782336483
Composition,p99p100,Honduras,Lower middle income,gdp_x_debt,-2.3372413210067826,-0.027469756462639716,-2.2747543723850407,1.6813551686449748,-1.3529291221784472,0.24749307994853084,-6.9429447004683915,2.39343595569831
Composition,p99p100,Honduras,Lower middle income,military_exp,-1.5459912673649874,-0.027469756462639716,-1.5046586604042802,0.811372721029506,-1.8544604981236021,0.13727824773778918,-3.757390480197667,0.7480731593891066
Composition,p99p100,Honduras,Lower middle income,nonmil_g,1.4285844574066526,-0.027469756462639716,1.390390761792314,0.8754555683983234,1.5881911224073684,0.1874390838070931,-1.0402635659053632,3.821045089489991
Composition,p99p100,India,Low income,public_debt,0.016401375525838324,0.43803680640604903,0.02918585365163472,0.0647480534024452,0.4507603258777278,0.6609179868483479,-0.1133236510319681,0.17169535833523755
Composition,p99p100,India,Low income,growth,0.11358094360519214,0.43803680640604903,0.20211455999244776,0.9042929482970813,0.22350562433673699,0.8272386035134902,-1.788220799584944,2.1924499195698393
Composition,p99p100,India,Low income,life_exp,0.00782097316251054,0.43803680640604903,0.013917233818273193,0.00600070973489947,2.319264625871184,0.04063041033357416,7.097607417420274e-4,0.02712470689480436
Composition,p99p100,India,Low income,gdp_x_debt,0.19489596228431058,0.43803680640604903,0.34681268187313624,1.060238599127739,0.327108145429208,0.7497263776762062,-1.9867567409633653,2.6803821047096377
Composition,p99p100,India,Low income,military_exp,-1.3426501489823357,0.43803680640604903,-2.389213678560724,3.1870348297010485,-0.7496666356749034,0.46918555209705626,-9.403830043427915,4.625402686306467
Composition,p99p100,India,Low income,nonmil_g,0.5451297658217025,0.43803680640604903,0.9700453197573442,1.2391152182960476,0.7828532047982502,0.4502387930452304,-1.757228887355968,3.6973195268706567
Composition,p99p100,Indonesia,Lower middle income,public_debt,0.020368035376348636,0.1722681413689685,0.024607045341996266,0.035507420803832256,0.6930113419936282,0.49363297022159847,-0.047908782159967904,0.09712287284396043
Composition,p99p100,Indonesia,Lower middle income,growth,0.1631934431174257,0.1722681413689685,0.19715737822068122,0.10348872373681962,1.9051097656017937,0.06639125914851157,-0.014194791804793605,0.40850954824615604
Composition,p99p100,Indonesia,Lower middle income,life_exp,0.009054946965015697,0.1722681413689685,0.010939468948303483,0.0042575648974741255,2.5694191895450644,0.015399893009734673,0.0022443614272770734,0.019634576469329895
Composition,p99p100,Indonesia,Lower middle income,gdp_x_debt,-0.04195829546819124,0.1722681413689685,-0.05069068567396354,0.19838560458555518,-0.2555159472375065,0.8000684078919821,-0.4558481416457114,0.3544667702977844
Composition,p99p100,Indonesia,Lower middle income,military_exp,3.2652871581604606,0.1722681413689685,3.9448610369556767,2.1399099871880485,1.843470548095075,0.07515956300948612,-0.42541818884240934,8.315140262753763
Composition,p99p100,Indonesia,Lower middle income,nonmil_g,0.31291181891183034,0.1722681413689685,0.378035248551806,0.1143073144577683,3.3071833621939737,0.0024529557406844133,0.14458856868094153,0.6114819284226705
Composition,p99p100,Iran,Lower middle income,public_debt,-0.015415386065239234,0.20612237907218894,-0.019417836778448484,0.015819555131804205,-1.2274578277748256,0.2283349617911532,-0.051602963692947326,0.012767290136050356
Composition,p99p100,Iran,Lower middle income,growth,0.06352839766622624,0.20612237907218894,0.08002291032209738,0.060805754913417616,1.3160417206569248,0.19722905670627178,-0.04368732822220603,0.2037331488664008
Composition,p99p100,Iran,Lower middle income,life_exp,-0.0035602311313500273,0.20612237907218894,-0.0044846095134778545,6.859195330319296e-4,-6.538098563332641,1.9974326777120643e-7,-0.005880123296250622,-0.0030890957307050868
Composition,p99p100,Iran,Lower middle income,gdp_x_debt,-0.14215005027980968,0.20612237907218894,-0.17905788818392157,0.16522013079237094,-1.083753458644457,0.2863290818008098,-0.5152007717275807,0.15708499535973755
Composition,p99p100,Iran,Lower middle income,military_exp,-0.0652693760286924,0.20612237907218894,-0.08221591629250306,0.21855291478284133,-0.37618311507853597,0.7091885306719573,-0.5268651647203354,0.36243333213532924
Composition,p99p100,Iran,Lower middle income,nonmil_g,-0.057177439726307434,0.20612237907218894,-0.0720229897140616,0.08873022355056354,-0.8117075200765024,0.42277602178908136,-0.25254598687378266,0.10850000744565946
Composition,p99p100,Ireland,High income,public_debt,-0.00373765550278609,0.47617566180403353,-0.007135322340421316,0.013869145452692772,-0.5144745481803245,0.6104554601892667,-0.035385847158309267,0.021115202477466635
Composition,p99p100,Ireland,High income,growth,0.030801741654601315,0.47617566180403353,0.05880166194774662,0.12548894153782011,0.46858042810110767,0.6425460054774077,-0.19681094730615456,0.3144142712016478
Composition,p99p100,Ireland,High income,life_exp,-9.868797846047075e-5,0.47617566180403353,-1.8839899421311515e-4,0.0029949482337768593,-0.06290559285411407,0.9502329770412574,-0.006288908913530139,0.005912110925103909
Composition,p99p100,Ireland,High income,gdp_x_debt,-0.06016726763784521,0.47617566180403353,-0.11486153515710873,0.17290754302980652,-0.6642945307325802,0.5112605368237138,-0.4670626748902839,0.23733960457606645
Composition,p99p100,Ireland,High income,military_exp,-0.7321248811636468,0.47617566180403353,-1.3976534264999227,3.356566676146162,-0.4163937622429824,0.6799016407627099,-8.234756008689084,5.439449155689239
Composition,p99p100,Ireland,High income,nonmil_g,-0.05979724092229582,0.47617566180403353,-0.11415514049659381,0.18535273203042119,-0.6158805389383631,0.5423296456864348,-0.4917063006707839,0.2633960196775963
Composition,p99p100,Italy,High income,public_debt,0.01871796585097835,0.5553516244793726,0.04209610757952722,0.01535017772789973,2.742385679549195,0.00990463396203378,0.010828818737529639,0.0733633964215248
Composition,p99p100,Italy,High income,growth,-0.0329788989821156,0.5553516244793726,-0.0741684908743936,0.12513661417263472,-0.5927001570625283,0.5575474639560929,-0.3290634327703352,0.180726451021548
Composition,p99p100,Italy,High income,life_exp,0.0010770548308321312,0.5553516244793726,0.0024222619267888594,0.0013590858152994878,1.7822729804998299,0.08419624498608713,-3.4610528701832424e-4,0.005190629140596043
Composition,p99p100,Italy,High income,gdp_x_debt,0.018960415771279326,0.5553516244793726,0.042641369709445265,0.12026358523224111,0.3545659280579444,0.7252408511480024,-0.2023275370541625,0.28761027647305304
Composition,p99p100,Italy,High income,military_exp,0.8041880823575203,0.5553516244793726,1.8085933214439769,0.8690221056212191,2.081182181379732,0.04550246553555529,0.038453218300209535,3.5787334245877442
Composition,p99p100,Italy,High income,nonmil_g,-0.03590279515541742,0.5553516244793726,-0.08074424001522497,0.11154904620574832,-0.7238451852496797,0.47441958426271635,-0.30796221166288523,0.14647373163243532
Composition,p99p100,Jamaica,Lower middle income,public_debt,0.0053407568002538375,0.30639260013850333,0.007699970907634937,0.004035463666853597,1.9080758850292197,0.06538814338428432,-5.199995917009219e-4,0.015919941406970797
Composition,p99p100,Jamaica,Lower middle income,growth,0.0655177104572976,0.30639260013850333,0.09445935909908189,0.11207376132647147,0.8428320597175397,0.40557823964726103,-0.13382742227379707,0.3227461404719608
Composition,p99p100,Jamaica,Lower middle income,life_exp,0.0032899828998569866,0.30639260013850333,0.004743292676107476,0.0014180765293745944,3.34487778187781,0.0021119249267459216,0.0018547653098461864,0.007631820042368766
Composition,p99p100,Jamaica,Lower middle income,gdp_x_debt,-0.025951255465393345,0.30639260013850333,-0.03741490570973642,0.06188856793449304,-0.6045527786220363,0.5497391138598907,-0.16347779331450096,0.08864798189502811
Composition,p99p100,Jamaica,Lower middle income,military_exp,0.8103358125993385,0.30639260013850333,1.1682917638438557,0.5511534867591844,2.1197212607933977,0.04188013587623482,0.045628849299777396,2.290954678387934
Composition,p99p100,Jamaica,Lower middle income,nonmil_g,0.12326567529282033,0.30639260013850333,0.17771678231436788,0.04645331066915014,3.825707570771493,5.700015381765929e-4,0.08309448489826507,0.27233907973047067
Composition,p99p100,Japan,High income,public_debt,0.01436213696044214,0.6903626207713809,0.04638373117684197,0.05167664746972088,0.8975762447442007,0.3763299040714616,-0.05901148620234069,0.15177894855602464
Composition,p99p100,Japan,High income,growth,0.010288155340168526,0.6903626207713809,0.03322646434289938,0.3289255999528024,0.10101513639457388,0.9201889658434882,-0.6376217196248469,0.7040746483106456
Composition,p99p100,Japan,High income,life_exp,-0.0022434058164576528,0.6903626207713809,-0.007245268068236833,0.009812722143721265,-0.7383545526021814,0.46585246501716027,-0.02725844682610814,0.012767910689634475
Composition,p99p100,Japan,High income,gdp_x_debt,0.0461403935247184,0.6903626207713809,0.14901428774415149,0.34878805628562126,0.42723449114359646,0.6721615054583324,-0.5623436429928403,0.8603722184811433
Composition,p99p100,Japan,High income,military_exp,4.39811437794425,0.6903626207713809,14.204080879708407,18.992709557846563,0.7478701675738624,0.4601746174960031,-24.531805647021237,52.93996740643805
Composition,p99p100,Japan,High income,nonmil_g,-0.05724179358938902,0.6903626207713809,-0.18486719443237778,0.5287434103057127,-0.34963498519156944,0.7289768173158371,-1.263246489444372,0.8935121005796164
Composition,p99p100,Jordan,Lower middle income,public_debt,0.017365489366830737,0.4365360394045782,0.03081916605363781,0.005955228454692943,5.175144209514104,1.5589093816162266e-5,0.01863935629242767,0.04299897581484795
Composition,p99p100,Jordan,Lower middle income,growth,0.10460195543988612,0.4365360394045782,0.18564089765271144,0.07137773557843628,2.600823578225069,0.01448637372077089,0.039657037059383476,0.33162475824603943
Composition,p99p100,Jordan,Lower middle income,life_exp,-0.0018370497244406725,0.4365360394045782,-0.003260279011455198,0.002337914985466617,-1.3945241943023385,0.1737512688817772,-0.008041852040517772,0.0015212940176073755
Composition,p99p100,Jordan,Lower middle income,gdp_x_debt,-0.1177079988675529,0.4365360394045782,-0.20890066996151604,0.08525834558801576,-2.4502078772553606,0.020548893118073678,-0.38327356559731984,-0.03452777432571222
Composition,p99p100,Jordan,Lower middle income,military_exp,0.26734754121334797,0.4365360394045782,0.47447141238782575,0.21441106655320397,2.2129054251502005,0.034931303040368226,0.03595154347192514,0.9129912813037264
Composition,p99p100,Jordan,Lower middle income,nonmil_g,-0.2254205801234494,0.4365360394045782,-0.4000621084713984,0.0691441012400397,-5.7859181231172325,2.8701031135993567e-6,-0.5414776739061522,-0.2586465430366446
Composition,p99p100,Kenya,Low income,public_debt,0.5497665004022263,0.49673760370945885,1.0924052829189281,0.3882621537434289,2.8135765291221526,0.016860298099523312,0.2378460443044229,1.9469645215334332
Composition,p99p100,Kenya,Low income,growth,3.87282036066815,0.49673760370945885,7.695429639118737,2.323695526112501,3.3117202975353,0.0069323411962884576,2.58101026957379,12.809849008663685
Composition,p99p100,Kenya,Low income,life_exp,-0.01303099986810299,0.49673760370945885,-0.025893052936504304,0.009096612881407765,-2.8464499120794917,0.01589737412008998,-0.04591456289558124,-0.005871542977427372
Composition,p99p100,Kenya,Low income,gdp_x_debt,-7.45635845389303,0.49673760370945885,-14.816045285426728,4.806670750154147,-3.0823923783320475,0.010426684087269196,-25.39545627596255,-4.236634294890905
Composition,p99p100,Kenya,Low income,military_exp,5.844206859459366,0.49673760370945885,11.61264362792847,2.4399859799563024,4.759307521978647,5.907633674943338e-4,6.242270695212994,16.983016560643946
Composition,p99p100,Kenya,Low income,nonmil_g,-0.05040802484032197,0.49673760370945885,-0.10016251007798452,0.29725561594614663,-0.3369575029194093,0.7424902941268446,-0.7544177095293527,0.5540926893733837
Composition,p99p100,Lebanon,Upper middle income,public_debt,0.013706391798316446,-1.0682201212864058,0.0066271436281121025,0.0027555138304309005,2.4050482182031967,0.03491920089534929,5.622985789064221e-4,0.012691988677317783
Composition,p99p100,Lebanon,Upper middle income,growth,0.1879739656225145,-1.0682201212864058,0.09088682760981802,0.027660553892600873,3.28579203304132,0.007258744983856348,0.030006358972288483,0.15176729624734756
Composition,p99p100,Lebanon,Upper middle income,life_exp,-0.00297726624882659,-1.0682201212864058,-0.0014395306467547416,2.963920967158738e-4,-4.856845586320403,5.052062106442923e-4,-0.0020918852531948257,-7.871760403146576e-4
Composition,p99p100,Lebanon,Upper middle income,gdp_x_debt,-0.1417203412631108,-1.0682201212864058,-0.06852285199457522,0.01355021655618826,-5.056956227262764,3.680356873726623e-4,-0.09834667755077361,-0.03869902643837683
Composition,p99p100,Lebanon,Upper middle income,military_exp,-0.5694572424092558,-1.0682201212864058,-0.2753368640737625,0.05592784384435333,-4.923073108987045,4.546370264202447e-4,-0.3984332184111067,-0.15224050973641834
Composition,p99p100,Lebanon,Upper middle income,nonmil_g,-0.15888211130083502,-1.0682201212864058,-0.07682069701653053,0.014153231592212233,-5.427784920780979,2.0771039810206892e-4,-0.10797174971832982,-0.04566964431473125
Composition,p99p100,Luxembourg,High income,public_debt,-0.487615737976134,0.007865694283714947,-0.49148158184500346,0.18635295079272876,-2.6373694634524694,0.023101401236308633,-0.9016416610790868,-0.08132150261092008
Composition,p99p100,Luxembourg,High income,growth,-0.6665935733698853,0.007865694283714947,-0.6718783631704267,0.25201651841797174,-2.6660092258560217,0.02194989065866928,-1.2265629803063436,-0.11719374603450972
Composition,p99p100,Luxembourg,High income,life_exp,-0.014015323562005117,0.007865694283714947,-0.014126437803082075,0.007144942788666494,-1.9771239911801424,0.07363033036418244,-0.029852350850640797,0.0015994752444766468
Composition,p99p100,Luxembourg,High income,gdp_x_debt,2.9407535298336738,0.007865694283714947,2.9640679824195337,1.8858364284012148,1.5717524265518767,0.14430896705528085,-1.1866300108517582,7.114765975690826
Composition,p99p100,Luxembourg,High income,military_exp,-27.84145624323175,0.007865694283714947,-28.062184809879373,11.984937538826676,-2.3414544063303193,0.0390719373870145,-54.440854477462096,-1.683515142296649
Composition,p99p100,Luxembourg,High income,nonmil_g,0.06639494580191276,0.007865694283714947,0.06692132851305652,0.25357496246371186,0.26391142036601256,0.7967269753089186,-0.49119340084036756,0.6250360578664806
Composition,p99p100,Malaysia,Upper middle income,public_debt,-0.005184710470802666,0.927767834950916,-0.0717784170982483,0.10216676878096326,-0.7025612922351986,0.48725585943072036,-0.2796382710740875,0.13608143687759094
Composition,p99p100,Malaysia,Upper middle income,growth,0.010692746229845979,0.927767834950916,0.14803302964240267,0.5914360020889577,0.2502942484386283,0.8039115354625275,-1.0552525640698607,1.351318623354666
Composition,p99p100,Malaysia,Upper middle income,life_exp,-0.0014536926090804032,0.927767834950916,-0.020125280864730737,0.01604896384264296,-1.2539925357210155,0.218655345718777,-0.05277714331079915,0.012526581581337678
Composition,p99p100,Malaysia,Upper middle income,gdp_x_debt,0.021287302320700068,0.927767834950916,0.2947066906583054,1.0261114441193173,0.28720729346435064,0.7757494071915457,-1.7929327392902779,2.3823461206068886
Composition,p99p100,Malaysia,Upper middle income,military_exp,-0.04480813043733068,0.927767834950916,-0.6203348661483723,2.630528536790888,-0.23582137865919123,0.8150287531268106,-5.972185414626459,4.731515682329714
Composition,p99p100,Malaysia,Upper middle income,nonmil_g,-0.001725861053837508,0.927767834950916,-0.023893248287168618,0.9344156027070019,-0.025570258264042127,0.9797541128757588,-1.9249760861699072,1.8771895895955701
Composition,p99p100,Malta,High income,public_debt,0.10485109911020886,1.1306041614644198,-0.8028159128664,0.8778140446630907,-0.9145626203491933,0.41216447319796656,-3.2400184204451152,1.634386594712315
Composition,p99p100,Malta,High income,growth,0.3796355709929849,1.1306041614644198,-2.9067647365616924,3.234463763214449,-0.898685206994842,0.41962778077749086,-11.887075819878083,6.073546346754698
Composition,p99p100,Malta,High income,life_exp,0.008480652041354963,1.1306041614644198,-0.06493401087885955,0.08045997604676997,-0.8070349267953368,0.46489755162997,-0.28832671753824574,0.15845869578052663
Composition,p99p100,Malta,High income,gdp_x_debt,-0.40333841229539774,1.1306041614644198,3.088250847238726,3.4273435346599195,0.9010625331274705,0.41850320537806496,-6.427580333399112,12.604082027876563
Composition,p99p100,Malta,High income,military_exp,7.725897460476953,1.1306041614644198,-59.15506346696084,67.18391778039134,-0.8804944013584477,0.42831568197309994,-245.6875231363394,127.3773962024177
Composition,p99p100,Malta,High income,nonmil_g,-0.4481478771554567,1.1306041614644198,3.4313445462267653,4.0870840417997965,0.8395581082095223,0.44840467353056235,-7.916219936160293,14.778909028613825
Composition,p99p100,Mexico,Upper middle income,public_debt,-0.04767997772510932,1.2430581718549094,0.1961669396311073,0.7456415028599415,0.26308479192574474,0.79734784118929,-1.4449789429120512,1.8373128221742656
Composition,p99p100,Mexico,Upper middle income,growth,-0.9646759566930886,1.2430581718549094,3.9689097853864386,4.370534589438348,0.9081062520309393,0.38328613319553695,-5.650571987634569,13.588391558407446
Composition,p99p100,Mexico,Upper middle income,life_exp,0.013093470920626266,1.2430581718549094,-0.053869700494753384,0.04246865703742973,-1.2684578287294404,0.23082165370586766,-0.14734258440315756,0.039603183413650794
Composition,p99p100,Mexico,Upper middle income,gdp_x_debt,4.346337741140894,1.2430581718549094,-17.881882793619408,20.405339551380976,-0.8763335081287198,0.3995817941260299,-62.79373233283991,27.029966745601097
Composition,p99p100,Mexico,Upper middle income,military_exp,-7.6043004725953365,1.2430581718549094,31.285928033452954,127.91751232577336,0.2445789279717671,0.8112848020863725,-250.25861831141347,312.83047437831937
Composition,p99p100,Mexico,Upper middle income,nonmil_g,-1.0489890738751089,1.2430581718549094,4.3157943049999155,3.7708257595549357,1.1445223354762755,0.276700587118383,-3.98373723307178,12.615325843071611
Composition,p99p100,Netherlands,High income,public_debt,9.565697896230102e-4,0.20468803801744168,0.0012027604705434926,0.010655650149205319,0.11287537162931278,0.9112014371057017,-0.020956877104318455,0.023362398045405443
Composition,p99p100,Netherlands,High income,growth,0.5166009490149371,0.20468803801744168,0.6495576248182553,0.16511430870156074,3.933987489796003,7.606589241649699e-4,0.30618362247984954,0.9929316271566611
Composition,p99p100,Netherlands,High income,life_exp,-0.0012157649445185695,0.20468803801744168,-0.0015286642256554315,9.308793194025577e-4,-1.6421722921468862,0.11544584313502572,-0.0034645337460556705,4.0720529474480745e-4
Composition,p99p100,Netherlands,High income,gdp_x_debt,-0.904667030966153,0.20468803801744168,-1.13749959036325,0.27870272256844214,-4.081408247039675,5.348383363624137e-4,-1.71709363077988,-0.5579055499466202
Composition,p99p100,Netherlands,High income,military_exp,-0.17968004376102031,0.20468803801744168,-0.22592397996015656,0.184773738978443,-1.222706111859946,0.23498623197710009,-0.6101820056818252,0.15833404576151205
Composition,p99p100,Netherlands,High income,nonmil_g,0.12364360405645125,0.20468803801744168,0.15546554052604936,0.07599865000977084,2.0456355541323665,0.05352151444965922,-0.0025823042148835074,0.31351338526698225
Composition,p99p100,New Zealand,High income,public_debt,-0.06952957629846078,0.546269973598168,-0.1532399714646261,0.12951759446871686,-1.1831594934512086,0.24519982162861406,-0.4167454987000703,0.11026555577081815
Composition,p99p100,New Zealand,High income,growth,-0.0850756999692376,0.546269973598168,-0.18750290926061156,1.0749476839077872,-0.17442979976381456,0.8625934384008155,-2.3745004161287406,1.9994945976075176
Composition,p99p100,New Zealand,High income,life_exp,0.001436195217863185,0.546269973598168,0.003165307857741958,0.01157378047820134,0.27348953643139023,0.7861814018228481,-0.02038172557447919,0.026712341289963103
Composition,p99p100,New Zealand,High income,gdp_x_debt,0.15909617761436443,0.546269973598168,0.35064061965664534,2.264152317870537,0.1548661796687014,0.8778701622182485,-4.25581190680634,4.957093146119631
Composition,p99p100,New Zealand,High income,military_exp,0.4210967527319917,0.546269973598168,0.928077773629776,6.147765434585284,0.15096180612368829,0.8809248866770326,-11.579645048164265,13.435800595423816
Composition,p99p100,New Zealand,High income,nonmil_g,-0.14767678942580997,0.546269973598168,-0.32547281606402784,0.41963081168621297,-0.7756170590909954,0.44349829269187024,-1.1792181217207107,0.5282724895926549
Composition,p99p100,Norway,High income,public_debt,0.02700946264443309,0.8813212301689861,0.22758461924480455,0.5417519538162694,0.4200900756178684,0.6772270880941254,-0.8759279993682116,1.3310972378578207
Composition,p99p100,Norway,High income,growth,0.19810656600342774,0.8813212301689861,1.6692671004722301,4.218108715521144,0.39573828297263164,0.6949243073603373,-6.922739188512447,10.261273389456907
Composition,p99p100,Norway,High income,life_exp,-3.478979827629021e-4,0.8813212301689861,-0.002931425589077746,0.01933430084040929,-0.15161787401957538,0.8804401821156965,-0.04231410764339609,0.0364512564652406
Composition,p99p100,Norway,High income,gdp_x_debt,-0.6650799670161528,0.8813212301689861,-5.604034891524043,14.223337567510644,-0.3940028045404013,0.6961923544744586,-34.57602543807516,23.367955655027078
Composition,p99p100,Norway,High income,military_exp,-0.2388422583260592,0.8813212301689861,-2.0125103981625823,10.608857543171872,-0.1897009541293996,0.8507416782301029,-23.622046063867582,19.597025267542417
Composition,p99p100,Norway,High income,nonmil_g,-0.0021260713458262975,0.8813212301689861,-0.017914504412656112,1.090584784913683,-0.01642651232666335,0.9869961212786138,-2.2393630166736003,2.2035340078482877
Composition,p99p100,Pakistan,Low income,public_debt,-0.024258386371959907,0.7789698724977084,-0.10975149245981594,0.17317641531017094,-0.6337554237004123,0.5310431476037584,-0.4634249155287621,0.24392193060913017
Composition,p99p100,Pakistan,Low income,growth,-0.5554672440474648,0.7789698724977084,-2.51308385116733,2.3476191571898517,-1.0704819150375067,0.29293969339546766,-7.307561793781289,2.28139409144663
Composition,p99p100,Pakistan,Low income,life_exp,-5.733840562595871e-4,0.7789698724977084,-0.0025941443491844453,0.004271733321096497,-0.607281436875503,0.5482335124528521,-0.011318187651524033,0.006129898953155143
Composition,p99p100,Pakistan,Low income,gdp_x_debt,1.075441134939042,0.7789698724977084,4.865586185430274,4.186948619404841,1.1620840444232388,0.2543632978953098,-3.6853036559287276,13.416476026789276
Composition,p99p100,Pakistan,Low income,military_exp,-0.013518329355830305,0.7789698724977084,-0.06116057348648162,0.765417104804873,-0.07990489512521833,0.936843553730955,-1.6243508442113115,1.5020296972383484
Composition,p99p100,Pakistan,Low income,nonmil_g,-0.00474007545488866,0.7789698724977084,-0.021445381715393147,0.25245414750545997,-0.08494763079671462,0.9328674013480969,-0.5370255336448039,0.49413477021401764
Composition,p99p100,Paraguay,Lower middle income,public_debt,0.03094497070638414,0.5054743286011346,0.06257505423095643,0.054338448246294475,1.1515797055397812,0.26185557907035306,-0.05011599013873043,0.1752660986006433
Composition,p99p100,Paraguay,Lower middle income,growth,0.17632301548371315,0.5054743286011346,0.3565497721987779,0.22438878689512531,1.5889821284404106,0.1263334628409446,-0.1088040896826783,0.8219036340802341
Composition,p99p100,Paraguay,Lower middle income,life_exp,9.356244995265637e-4,0.5054743286011346,0.0018919634583983507,0.0015951256064116704,1.186090581703114,0.2482387688112252,-0.00141612457666289,0.005200051493459592
Composition,p99p100,Paraguay,Lower middle income,gdp_x_debt,-0.4436089284380824,0.5054743286011346,-0.8970392319234819,0.6229031698235827,-1.4400941837838768,0.16392064350238422,-2.1888613397326577,0.39478287588569394
Composition,p99p100,Paraguay,Lower middle income,military_exp,-0.09933235713884919,0.5054743286011346,-0.2008639043103013,0.4975620446540688,-0.4036961952151162,0.6903332323063076,-1.232744428329635,0.8310166197090323
Composition,p99p100,Paraguay,Lower middle income,nonmil_g,-0.04338628826668284,0.5054743286011346,-0.087733136570961,0.08900803269763782,-0.9856766171767029,0.33500890036416575,-0.272324498409713,0.09685822526779099
Composition,p99p100,Portugal,High income,public_debt,0.015488247292752062,0.2529529123278297,0.020732625223149028,0.015425850180311479,1.3440183186538892,0.19477261351511949,-0.011554050263941653,0.053019300710239706
Composition,p99p100,Portugal,High income,growth,0.11935718293907803,0.2529529123278297,0.15977196740168007,0.0925010277103555,1.7272453220948765,0.10034519205544618,-0.033834908653583545,0.3533788434569437
Composition,p99p100,Portugal,High income,life_exp,-0.0017755940057526157,0.2529529123278297,-0.002376816716179753,0.002670825319769789,-0.8899184452784138,0.3846394645723562,-0.007966918355580686,0.0032132849232211803
Composition,p99p100,Portugal,High income,gdp_x_debt,-0.155522815235968,0.2529529123278297,-0.20818341681858843,0.1696542932582761,-1.2271037344257292,0.23477201157585506,-0.5632739335418018,0.14690709990462492
Composition,p99p100,Portugal,High income,military_exp,-4.095622499347125,0.2529529123278297,-5.48241545537545,1.9039655685728245,-2.879471953626221,0.009601824183248266,-9.467461189163565,-1.4973697215873352
Composition,p99p100,Portugal,High income,nonmil_g,-0.1703697258327946,0.2529529123278297,-0.22805754636387612,0.05382709092633284,-4.236854387616696,4.4618924289708026e-4,-0.340718942451514,-0.11539615027623826
Composition,p99p100,Singapore,High income,public_debt,-0.02302019510985361,0.779901177334344,-0.1045902691847777,0.0868140372789822,-1.204762184353557,0.23686443207294952,-0.28121475606220414,0.0720342176926487
Composition,p99p100,Singapore,High income,growth,0.012439819404712974,0.779901177334344,0.056519245555483266,0.2774088902191041,0.2037398495442703,0.8398080192884929,-0.5078733852437282,0.6209118763546947
Composition,p99p100,Singapore,High income,life_exp,0.0030340122870039336,0.779901177334344,0.013784772904545658,0.005715035044305206,2.4120189636075127,0.021586372219952417,0.002157446681447659,0.025412099127643657
Composition,p99p100,Singapore,High income,gdp_x_debt,0.009901762277382962,0.779901177334344,0.04498780210389569,0.3208067234489789,0.14023335178338475,0.889328079292439,-0.6076983842776513,0.6976739884854426
Composition,p99p100,Singapore,High income,military_exp,0.6197244549405772,0.779901177334344,2.815664561195667,1.3459707290283918,2.0919210949172684,0.04421897996017426,0.07726652306836579,5.554062599322968
Composition,p99p100,Singapore,High income,nonmil_g,-0.07753163882595637,0.779901177334344,-0.35225830782262674,0.3107384518412341,-1.1336167305184568,0.26512398320777186,-0.9844604415993421,0.27994382595408857
Composition,p99p100,South Africa,Upper middle income,public_debt,0.043841339997072064,0.8665156642173552,0.3284380878102415,0.24516376332368614,1.3396681604067624,0.18979024980448977,-0.17094415631193555,0.8278203319324184
Composition,p99p100,South Africa,Upper middle income,growth,-0.15728174514751067,0.8665156642173552,-1.1782786663718776,1.0385986053864549,-1.134488974143624,0.2650166611631013,-3.293834796154708,0.9372774634109524
Composition,p99p100,South Africa,Upper middle income,life_exp,-0.0018938576216793062,0.8665156642173552,-0.014187864145820912,0.006669721214112405,-2.1272049745948802,0.04120712077717295,-0.02777364167842966,-6.020866132121633e-4
Composition,p99p100,South Africa,Upper middle income,gdp_x_debt,0.48373085066513194,0.8665156642173552,3.6238772724074555,3.17278046136582,1.1421771271395964,0.26185497850035855,-2.8388650408273084,10.08661958564222
Composition,p99p100,South Africa,Upper middle income,military_exp,0.04236721857687805,0.8665156642173552,0.3173946840164483,1.494831520116043,0.21232806489911932,0.8331978264162553,-2.727477482163069,3.362266850195966
Composition,p99p100,South Africa,Upper middle income,nonmil_g,0.11641960434266796,0.8665156642173552,0.8721592961457011,0.3376791626034138,2.582804604884684,0.014577726763890709,0.18432935044712218,1.55998924184428
Composition,p99p100,South Korea,High income,public_debt,0.45222271837813566,0.4531511558008222,0.8269610938656814,0.20957339559771362,3.945925920163424,8.66926595349629e-4,0.3883189357156383,1.2656032520157245
Composition,p99p100,South Korea,High income,growth,0.24551305556081712,0.4531511558008222,0.4489596314688275,0.12775454928600594,3.514235962460602,0.002319183906721043,0.1815662867531252,0.7163529761845298
Composition,p99p100,South Korea,High income,life_exp,0.0011314119640299849,0.4531511558008222,0.0020689665453839613,0.0056624946645013365,0.36538074964635103,0.7188631617942107,-0.009782770995376045,0.013920704086143966
Composition,p99p100,South Korea,High income,gdp_x_debt,-1.2694623425036453,0.4531511558008222,-2.3214135971388674,0.946984993286402,-2.451373161767506,0.02407942489161588,-4.303475967250998,-0.3393512270267369
Composition,p99p100,South Korea,High income,military_exp,-0.8718020062782837,0.4531511558008222,-1.594228488413425,1.8063468401963687,-0.8825705301646919,0.38849845345403733,-5.374955875548867,2.1864988987220166
Composition,p99p100,South Korea,High income,nonmil_g,-1.4625018542288455,0.4531511558008222,-2.6744170162242513,0.8952763630520217,-2.987253016607174,0.007572360497569104,-4.548251979435319,-0.8005820530131833
Composition,p99p100,Spain,High income,public_debt,0.001971228275100183,0.4615889996046399,0.0036611961376210585,0.00847585312325006,0.431956062048557,0.6687630670124298,-0.01362542027692843,0.02094781255217055
Composition,p99p100,Spain,High income,growth,0.09414518169293398,0.4615889996046399,0.17485746320896547,0.0832136998718492,2.101306196915286,0.04383968945472699,0.005142003395933958,0.344572923021997
Composition,p99p100,Spain,High income,life_exp,0.0021379686216708447,0.4615889996046399,0.003970885847616254,0.002207628871422031,1.798710779252688,0.08180817590318316,-5.316029203019058e-4,0.008473374615534414
Composition,p99p100,Spain,High income,gdp_x_debt,-0.11377772980165106,0.4615889996046399,-0.21132133206435794,0.15647100207824463,-1.3505462945695519,0.18661811863861452,-0.5304460447740582,0.10780338064534234
Composition,p99p100,Spain,High income,military_exp,0.8920609330853049,0.4615889996046399,1.6568400950765425,0.6004493738586196,2.759333537862358,0.00963323920216256,0.43221552321158385,2.8814646669415014
Composition,p99p100,Spain,High income,nonmil_g,0.035781525043645596,0.4615889996046399,0.0664576411280061,0.15029793983362838,0.44217266851143194,0.6614338746733841,-0.2400770281283573,0.37299231038436953
Composition,p99p100,Sweden,High income,public_debt,0.07372188581085029,0.601245755124418,0.18488050411564336,0.07654424079819527,2.415341796949437,0.022021213605385725,0.028556309444999678,0.341204698786287
Composition,p99p100,Sweden,High income,growth,0.09392374070208985,0.601245755124418,0.2355429237659793,0.405375673481494,0.5810484919903123,0.5655479357549886,-0.59234464863984,1.0634304961717986
Composition,p99p100,Sweden,High income,life_exp,-0.00849575708422472,0.601245755124418,-0.021305747069540387,0.01088088233416624,-1.958090016527411,0.05957618939195471,-0.04352747336086282,9.159792217820449e-4
Composition,p99p100,Sweden,High income,gdp_x_debt,-0.48203014923832044,0.601245755124418,-1.2088401701873341,1.0262476964154974,-1.1779224201034508,0.24808744061966348,-3.304717573919299,0.8870372335446308
Composition,p99p100,Sweden,High income,military_exp,-3.444333470823424,0.601245755124418,-8.637734933450336,3.5844570188631226,-2.409775005808259,0.022303233190880817,-15.958172773870137,-1.3172970930305343
Composition,p99p100,Sweden,High income,nonmil_g,0.05785333260076342,0.601245755124418,0.1450851830274926,0.1843790090042052,0.7868855777621822,0.43752130145644363,-0.23146698858191359,0.5216373546368988
Composition,p99p100,Switzerland,High income,public_debt,0.013687289872765305,0.3149818297578234,0.0199809150579559,0.03083077733206965,0.6480834019443321,0.5228392505777133,-0.043516259468794,0.08347808958470579
Composition,p99p100,Switzerland,High income,growth,0.17915845666815544,0.3149818297578234,0.2615382546784372,0.4750236496348829,0.5505794393173122,0.5868086835424582,-0.716791265214179,1.2398677745710536
Composition,p99p100,Switzerland,High income,life_exp,-0.004353256609802112,0.3149818297578234,-0.0063549505676077055,0.004830465535916078,-1.3155979522794619,0.20024708498329505,-0.016303480566572985,0.003593579431357576
Composition,p99p100,Switzerland,High income,gdp_x_debt,-0.3963412659531619,0.3149818297578234,-0.5785850407632868,1.2121406866567739,-0.47732498969166043,0.6372773039022556,-3.0750355162937675,1.9178654347671937
Composition,p99p100,Switzerland,High income,military_exp,-3.4434368520794214,0.3149818297578234,-5.026781772609116,3.5188951740172985,-1.428511371900391,0.1655202303679528,-12.274082046595266,2.2205185013770343
Composition,p99p100,Switzerland,High income,nonmil_g,-0.11812380895887106,0.3149818297578234,-0.1724389426299603,0.5427681809817183,-0.3177027480094093,0.7533488845853841,-1.2902909365695883,0.9454130513096678
Composition,p99p100,Thailand,Lower middle income,public_debt,0.010264993032369399,1.1034934848023406,-0.09918492020994593,0.26792555902899773,-0.37019581323038725,0.7142352750872034,-0.6499137941588995,0.4515439537390076
Composition,p99p100,Thailand,Lower middle income,growth,-0.1436207603717833,1.1034934848023406,1.387727552570877,1.6344890345829408,0.849028364956252,0.4036153578794739,-1.9720127751533263,4.74746788029508
Composition,p99p100,Thailand,Lower middle income,life_exp,-0.002878811675258179,1.1034934848023406,0.027816356563472037,0.04303544946324539,0.6463591506631926,0.5237118022520798,-0.06064427671345647,0.11627698984040054
Composition,p99p100,Thailand,Lower middle income,gdp_x_debt,-0.14289628926383097,1.1034934848023406,1.3807273910695421,2.8725988428659592,0.4806544410120301,0.6347819813973195,-4.523984095852889,7.285438877991973
Composition,p99p100,Thailand,Lower middle income,military_exp,-1.0378810584754965,1.1034934848023406,10.028467593469463,15.339878608145312,0.6537514311322159,0.5190126492694389,-21.50310447078128,41.56003965772021
Composition,p99p100,Thailand,Lower middle income,nonmil_g,0.22471747473002923,1.1034934848023406,-2.171320012648247,3.778223405020336,-0.5746933888988918,0.5704384380979186,-9.937569447437061,5.5949294221405665
Composition,p99p100,Togo,Low income,public_debt,0.01844997895716535,-0.7176795277564911,0.010741223062292289,0.031273300430076624,0.3434630472184535,0.7639954162769298,-0.1238169284014519,0.14529937452603647
Composition,p99p100,Togo,Low income,growth,0.741083079176384,-0.7176795277564911,0.4314443219477228,0.25987957426793395,1.660170189069599,0.23875552739634154,-0.6867272376823312,1.549615881577777
Composition,p99p100,Togo,Low income,life_exp,-0.0010527975561921109,-0.7176795277564911,-6.129184979966542e-4,5.905312489911605e-4,-1.0379103545218633,0.4083322515728547,-0.00315376938847083,0.0019279323924775219
Composition,p99p100,Togo,Low income,gdp_x_debt,-1.1614737129133041,-0.7176795277564911,-0.6761876672247106,0.45328184168457425,-1.4917598832367303,0.2742823169721944,-2.626502020694707,1.2741266862452862
Composition,p99p100,Togo,Low income,military_exp,-0.23785680506027868,-0.7176795277564911,-0.13847565929306385,0.267091172809482,-0.51845838945729406,0.6557960216395776,-1.2876762230737668,1.0107249044876392
Composition,p99p100,Togo,Low income,nonmil_g,-0.14894011525975137,-0.7176795277564911,-0.08671007184575705,0.0790947212082139,-1.096281401858615,0.38733550314822296,-0.42702718996105127,0.2536070462695371
Composition,p99p100,Turkey,Upper middle income,public_debt,-0.018557673435790727,0.7870357923379928,-0.08713987030742451,0.07388314714739186,-1.1794282413767025,0.24692236835216053,-0.23763491625171607,0.06335517563686704
Composition,p99p100,Turkey,Upper middle income,growth,0.13780947749479483,0.7870357923379928,0.6471015904865597,0.42396582661468585,1.5263060130425723,0.13675805223307333,-0.21648853823251812,1.5106917192056375
Composition,p99p100,Turkey,Upper middle income,life_exp,-0.0017098102698494184,0.7870357923379928,-0.008028627385889355,0.0030011358588904447,-2.6751962468162414,0.011670190959092771,-0.014141741085117072,-0.001915513686661638
Composition,p99p100,Turkey,Upper middle income,gdp_x_debt,-0.3899750901970096,0.7870357923379928,-1.8311766774252234,1.0574192812428231,-1.7317413346888995,0.0929510821026004,-3.9850692694063445,0.322715914555898
Composition,p99p100,Turkey,Upper middle income,military_exp,-0.04325508295446719,0.7870357923379928,-0.20310963719836336,1.8385365434326575,-0.11047353827362362,0.9127237998658235,-3.9480860256862247,3.541866751289498
Composition,p99p100,Turkey,Upper middle income,nonmil_g,0.09106545793085334,0.7870357923379928,0.42760921626502696,0.5737672694471071,0.7452659624120407,0.4615501710643227,-0.741116466257842,1.5963348987878958
Composition,p99p100,United Kingdom,High income,public_debt,-0.04315439001839717,0.5447892160946198,-0.09480089563820002,0.029065185221533864,-3.2616649409123246,0.0026946927024283293,-0.1540797317195205,-0.03552205955687954
Composition,p99p100,United Kingdom,High income,growth,0.03861224870176691,0.5447892160946198,0.08482278994030341,0.26135134850954395,0.32455462894696285,0.7476981718492929,-0.4482067995787454,0.6178523794593522
Composition,p99p100,United Kingdom,High income,life_exp,0.004129322222336383,0.5447892160946198,0.009071231105093287,0.003736956563546509,2.42743819759156,0.0212084713856984,0.0014496579451408684,0.016692804265045706
Composition,p99p100,United Kingdom,High income,gdp_x_debt,0.11174122223833992,0.5447892160946198,0.24547138641945349,0.45040960484358644,0.5449958965788446,0.5896561179985049,-0.6731450590451338,1.1640878318840409
Composition,p99p100,United Kingdom,High income,military_exp,-0.5095729480791839,0.5447892160946198,-1.119421960322239,0.6395993894983557,-1.7501923527478866,0.08997841770089303,-2.423893515511069,0.18504959486659112
Composition,p99p100,United Kingdom,High income,nonmil_g,0.08794977649016983,0.5447892160946198,0.19320670687021996,0.14407652567207513,1.3410005965161,0.18966391275917216,-0.10063930454805459,0.4870527182884945
Composition,p99p100,United States,High income,public_debt,-0.020858797243983238,-0.0820108255145284,-0.019277808273373102,0.031002894043214827,-0.6218067334779079,0.5467402142462358,-0.08751471798238242,0.048959101435636206
Composition,p99p100,United States,High income,growth,-1.0692058272750598,-0.0820108255145284,-0.9881655544126562,0.49841945647053476,-1.9825982745741266,0.07294455640148788,-2.0851793816052435,0.10884827277993137
Composition,p99p100,United States,High income,life_exp,0.014545892560031613,-0.0820108255145284,0.013443389120542862,0.00236558673225005,5.682898427383408,1.4173110394515587e-4,0.008236767827950828,0.018650010413134896
Composition,p99p100,United States,High income,gdp_x_debt,2.2453509253932045,-0.0820108255145284,2.075164935919632,0.8994007875539602,2.3072749820058736,0.041497276205638894,0.09559714953863274,4.054732722300631
Composition,p99p100,United States,High income,military_exp,-0.528433531740975,-0.0820108255145284,-0.4883810025557638,0.263395067613484,-1.8541767200911776,0.09069851392792525,-1.068109637614376,0.09134763250284839
Composition,p99p100,United States,High income,nonmil_g,-1.2355186345902058,-0.0820108255145284,-1.1418727109339963,0.5333877548276054,-2.1407928858491654,0.055528731352418495,-2.315851243884153,0.03210582201616052
Composition,p99p100,Uruguay,Upper middle income,public_debt,0.049326573824142544,-0.06286773969844091,0.04640894815204155,0.04581836197040772,1.012889727092716,0.33287431450469696,-0.05443658660453295,0.14725448290861604
Composition,p99p100,Uruguay,Upper middle income,growth,-0.36853013216328906,-0.06286773969844091,-0.34673188243332065,0.3360977931900574,-1.0316398663089403,0.3243903496323771,-1.0864781375841857,0.39301437271754436
Composition,p99p100,Uruguay,Upper middle income,life_exp,-0.007135301357800605,-0.06286773969844091,-0.006713254237846232,0.009639750447130821,-0.696413696045873,0.5006208928381342,-0.02793020191896791,0.014503693443275444
Composition,p99p100,Uruguay,Upper middle income,gdp_x_debt,0.5743176815100215,-0.06286773969844091,0.5403472699933184,1.0823083808917475,0.49925444497446236,0.6274344841557531,-1.841797414992227,2.922491954978864
Composition,p99p100,Uruguay,Upper middle income,military_exp,-1.0163057799310564,-0.06286773969844091,-0.956192141290698,1.6103088783034105,-0.5937942429393565,0.5646608193993687,-4.500458085600317,2.588073803018921
Composition,p99p100,Uruguay,Upper middle income,nonmil_g,-0.06969024850204905,-0.06286773969844091,-0.06556812846894922,0.262788312894061,-0.24950930179068495,0.8075647835254046,-0.6439613053942957,0.5128250484563973
Composition,p99p100,Venezuela,Upper middle income,public_debt,-0.002526583294786117,0.23355693689870516,-0.0032965048761256755,0.01872590779875334,-0.17603978998257896,0.8634616825174288,-0.04451195005042607,0.03791894029817471
Composition,p99p100,Venezuela,Upper middle income,growth,0.08728028249277162,0.23355693689870516,0.11387705975132097,0.1052955839422222,1.081498914653511,0.3026148698252351,-0.11787695792869356,0.3456310774313355
Composition,p99p100,Venezuela,Upper middle income,life_exp,0.0011755752122369987,0.23355693689870516,0.0015338063175628638,0.002202883081504126,0.6962722308964227,0.5007060707385369,-0.003314706654244658,0.006382319289370385
Composition,p99p100,Venezuela,Upper middle income,gdp_x_debt,-0.018995411700307316,0.23355693689870516,-0.024783852336591427,0.13037239041552073,-0.19010046726611932,0.8526930994827577,-0.311731548926826,0.26216384425364314
Composition,p99p100,Venezuela,Upper middle income,military_exp,-0.6044287893901883,0.23355693689870516,-0.7886153825236013,0.8481931208579682,-0.9297592295088382,0.3724501007374402,-2.655475854423803,1.0782450893766005
Composition,p99p100,Venezuela,Upper middle income,nonmil_g,-0.005913394206733244,0.23355693689870516,-0.007715373119570809,0.07387467616491093,-0.10443867262913925,0.9187011882019072,-0.17031243906511528,0.15488169282597364
Composition,gini,Argentina,Upper middle income,public_debt,-0.30121731343056823,0.9893174273330786,-28.197076006165425,54.738038908989466,-0.5151276254717029,0.6109889251926555,-140.9321774413393,84.53802542900843
Composition,gini,Argentina,Upper middle income,growth,0.9376127200635406,0.9893174273330786,87.77031051395127,227.97152705112305,0.3850055822728626,0.7034893707504213,-381.74583837787793,557.2864594057805
Composition,gini,Argentina,Upper middle income,life_exp,0.00645576761890709,0.9893174273330786,0.6043270493162548,6.135130373118767,0.09850272326145333,0.9223186646548618,-12.03121048028957,13.23986457892208
Composition,gini,Argentina,Upper middle income,gdp_x_debt,-0.48055384553634783,0.9893174273330786,-44.98484218360462,200.19158832767337,-0.22470895285556894,0.8240322299941094,-457.28713628136495,367.31745191415575
Composition,gini,Argentina,Upper middle income,military_exp,13.966139460410647,0.9893174273330786,1307.3760315861743,3962.925168383831,0.3299017710494269,0.7442226370376843,-6854.421134376679,9469.173197549027
Composition,gini,Argentina,Upper middle income,nonmil_g,0.7062321252581228,0.9893174273330786,66.11067832423653,247.958610599125,0.26661981273607693,0.791948765197961,-444.56963969180384,576.7909963402769
Composition,gini,Australia,High income,public_debt,-0.0238977452112783,0.7026166697619154,-0.08036006992102013,3.4169638074966664,-0.0235179751523015,0.9814100532381731,-7.091390683851346,6.930670544009306
Composition,gini,Australia,High income,growth,13.997529812276872,0.7026166697619154,47.068979290367324,28.992602441268605,1.6234823826428382,0.11610577417493412,-12.418927150808415,106.55688573154306
Composition,gini,Australia,High income,life_exp,0.1328211123045856,0.7026166697619154,0.4466326750670565,0.21261065085495195,2.100706964919457,0.04514155906570868,0.010391653514130905,0.8828736966199822
Composition,gini,Australia,High income,gdp_x_debt,-34.63097070179559,0.7026166697619154,-116.45229298518545,82.68259367224613,-1.408425737668589,0.17041678170977043,-286.1029618636398,53.198375893268874
Composition,gini,Australia,High income,military_exp,7.049267072325236,0.7026166697619154,23.704311424186432,156.97135665704343,0.15101042590831681,0.8810900924408442,-298.374308378046,345.78293122641884
Composition,gini,Australia,High income,nonmil_g,8.00875844578616,0.7026166697619154,26.930757818114287,26.771933499433814,1.0059324933958853,0.32337863546298673,-28.000712321204837,81.86222795743342
Composition,gini,Bangladesh,Low income,public_debt,3.063091186716334,1.0136504650577078,-224.39463957945785,1848.965193130323,-0.12136228438111087,0.905592689777377,-4293.93959118527,3845.150312026354
Composition,gini,Bangladesh,Low income,growth,10.469137564746415,1.0136504650577078,-766.9436550687287,5790.963280611468,-0.13243801038015685,0.8970293917036507,-13512.767898330163,11978.880588192704
Composition,gini,Bangladesh,Low income,life_exp,-0.012527745174809651,1.0136504650577078,0.9177522613220979,7.9577547553834735,0.11532804032459437,0.9102634731016868,-16.5971478629256,18.432652385569792
Composition,gini,Bangladesh,Low income,gdp_x_debt,-35.39031022940778,1.0136504650577078,2592.608389515958,19753.485366552828,0.13124814894215264,0.8979487082604158,-40884.51976235416,46069.73654138608
Composition,gini,Bangladesh,Low income,military_exp,18.914721838298664,1.0136504650577078,-1385.6466983605312,14105.683345846483,-0.09823322021251417,0.9235142832217543,-32432.046415520414,29660.75301879935
Composition,gini,Bangladesh,Low income,nonmil_g,2.4414611879613743,1.0136504650577078,-178.85553185477625,1223.5045964794217,-0.14618296683921322,0.8864214871533054,-2871.7709920098923,2514.0599283003394
Composition,gini,Belgium,High income,public_debt,-0.5571348803241544,0.6951820558779076,-1.82776273860373,0.8344476481490695,-2.1903863503695926,0.03938413498209153,-3.55830124267594,-0.09722423453152018
Composition,gini,Belgium,High income,growth,-12.099018059933265,0.6951820558779076,-39.692604366779335,17.318229055165826,-2.2919551554804904,0.03184538635627376,-75.60841318808073,-3.7767955454779454
Composition,gini,Belgium,High income,life_exp,-0.22796501645365563,0.6951820558779076,-0.747872692043176,0.20039773677840605,-3.731941807656998,0.00115707299938479,-1.1634721612168324,-0.3322732228695196
Composition,gini,Belgium,High income,gdp_x_debt,13.222442663696144,0.6951820558779076,43.37816365036568,16.364602351835924,2.6507312990406477,0.014602564646720056,9.440055565934273,77.31627173479708
Composition,gini,Belgium,High income,military_exp,-129.75094720146902,0.6951820558779076,-425.66702421396263,77.6325131010285,-5.483102468420841,1.6493512403653344e-5,-586.6670023278921,-264.6670461000332
Composition,gini,Belgium,High income,nonmil_g,1.649623112878153,0.6951820558779076,5.411830716296051,9.225955189727555,0.586587578738919,0.563451951983809,-13.721629277369303,24.545290709961407
Composition,gini,Brazil,Upper middle income,public_debt,3.9993984667108244,0.6226162681058756,10.597697061920151,2.73900590898877,3.8691764143848735,9.551257785131951e-4,4.884230853924362,16.31116326991594
Composition,gini,Brazil,Upper middle income,growth,19.3472007638384,0.6226162681058756,51.2666528224017,34.665188338317385,1.4789088212087913,0.15474308502023845,-21.043662943915287,123.5769685887187
Composition,gini,Brazil,Upper middle income,life_exp,-0.4228316314936736,0.6226162681058756,-1.1204288785089962,0.06317167314964589,-17.73625460029907,1.0556134539019991e-13,-1.252202679601784,-0.9886550774162084
Composition,gini,Brazil,Upper middle income,gdp_x_debt,-37.811095066919236,0.6226162681058756,-100.19270008577686,56.49764241565177,-1.7733961241897782,0.09139252709478025,-218.04471702152398,17.65931684997024
Composition,gini,Brazil,Upper middle income,military_exp,155.48892461457976,0.6226162681058756,412.018090536564,61.83026895341663,6.663695589727766,1.7351824075914337e-6,283.04240956511944,540.9937715080085
Composition,gini,Brazil,Upper middle income,nonmil_g,9.873211540223116,0.6226162681058756,26.16226060055249,6.2194432716241455,4.206527732139034,4.3404314303352134e-4,13.188729273600899,39.13579192750408
Composition,gini,Canada,High income,public_debt,1.4273315962206028,0.5621670572462645,3.2599913273849355,1.692520011988184,1.9261168578771843,0.06842339633256052,-0.2705435513883998,6.790526206158271
Composition,gini,Canada,High income,growth,14.002396836843976,0.5621670572462645,31.981140452283864,22.958975228054697,1.3929689864033887,0.17892075499417553,-15.910442660120705,79.87272356468843
Composition,gini,Canada,High income,life_exp,0.25802998359100604,0.5621670572462645,0.5893343291350696,0.338398465335538,1.7415396034692912,0.09694988534752617,-0.1165525001657276,1.2952211584358668
Composition,gini,Canada,High income,gdp_x_debt,-12.659866754025856,0.5621670572462645,-28.9148337592006,28.743218426782793,-1.0059706373124138,0.32644630428274723,-88.87213675424816,31.042469235846962
Composition,gini,Canada,High income,military_exp,-26.0313752214001,0.5621670572462645,-59.45504022076695,180.5516654208516,-0.3292965483435557,0.745355144295728,-436.07921463163956,317.1691341901057
Composition,gini,Canada,High income,nonmil_g,-43.4710319435748,0.5621670572462645,-99.28680028086788,33.055286620482725,-3.0036587315308516,0.007017855091536763,-168.23891991009123,-30.33468065164452
Composition,gini,Chile,Upper middle income,public_debt,3.704233175200327,0.7550819284507947,15.124376701847938,4.264073128026563,3.546931829672345,0.004576655313538799,5.7392150255159375,24.50953837817994
Composition,gini,Chile,Upper middle income,growth,3.7760745719623494,0.7550819284507947,15.417704982230013,9.616308812210788,1.6032872158444635,0.13717464755876357,-5.747648008304385,36.58305797276441
Composition,gini,Chile,Upper middle income,life_exp,-0.3846438084909466,0.7550819284507947,-1.5704999065929264,0.21254026532627923,-7.389187663720979,1.3784934015875438e-5,-2.0382978764980066,-1.1027019366878463
Composition,gini,Chile,Upper middle income,gdp_x_debt,-30.681582575633517,0.7550819284507947,-125.27284075674844,97.06921170596638,-1.2905517470999357,0.22332568711662504,-338.92073522337404,88.37505370987715
Composition,gini,Chile,Upper middle income,military_exp,-76.59767180761932,0.7550819284507947,-312.74814195256494,40.265658338266526,-7.767118553612329,8.640958421169151e-6,-401.37225841640975,-224.12402548872015
Composition,gini,Chile,Upper middle income,nonmil_g,-8.109233136796668,0.7550819284507947,-33.10998280160589,13.699563821839417,-2.4168640134967645,0.03419629302561993,-63.262519473202744,-2.9574461300090356
Composition,gini,Colombia,Lower middle income,public_debt,-3.1971753760558155,1.1241820725814984,25.745869025962413,35.90327596376194,0.7170896898641882,0.47996551226516415,-48.19831199154611,99.69005004347093
Composition,gini,Colombia,Lower middle income,growth,-19.29826273183761,1.1241820725814984,155.40296864648093,214.85725510375838,0.7232847155728304,0.47621831276636706,-287.1038315784597,597.9097688714215
Composition,gini,Colombia,Lower middle income,life_exp,-0.1979403259704229,1.1241820725814984,1.5939525074403824,1.4183513918937214,1.1238064957317848,0.27177090917059255,-1.3271968655160378,4.515101880396802
Composition,gini,Colombia,Lower middle income,gdp_x_debt,64.75357265926748,1.1241820725814984,-521.440585691392,542.2503034870299,-0.961623409591811,0.3454482264075701,-1638.2259909651061,595.3448195823221
Composition,gini,Colombia,Lower middle income,military_exp,-32.377299893110546,1.1241820725814984,260.72442841426994,242.19196512367128,1.0765197279816254,0.29197415718381126,-238.07926092501316,759.528117753553
Composition,gini,Colombia,Lower middle income,nonmil_g,12.808625506469141,1.1241820725814984,-103.14391796016352,67.23824628869059,-1.5340066651546833,0.13758727692449504,-241.62367841124313,35.33584249091609
Composition,gini,Cyprus,High income,public_debt,-0.5795935123815011,1.0473163254431188,12.249334811052854,28.87347196295685,0.4242418378630775,0.6751681352631415,-47.342582442500905,71.8412520646066
Composition,gini,Cyprus,High income,growth,1.841439936373291,1.0473163254431188,-38.91764457886682,108.47838387112321,-0.35875944303431534,0.7229118463377524,-262.8060250182108,184.97073586047716
Composition,gini,Cyprus,High income,life_exp,0.04211515313045034,1.0473163254431188,-0.890076580039567,2.214065644636631,-0.4020100226909239,0.6912344448138938,-5.459683479355137,3.6795303192760027
Composition,gini,Cyprus,High income,gdp_x_debt,-2.5379509313403354,1.0473163254431188,53.637954925120425,148.48759801274412,0.36122851768749664,0.7210891406269743,-252.82538503298258,360.10129488322343
Composition,gini,Cyprus,High income,military_exp,2.5451230540956855,1.0473163254431188,-53.789533110623694,146.12738690991145,-0.36810028734576167,0.7160251967047773,-355.3816367684519,247.8025705472045
Composition,gini,Cyprus,High income,nonmil_g,1.1567979669067356,1.0473163254431188,-24.448178426225788,67.1024179902963,-0.3643412437054242,0.7187936825797636,-162.94076239816084,114.04440554570928
Composition,gini,Denmark,High income,public_debt,-1.251647811315153,0.4877947705379657,-2.4436451237129115,2.443068306145708,-1.0002361037412473,0.33122179438853616,-7.59806869372998,2.710778446304157
Composition,gini,Denmark,High income,growth,-13.802349533800022,0.4877947705379657,-26.946912565294458,21.850302020078626,-1.233251263096156,0.2342632152536574,-73.04702014761912,19.15319501703021
Composition,gini,Denmark,High income,life_exp,0.9543124378436709,0.4877947705379657,1.8631446595068522,0.3181736240603875,5.855748304118502,1.9080130507864203e-5,1.1918569910085652,2.5344323280051393
Composition,gini,Denmark,High income,gdp_x_debt,18.90878356421346,0.4877947705379657,36.91642036547192,38.734472008613146,0.9530637298286406,0.353913666974801,-44.80617207744865,118.6390128083925
Composition,gini,Denmark,High income,military_exp,443.8165790556793,0.4877947705379657,866.481936394552,246.4430667894076,3.5159517680202574,0.002650755999383575,346.5325150332434,1386.4313577558605
Composition,gini,Denmark,High income,nonmil_g,-6.073562649409494,0.4877947705379657,-11.857674033879967,11.70776066011147,-1.01280461551279,0.32535245734981955,-36.55888985612722,12.843541788367286
Composition,gini,Egypt,Lower middle income,public_debt,-2.8549634618840773,0.6038052195523469,-7.2059592977431635,4.347001121341078,-1.657685171132433,0.1147063669855423,-16.338669762521143,1.9267511670348156
Composition,gini,Egypt,Lower middle income,growth,-6.299548996711387,0.6038052195523469,-15.90013121726047,28.1225584476869,-0.5653870805118112,0.5787904927383689,-74.98343408797267,43.18317165345174
Composition,gini,Egypt,Lower middle income,life_exp,-0.05113760704143511,0.6038052195523469,-0.12907188475238285,0.15114759218903978,-0.853946019801315,0.40435673763094526,-0.44662119251170074,0.18847742300693504
Composition,gini,Egypt,Lower middle income,gdp_x_debt,9.311352747225117,0.6038052195523469,23.5019571350849,34.48768702357701,0.6814593602353828,0.5042549375859151,-48.95398464968289,95.95789891985268
Composition,gini,Egypt,Lower middle income,military_exp,22.457512412006825,0.6038052195523469,56.68300926789722,31.104072504234697,1.8223661631505021,0.08505672098578593,-8.664222197504714,122.03024073329915
Composition,gini,Egypt,Lower middle income,nonmil_g,-6.680062123257461,0.6038052195523469,-16.8605505496811,4.10919868371299,-4.103123710349834,6.675655994506845e-4,-25.493656632023185,-8.227444467339016
Composition,gini,Finland,High income,public_debt,1.1345371497406374,0.8292124622701202,6.642973865780764,6.78687332599905,0.9787973852897713,0.3399794786604372,-7.562115259757373,20.8480629913189
Composition,gini,Finland,High income,growth,-2.9785455982550633,0.8292124622701202,-17.440064057636206,18.497818887653477,-0.9428173215209023,0.3576092414014911,-56.156443943583284,21.27631582831087
Composition,gini,Finland,High income,life_exp,0.1578297036553057,0.8292124622701202,0.9241289250561807,0.1779409367650151,5.193458806371043,5.170251138086588e-5,0.5516942641430562,1.2965635859693052
Composition,gini,Finland,High income,gdp_x_debt,8.193235719843122,0.8292124622701202,47.973264494284535,47.613576180277896,1.0075543225874226,0.32632852982882943,-51.683095767439596,147.62962475600867
Composition,gini,Finland,High income,military_exp,120.3010226967616,0.8292124622701202,704.3899355644531,739.6800715929438,0.9522900002530941,0.3529084190752714,-843.7782468460385,2252.5581179749447
Composition,gini,Finland,High income,nonmil_g,-11.19577765267611,0.8292124622701202,-65.55383256583701,32.62407080347099,-2.00937010469161,0.05891887540168648,-133.83679751022163,2.7291323785475896
Composition,gini,France,High income,public_debt,1.283283491886079,0.6820142472000299,4.03566348676424,4.4169860778455,0.9136690529784824,0.37445411806140005,-5.327928706246939,13.399255679775418
Composition,gini,France,High income,growth,5.947185210693842,0.6820142472000299,18.702678212237192,15.541866690940253,1.2033739951674824,0.2463352781267071,-14.244607345677348,51.64996377015173
Composition,gini,France,High income,life_exp,0.057430075460884855,0.6820142472000299,0.18060581316991084,0.3965282949569301,0.45546765632330927,0.6548929817213294,-0.6599966206004537,1.0212082469402755
Composition,gini,France,High income,gdp_x_debt,-10.34204129746325,0.6820142472000299,-32.52359958393778,19.489001336632242,-1.6688181719606756,0.11460029074383224,-73.83843679399457,8.791237626119013
Composition,gini,France,High income,military_exp,72.16822900042658,0.6820142472000299,226.95428447646276,109.5122067613333,2.072410840657044,0.054744364914354804,-5.201222966301373,459.1097919192269
Composition,gini,France,High income,nonmil_g,-0.3728633667489767,0.6820142472000299,-1.172578845013624,42.43447228452382,-0.02763269535088039,0.97829683173256,-91.1296415106331,88.78448382060587
Composition,gini,Germany,High income,public_debt,-0.27838878157151614,0.7747079416267092,-1.2356795156545126,3.086832090760883,-0.4003066831373799,0.6929737550104191,-7.655098267950535,5.183739236641511
Composition,gini,Germany,High income,growth,-5.940079071638883,0.7747079416267092,-26.366127215175293,30.12355782603845,-0.8752660415292884,0.3913304545316689,-89.01149512265971,36.279240692309116
Composition,gini,Germany,High income,life_exp,0.23262669738455086,0.7747079416267092,1.0325561365288214,0.41845550118191577,2.4675410733337135,0.02228402582467407,0.1623302828684493,1.9027819901891934
Composition,gini,Germany,High income,gdp_x_debt,16.34470114346482,0.7747079416267092,72.54894496273351,56.24816492243786,1.289801099516282,0.2111437683645609,-44.425517550494106,189.52340747596114
Composition,gini,Germany,High income,military_exp,42.181955647008444,0.7747079416267092,187.23232390693656,141.04308480397435,1.327483188326158,0.19860036052738173,-106.08282795450876,480.5474757683819
Composition,gini,Germany,High income,nonmil_g,1.6482571007963545,0.7747079416267092,7.316090556842111,39.91454122644074,0.18329386564502678,0.8563256150185928,-75.6907419836178,90.32292309730202
Composition,gini,Greece,High income,public_debt,-0.2688933146317855,0.8394273946303079,-1.6745902204968448,3.4454853637032494,-0.48602447659129655,0.6319827835204358,-8.839869284660708,5.4906888436670185
Composition,gini,Greece,High income,growth,-4.3718769634972645,0.8394273946303079,-27.226792225434313,34.33385724406525,-0.7930012649580925,0.4366454211192974,-98.62795709309614,44.174372642227524
Composition,gini,Greece,High income,life_exp,-0.20348066873292198,0.8394273946303079,-1.2672190767811302,0.798154619894386,-1.5876862016394921,0.12730085325762974,-2.927072474546854,0.3926343209845937
Composition,gini,Greece,High income,gdp_x_debt,5.644434934751813,0.8394273946303079,35.15191723866239,34.10700954867674,1.0306361567259181,0.3144362387589784,-35.77749202102494,106.08132649834972
Composition,gini,Greece,High income,military_exp,-25.002049298179102,0.8394273946303079,-155.70557157378113,75.99104802292864,-2.048998870588025,0.05316328889186291,-313.7376071176295,2.326463970067266
Composition,gini,Greece,High income,nonmil_g,6.280295819868849,0.8394273946303079,39.11187593555886,39.372849876888054,0.993371728433547,0.33183788379629064,-42.76844777480207,120.99219964591978
Composition,gini,Guatemala,Lower middle income,public_debt,-4.653407332480541,0.8017677489020139,-23.474521964543314,12.361498071855243,-1.8990030033649636,0.08409220224486755,-50.68199577719811,3.732951848111483
Composition,gini,Guatemala,Lower middle income,growth,-44.98346583916286,0.8017677489020139,-226.9230440052237,87.55905767703467,-2.5916569915843435,0.025064070510140674,-419.63923058398484,-34.206857426462506
Composition,gini,Guatemala,Lower middle income,life_exp,-0.17770343411736228,0.8017677489020139,-0.8964405798404798,0.32154290417913867,-2.787934574793331,0.017651625855778244,-1.6041517402715317,-0.18872941940942778
Composition,gini,Guatemala,Lower middle income,gdp_x_debt,109.95001374372453,0.8017677489020139,554.652500462078,179.68769805851377,3.0867583393575453,0.01034574816939335,159.16254358426204,950.142457339894
Composition,gini,Guatemala,Lower middle income,military_exp,6.517168235888239,0.8017677489020139,32.87642752271831,327.2783683902149,0.10045401926325805,0.9217914012437645,-687.458404523149,753.2112595685858
Composition,gini,Guatemala,Lower middle income,nonmil_g,-37.67766259994971,0.8017677489020139,-190.06827794799977,46.49756987504099,-4.087703474800837,0.0017965250281594051,-292.408739223289,-87.72781667271053
Composition,gini,India,Low income,public_debt,7.442240360742538,1.8241396684576454,-9.030314454673059,5.320869086627731,-1.6971502789587154,0.11774587985391743,-20.741468353131047,2.6808394437849294
Composition,gini,India,Low income,growth,59.68613148233089,1.8241396684576454,-72.42234995681234,71.46327607749679,-1.0134205137513639,0.33263191742037346,-229.71196009491456,84.8672601812899
Composition,gini,India,Low income,life_exp,0.19891742610164753,1.8241396684576454,-0.24136373204060907,0.41698958474417924,-0.5788243660538532,0.5743684492872468,-1.1591516199753225,0.6764241558941042
Composition,gini,India,Low income,gdp_x_debt,-132.66167017967678,1.8241396684576454,160.96988806272293,88.01878155619487,1.8288129557889077,0.09464409343102571,-32.758143951809615,354.6979200772555
Composition,gini,India,Low income,military_exp,-65.71463196993,1.8241396684576454,79.73725144539289,152.5868057562919,0.5225697664367348,0.6116363910656282,-256.10404364999107,415.5785465407768
Composition,gini,India,Low income,nonmil_g,72.36316485940651,1.8241396684576454,-87.80449191923036,82.22707919661453,-1.0678293912067531,0.30847199884261267,-268.78507298865884,93.17608915019814
Composition,gini,Indonesia,Lower middle income,public_debt,-1.004398232550509,0.9806254882572918,-51.84121519493384,82.67792000676381,-0.6270261176223683,0.5381045579779522,-224.88809053753647,121.20566014766881
Composition,gini,Indonesia,Lower middle income,growth,2.0315353682582593,0.9806254882572918,104.85608077441475,177.44302584088598,0.59092816005313,0.5615331046539696,-266.5364405975548,476.2486021463843
Composition,gini,Indonesia,Lower middle income,life_exp,-0.17221208850445666,0.9806254882572918,-8.888589854104085,17.58050758408941,-0.5055934711548588,0.6189572204071068,-45.68501511631093,27.907835408102763
Composition,gini,Indonesia,Lower middle income,gdp_x_debt,1.8694147509580046,0.9806254882572918,96.48835417292915,310.4530090431301,0.3107985793738091,0.7593376237602123,-553.2972615177825,746.2739698636408
Composition,gini,Indonesia,Lower middle income,military_exp,-108.71468621217961,0.9806254882572918,-5611.2219835989135,10385.630918197263,-0.5402870588985758,0.5952762427054412,-27348.59731559244,16126.153348394615
Composition,gini,Indonesia,Lower middle income,nonmil_g,-4.599369801315463,0.9806254882572918,-237.39281084316778,449.27474624898986,-0.5283911744988304,0.603345732845574,-1177.7356617804928,702.9500400941572
Composition,gini,Iran,Lower middle income,public_debt,0.25378683682796244,1.0386529140163172,-6.565787943460799,20.42057972833286,-0.32152798945031863,0.7538372215771596,-51.511180885989575,38.37960499906798
Composition,gini,Iran,Lower middle income,growth,-6.721152580888733,1.0386529140163172,173.88475751275618,216.91485720734096,0.8016267753690386,0.43974254286582326,-303.54162420399814,651.3111392295104
Composition,gini,Iran,Lower middle income,life_exp,0.027493121085095766,1.0386529140163172,-0.7112819766574295,0.4217240179141433,-1.6866053306032853,0.11979915431946482,-1.6394902817406796,0.21692632842582038
Composition,gini,Iran,Lower middle income,gdp_x_debt,18.20290751330121,1.0386529140163172,-470.93234692776093,605.1755933239134,-0.7781747184171384,0.45287956166323384,-1802.914847083347,861.050153227825
Composition,gini,Iran,Lower middle income,military_exp,-11.926203946308515,1.0386529140163172,308.5460501444705,512.717806694598,0.6017853215077761,0.559515866955588,-819.9382337050733,1437.0303339940142
Composition,gini,Iran,Lower middle income,nonmil_g,-3.277863328163713,1.0386529140163172,84.80248932279655,147.18002663990453,0.5761820490104754,0.5760912600335122,-239.13856517352542,408.7435438191185
Composition,gini,Ireland,High income,public_debt,0.5614163513861617,0.9763797408230791,23.768424689205595,63.76025279080061,0.37277808115332517,0.7130496278839236,-108.82827975788004,156.36512913629124
Composition,gini,Ireland,High income,growth,5.397907210425832,0.9763797408230791,228.52870368586258,677.0872663972159,0.33751735563107654,0.7390773311880577,-1179.5513496026065,1636.6087569743318
Composition,gini,Ireland,High income,life_exp,0.0025907868101559955,0.9763797408230791,0.10968494421464374,3.1580986255713923,0.034731323248272064,0.9726220007659443,-6.457940680539081,6.677310568968369
Composition,gini,Ireland,High income,gdp_x_debt,-5.243456550512566,0.9763797408230791,-221.98979745471595,661.1983723248119,-0.33573857218399816,0.7403991917387691,-1597.027086652802,1153.04749174337
Composition,gini,Ireland,High income,military_exp,64.20615901754233,0.9763797408230791,2718.2664904997096,8167.75654131902,0.3328045439097691,0.7425813411750787,-14267.513093192394,19704.046074191814
Composition,gini,Ireland,High income,nonmil_g,-2.4458404495483332,0.9763797408230791,-103.54841711212626,183.93231084361486,-0.5629702396343318,0.5794167458272448,-486.05659723526287,278.9597630110104
Composition,gini,Italy,High income,public_debt,3.9902347620507284,0.4328360822382743,7.035417164402704,1.463128628300661,4.808474817811427,1.2211637115663423e-4,3.973053750675986,10.097780578129422
Composition,gini,Italy,High income,growth,22.875725061540923,0.4328360822382743,40.33353382531533,20.067371420464344,2.009906179549949,0.05885743976879322,-1.6679572664623805,82.33502491709304
Composition,gini,Italy,High income,life_exp,-0.029021073255702884,0.4328360822382743,-0.05116875800250587,0.09654923083709367,-0.5299758222708402,0.6022677327665044,-0.2532486205791634,0.1509111045741517
Composition,gini,Italy,High income,gdp_x_debt,-31.37206047165225,0.4328360822382743,-55.313921582776246,20.3914652635969,-2.712601613848876,0.01380850400933933,-97.99374888411603,-12.634094281436461
Composition,gini,Italy,High income,military_exp,50.44469993123207,0.4328360822382743,88.94201191484235,94.0276394149512,0.9459134831869428,0.3560681038351404,-107.86009915988133,285.74412298956605
Composition,gini,Italy,High income,nonmil_g,-35.365023658907155,0.4328360822382743,-62.35414939383458,9.39786317847171,-6.6349284097552355,2.394318126755949e-6,-82.024103086414,-42.68419570125516
Composition,gini,Japan,High income,public_debt,-1.162547608608002,0.8135250814912789,-6.234337668063556,4.242312911664663,-1.4695610149175045,0.15323765436749254,-14.938844760675444,2.470169424548332
Composition,gini,Japan,High income,growth,-5.526849682338965,0.8135250814912789,-29.638568696199666,13.86674567083688,-2.137384603406441,0.04177645157902363,-58.09078062789366,-1.1863567645056747
Composition,gini,Japan,High income,life_exp,0.39896821579473846,0.8135250814912789,2.1395274977748784,0.7207410083645275,2.968510842236931,0.006205929376519049,0.6606891023337684,3.618365893215988
Composition,gini,Japan,High income,gdp_x_debt,-1.1426644649615223,0.8135250814912789,-6.127711298117992,15.191034602570696,-0.40337682445151124,0.6898477790335624,-37.297139672580506,25.04171707634452
Composition,gini,Japan,High income,military_exp,-239.125719613745,0.8135250814912789,-1282.3478971117581,1105.0303736491123,-1.1604639362781448,0.25601835017917407,-3549.682939402619,984.9871451791025
Composition,gini,Japan,High income,nonmil_g,-0.8329402915400939,0.8135250814912789,-4.466768497346943,34.1966020619952,-0.13062024376717649,0.8970440920019035,-74.63240016808135,65.69886317338745
Composition,gini,Kenya,Low income,public_debt,-0.5545326074954877,0.9618977694541434,-14.553809568395202,9.810626883631047,-1.4834739656319127,0.14773192752214276,-34.53740258790935,5.429783451118944
Composition,gini,Kenya,Low income,growth,-1.6440046410534306,0.9618977694541434,-43.14720207980598,36.558530983269755,-1.18022253409338,0.24661090612940328,-117.61449282754735,31.320088667935394
Composition,gini,Kenya,Low income,life_exp,-0.015369380067667634,0.9618977694541434,-0.4033721870736769,0.16091729668744728,-2.5067049681871945,0.01746011346515517,-0.7311499942358,-0.07559437991155377
Composition,gini,Kenya,Low income,gdp_x_debt,3.087123433389201,0.9618977694541434,81.02211836847195,79.93177799987393,1.0136408872150917,0.31835745534731963,-81.79358544152186,243.83782217846576
Composition,gini,Kenya,Low income,military_exp,2.582911552857957,0.9618977694541434,67.78898547027016,66.84445505896984,1.0141302731912027,0.31812751027105535,-68.36871386476578,203.94668480530612
Composition,gini,Kenya,Low income,nonmil_g,0.5855015755531587,0.9618977694541434,15.366595791511443,13.284251057647738,1.1567528891788672,0.2559359611318542,-11.692538130706357,42.42572971372924
Composition,gini,Luxembourg,High income,public_debt,-4.806768181746453,0.3350445108180538,-7.228706672772826,6.10878763956709,-1.1833291807284203,0.3022014613634219,-24.189420213341656,9.732006867796002
Composition,gini,Luxembourg,High income,growth,1.5442593850679522,0.3350445108180538,2.322350007167787,9.727233044300533,0.23874723640229006,0.8230345871283402,-24.68477856579866,29.329478580134236
Composition,gini,Luxembourg,High income,life_exp,0.28210797239366264,0.3350445108180538,0.4242509115019453,0.13041356719983083,3.2531194461682946,0.03128338284945225,0.062164801198591524,0.7863370218052992
Composition,gini,Luxembourg,High income,gdp_x_debt,26.652411294120498,0.3350445108180538,40.08149677342963,76.9141768455625,0.521119752135033,0.6298030237938987,-173.46649304974983,253.62948659660907
Composition,gini,Luxembourg,High income,military_exp,-3.778781331752567,0.3350445108180538,-5.682758309734941,249.66272762013264,-0.022761740864985593,0.9829305367235386,-698.8576163609822,687.4920997415123
Composition,gini,Luxembourg,High income,nonmil_g,18.43630519753517,0.3350445108180538,27.72562298901573,10.014380704524157,2.768580884536398,0.05040422856393072,-0.07875529964759664,55.530001277679055
Composition,gini,Malaysia,Upper middle income,public_debt,-0.022768437837598854,0.909839111896957,-0.2525312063427911,1.0418715756126122,-0.2423822784437753,0.8103156879338622,-2.3902750994381456,1.8852126867525634
Composition,gini,Malaysia,Upper middle income,growth,0.22115103537304848,0.909839111896957,2.452848901846436,5.978785214988894,0.41025874214332225,0.6848534956091655,-9.814605053748917,14.72030285744179
Composition,gini,Malaysia,Upper middle income,life_exp,-0.10619574977265815,0.909839111896957,-1.1778472018963393,0.31067779323876976,-3.7912178711502276,7.668622452271954e-4,-1.8153053788563995,-0.5403890249362792
Composition,gini,Malaysia,Upper middle income,gdp_x_debt,1.0501228351391978,0.909839111896957,11.647210417215879,17.65670088655947,0.6596481693860431,0.5150674359882967,-24.581347282191345,47.87576811662311
Composition,gini,Malaysia,Upper middle income,military_exp,-7.637741699360775,0.909839111896957,-84.71236098109146,80.79834063283761,-1.048441840730862,0.303729989029796,-250.49686197251663,81.07214001033371
Composition,gini,Malaysia,Upper middle income,nonmil_g,-1.1141765367584422,0.909839111896957,-12.357648202012749,16.751962727315576,-0.7376836018064019,0.46706998345316775,-46.729836536859146,22.014540132833652
Composition,gini,Mexico,Upper middle income,public_debt,1.4229456996344465,1.0492500119432067,-28.892291463306368,30.784813476840643,-0.9385241682572475,0.3591720389901495,-93.10828710689353,35.3237041802808
Composition,gini,Mexico,Upper middle income,growth,-3.242919683629549,1.0492500119432067,65.84606897901196,121.64870101195393,0.5412804940066029,0.5942929845287704,-187.90867473929796,319.6008126973219
Composition,gini,Mexico,Upper middle income,life_exp,0.18955522028820848,1.0492500119432067,-3.848836026817551,4.744644671631832,-0.8111958414567251,0.42680206628777806,-13.745991382106304,6.048319328471202
Composition,gini,Mexico,Upper middle income,gdp_x_debt,46.04186513860989,1.0492500119432067,-934.8599791550043,1180.7837922607584,-0.7917283293371582,0.43780904181305236,-3397.931808934917,1528.2118506249083
Composition,gini,Mexico,Upper middle income,military_exp,667.3132090964184,1.0492500119432067,-13549.503497906557,14763.648726527512,-0.917761167912417,0.36967958759697783,-44345.93508971618,17246.928093903065
Composition,gini,Mexico,Upper middle income,nonmil_g,-27.99309090121582,1.0492500119432067,568.3874946770865,649.9917920300135,0.87445334179057,0.39225141152899023,-787.4716245203575,1924.2466138745303
Composition,gini,Netherlands,High income,public_debt,1.91751916607062,0.9404221833661046,32.18511980480488,91.96418106640756,0.3499745165083776,0.7309222501363073,-162.77023497641542,227.1404745860252
Composition,gini,Netherlands,High income,growth,52.74880556904765,0.9404221833661046,885.3766141379116,2328.3801068730854,0.3802543285455803,0.7087572539307996,-4050.5687130236925,5821.321941299516
Composition,gini,Netherlands,High income,life_exp,0.10026199538410896,0.9404221833661046,1.6828746175815257,2.6047319973760525,0.6460835968064335,0.527384100365921,-3.8389105467071305,7.204659781870181
Composition,gini,Netherlands,High income,gdp_x_debt,-56.63827614750962,0.9404221833661046,-950.6604865289175,2611.845798750721,-0.3639803264739559,0.7206378505216737,-6487.52623604934,4586.205262991505
Composition,gini,Netherlands,High income,military_exp,81.80899139331567,0.9404221833661046,1373.1451740843484,3234.6153134294627,0.42451575876220266,0.6768429741076774,-5483.932969796987,8230.223317965683
Composition,gini,Netherlands,High income,nonmil_g,23.342030858483234,0.9404221833661046,391.790639155503,1095.642904090743,0.35758971987377947,0.7253237159197075,-1930.8685592806278,2714.4498375916337
Composition,gini,New Zealand,High income,public_debt,-1.1844494776255279,0.5437496954328902,-2.596051916610408,3.7375734195270005,-0.6945821861444383,0.501724345168414,-10.822395547742298,5.630291714521482
Composition,gini,New Zealand,High income,growth,9.751958856173717,0.5437496954328902,21.37414212890526,51.34935440642768,0.41624948114692834,0.6852332844464062,-91.64502489992826,134.39330915773877
Composition,gini,New Zealand,High income,life_exp,0.2397020556989827,0.5437496954328902,0.5253740179448471,0.3256696681063512,1.6132113899329432,0.13499444272082317,-0.19142008864920113,1.2421681245388951
Composition,gini,New Zealand,High income,gdp_x_debt,12.421594891242677,0.5437496954328902,27.225395286099115,125.33116425977092,0.217227657996296,0.8320075576814345,-248.62663734666427,303.0774279188625
Composition,gini,New Zealand,High income,military_exp,-32.68910308819874,0.5437496954328902,-71.64730140665694,178.55401016260842,-0.4012640284102722,0.695910732633165,-464.64202804940976,321.3474252360959
Composition,gini,New Zealand,High income,nonmil_g,-19.1673449068214,0.5437496954328902,-42.01059092992249,9.90824149049436,-4.239964374124921,0.001388956558377756,-63.81848341310484,-20.202698446740147
Composition,gini,Norway,High income,public_debt,-0.6665515765332577,0.8200350151555872,-3.703784806302844,5.2960032150296925,-0.6993547125862306,0.49078669050844925,-14.611107603161908,7.203537990556221
Composition,gini,Norway,High income,growth,10.8604952715652,0.8200350151555872,60.34782422233163,41.454309470150676,1.45576720475311,0.15790103774618067,-25.02892430920982,145.72457275387308
Composition,gini,Norway,High income,life_exp,0.09334011663274214,0.8200350151555872,0.5186570971760898,0.4904298622808627,1.0575561095809898,0.30037025163650966,-0.4914021116128373,1.5287163059650168
Composition,gini,Norway,High income,gdp_x_debt,-18.990452319412444,0.8200350151555872,-105.52304013933865,90.55923270421418,-1.1652377895470853,0.25492079800540357,-292.033271201425,80.98719092274773
Composition,gini,Norway,High income,military_exp,2.4611052218754774,0.8200350151555872,13.675467058234716,202.6294641275249,0.0674900223277897,0.946728480001288,-403.6477262361442,430.99866035261357
Composition,gini,Norway,High income,nonmil_g,10.55833121066283,0.8200350151555872,58.668808378423975,26.571717846451772,2.2079418695264468,0.03664540280782633,3.9433310607737226,113.39428569607423
Composition,gini,Pakistan,Low income,public_debt,0.33988000945965224,0.634441191253249,0.9297546696381531,0.9918312254485946,0.937412178385123,0.35920334741963966,-1.132871278437965,2.9923806177142716
Composition,gini,Pakistan,Low income,growth,1.0409460016450574,0.634441191253249,2.847547307678738,10.856262048571448,0.2622953733926716,0.7956495656956842,-19.729285550522132,25.424380165879608
Composition,gini,Pakistan,Low income,life_exp,0.04280127819502878,0.634441191253249,0.11708452148031899,0.06429349858137956,1.8210942640198549,0.08287184819916561,-0.016621128295497403,0.2507901712561354
Composition,gini,Pakistan,Low income,gdp_x_debt,-2.318026441162546,0.634441191253249,-6.341049335152011,20.783371097622247,-0.3051020599770491,0.7632918626582116,-49.56243560988035,36.88033693957634
Composition,gini,Pakistan,Low income,military_exp,5.50732554590933,0.634441191253249,15.06549811996092,8.725033530505039,1.7266980198171078,0.0989048198204751,-3.0792024057905873,33.210198645712424
Composition,gini,Pakistan,Low income,nonmil_g,1.1095561919411614,0.634441191253249,3.0352330880633525,2.7678276926465673,1.0966120095290668,0.2852275889374087,-2.7207797013851187,8.791245877511823
Composition,gini,Portugal,High income,public_debt,-1.3890506087149264,0.7181196119606006,-4.927801534460687,0.9587063001540503,-5.140053354889667,4.309141652492959e-5,-6.921540429288701,-2.934062639632673
Composition,gini,Portugal,High income,growth,3.437449947953672,0.7181196119606006,12.194711281131086,7.433181290858198,1.64057767515087,0.11577911278722203,-3.26343544170839,27.652858003970564
Composition,gini,Portugal,High income,life_exp,0.11971761943749533,0.7181196119606006,0.42471070892935614,0.10296011909140303,4.125002114190626,4.818953230125296e-4,0.2105934198120637,0.6388279980466486
Composition,gini,Portugal,High income,gdp_x_debt,-8.589342876636753,0.7181196119606006,-30.47158738633562,10.980651135652169,-2.775025543558154,0.011346750053073411,-53.30710151216259,-7.636073260508649
Composition,gini,Portugal,High income,military_exp,12.95294720454061,0.7181196119606006,45.95192767625299,88.33177355316178,0.5202196879766847,0.6083518197830171,-137.7440515342526,229.64790688675856
Composition,gini,Portugal,High income,nonmil_g,7.515094168158418,0.7181196119606006,26.66057834115088,4.755852145269028,5.6058467603270605,1.4555291311347193e-5,16.770242376371574,36.55091430593019
Composition,gini,Singapore,High income,public_debt,0.9627989598051643,1.0475057808545927,-20.26698524864021,12.903814894727198,-1.5706196511639188,0.12791756356140271,-46.74342642865432,6.209455931373892
Composition,gini,Singapore,High income,growth,0.2615863051296581,1.0475057808545927,-5.506409965775122,22.921769754619522,-0.24022621397570715,0.8119694888370768,-52.53799664003827,41.52517670848803
Composition,gini,Singapore,High income,life_exp,-0.08180083562067339,1.0475057808545927,1.7219132945325581,0.9762781081148719,1.7637528489268883,0.08908795684709662,-0.281243920269175,3.7250705093342913
Composition,gini,Singapore,High income,gdp_x_debt,-0.2133892684323248,1.0475057808545927,4.491858982077866,25.688341620240617,0.1748598274066316,0.8624944364801038,-48.21626427210244,57.19998223625817
Composition,gini,Singapore,High income,military_exp,-2.432258188177523,1.0475057808545927,51.19920448465551,81.6899880361131,0.6267500548784708,0.5360870231173467,-116.41480585875074,218.81321482806175
Composition,gini,Singapore,High income,nonmil_g,2.8721840928206923,1.0475057808545927,-60.4596754574348,51.08500375316439,-1.183511226691252,0.24692248371545522,-165.2774450926874,44.358094177817804
Composition,gini,South Africa,Upper middle income,public_debt,1.1600359328927083,0.9059888768896673,12.339347669863228,10.493761968099806,1.1758745536037367,0.25416919767400065,-9.624348550604745,34.3030438903312
Composition,gini,South Africa,Upper middle income,growth,7.272796176329887,0.9059888768896673,77.361017885026655,49.840679921521016,1.552166182460574,0.13712064569624968,-26.956724078782074,181.6787598488354
Composition,gini,South Africa,Upper middle income,life_exp,-0.04905408900675623,0.9059888768896673,-0.5217902667664731,0.32268716437770756,-1.6170158728585622,0.1223570716971415,-1.1971822638578231,0.1536017303248769
Composition,gini,South Africa,Upper middle income,gdp_x_debt,-29.007967881653745,0.9059888768896673,-308.55889092623244,165.6588418872045,-1.8626164918883545,0.07805286910458853,-655.2868318215742,38.169049969109324
Composition,gini,South Africa,Upper middle income,military_exp,3.234833757987545,0.9059888768896673,34.40905342861506,92.18989330977786,0.37324105922319756,0.7131007709939391,-158.54661084208564,227.36471769931578
Composition,gini,South Africa,Upper middle income,nonmil_g,0.6057738155718306,0.9059888768896673,6.443639811226238,22.108176018518712,0.29145958517015524,0.7738580091653275,-39.82930439462634,52.71658401707882
Composition,gini,South Korea,High income,public_debt,31.269088339652782,0.6977621774610406,103.45855484590153,113.32474917885892,0.9129387498807898,0.38084881913566826,-145.96753636787406,352.88464605967715
Composition,gini,South Korea,High income,growth,14.45644578356797,0.6977621774610406,47.83135896800107,57.258415065584266,0.8353594648614466,0.4212891430154452,-78.19356288171743,173.85628081771955
Composition,gini,South Korea,High income,life_exp,-0.8675264990273867,0.6977621774610406,-2.870343928961968,2.672880971531737,-1.07387644999286,0.3058704720501826,-8.753315281994643,3.0126274240707076
Composition,gini,South Korea,High income,gdp_x_debt,-130.76227434659697,0.6977621774610406,-432.64695744604006,516.6942522054035,-0.8373365014210536,0.4202238842987752,-1569.8833388547796,704.5894239626996
Composition,gini,South Korea,High income,military_exp,-278.5529677892636,0.6977621774610406,-921.6350404104612,864.97682533555,-1.0655025815898962,0.30947746025277967,-2825.436196797184,982.1661159762616
Composition,gini,South Korea,High income,nonmil_g,-35.421722090960486,0.6977621774610406,-117.1981778898454,194.64465420845883,-0.6021135199753779,0.559305116530809,-545.6081732938319,311.21181751414105
Composition,gini,Spain,High income,public_debt,-3.4274422917393013,0.5517294578403396,-7.645923542570303,3.665105415323766,-2.0861401450017727,0.05234380714697663,-15.378620042221632,0.08677295708102584
Composition,gini,Spain,High income,growth,-25.76057887740775,0.5517294578403396,-57.46658871069116,28.0759131837649,-2.04682883632514,0.056457321027556316,-116.70158770769413,1.7684102863118127
Composition,gini,Spain,High income,life_exp,0.987759964995294,0.5517294578403396,2.2034906872008637,0.7935693454176391,2.776683222360627,0.012923705682486469,0.5292057201477407,3.8777756542539867
Composition,gini,Spain,High income,gdp_x_debt,27.395396728292173,0.5517294578403396,61.11353335043542,34.05831711123651,1.7943791277424233,0.09055570253535328,-10.743234645638381,132.97030134650922
Composition,gini,Spain,High income,military_exp,120.65225323455796,0.5517294578403396,269.15052827982896,130.94772604450617,2.0554043694378534,0.05553573884022284,-7.125024010719642,545.4260805703775
Composition,gini,Spain,High income,nonmil_g,-57.380246314819914,0.5517294578403396,-128.0036070145845,60.982265113554355,-2.0990300503962995,0.051055603755056744,-256.6649399227227,0.6577258935536747
Composition,gini,Sweden,High income,public_debt,-3.037790265037704,0.3801259393665607,-4.90065717854597,4.97707789403482,-0.9846454652477024,0.34596069004569774,-15.855131763936754,6.053817406844814
Composition,gini,Sweden,High income,growth,-37.53506741057573,0.3801259393665607,-60.552731263217,85.41207653229434,-0.7089481221115376,0.49310864813375255,-248.54344420340814,127.43798167697415
Composition,gini,Sweden,High income,life_exp,1.0770217668379078,0.3801259393665607,1.737484813830275,0.6731212032300196,2.581236195640297,0.025533988677794307,0.25595503457797375,3.2190145930825764
Composition,gini,Sweden,High income,gdp_x_debt,91.8568135292348,0.3801259393665607,148.1862516320941,135.47756155279868,1.0938066048254238,0.2974137863809136,-149.99785087101733,446.3703541352055
Composition,gini,Sweden,High income,military_exp,137.15402911577036,0.3801259393665607,221.26112032436856,228.07928169510524,0.9701061783426206,0.3528413160777494,-280.7379940109186,723.2602346596557
Composition,gini,Sweden,High income,nonmil_g,2.015917917152776,0.3801259393665607,3.2521411124910466,9.335109439862379,0.3483773954061958,0.7341328237857441,-17.29429623247742,23.798578457459513
Composition,gini,Switzerland,High income,public_debt,-1.3498487871767568,0.5796484138746,-3.2112375252797727,2.8442850929117673,-1.1290139421264367,0.2829124455721739,-9.47146680584844,3.048991755288895
Composition,gini,Switzerland,High income,growth,25.372389733893794,0.5796484138746,60.35992386222294,46.36474719800616,1.3018495195163844,0.21956999042229458,-41.688196671989004,162.4080443964349
Composition,gini,Switzerland,High income,life_exp,0.3795312694235202,0.5796484138746,0.9028900614408477,0.24322997574957894,3.7120838361240134,0.0034286931709574435,0.3675444943265753,1.43823562855512
Composition,gini,Switzerland,High income,gdp_x_debt,-52.520046247635435,0.5796484138746,-124.94313803295026,109.74104141071977,-1.1385269943387426,0.2790893372836441,-366.4815416309465,116.59526556504596
Composition,gini,Switzerland,High income,military_exp,235.61162948445312,0.5796484138746,560.5108610537395,186.0343781649652,3.012942374321314,0.011803639472114415,151.0519554457751,969.96976666170394
Composition,gini,Switzerland,High income,nonmil_g,-11.540947214633388,0.5796484138746,-27.45546251178049,35.038832166413,-0.7835724199192442,0.4498337167769749,-104.57541213699707,49.66448711343609
Composition,gini,Thailand,Lower middle income,public_debt,-1.1131929408121901,0.9108590468493605,-12.48800805316724,3.6220540521137035,-3.447769655971776,0.00218941675404884,-19.980797733421404,-4.995218372913076
Composition,gini,Thailand,Lower middle income,growth,-0.7336468690252663,0.9108590468493605,-8.23018874148086,7.058391866448505,-1.1660147094697868,0.25555783058233716,-22.83158479332947,6.371207310367749
Composition,gini,Thailand,Lower middle income,life_exp,-0.08922045109256925,0.9108590468493605,-1.0008918228840944,0.1993737131206667,-5.020179477112541,4.436790968738364e-5,-1.4133277718486656,-0.5884558739195231
Composition,gini,Thailand,Lower middle income,gdp_x_debt,3.8691537046653695,0.9108590468493605,43.40489492104574,33.690092189880716,1.2883578553721797,0.21043184041928514,-26.288370683270344,113.09816052536182
Composition,gini,Thailand,Lower middle income,military_exp,-7.980619359854462,0.9108590468493605,-89.52809093669879,51.96313877540811,-1.722915378989164,0.0983247286440338,-197.02203342570792,17.96585155231034
Composition,gini,Thailand,Lower middle income,nonmil_g,6.451605183168717,0.9108590468493605,72.37532194956603,22.7418979610703,3.182466216032562,0.004148780154379831,25.33012165702452,119.42052224210754
Composition,gini,Turkey,Upper middle income,public_debt,-1.0155465988807393,0.7612310049523616,-4.2532599288199915,4.233837228190643,-1.004587493468106,0.3538750501296952,-14.61308641829844,6.106566560658457
Composition,gini,Turkey,Upper middle income,growth,2.1496464741668424,0.7612310049523616,9.00303858018899,23.53564468336361,0.3825278084076818,0.715253596224312,-48.586609319870504,66.59268648024849
Composition,gini,Turkey,Upper middle income,life_exp,-0.03663752349014388,0.7612310049523616,-0.15344338775155497,0.19555573549880356,-0.784652965356231,0.46250295554223,-0.6319510345029482,0.3250642589998383
Composition,gini,Turkey,Upper middle income,gdp_x_debt,-10.748592641309065,0.7612310049523616,-45.01670176718105,76.33111559231769,-0.589755585489068,0.5768728668101248,-231.7922131211397,141.7588095867776
Composition,gini,Turkey,Upper middle income,military_exp,6.994558834236326,0.7612310049523616,29.294250842077698,101.54280307583797,0.2884916503654038,0.7826775775995232,-219.17203740267001,277.7605390868254
Composition,gini,Turkey,Upper middle income,nonmil_g,0.7159075160709746,0.7612310049523616,2.998326964219702,18.57060033504881,0.1614555754862096,0.8770341077371387,-42.44229507848796,48.43894900692736
Composition,gini,United Kingdom,High income,public_debt,-0.15521058231658325,0.26098831476305323,-0.21002453062270401,0.5424306806093923,-0.3871914663579732,0.7031543267808614,-1.3496291028179233,0.9295800415725153
Composition,gini,United Kingdom,High income,growth,-5.735952433886691,0.26098831476305323,-7.7616532302159635,8.690339979982092,-0.8931357401545478,0.3835702891091415,-26.019380031348202,10.496073570916277
Composition,gini,United Kingdom,High income,life_exp,0.12512033737840672,0.26098831476305323,0.16930765761611713,0.151679833810177,1.1162173201481804,0.27900892413188455,-0.14935984829578156,0.48797516352801584
Composition,gini,United Kingdom,High income,gdp_x_debt,-17.341950617898778,0.26098831476305323,-23.466409211565427,8.434407261660695,-2.782223869866227,0.012295946271809327,-41.18644132395744,-5.7463770991734116
Composition,gini,United Kingdom,High income,military_exp,-44.119041706394384,0.26098831476305323,-59.7000596712468,32.29034348238584,-1.8488518000377656,0.0809735476222804,-127.53955398034478,8.139434637851174
Composition,gini,United Kingdom,High income,nonmil_g,-53.80483239222431,0.26098831476305323,-72.80647040780289,4.997944922296398,-14.567281460626944,2.1015407479638585e-11,-83.30676305096618,-62.30617776463961
Composition,gini,United States,High income,public_debt,-1.4496429443015058,0.9151303409053345,-17.080814978702133,19.130583981040953,-0.8928538196026734,0.3820532943994419,-56.86504228340047,22.703412325996208
Composition,gini,United States,High income,growth,-60.04560579756616,0.9151303409053345,-707.5037939128514,764.6576773214621,-0.9252555946226599,0.36534422744219797,-2297.696486147875,882.6888983221721
Composition,gini,United States,High income,life_exp,0.01490115033337705,0.9151303409053345,0.17557688451129488,1.4258414562611714,0.12313913565936777,0.9031678472451141,-2.789622748316114,3.1407765173387037
Composition,gini,United States,High income,gdp_x_debt,52.84917917721452,0.9151303409053345,622.7099265034798,684.9217546065926,0.9091694376989876,0.3735775918187767,-801.6628369315648,2047.0826899385243
Composition,gini,United States,High income,military_exp,-9.087842586233606,0.9151303409053345,-107.0799939952254,98.01612542816046,-1.092473238739764,0.28700013756627674,-310.9156854421927,96.75569745174191
Composition,gini,United States,High income,nonmil_g,-21.84564173874044,0.9151303409053345,-257.40225625713106,309.0066699028637,-0.8329990298851656,0.41421924693662016,-900.0168051003225,385.21229258606036
Composition,gini,Uruguay,Upper middle income,public_debt,7.514438165465749,0.2889098193718499,10.567489708306447,2.141033058354507,4.935696656841021,2.1920769194419353e-4,5.975430506355757,15.159548910257136
Composition,gini,Uruguay,Upper middle income,growth,-66.65564294721476,0.2889098193718499,-93.7372569092906,15.143777095254565,-6.189820169676427,2.3543424977995006e-5,-126.21742842798713,-61.25708539059406
Composition,gini,Uruguay,Upper middle income,life_exp,-1.8769065818990667,0.2889098193718499,-2.6394775698366115,0.37686167723338276,-7.003836498350128,6.210141211640012e-6,-3.447765478353147,-1.8311896613200762
Composition,gini,Uruguay,Upper middle income,gdp_x_debt,173.5722153530316,0.2889098193718499,244.09311235278832,41.03037875050988,5.949082601382396,3.553191766024712e-5,156.0917022084692,332.09452249710745
Composition,gini,Uruguay,Upper middle income,military_exp,-190.77654558901105,0.2889098193718499,-268.28741386990646,67.27583157859661,-3.987872131412798,0.0013477306229459933,-412.57972185828066,-123.99510588153223
Composition,gini,Uruguay,Upper middle income,nonmil_g,-14.67062516308853,0.2889098193718499,-20.63117388307775,13.045591738718633,-1.5814670807032467,0.13609373967186247,-48.61118538029195,7.34883761413645
Composition,gini,Venezuela,Upper middle income,public_debt,0.32342595682666,0.9340163745475643,4.901609370643045,4.518194560463893,1.0848601814393282,0.28922453352973754,-4.444988192214534,14.248206933500622
Composition,gini,Venezuela,Upper middle income,growth,-0.9373460452420156,0.9340163745475643,-14.20573723881997,10.168678167856601,-1.3970092281732933,0.1757449316645534,-35.24125071865855,6.829776241018612
Composition,gini,Venezuela,Upper middle income,life_exp,-0.11588641377297422,0.9340163745475643,-1.7562904884108084,1.0000640443296736,-1.7561780151670396,0.09236734807720874,-3.8250805846198404,0.3124996077982234
Composition,gini,Venezuela,Upper middle income,gdp_x_debt,3.029613187826488,0.9340163745475643,45.91462149969893,22.581232648814083,2.0333089080551265,0.05371800866123218,-0.7982172719134013,92.62746027131126
Composition,gini,Venezuela,Upper middle income,military_exp,-9.083896186083228,0.9340163745475643,-137.6689462544211,117.54548576871703,-1.1711972208384,0.2535106242810765,-380.8303099602815,105.49241745143931
Composition,gini,Venezuela,Upper middle income,nonmil_g,2.850713764718896,0.9340163745475643,43.20335151595802,19.14682604630751,2.256423671028747,0.03385286332585882,3.595124099894335,82.8115789320217
