spec,dv,country,term,estimate,std_error,t_value,p_value
Baseline (p=3),p90p100,Algeria,(Intercept),0.06694069030099978,0.05214447774617339,1.2837541614061367,0.20939092987201285
Baseline (p=3),p90p100,Algeria,"L(p90p100, 1)",1.2876220662886162,0.16365089769287086,7.868102677353716,1.1199201778484635e-8
Baseline (p=3),p90p100,Algeria,"L(p90p100, 2)",-0.45246630559846523,0.14808680749364425,-3.0554126546207345,0.0047867552227775605
Baseline (p=3),p90p100,Algeria,public_debt,-7.446982703215323e-4,0.005673930218106706,-0.1312491062976142,0.8964845628003061
Baseline (p=3),p90p100,Algeria,growth,-0.0688099420826007,0.035165524049490256,-1.9567443950433079,0.060067463859555664
Baseline (p=3),p90p100,Algeria,"L(growth, 1)",-0.011788619147188482,0.03970103866246155,-0.2969347791481071,0.7686327707032465
Baseline (p=3),p90p100,Algeria,"L(growth, 2)",0.08241644961090376,0.03930064036863785,2.0970765065872206,0.04481936608083845
Baseline (p=3),p90p100,Algeria,life_exp,1.6187450415553424e-4,2.2834739755317712e-4,0.7088957697353971,0.4840494756127469
Baseline (p=3),p90p100,Algeria,gdp_x_debt,0.10665649552594134,0.07324807769474831,1.4560995848985716,0.15610706122742427
Baseline (p=3),p90p100,Algeria,"L(gdp_x_debt, 1)",0.015117965248186758,0.07665661464357446,0.19721670880562403,0.845033721228541
Baseline (p=3),p90p100,Algeria,"L(gdp_x_debt, 2)",-0.1308214785942999,0.07391848166223937,-1.7698074372262025,0.08727431299748
Baseline (p=3),p90p100,Argentina,(Intercept),0.21910571892907407,0.12475733047028423,1.7562552685532378,0.08804994560493219
Baseline (p=3),p90p100,Argentina,"L(p90p100, 1)",0.8606456194658172,0.08105292753610935,10.61831627343006,2.455004033233056e-12
Baseline (p=3),p90p100,Argentina,public_debt,0.0011649051025152614,0.008641429522897369,0.1348046754797443,0.8935611933097991
Baseline (p=3),p90p100,Argentina,growth,0.04737589045647322,0.04721980269078601,1.0033055573465508,0.32280085882526766
Baseline (p=3),p90p100,Argentina,life_exp,-0.014890065715771887,0.0076672165722034774,-1.9420431881047855,0.06045379448340453
Baseline (p=3),p90p100,Argentina,"L(life_exp, 1)",0.01283320945246076,0.007556955603076811,1.698198338923114,0.09860584422837178
Baseline (p=3),p90p100,Argentina,gdp_x_debt,-0.15928966547158335,0.06906169117078631,-2.3064837071201674,0.027306977045810338
Baseline (p=3),p90p100,Australia,(Intercept),-0.2115551614034799,0.12209664692248341,-1.7326860870945278,0.09195607398666503
Baseline (p=3),p90p100,Australia,"L(p90p100, 1)",0.653516463893347,0.15775570780988268,4.142585222215378,2.0626614771119943e-4
Baseline (p=3),p90p100,Australia,public_debt,-0.022020499366091385,0.02069291444493725,-1.0641564978527682,0.2945447386700251
Baseline (p=3),p90p100,Australia,growth,0.03264028842109495,0.13118192049382219,0.24881697339254988,0.8049566697026633
Baseline (p=3),p90p100,Australia,life_exp,0.004110008639102718,0.0021469116436481804,1.9143818290158916,0.0637749333207708
Baseline (p=3),p90p100,Australia,gdp_x_debt,-0.08063217898392842,0.4662436891177855,-0.1729399901079596,0.8636948528513636
Baseline (p=3),p90p100,Austria,(Intercept),0.169297909587637,0.05141675475606918,3.2926603476010556,0.0023214849357719156
Baseline (p=3),p90p100,Austria,"L(p90p100, 1)",0.1312779353475422,0.1724735154549478,0.7611483711064823,0.4518155831331533
Baseline (p=3),p90p100,Austria,public_debt,-0.019041149577202796,0.01539765760893135,-1.2366263792070589,0.22470018644110015
Baseline (p=3),p90p100,Austria,growth,-0.0075830368269303615,0.1455174777478142,-0.05211083193781006,0.9587453515665045
Baseline (p=3),p90p100,Austria,life_exp,0.010643368631097095,0.003775975733441408,2.818706840945923,0.007981315504053213
Baseline (p=3),p90p100,Austria,"L(life_exp, 1)",-0.009142766478554866,0.003655106640229831,-2.5013679157607216,0.01734999874385115
Baseline (p=3),p90p100,Austria,gdp_x_debt,-3.8814157161998425e-4,0.2175149473229307,-0.001784436317582051,0.9985866556211441
Baseline (p=3),p90p100,Bahamas,(Intercept),0.1843149727105896,0.06956430977186534,2.649562301632067,0.012014558162240794
Baseline (p=3),p90p100,Bahamas,"L(p90p100, 1)",0.5286751074516491,0.15154390298252454,3.4885937147376618,0.0013302006368191128
Baseline (p=3),p90p100,Bahamas,public_debt,-0.04270016858270929,0.01288697081738751,-3.313437206290315,0.0021500039983925637
Baseline (p=3),p90p100,Bahamas,growth,0.013065861058689654,0.011861744577108615,1.1015125957023895,0.2781912496055884
Baseline (p=3),p90p100,Bahamas,life_exp,0.0011932364443842933,5.513261521040824e-4,2.1643022734010042,0.03734759919197127
Baseline (p=3),p90p100,Bahamas,gdp_x_debt,-0.0861250598003414,0.050770744690571266,-1.6963521083892206,0.09869756162342078
Baseline (p=3),p90p100,Bahrain,(Intercept),0.20029412299348198,0.09299798057958263,2.1537470141309267,0.04001608732984285
Baseline (p=3),p90p100,Bahrain,"L(p90p100, 1)",1.463479467184694,0.12174773848492229,12.020588516853124,1.4306682773326007e-12
Baseline (p=3),p90p100,Bahrain,"L(p90p100, 2)",-0.6774395031594607,0.11796837409830202,-5.742551835078749,3.6668078010267095e-6
Baseline (p=3),p90p100,Bahrain,public_debt,0.035360675432102265,0.031313138916217474,1.129260005734798,0.26837035722134217
Baseline (p=3),p90p100,Bahrain,"L(public_debt, 1)",0.016700079219625654,0.04291513168997201,0.3891419777124432,0.7001149382798904
Baseline (p=3),p90p100,Bahrain,"L(public_debt, 2)",-0.05672931541770025,0.03399491672356779,-1.6687587699949062,0.10631098786881764
Baseline (p=3),p90p100,Bahrain,growth,-0.008552271465114855,0.012798157431755561,-0.6682424021362984,0.5094504704519525
Baseline (p=3),p90p100,Bahrain,"L(growth, 1)",-0.018998933607506867,0.012667182236326784,-1.4998547627286807,0.14484426876027282
Baseline (p=3),p90p100,Bahrain,life_exp,-0.0010942322701518853,8.720920717023537e-4,-1.2547210388186494,0.2199526635124312
Baseline (p=3),p90p100,Bahrain,gdp_x_debt,0.08030846928527856,0.06333286350823684,1.2680378690730434,0.21522739778936198
Baseline (p=3),p90p100,Bahrain,"L(gdp_x_debt, 1)",0.08351362716107354,0.06601202819668793,1.2651274236301033,0.21625348499927025
Baseline (p=3),p90p100,Bahrain,"L(gdp_x_debt, 2)",0.07293170327891049,0.04368669980264166,1.6694257888186932,0.10617766726896335
Baseline (p=3),p90p100,Bangladesh,(Intercept),0.05888391723871582,0.0127244959241433,4.627603135695946,6.227418403148693e-5
Baseline (p=3),p90p100,Bangladesh,"L(p90p100, 1)",1.3597468554232983,0.10490214037436604,12.962050636629021,4.6828846047004726e-14
Baseline (p=3),p90p100,Bangladesh,"L(p90p100, 2)",-0.6289710924833323,0.10063496915143955,-6.2500251929012,6.036085790814428e-7
Baseline (p=3),p90p100,Bangladesh,public_debt,-0.02503743563383595,0.042262200287713714,-0.5924309539821742,0.5578590018145587
Baseline (p=3),p90p100,Bangladesh,"L(public_debt, 1)",0.10765748801453853,0.0403066954787478,2.670957932319266,0.011939856337605182
Baseline (p=3),p90p100,Bangladesh,growth,-0.03168841477231959,0.10649549144502038,-0.2975563973868239,0.7680267640732932
Baseline (p=3),p90p100,Bangladesh,life_exp,0.003493847947280753,7.350558308529928e-4,4.753173569450269,4.3524712523316274e-5
Baseline (p=3),p90p100,Bangladesh,"L(life_exp, 1)",-0.003019119958968169,7.200551056283993e-4,-4.192901259040935,2.1310653898047664e-4
Baseline (p=3),p90p100,Bangladesh,gdp_x_debt,0.03598964832649039,0.34210348682884173,0.10520105673315286,0.9168940349138469
Baseline (p=3),p90p100,Belgium,(Intercept),0.19206295545624694,0.0478493050173528,4.013913167319657,3.111558836007422e-4
Baseline (p=3),p90p100,Belgium,"L(p90p100, 1)",0.49217786508853784,0.1175359622652195,4.187466164423277,1.8860556131478008e-4
Baseline (p=3),p90p100,Belgium,public_debt,-0.0722282498319598,0.0222934536011776,-3.239886072570852,0.0026741228809617308
Baseline (p=3),p90p100,Belgium,"L(public_debt, 1)",0.0700240775275223,0.020074770450575846,3.488163299297584,0.0013645898197058755
Baseline (p=3),p90p100,Belgium,growth,-0.22389544586203355,0.14757644508123222,-1.5171489307713855,0.13847302029208836
Baseline (p=3),p90p100,Belgium,life_exp,-3.4519462548317524e-4,3.385892849509983e-4,-1.0195084157289054,0.31516164164743676
Baseline (p=3),p90p100,Belgium,gdp_x_debt,0.2281067041808027,0.13960156484140532,1.633983862859588,0.11148949311965525
Baseline (p=3),p90p100,Belize,(Intercept),0.32226055476831267,0.09662111685215924,3.3353014875765323,0.002069482336541229
Baseline (p=3),p90p100,Belize,"L(p90p100, 1)",0.6640917355225746,0.10917874784548111,6.082609927551585,6.729705440191597e-7
Baseline (p=3),p90p100,Belize,public_debt,-0.014711829212243992,0.008553687844051895,-1.7199399230443482,0.0945351676797332
Baseline (p=3),p90p100,Belize,"L(public_debt, 1)",0.015698487238375015,0.007353643211482073,2.13479044154103,0.04006927012547971
Baseline (p=3),p90p100,Belize,growth,0.003474067022863728,0.03081449372015384,0.11274133057041132,0.9108986706806197
Baseline (p=3),p90p100,Belize,life_exp,-0.0019692589476326024,6.246238070690376e-4,-3.1527119609370677,0.003370974501275467
Baseline (p=3),p90p100,Belize,gdp_x_debt,0.004704532797680383,0.05927339886893332,0.07937005279692416,0.9372036088517901
Baseline (p=3),p90p100,Bolivia,(Intercept),0.05962952007608664,0.05164432019836237,1.1546191303720073,0.25606915852036954
Baseline (p=3),p90p100,Bolivia,"L(p90p100, 1)",0.9108066339697676,0.08273499920536745,11.008722339005944,6.467413162919084e-13
Baseline (p=3),p90p100,Bolivia,public_debt,-7.424226535296893e-4,0.003519833420517373,-0.21092550834992702,0.8341686807844434
Baseline (p=3),p90p100,Bolivia,growth,-0.030506463931909977,0.037358126062385644,-0.8165951333042285,0.41968341352008365
Baseline (p=3),p90p100,Bolivia,life_exp,-1.7106612090702047e-4,2.2108938972875217e-4,-0.7737418838456982,0.44427848763493794
Baseline (p=3),p90p100,Bolivia,gdp_x_debt,0.03857364099197008,0.046199553121592345,0.8349353702718364,0.40941731278071625
Baseline (p=3),p90p100,Brazil,(Intercept),0.2896168439574785,0.10416088933845138,2.780475913722497,0.008678550714433539
Baseline (p=3),p90p100,Brazil,"L(p90p100, 1)",0.5310297129229976,0.17412625578190957,3.0496820283559307,0.004346523123817943
Baseline (p=3),p90p100,Brazil,public_debt,-0.0022985694569102586,0.007899929678312195,-0.2909607490836986,0.7727986406434577
Baseline (p=3),p90p100,Brazil,growth,0.0031959719913057134,0.06183720588781668,0.05168364167526838,0.9590746261395067
Baseline (p=3),p90p100,Brazil,life_exp,-1.9966752882760586e-4,2.4366803947080404e-4,-0.8194243662863703,0.4180895014199376
Baseline (p=3),p90p100,Brazil,gdp_x_debt,-2.6064660632067434e-4,0.11397126808648503,-0.0022869501295965876,0.9981882649573026
Baseline (p=3),p90p100,Burkina Faso,(Intercept),0.3170319587833685,0.07991325887838123,3.967200978073671,4.1783213353559977e-4
Baseline (p=3),p90p100,Burkina Faso,"L(p90p100, 1)",1.5311029211178715,0.1296283932848472,11.811478043652095,8.280023775521352e-13
Baseline (p=3),p90p100,Burkina Faso,"L(p90p100, 2)",-0.8456258407799029,0.1525908151233566,-5.541787296281804,5.047635719738839e-6
Baseline (p=3),p90p100,Burkina Faso,public_debt,0.03427741314117796,0.026342382118706792,1.3012267830112516,0.2030861618473752
Baseline (p=3),p90p100,Burkina Faso,"L(public_debt, 1)",-0.03869380832537171,0.029668363460421773,-1.3042110791513686,0.20207982042745606
Baseline (p=3),p90p100,Burkina Faso,growth,-0.06479103162560934,0.07795082019939872,-0.8311783180712332,0.41243970634317717
Baseline (p=3),p90p100,Burkina Faso,life_exp,0.0010026130154534576,0.005412990456128368,0.1852234958807917,0.8543003308910376
Baseline (p=3),p90p100,Burkina Faso,"L(life_exp, 1)",-0.0175874449230606,0.008987036523693434,-1.9569793531708743,0.0597125585539306
Baseline (p=3),p90p100,Burkina Faso,"L(life_exp, 2)",0.013881359868691559,0.005471974964081881,2.536809828226371,0.01662505185314933
Baseline (p=3),p90p100,Burkina Faso,gdp_x_debt,0.28908114614965075,0.21046877424256077,1.3735108554226239,0.1797717021667132
Baseline (p=3),p90p100,Canada,(Intercept),0.09647453182905014,0.04304348753083591,2.241327024440963,0.0316424947118906
Baseline (p=3),p90p100,Canada,"L(p90p100, 1)",0.9868231416094296,0.04899718437318751,20.140405091306512,1.786644544327775e-20
Baseline (p=3),p90p100,Canada,public_debt,-0.04127828028325282,0.02644259006021678,-1.5610528389711915,0.12777224762836376
Baseline (p=3),p90p100,Canada,"L(public_debt, 1)",0.05452784550668815,0.025945096190801757,2.1016628770881085,0.04306777249067968
Baseline (p=3),p90p100,Canada,growth,0.01699730090464358,0.16049519000175158,0.10590536018218413,0.9162798241266359
Baseline (p=3),p90p100,Canada,life_exp,-0.0012889588554568028,7.358088263538247e-4,-1.7517578062280375,0.08883222288457156
Baseline (p=3),p90p100,Canada,gdp_x_debt,0.0421343171085732,0.19982649868376684,0.2108545032120709,0.8342594803502348
Baseline (p=3),p90p100,Chile,(Intercept),0.08008044798281205,0.04742132242541499,1.688701282187224,0.10016839358710335
Baseline (p=3),p90p100,Chile,"L(p90p100, 1)",0.955097161244182,0.08211734109896322,11.630882691308189,1.411638115068434e-13
Baseline (p=3),p90p100,Chile,public_debt,-0.0012315798310329827,0.006850078708378489,-0.1797906102197934,0.858353844921378
Baseline (p=3),p90p100,Chile,growth,0.1155691601408596,0.02706213932454963,4.270510869627374,1.4176897889132454e-4
Baseline (p=3),p90p100,Chile,life_exp,-7.275454777869788e-4,4.1897171455262104e-4,-1.7365026146546756,0.09127087988086258
Baseline (p=3),p90p100,Chile,gdp_x_debt,-0.2013232676862857,0.08579235921719108,-2.346634007075359,0.024732379740272748
Baseline (p=3),p90p100,Colombia,(Intercept),0.47932783881920166,0.1720249148607121,2.7863861418406253,0.008550530155224837
Baseline (p=3),p90p100,Colombia,"L(p90p100, 1)",0.6092803346189939,0.1291358408497809,4.718135032146095,3.7476419366732657e-5
Baseline (p=3),p90p100,Colombia,public_debt,0.01751328539906997,0.027821304187785063,0.6294918915684469,0.5331149288831029
Baseline (p=3),p90p100,Colombia,growth,0.022953827203627757,0.14220744582369302,0.16141086755812786,0.8726979634811727
Baseline (p=3),p90p100,Colombia,life_exp,-0.0034026758891906555,0.00154081537517815,-2.208360549879142,0.033862387535551264
Baseline (p=3),p90p100,Colombia,gdp_x_debt,0.04315954365537587,0.4097207892498199,0.10533891564154953,0.9167082847126672
Baseline (p=3),p90p100,Costa Rica,(Intercept),0.35725742790681586,0.10844386238808414,3.294399701739796,0.0022638669855866347
Baseline (p=3),p90p100,Costa Rica,"L(p90p100, 1)",0.22016685585564008,0.2031260659545646,1.0838926792629715,0.2858227541412748
Baseline (p=3),p90p100,Costa Rica,public_debt,-0.012230544208132249,0.022003738280947566,-0.5558393783806428,0.5818567798411369
Baseline (p=3),p90p100,Costa Rica,growth,-0.26079416608508743,0.12012530566916983,-2.1710177104841306,0.03679659221108586
Baseline (p=3),p90p100,Costa Rica,life_exp,6.701647066509447e-4,5.710308373899661e-4,1.1736051063618451,0.24847795999503736
Baseline (p=3),p90p100,Costa Rica,gdp_x_debt,0.8423577566210221,0.365580705033583,2.3041636088087345,0.027267254861658794
Baseline (p=3),p90p100,Cote d'Ivoire,(Intercept),0.41312823184627356,0.12137121843257197,3.403840195241904,0.0017184624230074882
Baseline (p=3),p90p100,Cote d'Ivoire,"L(p90p100, 1)",0.6346884151360987,0.11404451446592712,5.565269124151723,3.1641078785510817e-6
Baseline (p=3),p90p100,Cote d'Ivoire,public_debt,0.030844191374659442,0.018314104807615066,1.6841768515944238,0.10130785160448819
Baseline (p=3),p90p100,Cote d'Ivoire,"L(public_debt, 1)",-0.04942534925196119,0.01977062993204583,-2.499938010161659,0.0174090074694211
Baseline (p=3),p90p100,Cote d'Ivoire,growth,0.03995809489616627,0.07612149920990596,0.524925222320981,0.6030415120696218
Baseline (p=3),p90p100,Cote d'Ivoire,life_exp,-0.004190490468816101,0.0015395946998835888,-2.7218140391967776,0.01016427314897141
Baseline (p=3),p90p100,Cote d'Ivoire,gdp_x_debt,0.018620384420667886,0.08802333302836224,0.21153918830440288,0.833729482575032
Baseline (p=3),p90p100,Cyprus,(Intercept),0.5267007544422018,0.19422446120266348,2.711814728076995,0.01054246626674153
Baseline (p=3),p90p100,Cyprus,"L(p90p100, 1)",0.31469326893695115,0.1734800950329863,1.8140021705493874,0.07877922175510262
Baseline (p=3),p90p100,Cyprus,public_debt,0.1606900850117821,0.06181668723432078,2.5994612814283355,0.01385622150415883
Baseline (p=3),p90p100,Cyprus,"L(public_debt, 1)",-0.10047512242428372,0.056060592327100665,-1.7922593796018866,0.0822643888623576
Baseline (p=3),p90p100,Cyprus,growth,0.10216396175550263,0.11788214928456203,0.8666618514808682,0.3923853341931193
Baseline (p=3),p90p100,Cyprus,life_exp,-0.004174439713512482,0.00211319105173066,-1.9754199271730313,0.05663302393226443
Baseline (p=3),p90p100,Cyprus,gdp_x_debt,-0.23497308292070168,0.16748663075235495,-1.402936352980507,0.1699748623845796
Baseline (p=3),p90p100,Cyprus,"L(gdp_x_debt, 1)",0.1259539275174883,0.0722000955293884,1.7445119233425375,0.09037846641604515
Baseline (p=3),p90p100,Denmark,(Intercept),-0.3050632694572768,0.07147598579190068,-4.2680526344254375,1.4923166204732836e-4
Baseline (p=3),p90p100,Denmark,"L(p90p100, 1)",0.43351948608665936,0.13522170071665027,3.205990486653292,0.0029269733884459085
Baseline (p=3),p90p100,Denmark,public_debt,-0.008959244231869128,0.025654960448650805,-0.34922073841436363,0.7290772662375762
Baseline (p=3),p90p100,Denmark,"L(public_debt, 1)",0.03432442436168383,0.02245831288481305,1.5283616600112016,0.1356737497363277
Baseline (p=3),p90p100,Denmark,growth,0.24508199051641333,0.16219106754044993,1.5110695936155094,0.14001005685784157
Baseline (p=3),p90p100,Denmark,life_exp,0.005943771223107277,0.0013379101871048918,4.44257864271818,8.958441423071646e-5
Baseline (p=3),p90p100,Denmark,gdp_x_debt,-0.31985561936026513,0.30646264696629477,-1.0437018100788098,0.303987723161
Baseline (p=3),p90p100,Egypt,(Intercept),0.11371390604343973,0.040294728020055647,2.8220541899883678,0.008256585104258694
Baseline (p=3),p90p100,Egypt,"L(p90p100, 1)",1.4472091760774026,0.1651578432996814,8.762582189036095,6.804831516585839e-10
Baseline (p=3),p90p100,Egypt,"L(p90p100, 2)",-0.7102956745054324,0.15578022912425185,-4.559600910195694,7.557394171500755e-5
Baseline (p=3),p90p100,Egypt,public_debt,0.003064874541939083,0.008755118056410046,0.3500666150007126,0.7286560659418563
Baseline (p=3),p90p100,Egypt,growth,0.052308082733327134,0.054763232092983796,0.9551679244298802,0.34688244042041527
Baseline (p=3),p90p100,Egypt,life_exp,-0.008829790757099424,0.004838444972970323,-1.824923256630283,0.07766280669763446
Baseline (p=3),p90p100,Egypt,"L(life_exp, 1)",0.00908897537293928,0.004700735425463596,1.933522002473242,0.06234850934237111
Baseline (p=3),p90p100,Egypt,gdp_x_debt,-0.058024134747176215,0.056311599071760234,-1.030411774903313,0.3107894916522402
Baseline (p=3),p90p100,Egypt,"L(gdp_x_debt, 1)",-0.017865035452000275,0.01214687584660994,-1.4707514654466656,0.15143677791052676
Baseline (p=3),p90p100,El Salvador,(Intercept),0.2884765067934066,0.09264290353425453,3.1138543351757426,0.003670697956528743
Baseline (p=3),p90p100,El Salvador,"L(p90p100, 1)",0.5337900326264957,0.15096593108538212,3.5358310897615635,0.001166807284430459
Baseline (p=3),p90p100,El Salvador,public_debt,-0.0025744432810785537,0.014233756623200802,-0.18086885628508298,0.8575138116473583
Baseline (p=3),p90p100,El Salvador,growth,0.22893686402344768,0.1808907728618333,1.2656083027425207,0.21401379160805434
Baseline (p=3),p90p100,El Salvador,life_exp,-0.00084959374933775205,4.488785316822231e-4,-1.8927030128926046,0.06669098429148533
Baseline (p=3),p90p100,El Salvador,gdp_x_debt,-0.4025757080286673,0.32405265750044043,-1.2423157123101827,0.22237983986339538
Baseline (p=3),p90p100,Finland,(Intercept),0.04747620043817492,0.0847453573895737,0.5602218446012001,0.5790010610737344
Baseline (p=3),p90p100,Finland,"L(p90p100, 1)",0.8597624764022969,0.06878734349140758,12.49884692101378,2.8901399096686796e-14
Baseline (p=3),p90p100,Finland,public_debt,0.035527066917609866,0.014598073268936274,2.4336819156271186,0.020353174443646763
Baseline (p=3),p90p100,Finland,growth,0.14355378738041552,0.07637227874215048,1.8796582967634696,0.06874690130992739
Baseline (p=3),p90p100,Finland,life_exp,0.008667755080880682,0.006484573484404411,1.3366731214823744,0.19020557036478872
Baseline (p=3),p90p100,Finland,"L(life_exp, 1)",-0.008971681011769376,0.006348354578318602,-1.413229349603465,0.16667852581033069
Baseline (p=3),p90p100,Finland,gdp_x_debt,-0.018111918829590304,0.17809196746845335,-0.10169980761652594,0.9195923686828811
Baseline (p=3),p90p100,France,(Intercept),-0.02375318427932018,0.12398209663579267,-0.1915855992425831,0.8495551865976746
Baseline (p=3),p90p100,France,"L(p90p100, 1)",0.9943010817527667,0.14633524258197736,6.794679560501338,3.2742931657581646e-7
Baseline (p=3),p90p100,France,"L(p90p100, 2)",-0.14288135001905466,0.12135295826233877,-1.1774031063188108,0.24970055680165432
Baseline (p=3),p90p100,France,public_debt,-0.11201144049135602,0.03461228156041397,-3.2361761618010005,0.0032932455919213862
Baseline (p=3),p90p100,France,"L(public_debt, 1)",0.14539997473168004,0.05183155684691007,2.8052403511847825,0.009391724958709338
Baseline (p=3),p90p100,France,"L(public_debt, 2)",-0.03909150589067093,0.05307176618676496,-0.7365781977766471,0.46797351519996755
Baseline (p=3),p90p100,France,"L(public_debt, 3)",0.003112489345237704,0.033479429885419826,0.09296721467151332,0.9266422845046531
Baseline (p=3),p90p100,France,growth,0.13504834933513768,0.07839245817829432,1.7227211963169502,0.0968151209248061
Baseline (p=3),p90p100,France,life_exp,9.483734833819073e-4,0.0020374548221909023,0.46546969928005993,0.6454705949632343
Baseline (p=3),p90p100,France,gdp_x_debt,-0.16144539685390635,0.10580297175731294,-1.5259060702399174,0.13910713570404643
Baseline (p=3),p90p100,France,"L(gdp_x_debt, 1)",3.2267298300036424e-4,0.0696707436292035,0.004631398578400004,0.9963400451620007
Baseline (p=3),p90p100,France,"L(gdp_x_debt, 2)",-0.09645793741704309,0.06405963717361071,-1.5057521658392847,0.14418435420123224
Baseline (p=3),p90p100,France,"L(gdp_x_debt, 3)",0.1261804498252353,0.05436751455673352,2.3208794967730895,0.028401057586236674
Baseline (p=3),p90p100,Germany,(Intercept),0.027659608546389252,0.1099204682750422,0.2516329213334461,0.8028395919019509
Baseline (p=3),p90p100,Germany,"L(p90p100, 1)",0.7955849308761548,0.0837952064421579,9.494396692313547,4.3300099241655634e-11
Baseline (p=3),p90p100,Germany,public_debt,-0.04938649200319347,0.037668103162382935,-1.3110958040624952,0.19861166414273684
Baseline (p=3),p90p100,Germany,"L(public_debt, 1)",0.09466822161013867,0.04359086414697803,2.1717445492922542,0.036943947466825965
Baseline (p=3),p90p100,Germany,growth,0.18645362579582603,0.12065852310991597,1.5453000831609125,0.13153180872374454
Baseline (p=3),p90p100,Germany,life_exp,2.109593014154395e-4,0.0017968930656971497,0.11740225695266543,0.9072321032851842
Baseline (p=3),p90p100,Germany,gdp_x_debt,-0.28748979868526914,0.2080885888006983,-1.3815740706503574,0.17611444223617573
Baseline (p=3),p90p100,Ghana,(Intercept),0.03650392437423718,0.010952544398678266,3.3329172697663214,0.002129750172028244
Baseline (p=3),p90p100,Ghana,"L(p90p100, 1)",1.5744357173479353,0.11558705787023126,13.621211114444515,4.227312350764134e-15
Baseline (p=3),p90p100,Ghana,"L(p90p100, 2)",-0.7110209963533936,0.11587594469831163,-6.136053502774623,6.46809878511294e-7
Baseline (p=3),p90p100,Ghana,public_debt,0.004782061106554287,0.0040618723633655375,1.1773046218005787,0.24749557537944547
Baseline (p=3),p90p100,Ghana,growth,0.021190398703240257,0.012066156471081453,1.7561846437203565,0.08833500897040751
Baseline (p=3),p90p100,Ghana,life_exp,4.4482808903054783e-4,3.416520490485543e-4,1.3019915737936363,0.20193441742749482
Baseline (p=3),p90p100,Ghana,gdp_x_debt,-0.03345182487339792,0.02969102712058224,-1.1266644544677487,0.26801080621109974
Baseline (p=3),p90p100,Greece,(Intercept),0.7956122686405799,0.23808799117653098,3.3416732389945323,0.001991154623163631
Baseline (p=3),p90p100,Greece,"L(p90p100, 1)",0.8530317273253377,0.07765152142276624,10.985383308603685,6.853973533014683e-13
Baseline (p=3),p90p100,Greece,public_debt,0.04006904068374611,0.013445713845034367,2.9800604970143696,0.005212032901217679
Baseline (p=3),p90p100,Greece,growth,-0.10323343362572136,0.12394653780429762,-0.8328867869526076,0.41055623627757254
Baseline (p=3),p90p100,Greece,life_exp,-0.010034433015425934,0.0032035539640025584,-3.132281562346087,0.003495848724246818
Baseline (p=3),p90p100,Greece,gdp_x_debt,0.12796550771183912,0.09302065458625515,1.3756676759695419,0.17766509699449096
Baseline (p=3),p90p100,Guatemala,(Intercept),0.05208681423667854,0.05114610963029007,1.018392495796618,0.3154797731403255
Baseline (p=3),p90p100,Guatemala,"L(p90p100, 1)",0.9286087080509995,0.08135836154550646,11.413807879250339,2.387486347510349e-13
Baseline (p=3),p90p100,Guatemala,public_debt,2.815610282280744e-4,0.01022833899198916,0.027527541710202715,0.9781953361228714
Baseline (p=3),p90p100,Guatemala,growth,0.016258417256257297,0.08425621383364629,0.19296401436168942,0.8481025509112804
Baseline (p=3),p90p100,Guatemala,life_exp,-2.1170676336281443e-4,1.546210932002477e-4,-1.36919717084548,0.17966039971289116
Baseline (p=3),p90p100,Guatemala,gdp_x_debt,-0.03256785474581696,0.2083575575428604,-0.15630752793364625,0.876688744144164
Baseline (p=3),p90p100,Guyana,(Intercept),0.15524953385262172,0.09154009019738879,1.6959731361183459,0.09876999136974798
Baseline (p=3),p90p100,Guyana,"L(p90p100, 1)",0.8311001467639768,0.10588134426521438,7.849353939842464,3.1707586810711483e-9
Baseline (p=3),p90p100,Guyana,public_debt,-7.806695342799126e-4,0.0012783406711049277,-0.6106897417299135,0.5453506322768427
Baseline (p=3),p90p100,Guyana,growth,-0.015083852566789053,0.0186964220050261,-0.8067774980011743,0.42524323585093815
Baseline (p=3),p90p100,Guyana,life_exp,-9.574448026428597e-4,6.182808579754278e-4,-1.5485596720203025,0.13048345783982349
Baseline (p=3),p90p100,Guyana,gdp_x_debt,0.01265067835983133,0.011801362053487967,1.0719676510638314,0.29107075133154575
Baseline (p=3),p90p100,Haiti,(Intercept),0.05986829911691896,0.04933449508652909,1.2135180265231122,0.2330578807930304
Baseline (p=3),p90p100,Haiti,"L(p90p100, 1)",0.9159088734778685,0.08132440448140571,11.262411072278864,3.456473356754916e-13
Baseline (p=3),p90p100,Haiti,public_debt,6.262827825234951e-4,0.0028643144648727555,0.21865014830043011,0.828192574629662
Baseline (p=3),p90p100,Haiti,growth,5.202430099009483e-4,0.01604366382042775,0.03242669602927879,0.9743159916451898
Baseline (p=3),p90p100,Haiti,life_exp,-2.559895358804005e-4,1.5479480126620804e-4,-1.6537347106390416,0.10712433653432105
Baseline (p=3),p90p100,Haiti,gdp_x_debt,0.00260163297445037,0.049220632539014805,0.05285655303978839,0.9581467428795344
Baseline (p=3),p90p100,Honduras,(Intercept),0.057790470192847256,0.05293521915699144,1.0917206183931432,0.2824142899402267
Baseline (p=3),p90p100,Honduras,"L(p90p100, 1)",0.9184676636295145,0.08124176359651121,11.305363435869042,3.1111129319382213e-13
Baseline (p=3),p90p100,Honduras,public_debt,0.0057373984200105345,0.004561015025646072,1.25792140296618,0.2167481386569712
Baseline (p=3),p90p100,Honduras,growth,0.022115823839464706,0.04368802399191764,0.5062216557003396,0.6158750553614263
Baseline (p=3),p90p100,Honduras,life_exp,-2.3415887862506234e-4,1.9957711024334287e-4,-1.173275223494088,0.248608441003166
Baseline (p=3),p90p100,Honduras,gdp_x_debt,-0.07938581717856033,0.08226660320007029,-0.9649823147006087,0.341174271172633
Baseline (p=3),p90p100,Iceland,(Intercept),0.0424009656640657,0.14754075332637667,0.2873847713808944,0.7755620807023915
Baseline (p=3),p90p100,Iceland,"L(p90p100, 1)",0.81844756838197,0.13895814132447656,5.889885692057726,1.196943200894009e-6
Baseline (p=3),p90p100,Iceland,public_debt,-0.04281187305157343,0.01866061562184175,-2.2942369061749113,0.02807859866748793
Baseline (p=3),p90p100,Iceland,"L(public_debt, 1)",0.03798552099490817,0.021939835300000564,1.731349414227699,0.09245585390918876
Baseline (p=3),p90p100,Iceland,growth,0.027203573915079646,0.07542462508501062,0.36067231205218014,0.7205756808490797
Baseline (p=3),p90p100,Iceland,life_exp,2.0825116867172913e-4,0.0019026224834331417,0.10945480277093923,0.9134852497675869
Baseline (p=3),p90p100,Iceland,gdp_x_debt,-0.12169268114289498,0.115027966441217,-1.0579399506735074,0.297541684718632
Baseline (p=3),p90p100,India,(Intercept),-0.3273792463958454,0.12062402966664844,-2.714046672960414,0.010616570669203938
Baseline (p=3),p90p100,India,"L(p90p100, 1)",0.586754315915218,0.16401207100331047,3.577506901326639,0.001128493080575807
Baseline (p=3),p90p100,India,public_debt,-0.05097430675756959,0.04464119352832712,-1.1418670230047452,0.26198197541992746
Baseline (p=3),p90p100,India,growth,0.23242406314370445,0.24662244696299104,0.9424286637565589,0.35303426513805614
Baseline (p=3),p90p100,India,"L(growth, 1)",-0.5112946370500698,0.19684101736598567,-2.597500479787817,0.01407439101776688
Baseline (p=3),p90p100,India,life_exp,0.040273029203351185,0.023129564926366555,1.7411926826795576,0.09125767653358696
Baseline (p=3),p90p100,India,"L(life_exp, 1)",-0.031758395458060765,0.023257492411055944,-1.3655124506442378,0.18161463730664615
Baseline (p=3),p90p100,India,gdp_x_debt,-0.3552057570357511,0.385124237818234,-0.9223147290028433,0.3632665496412024
Baseline (p=3),p90p100,India,"L(gdp_x_debt, 1)",0.7360708823245805,0.3087356661542369,2.3841459313510516,0.023217893502014902
Baseline (p=3),p90p100,Indonesia,(Intercept),0.10575917145888693,0.05729258616266152,1.845948639124478,0.07337172001448138
Baseline (p=3),p90p100,Indonesia,"L(p90p100, 1)",0.6754761502344404,0.11576576489464074,5.834852392235271,1.2743852048717165e-6
Baseline (p=3),p90p100,Indonesia,public_debt,-0.0189499730315043,0.019030710807545172,-0.9957575007650864,0.32620277356570393
Baseline (p=3),p90p100,Indonesia,growth,-0.03934791523464738,0.09934393305790455,-0.39607768711666247,0.6944520760165855
Baseline (p=3),p90p100,Indonesia,life_exp,5.936253213509731e-4,7.541408386219109e-4,0.7871544557058362,0.4364895848962457
Baseline (p=3),p90p100,Indonesia,gdp_x_debt,0.3599405142867969,0.22598178224770898,1.592785536544931,0.12020075167579991
Baseline (p=3),p90p100,Iran,(Intercept),0.6135065961860934,0.16292253470853318,3.7656337552300587,6.114354598613611e-4
Baseline (p=3),p90p100,Iran,"L(p90p100, 1)",0.3603079931450438,0.16741026517793262,2.1522455194852546,0.038355269523393166
Baseline (p=3),p90p100,Iran,public_debt,-0.019917515838431425,0.019483530306928426,-1.022274481301198,0.31366527434403685
Baseline (p=3),p90p100,Iran,growth,0.08955211229822445,0.07380148164081593,1.2134188949493614,0.23309528275314964
Baseline (p=3),p90p100,Iran,life_exp,-0.003972315781345806,0.001109553233591119,-3.580103830159845,0.0010313467479815713
Baseline (p=3),p90p100,Iran,gdp_x_debt,-0.2072932220879208,0.2077463537403958,-0.9978188225963223,0.3252161380640024
Baseline (p=3),p90p100,Ireland,(Intercept),0.08096042654680007,0.04230048846179982,1.9139359731014163,0.06407665978755761
Baseline (p=3),p90p100,Ireland,"L(p90p100, 1)",0.29553999346354926,0.15683908714685085,1.8843516551893127,0.06809065046476596
Baseline (p=3),p90p100,Ireland,public_debt,-0.05216727868393511,0.02335955941461587,-2.233230420060684,0.032222255881082525
Baseline (p=3),p90p100,Ireland,"L(public_debt, 1)",0.03265172311756139,0.021556567247581863,1.51469956893179,0.1390906506254124
Baseline (p=3),p90p100,Ireland,growth,0.19539656020797477,0.09193720321307156,2.1253263464533307,0.040906451625117454
Baseline (p=3),p90p100,Ireland,life_exp,0.0021418506142003493,6.860216465652577e-4,3.12213269788799,0.0036540007503454916
Baseline (p=3),p90p100,Ireland,gdp_x_debt,-0.2285452556400094,0.12834249166465644,-1.780745041456502,0.08389140661668935
Baseline (p=3),p90p100,Italy,(Intercept),-0.03919499850885291,0.038550399461799986,-1.016720943389748,0.3169121453039822
Baseline (p=3),p90p100,Italy,"L(p90p100, 1)",0.7490776713418342,0.0753219506098465,9.945011583965945,2.5941225370761178e-11
Baseline (p=3),p90p100,Italy,public_debt,-0.022120650489586502,0.019133847953981722,-1.1561004635757666,0.25619880416764795
Baseline (p=3),p90p100,Italy,"L(public_debt, 1)",0.034532711127549985,0.020551695053156484,1.6802853019292046,0.10263997482286576
Baseline (p=3),p90p100,Italy,growth,0.043793528908608215,0.07514722274163031,0.58276975929208,0.5641327399018878
Baseline (p=3),p90p100,Italy,"L(growth, 1)",-0.18090903504632902,0.07300916648005132,-2.4778948146978195,0.018681674820403314
Baseline (p=3),p90p100,Italy,life_exp,0.0012577335022844654,7.167451832399525e-4,1.754784729210242,0.08886797230473549
Baseline (p=3),p90p100,Italy,gdp_x_debt,0.019794936207789084,0.07305193470851938,0.27097073180569137,0.7881538315165799
Baseline (p=3),p90p100,Italy,"L(gdp_x_debt, 1)",0.17771294788373354,0.07077330208941146,2.511016762496398,0.0172837319743015
Baseline (p=3),p90p100,Jamaica,(Intercept),0.2027397614100334,0.0974782498450878,2.0798461372893637,0.04492822941624563
Baseline (p=3),p90p100,Jamaica,"L(p90p100, 1)",0.8800546850574781,0.08400867019366541,10.475760216519149,2.4777313339369536e-12
Baseline (p=3),p90p100,Jamaica,public_debt,-4.150062216364859e-4,0.0015356785519192936,-0.2702428975893493,0.7885605725597247
Baseline (p=3),p90p100,Jamaica,growth,0.06714896771053386,0.0517677229086046,1.2971203664701398,0.20307549091398752
Baseline (p=3),p90p100,Jamaica,life_exp,-0.0019227425425848443,8.774528940919899e-4,-2.191277224715916,0.035177797914733175
Baseline (p=3),p90p100,Jamaica,gdp_x_debt,-0.029605743666833127,0.029407515170074675,-1.0067407428207389,0.3209691071346583
Baseline (p=3),p90p100,Japan,(Intercept),0.04834848519340677,0.14585644621193777,0.33147993420293304,0.7424431671801333
Baseline (p=3),p90p100,Japan,"L(p90p100, 1)",0.7962303409826104,0.09494155514667284,8.386531479840771,1.3926653208677457e-9
Baseline (p=3),p90p100,Japan,public_debt,0.010069339576450311,0.007790453517841701,1.292522900417736,0.2054316053999542
Baseline (p=3),p90p100,Japan,growth,0.13464928273974716,0.11198581401823514,1.202378032612431,0.23803906553754645
Baseline (p=3),p90p100,Japan,"L(growth, 1)",-0.20869802205698718,0.11012614993790874,-1.8950814331987014,0.06714664344438184
Baseline (p=3),p90p100,Japan,life_exp,0.008897883153310901,0.006184430124478484,1.438755548080711,0.15992974231510954
Baseline (p=3),p90p100,Japan,"L(life_exp, 1)",-0.008667241753231563,0.006126682018973347,-1.4146713876108654,0.16682233089148443
Baseline (p=3),p90p100,Japan,gdp_x_debt,0.04336308646740768,0.08184111389701472,0.5298447736424249,0.5998768657262206
Baseline (p=3),p90p100,Japan,"L(gdp_x_debt, 1)",0.16088165047950048,0.07605166858005254,2.1154256505254097,0.04227082810739788
Baseline (p=3),p90p100,Jordan,(Intercept),0.10497191683055584,0.04199367231271014,2.499707957162494,0.017932466991016905
Baseline (p=3),p90p100,Jordan,"L(p90p100, 1)",1.2853023418784322,0.14666668233100263,8.763424122308267,6.790235540438464e-10
Baseline (p=3),p90p100,Jordan,"L(p90p100, 2)",-0.5944998029857019,0.13431891246529853,-4.426031986666746,1.1041523703078571e-4
Baseline (p=3),p90p100,Jordan,public_debt,0.008062174485888233,0.004512246575309468,1.7867318089404935,0.08376440237779768
Baseline (p=3),p90p100,Jordan,growth,0.0034238585355404767,0.032877798134877026,0.1041389244344931,0.9177299488312689
Baseline (p=3),p90p100,Jordan,"L(growth, 1)",0.06299073016891565,0.03011347337774677,2.0917789648093033,0.044743401159232823
Baseline (p=3),p90p100,Jordan,life_exp,5.669177141707155e-4,4.5828707626220395e-4,1.2370362236581154,0.22536299318017985
Baseline (p=3),p90p100,Jordan,gdp_x_debt,0.0055888441723054485,0.02946619616743299,0.18966968591902686,0.8508044505290709
Baseline (p=3),p90p100,Jordan,"L(gdp_x_debt, 1)",-0.04405015777411944,0.028905071659677286,-1.5239594730211177,0.13765654727082385
Baseline (p=3),p90p100,Kenya,(Intercept),-0.05339822908001836,0.08018417039674189,-0.6659447720891813,0.5134512649232875
Baseline (p=3),p90p100,Kenya,"L(p90p100, 1)",1.5940494052792729,0.2361773229007549,6.7493753663602805,1.8974247901013189e-6
Baseline (p=3),p90p100,Kenya,"L(p90p100, 2)",-0.8602850217789001,0.3761909649299802,-2.286830631190261,0.03385306463835158
Baseline (p=3),p90p100,Kenya,"L(p90p100, 3)",0.2175362162603099,0.20304317446031903,1.0713791135235784,0.2974201408171345
Baseline (p=3),p90p100,Kenya,public_debt,-0.15320965942970677,0.04461193004720659,-3.4342755237799922,0.0027802099557398333
Baseline (p=3),p90p100,Kenya,"L(public_debt, 1)",0.11618898316297373,0.046381943721614534,2.50504773711819,0.021510225766575405
Baseline (p=3),p90p100,Kenya,"L(public_debt, 2)",-0.1304293403301067,0.06663189870653231,-1.9574609588203127,0.06514675090173618
Baseline (p=3),p90p100,Kenya,"L(public_debt, 3)",0.05693414691366356,0.04982933898649748,1.1425828251322239,0.2674061017164304
Baseline (p=3),p90p100,Kenya,growth,0.41836095821566155,0.20663036603667861,2.024682849090046,0.05718645223508731
Baseline (p=3),p90p100,Kenya,"L(growth, 1)",-0.8387074956551938,0.23424927014944225,-3.580406014158037,0.001995430291300536
Baseline (p=3),p90p100,Kenya,"L(growth, 2)",-0.14533853306907527,0.17091498639295125,-0.8503557010204297,0.4057163172225342
Baseline (p=3),p90p100,Kenya,"L(growth, 3)",0.06387336974398489,0.14586069663989146,0.43790665487961306,0.6663917429973178
Baseline (p=3),p90p100,Kenya,life_exp,0.009014352779765384,0.004696137124948856,1.9195250351348196,0.07006240157037687
Baseline (p=3),p90p100,Kenya,"L(life_exp, 1)",-0.007190344788072044,0.008551545444206396,-0.8408240165458566,0.41090385071223245
Baseline (p=3),p90p100,Kenya,"L(life_exp, 2)",-0.008009967527141724,0.005851506494522165,-1.3688727056254972,0.187006353993665
Baseline (p=3),p90p100,Kenya,"L(life_exp, 3)",0.008434321117138774,0.0026847754836439334,3.1415368504822694,0.005373215262621541
Baseline (p=3),p90p100,Kenya,gdp_x_debt,-1.4468041457498593,0.5237955553394457,-2.762154300473699,0.012403569007276663
Baseline (p=3),p90p100,Kenya,"L(gdp_x_debt, 1)",2.1030589277125333,0.622400338698844,3.3789488805694945,0.003150924440359345
Baseline (p=3),p90p100,Kenya,"L(gdp_x_debt, 2)",0.259745838707093,0.45745891049904286,0.5678014631384832,0.5768186489383927
Baseline (p=3),p90p100,Kenya,"L(gdp_x_debt, 3)",-0.05503445383992789,0.3350145758729457,-0.16427480415299814,0.8712498109633542
Baseline (p=3),p90p100,Lebanon,(Intercept),0.11147426230968806,0.039055419237540086,2.8542584994847258,0.007398325770071498
Baseline (p=3),p90p100,Lebanon,"L(p90p100, 1)",0.768287413923178,0.0858549131789289,8.948671490960594,2.421258925518645e-10
Baseline (p=3),p90p100,Lebanon,public_debt,-0.009042739765040157,0.006635682121786003,-1.3627445677892556,0.18219087884294097
Baseline (p=3),p90p100,Lebanon,"L(public_debt, 1)",0.019893024167810094,0.008152677580835923,2.4400602097366875,0.020222362431425632
Baseline (p=3),p90p100,Lebanon,growth,5.663623578926096e-4,0.01683438826522531,0.03364318019577467,0.9733643625889163
Baseline (p=3),p90p100,Lebanon,life_exp,2.0520659438814254e-5,2.31498988499581e-4,0.08864254471181586,0.9299017706110754
Baseline (p=3),p90p100,Lebanon,gdp_x_debt,-0.012478178956745443,0.016818052846466702,-0.7419514655269369,0.46336508245576846
Baseline (p=3),p90p100,Lebanon,"L(gdp_x_debt, 1)",-0.015738168793990932,0.006647348139722751,-2.3675860603635157,0.023919900040671977
Baseline (p=3),p90p100,Luxembourg,(Intercept),-0.07862937460154948,0.08452269873870762,-0.9302752488372776,0.3587870687164588
Baseline (p=3),p90p100,Luxembourg,"L(p90p100, 1)",0.5544950295026818,0.13699275096392724,4.047623145028242,2.8244130747112883e-4
Baseline (p=3),p90p100,Luxembourg,public_debt,-0.17114087503011538,0.08670586131118735,-1.9738097568270587,0.056573982524069075
Baseline (p=3),p90p100,Luxembourg,growth,0.022674844796160682,0.09750798558214877,0.232543464627905,0.8175100980207154
Baseline (p=3),p90p100,Luxembourg,life_exp,0.0034159138422247114,0.0014908035750778358,2.2913238868818544,0.028265001857329504
Baseline (p=3),p90p100,Luxembourg,gdp_x_debt,-0.22897573942181915,0.6815402222888263,-0.33596804991618345,0.7389595455214453
Baseline (p=3),p90p100,Luxembourg,"L(gdp_x_debt, 1)",-0.5857335028104581,0.2943475287846404,-1.9899385778061365,0.05468825394139618
Baseline (p=3),p90p100,Malaysia,(Intercept),0.18258290073464686,0.10506491164266815,1.7378104438484836,0.09156951838589236
Baseline (p=3),p90p100,Malaysia,"L(p90p100, 1)",0.9549888616945498,0.062335549963273375,15.320132127769893,1.4633261348438403e-16
Baseline (p=3),p90p100,Malaysia,public_debt,-0.005203427986491511,0.009428769754785075,-0.5518671175368118,0.5847576498254976
Baseline (p=3),p90p100,Malaysia,growth,0.06600235217626778,0.056778985365225236,1.1624433186277308,0.2533934242139594
Baseline (p=3),p90p100,Malaysia,life_exp,-0.016663092159562076,0.010012515133939474,-1.66422641430814,0.10553597319431207
Baseline (p=3),p90p100,Malaysia,"L(life_exp, 1)",0.014422411629018845,0.009375834584849961,1.5382536347562539,0.13352112660404594
Baseline (p=3),p90p100,Malaysia,gdp_x_debt,-0.07936240402896508,0.10046624423538472,-0.7899409859795797,0.4352020584838534
Baseline (p=3),p90p100,Malaysia,"L(gdp_x_debt, 1)",0.05701001345480876,0.03742121567414407,1.5234677021516283,0.1371684294156351
Baseline (p=3),p90p100,Malta,(Intercept),-0.06579395742091688,0.03730249685024717,-1.763794999703376,0.0867515224777354
Baseline (p=3),p90p100,Malta,"L(p90p100, 1)",0.5849266655083493,0.1421535647700079,4.114752003966342,2.3276927492850443e-4
Baseline (p=3),p90p100,Malta,public_debt,-0.025772887272447288,0.011297820192163667,-2.2812265405253784,0.02891977709982221
Baseline (p=3),p90p100,Malta,growth,0.011863849024203753,0.0493293692501945,0.24050275129266882,0.811384827163936
Baseline (p=3),p90p100,Malta,life_exp,-5.840128882257182e-4,0.0018499301701850356,-0.31569455844233485,0.7541641188782995
Baseline (p=3),p90p100,Malta,"L(life_exp, 1)",0.003273752710373246,0.001833620149950607,1.7854039782783977,0.08311937779711409
Baseline (p=3),p90p100,Malta,gdp_x_debt,-0.0028417314182373797,0.09113357882794673,-0.031182045682660534,0.975306688229636
Baseline (p=3),p90p100,Mauritania,(Intercept),0.13626147556945956,0.11941314487392646,1.1410927642289395,0.26385164382385157
Baseline (p=3),p90p100,Mauritania,"L(p90p100, 1)",1.2886596557284822,0.12366943795599493,10.42019497320772,5.828509645456488e-11
Baseline (p=3),p90p100,Mauritania,"L(p90p100, 2)",-0.4881132162599586,0.12988483409329896,-3.7580462697387507,8.364106838631214e-4
Baseline (p=3),p90p100,Mauritania,public_debt,-0.027515117985956933,0.022917560742252253,-1.200612852973848,0.24032924289508623
Baseline (p=3),p90p100,Mauritania,"L(public_debt, 1)",-0.013441437491056798,0.02864722324987583,-0.46920559712938525,0.6426895783432347
Baseline (p=3),p90p100,Mauritania,"L(public_debt, 2)",0.07990011717277706,0.02390783480174471,3.342005574128621,0.0024459857280351334
Baseline (p=3),p90p100,Mauritania,growth,-0.09488726538505997,0.13167876087251193,-0.7205965848731477,0.47735076442146984
Baseline (p=3),p90p100,Mauritania,"L(growth, 1)",0.15598715220609538,0.13819183800060372,1.1287725415839243,0.26892371190588127
Baseline (p=3),p90p100,Mauritania,"L(growth, 2)",0.2151472840288592,0.14015207311298103,1.5350988340744853,0.13639594907211658
Baseline (p=3),p90p100,Mauritania,life_exp,-0.0011193736842499621,0.0015867101771135875,-0.7054682703845983,0.48656126211260886
Baseline (p=3),p90p100,Mauritania,gdp_x_debt,0.20585792239285003,0.215309892701386,0.95610062227078,0.34750435571070104
Baseline (p=3),p90p100,Mauritania,"L(gdp_x_debt, 1)",-0.4325313600040387,0.22742754442662344,-1.9018424575374568,0.06791133793209718
Baseline (p=3),p90p100,Mauritania,"L(gdp_x_debt, 2)",-0.46026005658046504,0.22885461462357426,-2.011146060294708,0.0543914733561668
Baseline (p=3),p90p100,Mexico,(Intercept),0.22626842774476796,0.1113580993327466,2.0318991532772164,0.05638599688672243
Baseline (p=3),p90p100,Mexico,"L(p90p100, 1)",1.148617403124065,0.1592447290621132,7.212906887963923,7.531217826676788e-7
Baseline (p=3),p90p100,Mexico,"L(p90p100, 2)",-1.0969064651595688,0.21017160397971732,-5.2190992712099495,4.884992139595999e-5
Baseline (p=3),p90p100,Mexico,"L(p90p100, 3)",0.8092374671712118,0.16240684563283858,4.98277929121717,8.261732071117963e-5
Baseline (p=3),p90p100,Mexico,public_debt,-0.04649628367519038,0.0579554365308479,-0.8022764810069516,0.4323139648934574
Baseline (p=3),p90p100,Mexico,"L(public_debt, 1)",0.07055721903713258,0.06725977302437584,1.0490255298893396,0.30732764297942006
Baseline (p=3),p90p100,Mexico,"L(public_debt, 2)",-0.08541058334460844,0.06786336402185197,-1.2585668950496804,0.2234325410635906
Baseline (p=3),p90p100,Mexico,"L(public_debt, 3)",0.03746448850794637,0.05856885253539917,0.6396657418770965,0.53002798283919
Baseline (p=3),p90p100,Mexico,growth,0.3116646626995349,0.19604592530895298,1.589753330544238,0.12839210767252357
Baseline (p=3),p90p100,Mexico,"L(growth, 1)",-0.06456847346869782,0.1267515557671702,-0.5094097116038842,0.616330658014939
Baseline (p=3),p90p100,Mexico,"L(growth, 2)",-0.06554101079017519,0.1232788408878249,-0.5316484995978581,0.601130866563625
Baseline (p=3),p90p100,Mexico,"L(growth, 3)",0.24861009759603514,0.13639559772426013,1.822713502078197,0.08412356971937983
Baseline (p=3),p90p100,Mexico,life_exp,-0.07744677140265399,0.06063456322204523,-1.2772710363071644,0.21689478948279717
Baseline (p=3),p90p100,Mexico,"L(life_exp, 1)",0.14953049594344325,0.17342032644863234,0.8622431926267574,0.3993061678973795
Baseline (p=3),p90p100,Mexico,"L(life_exp, 2)",-0.13102063666393124,0.19252114302874862,-0.6805519362845581,0.5043646187910478
Baseline (p=3),p90p100,Mexico,"L(life_exp, 3)",0.05724540137067031,0.07902168057613347,0.7244265238767885,0.47763053735345773
Baseline (p=3),p90p100,Mexico,gdp_x_debt,-1.0675808040339134,0.737243262041021,-1.4480712934267714,0.1638985600018574
Baseline (p=3),p90p100,Mexico,"L(gdp_x_debt, 1)",0.01958826547381454,0.5147985418164909,0.03805035151167372,0.9700444937353592
Baseline (p=3),p90p100,Mexico,"L(gdp_x_debt, 2)",0.1481330271452139,0.4405915554883275,0.33621394985891495,0.7403942341193497
Baseline (p=3),p90p100,Mexico,"L(gdp_x_debt, 3)",-0.8701112219276758,0.4969213418861565,-1.7510039287606531,0.09607416132630059
Baseline (p=3),p90p100,Netherlands,(Intercept),0.060611565645022715,0.027462858530241826,2.207037755311519,0.03437670365188618
Baseline (p=3),p90p100,Netherlands,"L(p90p100, 1)",0.5251508484880643,0.16648809476114038,3.1542846906951247,0.003420798988927275
Baseline (p=3),p90p100,Netherlands,public_debt,-0.05733519400282772,0.024054030991523905,-2.3836002382732167,0.0230536950754681
Baseline (p=3),p90p100,Netherlands,"L(public_debt, 1)",0.05945441456958802,0.025422734230971612,2.33863179426062,0.025561276446101313
Baseline (p=3),p90p100,Netherlands,growth,0.3346714045886168,0.1317615078787876,2.5399785565333217,0.015977461931968532
Baseline (p=3),p90p100,Netherlands,life_exp,9.538591781511177e-4,7.791619039975135e-4,1.2242117758290219,0.22954068278962775
Baseline (p=3),p90p100,Netherlands,gdp_x_debt,-0.6127207773335152,0.2314681553792937,-2.6471061487031964,0.012348055790792381
Baseline (p=3),p90p100,Netherlands,"L(gdp_x_debt, 1)",-0.06336723025031434,0.03266565793227683,-1.9398730734794531,0.06098153200655869
Baseline (p=3),p90p100,New Zealand,(Intercept),0.22819669706731557,0.13482364459652185,1.6925569528269713,0.10056857920703309
Baseline (p=3),p90p100,New Zealand,"L(p90p100, 1)",0.8310045101207554,0.1630745184490438,5.095857513633688,1.6317338363888997e-5
Baseline (p=3),p90p100,New Zealand,"L(p90p100, 2)",-0.3521514486895977,0.16308429855135428,-2.159321601268115,0.038677691632958124
Baseline (p=3),p90p100,New Zealand,public_debt,-0.05789859074712824,0.04215487413834686,-1.373473220608192,0.1794576528687891
Baseline (p=3),p90p100,New Zealand,growth,-0.011214229083807443,0.35581779348319836,-0.03151677428503017,0.9750594605237092
Baseline (p=3),p90p100,New Zealand,life_exp,0.01553330099312251,0.011438669376135805,1.357963980104996,0.18427759782837813
Baseline (p=3),p90p100,New Zealand,"L(life_exp, 1)",0.018437205867077068,0.013746286960767433,1.3412498894936316,0.18958388383945135
Baseline (p=3),p90p100,New Zealand,"L(life_exp, 2)",-0.034463540561320394,0.012707012710279741,-2.7121670015675687,0.010806796816507853
Baseline (p=3),p90p100,New Zealand,gdp_x_debt,0.5370934189268602,0.7876611486485359,0.6818838530355367,0.5003756830662351
Baseline (p=3),p90p100,Norway,(Intercept),-0.11838476336486381,0.09307566925718186,-1.2719195500786482,0.2120329602119133
Baseline (p=3),p90p100,Norway,"L(p90p100, 1)",0.824575436347419,0.10407162927292948,7.923152948676886,3.1458726160869267e-9
Baseline (p=3),p90p100,Norway,public_debt,0.007376790251688555,0.028177374416821034,0.2617983543308718,0.7950564670196612
Baseline (p=3),p90p100,Norway,growth,0.1488504692635807,0.1316573707888727,1.1305897145878678,0.2661403274589008
Baseline (p=3),p90p100,Norway,life_exp,0.0020770050900010763,0.0014731384313297813,1.4099184746176183,0.167646474511058
Baseline (p=3),p90p100,Norway,gdp_x_debt,-0.004126869392152054,0.35868113776845023,-0.011505677209087562,0.9908872490415546
Baseline (p=3),p90p100,Norway,"L(gdp_x_debt, 1)",-0.12462969479801299,0.07845881730598639,-1.5884727692486358,0.1214367567054624
Baseline (p=3),p90p100,Pakistan,(Intercept),0.20388612866455058,0.05302369955765955,3.8451886678114326,5.832718419949238e-4
Baseline (p=3),p90p100,Pakistan,"L(p90p100, 1)",1.1034877690246931,0.16704198734431971,6.606050290518274,2.597730204171177e-7
Baseline (p=3),p90p100,Pakistan,"L(p90p100, 2)",-0.6436877594353434,0.15578003229991888,-4.132029952311664,2.6532479062604315e-4
Baseline (p=3),p90p100,Pakistan,public_debt,-0.002113835308144449,0.027010481121341214,-0.07825981694470038,0.9381410464730923
Baseline (p=3),p90p100,Pakistan,growth,0.24666282295547606,0.25552589872466175,0.9653143739502665,0.3421049955140084
Baseline (p=3),p90p100,Pakistan,life_exp,-0.010769885785542697,0.0033322377108179852,-3.2320280604767975,0.0029815778209255953
Baseline (p=3),p90p100,Pakistan,"L(life_exp, 1)",0.01116117949016843,0.003391893285898473,3.2905455889694846,0.0025615968763304463
Baseline (p=3),p90p100,Pakistan,gdp_x_debt,-0.3598847080271416,0.4659210728832999,-0.772415606360184,0.44591121569635794
Baseline (p=3),p90p100,Pakistan,"L(gdp_x_debt, 1)",0.07628558176036232,0.08095700669193108,0.9422974598190726,0.35356721384399636
Baseline (p=3),p90p100,Pakistan,"L(gdp_x_debt, 2)",0.25645085016271746,0.08298031072134511,3.090502408744902,0.00428689667904784
Baseline (p=3),p90p100,Panama,(Intercept),0.07789422219594304,0.05842738228639079,1.3331800800886908,0.191085805220102
Baseline (p=3),p90p100,Panama,"L(p90p100, 1)",0.8985019342740842,0.07512823197031165,11.95957778733758,6.441750120755148e-14
Baseline (p=3),p90p100,Panama,public_debt,-0.003991667096006132,0.005678676031117568,-0.7029221378597589,0.486753777378243
Baseline (p=3),p90p100,Panama,growth,-0.07707959724089532,0.027042272140784758,-2.850337310400963,0.007273523725733211
Baseline (p=3),p90p100,Panama,life_exp,-2.474587828754898e-4,4.322170495564137e-4,-0.5725335988699609,0.5706203515111106
Baseline (p=3),p90p100,Panama,gdp_x_debt,0.08228251502015838,0.0381568415870391,2.1564288761286687,0.038002936823954316
Baseline (p=3),p90p100,Paraguay,(Intercept),0.10421867074813977,0.06590578724900656,1.581328060832939,0.12334152984777132
Baseline (p=3),p90p100,Paraguay,"L(p90p100, 1)",0.8795233263648331,0.09111243047105223,9.653165016207867,3.889221930816752e-11
Baseline (p=3),p90p100,Paraguay,public_debt,-0.0022676117366192323,0.010126322556882911,-0.22393240229918662,0.824190522982101
Baseline (p=3),p90p100,Paraguay,growth,0.019662268141124137,0.030063859115970714,0.6540167736043914,0.5176330813532515
Baseline (p=3),p90p100,Paraguay,"L(growth, 1)",-0.06361869247574287,0.027724420689139967,-2.2946806784194838,0.028247975433109026
Baseline (p=3),p90p100,Paraguay,life_exp,-5.346687307853312e-4,3.3365462034719886e-4,-1.6024616420086086,0.11858383991384035
Baseline (p=3),p90p100,Paraguay,gdp_x_debt,-0.041677938702156275,0.08847737167830165,-0.4710576039000653,0.6406988020794684
Baseline (p=3),p90p100,Paraguay,"L(gdp_x_debt, 1)",0.15279641911482394,0.07376964626153047,2.071264088391115,0.04622757577168182
Baseline (p=3),p90p100,Portugal,(Intercept),0.11174623003337217,0.15041596239817684,0.7429147030124419,0.4631263998734221
Baseline (p=3),p90p100,Portugal,"L(p90p100, 1)",0.6771524090091227,0.1537575290306347,4.404027648455553,1.1751383630111245e-4
Baseline (p=3),p90p100,Portugal,"L(p90p100, 2)",0.30168500452573926,0.17268749215493165,1.7469997436471758,0.09053940014453593
Baseline (p=3),p90p100,Portugal,public_debt,-0.042621086656771924,0.029475191301632623,-1.4459986441007815,0.15821286337486765
Baseline (p=3),p90p100,Portugal,"L(public_debt, 1)",0.0440469581909813,0.028042693354475814,1.5707106886703908,0.1264020386404088
Baseline (p=3),p90p100,Portugal,growth,-0.05596907762996022,0.1269625842146321,-0.4408312730571369,0.6623942462330197
Baseline (p=3),p90p100,Portugal,life_exp,0.010482779989885359,0.004487760768182654,2.3358598043385506,0.02614226285949234
Baseline (p=3),p90p100,Portugal,"L(life_exp, 1)",-0.011837047828351962,0.004711669618459187,-2.5122830730697374,0.01741231289374703
Baseline (p=3),p90p100,Portugal,gdp_x_debt,0.02444993540441008,0.16794293745400996,0.1455847788246858,0.8851917049664128
Baseline (p=3),p90p100,Singapore,(Intercept),-0.07792991610248987,0.11574882797155883,-0.6732674314563114,0.5054653408448215
Baseline (p=3),p90p100,Singapore,"L(p90p100, 1)",0.7408694944362753,0.11554338412095048,6.41204600395584,2.8838240627351386e-7
Baseline (p=3),p90p100,Singapore,public_debt,0.1066419532971436,0.04784685804920846,2.228818310022925,0.03275161197562282
Baseline (p=3),p90p100,Singapore,"L(public_debt, 1)",-0.07565457238991498,0.05774630477755416,-1.3101197155618123,0.1992019905021862
Baseline (p=3),p90p100,Singapore,growth,0.220966083637819,0.16883018402420258,1.3088067451620056,0.19964144670389014
Baseline (p=3),p90p100,Singapore,life_exp,0.0019492243326316389,0.0019222363740458905,1.0140398750903588,0.3179412770892408
Baseline (p=3),p90p100,Singapore,gdp_x_debt,-0.24602125126991725,0.19189270165805183,-1.2820771667925193,0.20874967831054048
Baseline (p=3),p90p100,Singapore,"L(gdp_x_debt, 1)",0.062242925499564984,0.024314602276893138,2.5598989771967693,0.015235883897941407
Baseline (p=3),p90p100,South Africa,(Intercept),0.03416591743226384,0.05255572670166987,0.6500893351966204,0.5201348338228606
Baseline (p=3),p90p100,South Africa,"L(p90p100, 1)",1.009297463461989,0.0325392647351272,31.017832507211487,5.456678407294444e-26
Baseline (p=3),p90p100,South Africa,public_debt,0.015396984975230975,0.0331047645145991,0.46509876149220003,0.6449153379831314
Baseline (p=3),p90p100,South Africa,growth,0.2966855118230719,0.24628014500590845,1.2046667903982036,0.23690077374592197
Baseline (p=3),p90p100,South Africa,"L(growth, 1)",-0.4468559032239158,0.2668391712477383,-1.674626334411175,0.10346061044471858
Baseline (p=3),p90p100,South Africa,life_exp,-6.933750290707701e-4,7.6109307350723e-4,-0.9110252782561729,0.3688891026037271
Baseline (p=3),p90p100,South Africa,gdp_x_debt,-0.7200636034350679,0.740569144025931,-0.9723111059159317,0.33796925732404537
Baseline (p=3),p90p100,South Africa,"L(gdp_x_debt, 1)",1.3881013271408247,0.7992361235828205,1.7367850203244515,0.09175292540676114
Baseline (p=3),p90p100,South Korea,(Intercept),-0.02031938826975172,0.0396134876503688,-0.5129411590590547,0.6112150044626168
Baseline (p=3),p90p100,South Korea,"L(p90p100, 1)",0.9816254249373898,0.09419932946921218,10.420726245808588,2.8523197822626805e-12
Baseline (p=3),p90p100,South Korea,public_debt,-0.06654488148247688,0.053975557706643945,-1.2328706605339208,0.22584101904204662
Baseline (p=3),p90p100,South Korea,growth,-0.23680935644215015,0.06616090790691094,-3.579294237850292,0.0010336818086030546
Baseline (p=3),p90p100,South Korea,life_exp,5.498022079168626e-4,3.7198137690105547e-4,1.478036918130733,0.14834135563592174
Baseline (p=3),p90p100,South Korea,gdp_x_debt,1.3833644198526927,0.3691352438643661,3.7475815242420794,6.435901033562171e-4
Baseline (p=3),p90p100,Spain,(Intercept),0.1589957084264221,0.07778817621713563,2.043957271637352,0.048765838565234386
Baseline (p=3),p90p100,Spain,"L(p90p100, 1)",0.6811036002638695,0.11913999273247092,5.716834327775132,2.0092673554391826e-6
Baseline (p=3),p90p100,Spain,public_debt,0.035670831542907774,0.021737121548187837,1.6410098947016079,0.11001535791353464
Baseline (p=3),p90p100,Spain,"L(public_debt, 1)",-0.03266062027371693,0.022553958904544976,-1.4481103034702838,0.1567457836631635
Baseline (p=3),p90p100,Spain,growth,0.07224589718730132,0.052330584243557514,1.3805673724385297,0.1764212154878471
Baseline (p=3),p90p100,Spain,life_exp,-0.00064766257579776615,6.621329007571662e-4,-0.978145890435511,0.33491110366443266
Baseline (p=3),p90p100,Spain,gdp_x_debt,-0.050597749061951754,0.09966663925336781,-0.5076698626641213,0.614962540793123
Baseline (p=3),p90p100,Sweden,(Intercept),-0.07443670927853772,0.058069473042584065,-1.2818561178254724,0.20856563518478916
Baseline (p=3),p90p100,Sweden,"L(p90p100, 1)",0.8447799085748768,0.09287642656332332,9.095740865944109,1.2468529060253888e-10
Baseline (p=3),p90p100,Sweden,public_debt,0.040454953357336,0.016754812575177143,2.4145273589793224,0.02128518215384958
Baseline (p=3),p90p100,Sweden,growth,0.010067569027649619,0.1722859408015503,0.05843523261858072,0.9537440513592456
Baseline (p=3),p90p100,Sweden,life_exp,0.0012863100333446078,9.49551738059935e-4,1.35464975923557,0.18446314620408988
Baseline (p=3),p90p100,Sweden,gdp_x_debt,0.21154884555104053,0.352915898219182,0.5994313280260782,0.5528591405326161
Baseline (p=3),p90p100,Sweden,"L(gdp_x_debt, 1)",-0.29418985565033234,0.08698721537387555,-3.3819895761220673,0.0018236502223239843
Baseline (p=3),p90p100,Switzerland,(Intercept),0.09046845551634525,0.04942439122815767,1.830441473699008,0.07622827166488845
Baseline (p=3),p90p100,Switzerland,"L(p90p100, 1)",0.6822294482045129,0.17696916179087735,3.8550753210364217,5.066922378316955e-4
Baseline (p=3),p90p100,Switzerland,public_debt,-0.043818148729874766,0.03440007777395066,-1.2737805134573243,0.21163994249179582
Baseline (p=3),p90p100,Switzerland,"L(public_debt, 1)",0.051936125987155836,0.03271448896560865,1.5875573065424948,0.1219232329536605
Baseline (p=3),p90p100,Switzerland,growth,-0.22153929803448874,0.21207066485456336,-1.0446484816106882,0.30377773931824553
Baseline (p=3),p90p100,Switzerland,life_exp,1.053274674156044e-4,7.944599616458752e-4,0.13257743939341948,0.8953326884335582
Baseline (p=3),p90p100,Switzerland,gdp_x_debt,0.6023418373860417,0.5191575091481055,1.1602294617185347,0.2542807055731174
Baseline (p=3),p90p100,Switzerland,"L(gdp_x_debt, 1)",-0.1612879120796425,0.11453061761025367,-1.408251482834951,0.16840856587968644
Baseline (p=3),p90p100,Thailand,(Intercept),0.3046861417241784,0.12150548340178793,2.5075917003404555,0.017095286032490706
Baseline (p=3),p90p100,Thailand,"L(p90p100, 1)",0.6482495349136939,0.157333436197299,4.120227401000618,2.2911778876729416e-4
Baseline (p=3),p90p100,Thailand,public_debt,-0.04283951764750248,0.02592373911903473,-1.6525207822372812,0.10763504444907342
Baseline (p=3),p90p100,Thailand,growth,0.05826031033784118,0.061102413799004475,0.9534862326304759,0.3470738189768665
Baseline (p=3),p90p100,Thailand,"L(growth, 1)",-0.06943580361230203,0.03973744966623505,-1.7473643677566382,0.08960204609559635
Baseline (p=3),p90p100,Thailand,life_exp,-0.0014836178137557483,5.909882424649583e-4,-2.510401573418302,0.01698141634523375
Baseline (p=3),p90p100,Thailand,gdp_x_debt,0.4058270290428366,0.3192061319209183,1.271363512350628,0.21222826536568967
Baseline (p=3),p90p100,Togo,(Intercept),0.10066336696156541,0.0706019887820302,1.4257865634967286,0.16304720972372294
Baseline (p=3),p90p100,Togo,"L(p90p100, 1)",0.7830197820293789,0.13156496258179137,5.951582903712612,9.95297376547991e-7
Baseline (p=3),p90p100,Togo,public_debt,-0.00937182653153634,0.010124381331127965,-0.9256690581894764,0.36114208569352757
Baseline (p=3),p90p100,Togo,"L(public_debt, 1)",0.017336490303724167,0.008481581081443973,2.04401633813924,0.04875968307821521
Baseline (p=3),p90p100,Togo,growth,-0.03989648287735658,0.0551972908120312,-0.7227978455178176,0.4747470739652573
Baseline (p=3),p90p100,Togo,life_exp,5.147677956723095e-5,2.76951555022774e-4,0.1858692563145131,0.8536517796559981
Baseline (p=3),p90p100,Togo,gdp_x_debt,0.055314063821027694,0.0844069192412252,0.6553261784492632,0.5166675793231215
Baseline (p=3),p90p100,Trinidad and Tobago,(Intercept),0.2602335440493666,0.08627365548669871,3.0163732205538487,0.004816697114713982
Baseline (p=3),p90p100,Trinidad and Tobago,"L(p90p100, 1)",0.6968732125649679,0.11112900874057592,6.270848813128326,3.840678831569192e-7
Baseline (p=3),p90p100,Trinidad and Tobago,public_debt,0.003130479394363199,0.004214233252229867,0.7428348662729516,0.46268357741984356
Baseline (p=3),p90p100,Trinidad and Tobago,growth,0.014963582533796137,0.01569425241166651,0.9534434735274667,0.34709516079614267
Baseline (p=3),p90p100,Trinidad and Tobago,life_exp,-0.0013560550664719903,4.140477236627985e-4,-3.27511779191996,0.002433458992257094
Baseline (p=3),p90p100,Trinidad and Tobago,gdp_x_debt,-0.046820055970808155,0.05247333992961055,-0.8922636911165576,0.3785233389870314
Baseline (p=3),p90p100,Trinidad and Tobago,"L(gdp_x_debt, 1)",0.036060150683717915,0.022185827314879825,1.6253687623148816,0.11331921102382243
Baseline (p=3),p90p100,Turkey,(Intercept),0.12417210318016851,0.073357554409162265,1.6926968760106262,0.10022901403181143
Baseline (p=3),p90p100,Turkey,"L(p90p100, 1)",0.8436785179796026,0.0701524665723755,12.026355724915089,2.0693383326848657e-13
Baseline (p=3),p90p100,Turkey,public_debt,0.036389363030904204,0.020613870773331294,1.7652852989639423,0.08705814757834802
Baseline (p=3),p90p100,Turkey,"L(public_debt, 1)",-0.052198331195168146,0.02035032283120679,-2.5649878691419628,0.015210219710745779
Baseline (p=3),p90p100,Turkey,growth,0.1519311992154126,0.06622222457506853,2.294262993886375,0.028485199631321217
Baseline (p=3),p90p100,Turkey,"L(growth, 1)",0.11423580742806604,0.06611784344428956,1.7277606388405626,0.09367217190048875
Baseline (p=3),p90p100,Turkey,life_exp,-4.6399069489342764e-4,5.216336673253348e-4,-0.88949529901421,0.380375345670121
Baseline (p=3),p90p100,Turkey,gdp_x_debt,-0.39641189403158955,0.15702178462811475,-2.5245662248103886,0.016740063712610973
Baseline (p=3),p90p100,Turkey,"L(gdp_x_debt, 1)",-0.3544747918829574,0.16070569910764496,-2.2057387749859494,0.03470301816349664
Baseline (p=3),p90p100,United Arab Emirates,(Intercept),0.073038325888028,0.02135422470515645,3.4203220625655066,0.0016830409357337026
Baseline (p=3),p90p100,United Arab Emirates,"L(p90p100, 1)",0.8153063941183595,0.028058899201607555,29.056962935725178,4.372333500921547e-25
Baseline (p=3),p90p100,United Arab Emirates,public_debt,0.07479041212757985,0.020753368782562887,3.6037721350771363,0.001019869566791304
Baseline (p=3),p90p100,United Arab Emirates,"L(public_debt, 1)",-0.20705438346269248,0.024767435415507896,-8.359944418510418,1.172478523015474e-9
Baseline (p=3),p90p100,United Arab Emirates,growth,0.00632753561212002,0.0048101093272820625,1.315466069810803,0.197420177704978
Baseline (p=3),p90p100,United Arab Emirates,life_exp,4.935437861185311e-4,2.0641165362902608e-4,2.3910655112794843,0.022659716175264567
Baseline (p=3),p90p100,United Arab Emirates,gdp_x_debt,0.021132536477107083,0.06677500718200033,0.3164737432301394,0.7536362403472009
Baseline (p=3),p90p100,United Arab Emirates,"L(gdp_x_debt, 1)",-0.09635914164000742,0.042110532159244096,-2.288243265974844,0.028662178110318307
Baseline (p=3),p90p100,United Kingdom,(Intercept),-0.5967740442411524,0.13023394443146888,-4.582323347775005,6.280753243170293e-5
Baseline (p=3),p90p100,United Kingdom,"L(p90p100, 1)",0.37866358180886844,0.11915390533046681,3.1779368100329215,0.003214646255121044
Baseline (p=3),p90p100,United Kingdom,public_debt,0.0465004608061207,0.04158495913955658,1.118203835431652,0.27155433042748733
Baseline (p=3),p90p100,United Kingdom,"L(public_debt, 1)",-0.14052983444515096,0.046264774018133926,-3.0375126092709097,0.0046365161185533054
Baseline (p=3),p90p100,United Kingdom,growth,-0.30378215810715165,0.1550988258459101,-1.9586360918615704,0.05865143082479687
Baseline (p=3),p90p100,United Kingdom,life_exp,0.010974186294828802,0.002251587461406008,4.873977352838851,2.6728844531087914e-5
Baseline (p=3),p90p100,United Kingdom,gdp_x_debt,0.6533578231541857,0.2976717633267134,2.1948935157718825,0.03531376519404411
Baseline (p=3),p90p100,United Kingdom,"L(gdp_x_debt, 1)",0.45578213949827073,0.09872832736185763,4.616528525068035,5.68394379283382e-5
Baseline (p=3),p90p100,United States,(Intercept),-0.4181815427688362,0.11240273157751073,-3.720385945251396,6.951469119364401e-4
Baseline (p=3),p90p100,United States,"L(p90p100, 1)",0.6637830093798774,0.07490220183069998,8.86199595147034,1.8120445832157735e-10
Baseline (p=3),p90p100,United States,public_debt,-0.011415379355738048,0.008823795460915222,-1.2937039855810555,0.2042404434338311
Baseline (p=3),p90p100,United States,growth,-0.05319442022912317,0.1480273782696079,-0.35935528177928105,0.7214883995855581
Baseline (p=3),p90p100,United States,life_exp,0.0073010149081513915,0.001852089025519085,3.942043178029812,3.690681900709199e-4
Baseline (p=3),p90p100,United States,gdp_x_debt,0.45212575354980294,0.23377180297235153,1.9340474248867234,0.06122537760676875
Baseline (p=3),p90p100,Uruguay,(Intercept),0.10442917599125259,0.10485642031136837,0.9959254348103141,0.3263218751421497
Baseline (p=3),p90p100,Uruguay,"L(p90p100, 1)",0.8802433648727331,0.08550094959220701,10.295129692372013,5.509855981838474e-12
Baseline (p=3),p90p100,Uruguay,public_debt,0.0018308785385043615,0.010596534240673345,0.17278088259053465,0.8638481335326814
Baseline (p=3),p90p100,Uruguay,growth,-0.029182419571794082,0.040574232673098884,-0.7192352793683838,0.4769106991937131
Baseline (p=3),p90p100,Uruguay,life_exp,-6.273552724155698e-4,0.0010153922398146785,-0.6178452501567964,0.5407940234599934
Baseline (p=3),p90p100,Uruguay,gdp_x_debt,0.0701815350042437,0.11473730321455913,0.6116714707247738,0.54482383045602
Baseline (p=3),p90p100,Uruguay,"L(gdp_x_debt, 1)",-0.15468042886544486,0.06603696476409815,-2.3423309871676428,0.025157013079577958
Baseline (p=3),p90p100,Venezuela,(Intercept),0.12007136883358686,0.08353734754608982,1.4373375784686033,0.15950277703964988
Baseline (p=3),p90p100,Venezuela,"L(p90p100, 1)",0.8623332738506501,0.11885067826617467,7.255602462102845,1.7929400371072597e-8
Baseline (p=3),p90p100,Venezuela,public_debt,-0.0024428380865291308,0.0025445448422351325,-0.9600294897469119,0.34362596197948114
Baseline (p=3),p90p100,Venezuela,growth,-0.0017709556690704042,0.008171483123773065,-0.21672389727125702,0.82968184743315
Baseline (p=3),p90p100,Venezuela,life_exp,-6.057699941623459e-4,6.028914822970992e-4,-1.004774510753211,0.3219018150057706
Baseline (p=3),p90p100,Venezuela,gdp_x_debt,0.003408250135713029,0.005579826240940241,0.6108165359534053,0.5452676349192171
Baseline (p=3),p90p100,Zambia,(Intercept),0.08807906696223304,0.04342574753089272,2.0282682963505536,0.05678747588704919
Baseline (p=3),p90p100,Zambia,"L(p90p100, 1)",1.504606337438961,0.1464299214641377,10.27526561780924,3.3923145701060588e-9
Baseline (p=3),p90p100,Zambia,"L(p90p100, 2)",-1.0325218453413159,0.1501156779748919,-6.878174613540458,1.4635019791109532e-6
Baseline (p=3),p90p100,Zambia,"L(p90p100, 3)",0.28618040525482275,0.10284564985332073,2.7826204186854326,0.011864090874887694
Baseline (p=3),p90p100,Zambia,public_debt,0.004764198355430096,0.007688906665838404,0.6196197408140347,0.5428679943723405
Baseline (p=3),p90p100,Zambia,"L(public_debt, 1)",-0.030028831991976455,0.008404552808115744,-3.5729244229365205,0.0020296685621021123
Baseline (p=3),p90p100,Zambia,"L(public_debt, 2)",0.015250384460295292,0.007630237296010514,1.998677612329172,0.060156328649807835
Baseline (p=3),p90p100,Zambia,"L(public_debt, 3)",-0.007029705615091803,0.005772200193151991,-1.2178554762240728,0.23818756534636765
Baseline (p=3),p90p100,Zambia,growth,-0.0089916757172131,0.012641056728000652,-0.7113072831400268,0.48553572211573615
Baseline (p=3),p90p100,Zambia,"L(growth, 1)",-0.012189009889757048,0.011823862480077897,-1.0308822442999817,0.31554096693490347
Baseline (p=3),p90p100,Zambia,"L(growth, 2)",2.9563096326141666e-4,0.010921727103356855,0.02706815144379068,0.9786876634133086
Baseline (p=3),p90p100,Zambia,"L(growth, 3)",-0.014513310703395694,0.011102529221913088,-1.3072076112847095,0.20674169247659147
Baseline (p=3),p90p100,Zambia,life_exp,-0.01072547724899185,0.004586195003813111,-2.338643960859567,0.030436486685540578
Baseline (p=3),p90p100,Zambia,"L(life_exp, 1)",0.0239826057595996,0.009067212132242658,2.644981214712996,0.015971919306006947
Baseline (p=3),p90p100,Zambia,"L(life_exp, 2)",-0.01604090484410862,0.009535822931060856,-1.6821731024240063,0.10889783127123062
Baseline (p=3),p90p100,Zambia,"L(life_exp, 3)",0.0038371904242517833,0.00512441921373248,0.7488049404640499,0.46314477110634944
Baseline (p=3),p90p100,Zambia,gdp_x_debt,-0.0068882865164549174,0.033283503533308056,-0.20695797572997535,0.8382445164338616
Baseline (p=3),p90p100,Zambia,"L(gdp_x_debt, 1)",0.1041919655205563,0.03105614498695584,3.35495489103103,0.0033264259874586683
Baseline (p=3),p90p100,Zambia,"L(gdp_x_debt, 2)",-0.010324317735766992,0.03167697909100884,-0.3259249471392124,0.7480434739507188
Baseline (p=3),p90p100,Zambia,"L(gdp_x_debt, 3)",0.11499725543990656,0.023999327162372505,4.791686644457505,1.2681625836229125e-4
Baseline (p=3),p99p100,Algeria,(Intercept),-0.016648804702364847,0.016007161619027828,-1.040084750726468,0.3063449642211112
Baseline (p=3),p99p100,Algeria,"L(p99p100, 1)",1.4409583820651624,0.13959651964048925,10.32230879234055,1.4942454940601063e-11
Baseline (p=3),p99p100,Algeria,"L(p99p100, 2)",-0.40677075408822005,0.13654067505129075,-2.979117789885094,0.005575795779604
Baseline (p=3),p99p100,Algeria,public_debt,0.0036762984967198763,0.005623993292487298,0.6536811666597804,0.5181370515918964
Baseline (p=3),p99p100,Algeria,growth,0.04474797794626104,0.03536033702340811,1.2654850522674157,0.2151267116827099
Baseline (p=3),p99p100,Algeria,"L(growth, 1)",0.13084844840260074,0.03581807323795502,3.6531403443540262,9.479927078807281e-4
Baseline (p=3),p99p100,Algeria,life_exp,1.2382232194711084e-4,2.2127994454710178e-4,0.5595731786743735,0.5797915981211886
Baseline (p=3),p99p100,Algeria,gdp_x_debt,-0.08139404098107812,0.0705143683630813,-1.154290152071943,0.2572024761943497
Baseline (p=3),p99p100,Algeria,"L(gdp_x_debt, 1)",-0.21307000147143199,0.06825261979690597,-3.1217849528039783,0.003874566384633517
Baseline (p=3),p99p100,Argentina,(Intercept),0.20858466841577694,0.08238395494326392,2.531860342944506,0.01613446811246346
Baseline (p=3),p99p100,Argentina,"L(p99p100, 1)",0.3570153146384896,0.1676100871772571,2.130034776850428,0.04048803408756708
Baseline (p=3),p99p100,Argentina,public_debt,0.005935783176367804,0.008461798276038069,0.7014801089239651,0.4877774871877356
Baseline (p=3),p99p100,Argentina,growth,0.005792690478322561,0.04555864742010952,0.12714799069661747,0.8995722823891434
Baseline (p=3),p99p100,Argentina,life_exp,-0.00161062491273124,9.389841615396746e-4,-1.715284430453289,0.09539477961807576
Baseline (p=3),p99p100,Argentina,gdp_x_debt,-0.031077124037862704,0.06725163057472715,-0.4621021642491051,0.6469515249489226
Baseline (p=3),p99p100,Argentina,"L(gdp_x_debt, 1)",-0.055800549750564296,0.03987940384877114,-1.3992322944988997,0.1708007292857153
Baseline (p=3),p99p100,Australia,(Intercept),-0.20626717581618292,0.06654896250074738,-3.0994799627998173,0.0038128148596234144
Baseline (p=3),p99p100,Australia,"L(p99p100, 1)",0.49565015983141875,0.1445385662347176,3.4291896809501177,0.0015670890497852148
Baseline (p=3),p99p100,Australia,public_debt,-0.02479873891119274,0.013661585455393413,-1.815216761785326,0.07806744109594785
Baseline (p=3),p99p100,Australia,growth,0.042920948597927014,0.08508923605695368,0.504422775275574,0.6171253568868336
Baseline (p=3),p99p100,Australia,life_exp,0.0032104879418358447,0.0010011466929177814,3.206810714700632,0.002866091147733616
Baseline (p=3),p99p100,Australia,gdp_x_debt,0.11455020641728984,0.3025753267515693,0.37858409556091055,0.7072835300177744
Baseline (p=3),p99p100,Austria,(Intercept),0.06281578873186669,0.03238257552671085,1.9398021222880473,0.06049615853872055
Baseline (p=3),p99p100,Austria,"L(p99p100, 1)",0.1607329048085426,0.17307607634061464,0.9286835489164856,0.35941396413581883
Baseline (p=3),p99p100,Austria,public_debt,-0.0012588707622946454,0.010276374796571727,-0.12250144503435334,0.9032026127890481
Baseline (p=3),p99p100,Austria,growth,0.1041075915070898,0.10248930556524394,1.015789802974279,0.31670033178119494
Baseline (p=3),p99p100,Austria,life_exp,2.0456075360362978e-4,4.8686387078768065e-4,0.42016006090712343,0.6769368615967358
Baseline (p=3),p99p100,Austria,gdp_x_debt,-0.17595372609509805,0.15233580252791895,-1.1550385607011233,0.25589966040409534
Baseline (p=3),p99p100,Bahamas,(Intercept),-0.008564757626379855,0.05224685942914079,-0.16392865944403243,0.8708183309672947
Baseline (p=3),p99p100,Bahamas,"L(p99p100, 1)",0.5686772169875868,0.14198882316747247,4.005084374259835,3.452654072814379e-4
Baseline (p=3),p99p100,Bahamas,public_debt,0.12317356631566158,0.06808042319733311,1.8092362022873942,0.07981766034417902
Baseline (p=3),p99p100,Bahamas,"L(public_debt, 1)",-0.13818106145836598,0.07336397389686813,-1.8835002265909815,0.06874809903295441
Baseline (p=3),p99p100,Bahamas,growth,0.011603643783451936,0.019392317332381538,0.598362928193013,0.553809857329296
Baseline (p=3),p99p100,Bahamas,life_exp,-0.003655439041026421,0.0020897070356407097,-1.7492590964578216,0.08983302480864949
Baseline (p=3),p99p100,Bahamas,"L(life_exp, 1)",0.005188010320891451,0.002221310335611782,2.335563040300083,0.02594367072071277
Baseline (p=3),p99p100,Bahamas,gdp_x_debt,0.01546568938872325,0.10277187196503552,0.15048562503546592,0.8813260766571999
Baseline (p=3),p99p100,Bahamas,"L(gdp_x_debt, 1)",0.1144376908096784,0.05491963269376804,2.0837300833343724,0.04525471192989447
Baseline (p=3),p99p100,Bahrain,(Intercept),0.14597627255088835,0.06119413050590491,2.3854619935616608,0.02295486312514438
Baseline (p=3),p99p100,Bahrain,"L(p99p100, 1)",1.424871065221768,0.1096200069785597,12.998275629561444,1.565003993840449e-14
Baseline (p=3),p99p100,Bahrain,"L(p99p100, 2)",-0.7241498681072612,0.10212342396587161,-7.090928212015915,4.051356520909331e-8
Baseline (p=3),p99p100,Bahrain,public_debt,0.023395071788904244,0.010131271692517638,2.3091939984377747,0.02733386729697394
Baseline (p=3),p99p100,Bahrain,growth,-0.015991915997660904,0.01068968101103461,-1.496014332060327,0.14415328545098244
Baseline (p=3),p99p100,Bahrain,life_exp,-0.001109904999238421,6.96034394068256e-4,-1.594612290279407,0.12033306125417363
Baseline (p=3),p99p100,Bahrain,gdp_x_debt,0.007119008855363899,0.050259250003109573,0.141645743916263,0.8882210402622966
Baseline (p=3),p99p100,Bangladesh,(Intercept),0.005966921280984391,0.005422690786607506,1.1003617052480623,0.2796460262376258
Baseline (p=3),p99p100,Bangladesh,"L(p99p100, 1)",1.231281960536826,0.13564290164704443,9.077378510677523,3.0686719860439657e-10
Baseline (p=3),p99p100,Bangladesh,"L(p99p100, 2)",-0.5004991844822714,0.12815137441053456,-3.90553114849097,4.74665379198366e-4
Baseline (p=3),p99p100,Bangladesh,public_debt,0.05786265595576491,0.018104581903078548,3.19602276735956,0.0031977187894753653
Baseline (p=3),p99p100,Bangladesh,growth,0.056685919711047694,0.08363290245997854,0.6777944809242274,0.5029299166073082
Baseline (p=3),p99p100,Bangladesh,life_exp,2.836560644861611e-4,1.6781252504297731e-4,1.690315215825016,0.10100071751131298
Baseline (p=3),p99p100,Bangladesh,gdp_x_debt,-0.22159682396649552,0.27957150589355473,-0.7926302190855862,0.4340177306680927
Baseline (p=3),p99p100,Bangladesh,"L(gdp_x_debt, 1)",-0.06251788853324056,0.05952574997958155,-1.0502662890376915,0.3017147007521753
Baseline (p=3),p99p100,Bangladesh,"L(gdp_x_debt, 2)",0.11559841300587141,0.049265085841296144,2.3464571517902804,0.025522311302563293
Baseline (p=3),p99p100,Belgium,(Intercept),0.02388109408345106,0.020723742530026037,1.152354312878112,0.2579847714921369
Baseline (p=3),p99p100,Belgium,"L(p99p100, 1)",0.8347912409496586,0.14544801814756925,5.73944734057973,2.5800390700192996e-6
Baseline (p=3),p99p100,Belgium,"L(p99p100, 2)",-0.5267131813899383,0.14112945103456045,-3.7321280393909717,7.644866523354904e-4
Baseline (p=3),p99p100,Belgium,public_debt,-0.00504039827501774,0.00505766845531304,-0.9965853474880983,0.32668170299165467
Baseline (p=3),p99p100,Belgium,growth,-0.13665295395142887,0.10575074431430025,-1.2922174197212704,0.2058320021623291
Baseline (p=3),p99p100,Belgium,life_exp,4.857113592834106e-4,2.196104266801072e-4,2.2116953490141706,0.03449032717319649
Baseline (p=3),p99p100,Belgium,gdp_x_debt,0.13627676028947439,0.10039726841957573,1.3573751799695655,0.18446254672828688
Baseline (p=3),p99p100,Belgium,"L(gdp_x_debt, 1)",0.0280556658533291,0.013382689232944764,2.0964146566493684,0.04430164107816089
Baseline (p=3),p99p100,Belgium,"L(gdp_x_debt, 2)",-0.023490694741978454,0.013396643601528167,-1.753476127356172,0.08940448020819598
Baseline (p=3),p99p100,Belize,(Intercept),0.07638216959906627,0.04576613229146132,1.66896711115169,0.10430819517982831
Baseline (p=3),p99p100,Belize,"L(p99p100, 1)",0.45889555794335346,0.13864477187823707,3.3098655775233445,0.002216459971879332
Baseline (p=3),p99p100,Belize,public_debt,0.006480372923451216,0.010133977307378934,0.6394698475131388,0.526802762910278
Baseline (p=3),p99p100,Belize,growth,-0.0458760413402348,0.04985815427959467,-0.9201311601502742,0.36398683485948635
Baseline (p=3),p99p100,Belize,life_exp,0.006086034527356598,0.0028362727235261434,2.1457860793408643,0.039115700918650895
Baseline (p=3),p99p100,Belize,"L(life_exp, 1)",-0.005472062754255595,0.0026726967854995096,-2.047393772441307,0.04840884244832236
Baseline (p=3),p99p100,Belize,gdp_x_debt,0.09558415009221818,0.0954793477365951,1.0010976442351933,0.32385151907182996
Baseline (p=3),p99p100,Bolivia,(Intercept),0.1074707517399764,0.03568323479075287,3.0117995851605617,0.004799035731858387
Baseline (p=3),p99p100,Bolivia,"L(p99p100, 1)",0.3547078582072627,0.15811998558689172,2.243282889830141,0.03130909659860834
Baseline (p=3),p99p100,Bolivia,public_debt,0.003822676567830172,0.005034922599781286,0.7592324394413187,0.4527968736697625
Baseline (p=3),p99p100,Bolivia,growth,0.08916160459308556,0.05765840557750131,1.5463765204752211,0.1310089607210503
Baseline (p=3),p99p100,Bolivia,life_exp,5.957253948640282e-4,3.202075627434049e-4,1.8604351182717276,0.07124314536694265
Baseline (p=3),p99p100,Bolivia,gdp_x_debt,-0.10519756999528362,0.0696459181820977,-1.5104628202363823,0.1399017947232313
Baseline (p=3),p99p100,Brazil,(Intercept),0.09497253135495703,0.03475920443192457,2.732298765380533,0.009790702059633683
Baseline (p=3),p99p100,Brazil,"L(p99p100, 1)",0.5935385023241687,0.11353835875846283,5.227647367942317,8.055134912312653e-6
Baseline (p=3),p99p100,Brazil,public_debt,-0.021357081072138247,0.013083397789375908,-1.632380320155121,0.11156547873676054
Baseline (p=3),p99p100,Brazil,growth,-0.2068540223786409,0.09889216354074692,-2.091712982833165,0.043787175846726416
Baseline (p=3),p99p100,Brazil,life_exp,4.042121664629256e-4,3.9889958925495427e-4,1.0133180814196723,0.31786245885081965
Baseline (p=3),p99p100,Brazil,gdp_x_debt,0.4884612157461343,0.18399023992703936,2.65482134237029,0.011860339666293072
Baseline (p=3),p99p100,Burkina Faso,(Intercept),0.07087407490206471,0.046846048561689016,1.5129146871103651,0.14675776611252622
Baseline (p=3),p99p100,Burkina Faso,"L(p99p100, 1)",1.1207207227038958,0.15390973718020212,7.281675241844656,6.582702196180627e-7
Baseline (p=3),p99p100,Burkina Faso,"L(p99p100, 2)",-0.001355657574840936,0.23684279589892338,-0.005723870847308717,0.9954927087758405
Baseline (p=3),p99p100,Burkina Faso,"L(p99p100, 3)",-0.2955624204638402,0.1454034021575944,-2.0327063609109852,0.056297087937532
Baseline (p=3),p99p100,Burkina Faso,public_debt,0.020457167563147603,0.016882087867786895,1.2117676275209064,0.24045652473059606
Baseline (p=3),p99p100,Burkina Faso,"L(public_debt, 1)",0.0035955648014144325,0.022574529229915725,0.15927529494832596,0.875132898809927
Baseline (p=3),p99p100,Burkina Faso,"L(public_debt, 2)",0.0079681660416185,0.023866075481408764,0.3338699757245617,0.7421344300125106
Baseline (p=3),p99p100,Burkina Faso,"L(public_debt, 3)",0.028195277889669062,0.02031922316157825,1.3876159371576613,0.18131462833640052
Baseline (p=3),p99p100,Burkina Faso,growth,0.03105322091470828,0.053634892559033885,0.5789742354854013,0.5694075810905002
Baseline (p=3),p99p100,Burkina Faso,"L(growth, 1)",0.038355910046709095,0.05488858820701411,0.698795711451869,0.49314555697045415
Baseline (p=3),p99p100,Burkina Faso,"L(growth, 2)",0.05870712595989194,0.05320835889078239,1.1033440456300587,0.2836567664406968
Baseline (p=3),p99p100,Burkina Faso,"L(growth, 3)",0.1365602393582839,0.04383637353278396,3.115226656606401,0.005698313784156326
Baseline (p=3),p99p100,Burkina Faso,life_exp,0.0053000216785752926,0.004428437494934923,1.1968152840899875,0.24609907117209712
Baseline (p=3),p99p100,Burkina Faso,"L(life_exp, 1)",-0.009563152328074816,0.007025431033791374,-1.361219302001165,0.18937107188109
Baseline (p=3),p99p100,Burkina Faso,"L(life_exp, 2)",-0.0029953056291717357,0.006157201835672838,-0.48647189244599753,0.6321965917049632
Baseline (p=3),p99p100,Burkina Faso,"L(life_exp, 3)",0.006311906999452839,0.0042086260054804425,1.4997547872473151,0.1501115964363497
Baseline (p=3),p99p100,Burkina Faso,gdp_x_debt,-0.12115968223521317,0.15045707164112088,-0.8052774184267685,0.4306224839475583
Baseline (p=3),p99p100,Burkina Faso,"L(gdp_x_debt, 1)",-0.16158705535610993,0.15834375108665943,-1.0204826792796862,0.3203184318533455
Baseline (p=3),p99p100,Burkina Faso,"L(gdp_x_debt, 2)",-0.29734479642875106,0.15127771542318194,-1.9655558361452201,0.06413845586247881
Baseline (p=3),p99p100,Burkina Faso,"L(gdp_x_debt, 3)",-0.5686519982184387,0.12724153367871902,-4.469075322954434,2.6301498440810283e-4
Baseline (p=3),p99p100,Canada,(Intercept),0.061924762437487,0.04220746823783548,1.4671517867062354,0.1518012378519344
Baseline (p=3),p99p100,Canada,"L(p99p100, 1)",0.9319218229004679,0.05758827597581526,16.1824921324583,2.951997931535496e-17
Baseline (p=3),p99p100,Canada,public_debt,-0.026899740814116217,0.027545319205098163,-0.9765630455695551,0.3358905132722275
Baseline (p=3),p99p100,Canada,"L(public_debt, 1)",0.040141216419042704,0.027031588391778306,1.4849743876409316,0.14704135882198388
Baseline (p=3),p99p100,Canada,growth,-0.15811462090734918,0.16360214415116203,-0.9664581214856047,0.3408448501608745
Baseline (p=3),p99p100,Canada,life_exp,0.010775910562707543,0.0064812893926895635,1.6626183325284023,0.1058599383201023
Baseline (p=3),p99p100,Canada,"L(life_exp, 1)",-0.011608665107958162,0.00634262880643598,-1.830260836985863,0.07625591438340537
Baseline (p=3),p99p100,Canada,gdp_x_debt,0.19316456346861202,0.2047706185659793,0.9433216777941817,0.35237184775621344
Baseline (p=3),p99p100,Chile,(Intercept),0.05637333231042224,0.04027889938921056,1.3995747938813559,0.17097134893830043
Baseline (p=3),p99p100,Chile,"L(p99p100, 1)",1.2363704287725863,0.1704417592369119,7.2539173164367945,2.5449179357168657e-8
Baseline (p=3),p99p100,Chile,"L(p99p100, 2)",-0.6168111285810063,0.1720178476679684,-3.5857391366248517,0.0010717613449835158
Baseline (p=3),p99p100,Chile,public_debt,1.800880159544907e-4,0.00812222631113755,0.02217224798421908,0.9824440829032648
Baseline (p=3),p99p100,Chile,growth,0.0033551349866916633,0.03829100945892052,0.08762200407098511,0.9307066729444927
Baseline (p=3),p99p100,Chile,life_exp,7.984604052565782e-4,5.552145687929979e-4,1.438111407977607,0.15981900919709383
Baseline (p=3),p99p100,Chile,gdp_x_debt,-0.006113899651349066,0.10720932514882112,-0.05702768525836854,0.954867049287973
Baseline (p=3),p99p100,Colombia,(Intercept),0.2426692049464185,0.1263218046134489,1.9210397261897778,0.0629017047465873
Baseline (p=3),p99p100,Colombia,"L(p99p100, 1)",0.579539372396568,0.14260243781162865,4.064021494233593,2.5930966661922466e-4
Baseline (p=3),p99p100,Colombia,public_debt,-0.030492274710436255,0.031336590751646035,-0.9730565444115701,0.337202568163956
Baseline (p=3),p99p100,Colombia,growth,0.05315361724824702,0.16238099871131437,0.3273388984553855,0.7453614559330519
Baseline (p=3),p99p100,Colombia,life_exp,-0.0017063217852346215,0.0014860228564266577,-1.1482473353994718,0.25865410885023665
Baseline (p=3),p99p100,Colombia,gdp_x_debt,-0.187587527224944,0.4601637473505436,-0.40765385866445397,0.6860106880869424
Baseline (p=3),p99p100,Costa Rica,(Intercept),0.1407678084712112,0.05969431498228571,2.3581442975429745,0.02464256476327153
Baseline (p=3),p99p100,Costa Rica,"L(p99p100, 1)",0.6347124672250097,0.13599443086251387,4.667194554949711,5.2143115954762514e-5
Baseline (p=3),p99p100,Costa Rica,public_debt,-0.01992916680864864,0.032484408801232934,-0.6134994461679179,0.5438827758282547
Baseline (p=3),p99p100,Costa Rica,growth,-0.0924080097572912,0.12489149304111953,-0.7399063579684054,0.4647508914689368
Baseline (p=3),p99p100,Costa Rica,"L(growth, 1)",-0.20324545790481788,0.12497040220280216,-1.6263487539632853,0.113684600290376
Baseline (p=3),p99p100,Costa Rica,life_exp,-0.010796816182307455,0.004200956912320471,-2.5700849610341865,0.015026736467720854
Baseline (p=3),p99p100,Costa Rica,"L(life_exp, 1)",0.010040411477884795,0.004072820415350564,2.4652232246828825,0.019243349551556033
Baseline (p=3),p99p100,Costa Rica,gdp_x_debt,0.20718803068523348,0.3786756933186203,0.5471384468052035,0.5880793928996001
Baseline (p=3),p99p100,Costa Rica,"L(gdp_x_debt, 1)",0.6497916001435385,0.38311594554183587,1.6960703612180557,0.09958194284924987
Baseline (p=3),p99p100,Cote d'Ivoire,(Intercept),0.05273398229999953,0.0894688742148113,0.5894114882164191,0.560485368963715
Baseline (p=3),p99p100,Cote d'Ivoire,"L(p99p100, 1)",0.529244226790111,0.14838694815027412,3.5666494485359714,0.0013756564243045622
Baseline (p=3),p99p100,Cote d'Ivoire,"L(p99p100, 2)",0.2688015785630711,0.16034140078913378,1.676432769329327,0.10519642039775053
Baseline (p=3),p99p100,Cote d'Ivoire,public_debt,-0.013866053966102177,0.012542295118887315,-1.1055435894839873,0.2786782849596934
Baseline (p=3),p99p100,Cote d'Ivoire,"L(public_debt, 1)",0.005098025283594702,0.017833717091607745,0.2858644250891335,0.7771637573102017
Baseline (p=3),p99p100,Cote d'Ivoire,"L(public_debt, 2)",0.02702917803994973,0.015575527269133197,1.7353619927535169,0.094078878838981
Baseline (p=3),p99p100,Cote d'Ivoire,growth,0.033677108271928026,0.0480631695981389,0.7006842984660768,0.48949485554237293
Baseline (p=3),p99p100,Cote d'Ivoire,life_exp,-0.019095544022680763,0.012130186346582727,-1.5742168732684219,0.12708360874577837
Baseline (p=3),p99p100,Cote d'Ivoire,"L(life_exp, 1)",0.05643336741361977,0.021293655294715014,2.6502433064005815,0.013285228181576767
Baseline (p=3),p99p100,Cote d'Ivoire,"L(life_exp, 2)",-0.037995308319681516,0.011340772829058349,-3.3503279619821424,0.002394831125456943
Baseline (p=3),p99p100,Cote d'Ivoire,gdp_x_debt,-0.14479444914458833,0.06291250023447115,-2.3015211381672644,0.029309830848334148
Baseline (p=3),p99p100,Cote d'Ivoire,"L(gdp_x_debt, 1)",-0.0738114102146677,0.037456543924771546,-1.9705878460893769,0.0591040345169714
Baseline (p=3),p99p100,Cote d'Ivoire,"L(gdp_x_debt, 2)",-0.10135037775397877,0.0344160025789959,-2.944861987424215,0.006574371952674667
Baseline (p=3),p99p100,Cyprus,(Intercept),0.12628090998327549,0.13262618127965137,0.9521567217335736,0.34773780933379894
Baseline (p=3),p99p100,Cyprus,"L(p99p100, 1)",0.30072685981547354,0.2341635624541322,1.2842598424098528,0.20773334789925527
Baseline (p=3),p99p100,Cyprus,public_debt,0.10045717222362739,0.06156760152382508,1.631656418916255,0.11198139072316662
Baseline (p=3),p99p100,Cyprus,"L(public_debt, 1)",-0.09969666693559796,0.05628272136068782,-1.7713547697292722,0.08546589604642973
Baseline (p=3),p99p100,Cyprus,growth,0.0043291415462318955,0.11669374725509717,0.03709831630282829,0.9706235818445447
Baseline (p=3),p99p100,Cyprus,life_exp,-7.011490662548463e-4,0.001710760546269151,-0.40984640882905643,0.6844895622089706
Baseline (p=3),p99p100,Cyprus,gdp_x_debt,0.09578497871530134,0.17204514607028076,0.5567432787448301,0.5813493107123824
Baseline (p=3),p99p100,Denmark,(Intercept),-0.15647984592885625,0.08546713915943936,-1.830877311067384,0.07589496610397815
Baseline (p=3),p99p100,Denmark,"L(p99p100, 1)",0.6821995307406915,0.13073069805753987,5.218357592188698,8.944672825514407e-6
Baseline (p=3),p99p100,Denmark,public_debt,0.01071428926758521,0.012034376854460821,0.8903069429485009,0.3795578897026114
Baseline (p=3),p99p100,Denmark,growth,-0.14481683431410813,0.14813250944531642,-0.977616830069079,0.3351690019110911
Baseline (p=3),p99p100,Denmark,life_exp,0.010820004732439732,0.005280845860944805,2.048915082422782,0.04825153666757558
Baseline (p=3),p99p100,Denmark,"L(life_exp, 1)",-0.008428875645588437,0.005533629912422525,-1.523209137399365,0.1369543639048002
Baseline (p=3),p99p100,Denmark,gdp_x_debt,0.15045167980117125,0.2738348281268011,0.5494249246173447,0.5863047964939813
Baseline (p=3),p99p100,Egypt,(Intercept),-0.007157248016704595,0.02288015110885951,-0.312814717990792,0.7566599809469375
Baseline (p=3),p99p100,Egypt,"L(p99p100, 1)",1.3291253896979542,0.17834639355800647,7.4524937857275,3.262659080934311e-8
Baseline (p=3),p99p100,Egypt,"L(p99p100, 2)",-0.5826173423815261,0.1801680259457187,-3.2337443856828285,0.00304390553300476
Baseline (p=3),p99p100,Egypt,public_debt,0.004388036057188303,0.009293547883912904,0.47215940693478076,0.6403467291027864
Baseline (p=3),p99p100,Egypt,growth,0.012756799328642156,0.05092079314071683,0.25052240041488427,0.8039498033788486
Baseline (p=3),p99p100,Egypt,"L(growth, 1)",-0.03529603184270207,0.04538608370665212,-0.7776840158942558,0.44305387887298664
Baseline (p=3),p99p100,Egypt,"L(growth, 2)",0.08479387898743897,0.037810329897836725,2.2426114560902137,0.03273349193469792
Baseline (p=3),p99p100,Egypt,life_exp,7.498926302878902e-4,4.3015551495775633e-4,1.7433058608153236,0.09187510761708165
Baseline (p=3),p99p100,Egypt,gdp_x_debt,-0.013607345177525806,0.054319961394711985,-0.25050358704508346,0.8039642106370195
Baseline (p=3),p99p100,Egypt,"L(gdp_x_debt, 1)",0.015721150751779683,0.04865326542623873,0.32312632284905707,0.7489180534980014
Baseline (p=3),p99p100,Egypt,"L(gdp_x_debt, 2)",-0.06767122842823799,0.038973348567488394,-1.736346270350744,0.0931167867219832
Baseline (p=3),p99p100,El Salvador,(Intercept),0.17163218315567882,0.04874382072905339,3.5211064825982907,0.0012463575002826465
Baseline (p=3),p99p100,El Salvador,"L(p99p100, 1)",0.11708005262278595,0.17065452027202085,0.6860647607585315,0.49732436713808614
Baseline (p=3),p99p100,El Salvador,public_debt,-0.013830622102918015,0.02370559691469409,-0.583432771285544,0.5634525111954156
Baseline (p=3),p99p100,El Salvador,growth,-0.17393941008999034,0.2791694426212683,-0.62306034806955235,0.5374021404068825
Baseline (p=3),p99p100,El Salvador,life_exp,5.690929175881836e-5,5.975450856325078e-4,0.09523849016108846,0.9246845091463256
Baseline (p=3),p99p100,El Salvador,gdp_x_debt,0.08576263014799525,0.5105102154279364,0.16799395498110556,0.867583358700537
Baseline (p=3),p99p100,El Salvador,"L(gdp_x_debt, 1)",0.397147062923715,0.22919608856893028,1.7327828995837062,0.092197342053174
Baseline (p=3),p99p100,Finland,(Intercept),0.25854315004587136,0.07111684387359754,3.6354699669378427,9.344888631769287e-4
Baseline (p=3),p99p100,Finland,"L(p99p100, 1)",0.9622109301272067,0.06563329306285386,14.660409149450166,5.219675030772074e-16
Baseline (p=3),p99p100,Finland,public_debt,0.05830265138846395,0.014612395829767316,3.9899447063768974,3.461957258524605e-4
Baseline (p=3),p99p100,Finland,growth,0.0505913281966958,0.07753609916667219,0.6524874057430243,0.5186065037831888
Baseline (p=3),p99p100,Finland,"L(growth, 1)",-0.1287743226313697,0.08616547873858509,-1.4945001700977527,0.14454668214451954
Baseline (p=3),p99p100,Finland,life_exp,-0.00355577213795072,0.001010460372854662,-3.518962478365452,0.0012870598286694856
Baseline (p=3),p99p100,Finland,gdp_x_debt,-0.20755031271689847,0.17581251277106139,-1.180520711783269,0.24623257312439265
Baseline (p=3),p99p100,Finland,"L(gdp_x_debt, 1)",0.2578661011169441,0.19581191025896882,1.3169071318282233,0.19694199940239826
Baseline (p=3),p99p100,France,(Intercept),0.2027982475125336,0.1147361738283628,1.7675179565941028,0.08667738029791641
Baseline (p=3),p99p100,France,"L(p99p100, 1)",0.9604030125420059,0.104338614028899,9.204674812682484,1.654088921177766e-10
Baseline (p=3),p99p100,France,public_debt,0.03445202266867234,0.016442680434168057,2.095280195136596,0.044146474120137086
Baseline (p=3),p99p100,France,growth,0.12289941946118342,0.07638840208241665,1.6088753804351779,0.11746641942408219
Baseline (p=3),p99p100,France,life_exp,-0.0027777757681612635,0.0016446991191283555,-1.6889264035317335,0.10095638234373075
Baseline (p=3),p99p100,France,gdp_x_debt,-0.16689304618403653,0.10927485334632758,-1.527277695400772,0.13651695029919653
Baseline (p=3),p99p100,France,"L(gdp_x_debt, 1)",-0.1174792436463301,0.05807384972825805,-2.022928464292356,0.051502625540072636
Baseline (p=3),p99p100,France,"L(gdp_x_debt, 2)",0.09643314243430172,0.055438087985924596,1.7394745370508724,0.09156357238074332
Baseline (p=3),p99p100,Germany,(Intercept),-0.03272072444090515,0.06813092815741084,-0.48026242010539827,0.6347717261513117
Baseline (p=3),p99p100,Germany,"L(p99p100, 1)",1.5185514187213698,0.15008500173373668,10.117942507109449,7.425107541417679e-11
Baseline (p=3),p99p100,Germany,"L(p99p100, 2)",-0.7395116755878736,0.1465197977053002,-5.047179201511569,2.4377015199228327e-5
Baseline (p=3),p99p100,Germany,public_debt,0.05095260885842864,0.028386736720527862,1.7949442149714332,0.08346562969770302
Baseline (p=3),p99p100,Germany,"L(public_debt, 1)",-0.04320997509687018,0.03362815714605827,-1.2849343753567848,0.20934343136888472
Baseline (p=3),p99p100,Germany,growth,0.013063342991667018,0.10075978500708614,0.1296483809562348,0.8977715127389443
Baseline (p=3),p99p100,Germany,"L(growth, 1)",0.04211229303136845,0.031232517832579396,1.348347682281321,0.18835327546216304
Baseline (p=3),p99p100,Germany,"L(growth, 2)",-0.04700562114840251,0.028480287743420558,-1.6504615954683122,0.11002302997122364
Baseline (p=3),p99p100,Germany,life_exp,-0.0015399708950911176,0.004452982133741258,-0.3458291205397857,0.7320561372403589
Baseline (p=3),p99p100,Germany,"L(life_exp, 1)",-0.007543810547517565,0.004590771088120264,-1.6432556541621097,0.1115142789041937
Baseline (p=3),p99p100,Germany,"L(life_exp, 2)",0.009816034716611188,0.004686603882294681,2.094487813167817,0.045388735761052394
Baseline (p=3),p99p100,Germany,gdp_x_debt,-0.10326724104803142,0.17500926626291308,-0.5900672761686516,0.5598778785507175
Baseline (p=3),p99p100,Ghana,(Intercept),0.009390703634188471,0.011631124324040542,0.8073771178577025,0.4260221330778179
Baseline (p=3),p99p100,Ghana,"L(p99p100, 1)",1.2990595853101696,0.1420101070255853,9.147655843088154,4.785083107407081e-10
Baseline (p=3),p99p100,Ghana,"L(p99p100, 2)",-0.3690035098163138,0.1785589894382584,-2.066563610027076,0.04780744233229806
Baseline (p=3),p99p100,Ghana,public_debt,0.00680706819901967,0.004824019511311862,1.4110780818895423,0.1688601774547492
Baseline (p=3),p99p100,Ghana,growth,-0.0044406314021574545,0.010717571240228886,-0.4143318763759969,0.6816798554947722
Baseline (p=3),p99p100,Ghana,life_exp,0.0020924758949094585,0.001979703513750085,1.0569642779214714,0.2992535990035222
Baseline (p=3),p99p100,Ghana,"L(life_exp, 1)",0.00318213468049356,0.002613827034067772,1.2174235858068077,0.23325713680105525
Baseline (p=3),p99p100,Ghana,"L(life_exp, 2)",-0.005355458668430787,0.0019585005040929798,-2.734468874140528,0.010541912287459142
Baseline (p=3),p99p100,Ghana,gdp_x_debt,0.0062404498251518595,0.02681286768676003,0.2327408577872236,0.8175974720061223
Baseline (p=3),p99p100,Ghana,"L(gdp_x_debt, 1)",0.01819007678562408,0.014012130747901677,1.2981663611972827,0.20446010014159635
Baseline (p=3),p99p100,Ghana,"L(gdp_x_debt, 2)",0.017930458549077353,0.01469235832888944,1.2203934962449743,0.2321467875772779
Baseline (p=3),p99p100,Greece,(Intercept),0.46090417722859706,0.1473383428223952,3.1282025330241487,0.003811047646073848
Baseline (p=3),p99p100,Greece,"L(p99p100, 1)",0.9804890413258833,0.13794465220806126,7.10784380279575,5.4991657892443e-8
Baseline (p=3),p99p100,Greece,"L(p99p100, 2)",-0.4959549157117835,0.12271441927533834,-4.041537405632775,3.254264388582631e-4
Baseline (p=3),p99p100,Greece,public_debt,-0.0163028379025368,0.016159413948716523,-1.008875566544396,0.32084458850491043
Baseline (p=3),p99p100,Greece,"L(public_debt, 1)",-0.011971866732435466,0.01788839957007277,-0.6692530925161331,0.5082881281278564
Baseline (p=3),p99p100,Greece,"L(public_debt, 2)",0.05763525732543818,0.01572091310531697,3.66615201924533,9.150662107175649e-4
Baseline (p=3),p99p100,Greece,growth,0.08862151156988347,0.07412392832339917,1.195585738295359,0.24092412566870888
Baseline (p=3),p99p100,Greece,life_exp,-0.005553866115422013,0.001956707009281563,-2.838373905279363,0.007929902098429236
Baseline (p=3),p99p100,Greece,gdp_x_debt,-0.08257579394139529,0.060219036988769105,-1.3712572978673794,0.18014023594826334
Baseline (p=3),p99p100,Guatemala,(Intercept),0.0884205159726324,0.02724543525269101,3.24533321463085,0.0025844875679268474
Baseline (p=3),p99p100,Guatemala,"L(p99p100, 1)",0.4948842082167703,0.14115810264681514,3.505885945881521,0.0012679829249799188
Baseline (p=3),p99p100,Guatemala,public_debt,-0.017122242224295536,0.014371830661865634,-1.1913751718302577,0.24152293544481596
Baseline (p=3),p99p100,Guatemala,growth,-0.15657062498865965,0.11944794519608781,-1.310785419804674,0.19846629220599554
Baseline (p=3),p99p100,Guatemala,life_exp,5.541518087588348e-4,2.2609175304366422e-4,2.451004078206309,0.01938340567491667
Baseline (p=3),p99p100,Guatemala,gdp_x_debt,0.24336521723002535,0.29584801344003725,0.8226021679180578,0.4163036570541947
Baseline (p=3),p99p100,Guyana,(Intercept),0.08969425675389138,0.0499963670304531,1.7940154871504574,0.08145369524666163
Baseline (p=3),p99p100,Guyana,"L(p99p100, 1)",0.4388249310904202,0.15406111716801726,2.8483821171557704,0.00730976838568799
Baseline (p=3),p99p100,Guyana,public_debt,-0.001674999080171588,0.0019231417515443488,-0.8709701605856699,0.3897055120278705
Baseline (p=3),p99p100,Guyana,growth,0.014637085943984851,0.0279262787467881,0.5241330603587245,0.6034897069814211
Baseline (p=3),p99p100,Guyana,life_exp,6.333704448977121e-4,6.978349984408365e-4,0.9076220687022625,0.370285023623662
Baseline (p=3),p99p100,Guyana,gdp_x_debt,-0.006714693945628349,0.017744396540850756,-0.37841207674602684,0.7074101441347598
Baseline (p=3),p99p100,Haiti,(Intercept),0.08313023002478978,0.029056696466525193,2.8609663221887622,0.00707941180524373
Baseline (p=3),p99p100,Haiti,"L(p99p100, 1)",0.5398372423925915,0.14182173625742972,3.806449255512556,5.44376355934129e-4
Baseline (p=3),p99p100,Haiti,public_debt,-0.0021463160152103773,0.004380564588817716,-0.4899633304550026,0.6272171547884994
Baseline (p=3),p99p100,Haiti,growth,-0.008600941598018443,0.02430501165578076,-0.3538752303364057,0.7255553550758165
Baseline (p=3),p99p100,Haiti,life_exp,4.0957057958372937e-4,2.3724874927548426e-4,1.7263339884171593,0.09310604412281014
Baseline (p=3),p99p100,Haiti,gdp_x_debt,0.01768018901632743,0.07459654006089492,0.23701084530052835,0.8140301772988233
Baseline (p=3),p99p100,Honduras,(Intercept),0.09219532631055824,0.02967369284341405,3.106971781269907,0.0037381062825450648
Baseline (p=3),p99p100,Honduras,"L(p99p100, 1)",0.38576977220151976,0.15362010266821285,2.5111932976291613,0.016800658430432814
Baseline (p=3),p99p100,Honduras,public_debt,-0.007548645926516618,0.006946179378445908,-1.0867335142452803,0.28458245091972195
Baseline (p=3),p99p100,Honduras,growth,-0.03899230222941742,0.06391229032586386,-0.6100908296449848,0.5457427584160117
Baseline (p=3),p99p100,Honduras,life_exp,7.799349205428123e-4,3.14562470663798e-4,2.4794277553103306,0.018121663460460055
Baseline (p=3),p99p100,Honduras,gdp_x_debt,0.06497593595991595,0.12067252575762528,0.5384484624977706,0.5936756905434155
Baseline (p=3),p99p100,Iceland,(Intercept),-0.07862055873181607,0.15104660133499473,-0.5205053144985999,0.6059887698056206
Baseline (p=3),p99p100,Iceland,"L(p99p100, 1)",0.5354205261510901,0.14929631586461314,3.5862942970182012,0.0010136594232147973
Baseline (p=3),p99p100,Iceland,public_debt,-0.007811049176098987,0.01261994061650036,-0.618945002473797,0.5399605655413089
Baseline (p=3),p99p100,Iceland,growth,-0.05672950697526961,0.08492041035828787,-0.6680314748353432,0.5084951366585464
Baseline (p=3),p99p100,Iceland,life_exp,0.001550295941602297,0.0020460546175095676,0.7577001749294933,0.45370204119992164
Baseline (p=3),p99p100,Iceland,gdp_x_debt,0.00873528460274131,0.11566068971179479,0.07552509521176154,0.9402269826806753
Baseline (p=3),p99p100,India,(Intercept),-0.20940640110293976,0.08946916831628098,-2.3405426142184607,0.03031757776252137
Baseline (p=3),p99p100,India,"L(p99p100, 1)",0.6263616830607047,0.15509876848024226,4.038469738981169,7.017391968972698e-4
Baseline (p=3),p99p100,India,"L(p99p100, 2)",0.26306789153932486,0.15022470606356417,1.7511626311854034,0.09604616802455157
Baseline (p=3),p99p100,India,"L(p99p100, 3)",-0.34818528222158307,0.1225135813979899,-2.8420137445047033,0.01042275536155458
Baseline (p=3),p99p100,India,public_debt,0.03501660060380775,0.02823126129060071,1.2403484294719112,0.22994593237615613
Baseline (p=3),p99p100,India,"L(public_debt, 1)",0.05450931163956023,0.027990113961271428,1.94744872117999,0.06641338409243715
Baseline (p=3),p99p100,India,"L(public_debt, 2)",-0.046376007099893805,0.027182362724030098,-1.706106550439631,0.10428170337688608
Baseline (p=3),p99p100,India,"L(public_debt, 3)",-0.04617109787094641,0.020826499214080325,-2.216939937737168,0.0390233137218032
Baseline (p=3),p99p100,India,growth,0.0034654297289460384,0.22492242527255307,0.015407221955510895,0.9878679401896716
Baseline (p=3),p99p100,India,"L(growth, 1)",-0.07459293623487923,0.2302427906556863,-0.32397512218494734,0.7494961030830978
Baseline (p=3),p99p100,India,"L(growth, 2)",0.39215785919161045,0.12425571530899933,3.1560549003029084,0.005201633717007847
Baseline (p=3),p99p100,India,"L(growth, 3)",-0.9164746391092148,0.16810207777587774,-5.451893582963951,2.927055584243092e-5
Baseline (p=3),p99p100,India,life_exp,0.033270618067379853,0.019490600741152376,1.707008342597281,0.10411110160672692
Baseline (p=3),p99p100,India,"L(life_exp, 1)",-0.009108592221971334,0.04184683267528417,-0.21766503316154454,0.8300106233008411
Baseline (p=3),p99p100,India,"L(life_exp, 2)",-0.04399347172723159,0.045263078086114794,-0.9719505077302137,0.343287231761355
Baseline (p=3),p99p100,India,"L(life_exp, 3)",0.024123460972262024,0.022610380686127394,1.066919717413824,0.2993780004907924
Baseline (p=3),p99p100,India,gdp_x_debt,0.029572116016930054,0.31867821399850393,0.09279616465112009,0.9270369965590277
Baseline (p=3),p99p100,India,"L(gdp_x_debt, 1)",0.14964956637896235,0.32332946666004414,0.46283924544466976,0.648736689851182
Baseline (p=3),p99p100,India,"L(gdp_x_debt, 2)",-0.5439485955628647,0.19709306699965654,-2.7598565684901164,0.012465580115662548
Baseline (p=3),p99p100,India,"L(gdp_x_debt, 3)",1.3200492624684548,0.2533723082947076,5.209919234477084,4.985230263068311e-5
Baseline (p=3),p99p100,Indonesia,(Intercept),0.0258841190384649,0.03169174837747965,0.8167463255785001,0.42011252796100684
Baseline (p=3),p99p100,Indonesia,"L(p99p100, 1)",0.5161026947113835,0.1465077256228474,3.5226995198872912,0.0013096997786589402
Baseline (p=3),p99p100,Indonesia,public_debt,0.04469097152972787,0.03280268639277367,1.3624180347489208,0.18257886928126227
Baseline (p=3),p99p100,Indonesia,"L(public_debt, 1)",-0.05550514841667315,0.030248996120377823,-1.8349418339632446,0.07582526975317268
Baseline (p=3),p99p100,Indonesia,growth,0.10040651537190985,0.08073906398879421,1.2435927593345062,0.2226832186092258
Baseline (p=3),p99p100,Indonesia,"L(growth, 1)",-0.1623102498678914,0.07687298138207824,-2.1114082861072894,0.04263913167079132
Baseline (p=3),p99p100,Indonesia,life_exp,8.199711789510376e-4,5.697386726928813e-4,1.4392057591516956,0.15980307680800146
Baseline (p=3),p99p100,Indonesia,gdp_x_debt,0.061755581861387895,0.19614338039753712,0.3148491768431015,0.7549200676005169
Baseline (p=3),p99p100,Indonesia,"L(gdp_x_debt, 1)",0.3607899144196389,0.16213930716195601,2.2251847546089296,0.03324140150418651
Baseline (p=3),p99p100,Iran,(Intercept),0.38402835999602675,0.08244982345103194,4.657722041383222,4.49102995904706e-5
Baseline (p=3),p99p100,Iran,"L(p99p100, 1)",0.26088200186724075,0.1557402735969976,1.6751094359979992,0.10282630287755608
Baseline (p=3),p99p100,Iran,public_debt,-0.015328042540610322,0.012709650101336754,-1.2060160915836837,0.23590089389393792
Baseline (p=3),p99p100,Iran,growth,0.07152610774858918,0.044666104820116063,1.601350913330063,0.11828780789905467
Baseline (p=3),p99p100,Iran,life_exp,-0.0034907995476134612,7.642078147851088e-4,-4.5678668551630235,5.8738851441421436e-5
Baseline (p=3),p99p100,Iran,gdp_x_debt,-0.1461946593010148,0.12897426808738988,-1.1335180378923089,0.2647016655832087
Baseline (p=3),p99p100,Ireland,(Intercept),-0.04522524602951919,0.027143224793684254,-1.6661707064387685,0.10486777349979823
Baseline (p=3),p99p100,Ireland,"L(p99p100, 1)",0.5931155861732741,0.20134869649510684,2.945713563075825,0.005779770414914483
Baseline (p=3),p99p100,Ireland,public_debt,-0.03994756860057094,0.01878439890402448,-2.1266354491658683,0.0407897350156506
Baseline (p=3),p99p100,Ireland,"L(public_debt, 1)",0.037573595409370664,0.01584941881293186,2.3706607701421585,0.023567473402902706
Baseline (p=3),p99p100,Ireland,growth,0.04106159317272139,0.06572854992441342,0.6247147277696137,0.5363284743229944
Baseline (p=3),p99p100,Ireland,life_exp,0.0011747177132801047,5.461013946840446e-4,2.1510981746526316,0.038662274491560615
Baseline (p=3),p99p100,Ireland,gdp_x_debt,-0.07074847085682982,0.09120414564590061,-0.7757155155151633,0.44327948812362705
Baseline (p=3),p99p100,Italy,(Intercept),0.014953007331155455,0.03076161164039977,0.48609310545736834,0.6299308346308097
Baseline (p=3),p99p100,Italy,"L(p99p100, 1)",0.7995970021898596,0.09102232597207603,8.784625020845558,2.2449847604290917e-10
Baseline (p=3),p99p100,Italy,public_debt,0.01334879039838597,0.004196835366295485,3.180680020376603,0.0030734846790710277
Baseline (p=3),p99p100,Italy,growth,-0.05003428364851248,0.05110083845612263,-0.9791284284204859,0.334236322206495
Baseline (p=3),p99p100,Italy,life_exp,-1.7020720553903443e-4,4.714588932678338e-4,-0.3610223668902995,0.7202528136407564
Baseline (p=3),p99p100,Italy,gdp_x_debt,0.04355324840144031,0.0505368844726451,0.8618111079842103,0.39465780394172945
Baseline (p=3),p99p100,Jamaica,(Intercept),-0.05193181737525079,0.07939124554397789,-0.6541252378574126,0.5175640828636269
Baseline (p=3),p99p100,Jamaica,"L(p99p100, 1)",0.5752532557700363,0.13229891689615858,4.348132768324571,1.240204963506134e-4
Baseline (p=3),p99p100,Jamaica,public_debt,0.0051717391668221644,0.005071512555549006,1.019762666497492,0.3152592981342592
Baseline (p=3),p99p100,Jamaica,"L(public_debt, 1)",-0.008498399319751649,0.005100294923753739,-1.666256451204778,0.10512817590306908
Baseline (p=3),p99p100,Jamaica,growth,0.11490041383723534,0.07960965742108185,1.4432974284701288,0.1583631170790711
Baseline (p=3),p99p100,Jamaica,life_exp,0.010473594242909365,0.004101048995707568,2.5538817638783953,0.015456478038779534
Baseline (p=3),p99p100,Jamaica,"L(life_exp, 1)",-0.00834228195692766,0.003789312567894392,-2.201529118397118,0.034798967837493915
Baseline (p=3),p99p100,Jamaica,gdp_x_debt,-0.054556244988191956,0.0452348041703356,-1.206067893712011,0.23636741790572904
Baseline (p=3),p99p100,Japan,(Intercept),0.1485139747895664,0.12355573861617622,1.2019998136300454,0.23791846525978044
Baseline (p=3),p99p100,Japan,"L(p99p100, 1)",0.6810706730074383,0.13077476039413297,5.207967278661469,9.989377299667556e-6
Baseline (p=3),p99p100,Japan,public_debt,0.010242695424971906,0.006764098587578019,1.514273526968129,0.13947663774352095
Baseline (p=3),p99p100,Japan,growth,0.18932310811774603,0.10028674110461078,1.88781793118853,0.06787015615327983
Baseline (p=3),p99p100,Japan,"L(growth, 1)",-0.1693931090990966,0.09347492073103883,-1.8121770820913758,0.0790668579684333
Baseline (p=3),p99p100,Japan,life_exp,-0.0015505225207112744,0.0016469025919383373,-0.9414779770832545,0.3533013946719493
Baseline (p=3),p99p100,Japan,gdp_x_debt,-0.07130666922282912,0.07119803220186384,-1.001525843026915,0.32386031187036
Baseline (p=3),p99p100,Japan,"L(gdp_x_debt, 1)",0.10811200543324445,0.06543682552342102,1.6521584683925294,0.10798737553105821
Baseline (p=3),p99p100,Jordan,(Intercept),0.023282956425563228,0.03417687695729751,0.6812488003118088,0.5004671264206535
Baseline (p=3),p99p100,Jordan,"L(p99p100, 1)",1.1940212661375569,0.1391988555356475,8.577809505278434,6.506624100608194e-10
Baseline (p=3),p99p100,Jordan,"L(p99p100, 2)",-0.533382691490131,0.13254858689446494,-4.024054152420423,3.1423280386634226e-4
Baseline (p=3),p99p100,Jordan,public_debt,0.009277749848899985,0.004089175337150948,2.268855963355211,0.02994285179553225
Baseline (p=3),p99p100,Jordan,growth,0.09072156443925412,0.03404370940846762,2.6648554465891765,0.011826175216973673
Baseline (p=3),p99p100,Jordan,life_exp,4.157670901230782e-4,4.8183210477827077e-4,0.8628878939364276,0.3944270894052362
Baseline (p=3),p99p100,Jordan,gdp_x_debt,-0.062426510230323674,0.029876458435427203,-2.0894882961194274,0.04445146477959064
Baseline (p=3),p99p100,Kenya,(Intercept),0.1930786647139565,0.06347961937513216,3.0415851042357405,0.0047582801951707885
Baseline (p=3),p99p100,Kenya,"L(p99p100, 1)",1.8007408545751047,0.2530485556032962,7.116187050670715,5.37437968664672e-8
Baseline (p=3),p99p100,Kenya,"L(p99p100, 2)",-0.8179521317075819,0.2251892435226433,-3.6322877545673484,0.0010031731135016582
Baseline (p=3),p99p100,Kenya,public_debt,-0.18114336685874843,0.06633844639477679,-2.7305940476925445,0.01033327471908371
Baseline (p=3),p99p100,Kenya,growth,-0.681391728921094,0.29299364630363134,-2.325619471676062,0.026754263388368588
Baseline (p=3),p99p100,Kenya,"L(growth, 1)",-0.29587556281437766,0.19461773748538908,-1.5202908359603682,0.13857298803881296
Baseline (p=3),p99p100,Kenya,life_exp,-0.002219181167848097,0.0011976223315828753,-1.8529891346590428,0.0734245673703305
Baseline (p=3),p99p100,Kenya,gdp_x_debt,2.133206055001778,0.6975525168728283,3.0581296797050848,0.0045616065589909275
Baseline (p=3),p99p100,Kenya,"L(gdp_x_debt, 1)",0.9311475920205308,0.4364526845067482,2.1334445292113533,0.040909305978861284
Baseline (p=3),p99p100,Lebanon,(Intercept),0.10597010349405775,0.025901652278694454,4.091248788063766,2.3956852051898505e-4
Baseline (p=3),p99p100,Lebanon,"L(p99p100, 1)",0.4342025497820232,0.13695127018270764,3.1704893952626403,0.0031581708835842683
Baseline (p=3),p99p100,Lebanon,public_debt,0.003361859859604633,0.0016809156153707423,2.000017031707533,0.05330572809998898
Baseline (p=3),p99p100,Lebanon,growth,0.011680235953180662,0.007613338660629475,1.5341805315429031,0.13397620942888144
Baseline (p=3),p99p100,Lebanon,life_exp,1.1500573721373122e-4,9.242214496012748e-5,1.2443526090348445,0.22163863094110348
Baseline (p=3),p99p100,Lebanon,gdp_x_debt,-0.016334192329116634,0.007554334875233567,-2.1622277273764103,0.037519292201094435
Baseline (p=3),p99p100,Luxembourg,(Intercept),-0.05136059489072994,0.07789779226776782,-0.6593331260811827,0.5142570019843005
Baseline (p=3),p99p100,Luxembourg,"L(p99p100, 1)",0.5979673060024874,0.14139408360306058,4.229082934482443,1.7482285776846727e-4
Baseline (p=3),p99p100,Luxembourg,public_debt,-0.2523891421135764,0.08266732271929651,-3.053070231518007,0.0044536458604765745
Baseline (p=3),p99p100,Luxembourg,growth,-0.09153307939559938,0.08336644214649927,-1.0979607266284548,0.2801685122914375
Baseline (p=3),p99p100,Luxembourg,"L(growth, 1)",-0.15223051772601878,0.07907955307589618,-1.925030071678786,0.06288123207897242
Baseline (p=3),p99p100,Luxembourg,life_exp,0.0017875434743805315,0.0012336271260308788,1.4490144036730492,0.15677036002208924
Baseline (p=3),p99p100,Luxembourg,gdp_x_debt,0.42170227049653264,0.5845553709005051,0.7214068871643452,0.47573970791282594
Baseline (p=3),p99p100,Luxembourg,"L(gdp_x_debt, 1)",1.3131293639921557,0.5376216850359721,2.4424784203120353,0.020108495260922846
Baseline (p=3),p99p100,Malaysia,(Intercept),0.10366075140842224,0.0667549372899491,1.5528551986825072,0.12945446999927857
Baseline (p=3),p99p100,Malaysia,"L(p99p100, 1)",0.9276531549674756,0.0659074649540025,14.075084751247742,5.610748313749206e-16
Baseline (p=3),p99p100,Malaysia,public_debt,-0.005510411420149789,0.006957154844153303,-0.7920495581294504,0.4336674839250968
Baseline (p=3),p99p100,Malaysia,growth,0.009003521156502749,0.0390611008815913,0.2304983974669778,0.8190465202019976
Baseline (p=3),p99p100,Malaysia,life_exp,-0.001250857314442244,7.582563719833028e-4,-1.6496495916948106,0.10796244893714692
Baseline (p=3),p99p100,Malaysia,gdp_x_debt,0.023681861301917937,0.06888010750666415,0.34381278077457583,0.7330440733368045
Baseline (p=3),p99p100,Malta,(Intercept),-0.06965651489240804,0.025450594823631108,-2.7369307230387925,0.009678279139525351
Baseline (p=3),p99p100,Malta,"L(p99p100, 1)",0.6279500758811727,0.11878470972139483,5.286455448298072,6.739421614588999e-6
Baseline (p=3),p99p100,Malta,public_debt,-0.01569559049848731,0.006161304226199049,-2.5474461124231853,0.01540113716278434
Baseline (p=3),p99p100,Malta,growth,-0.009203609054342997,0.029853873828808667,-0.30828860291697263,0.7596901577703391
Baseline (p=3),p99p100,Malta,life_exp,0.0014314969825853984,4.393544455200152e-4,3.2581825384538767,0.0024965720852400926
Baseline (p=3),p99p100,Malta,gdp_x_debt,0.015155617881042568,0.05555242066096743,0.2728165163771396,0.7865975175756903
Baseline (p=3),p99p100,Mauritania,(Intercept),-0.05079119917556494,0.09597634058092433,-0.5292054152944011,0.6005572899143872
Baseline (p=3),p99p100,Mauritania,"L(p99p100, 1)",1.3204111795399682,0.12367852085489497,10.676155976098162,9.755822030389497e-12
Baseline (p=3),p99p100,Mauritania,"L(p99p100, 2)",-0.507665165253898,0.13131170243399193,-3.86610755815227,5.509443702138662e-4
Baseline (p=3),p99p100,Mauritania,public_debt,-0.028881703552090153,0.02641682524802635,-1.0933071359226998,0.28296060686128927
Baseline (p=3),p99p100,Mauritania,"L(public_debt, 1)",0.08204577549389258,0.02719506516674493,3.0169361606906904,0.005164921020073041
Baseline (p=3),p99p100,Mauritania,growth,0.18452209104216802,0.15075301970857688,1.2240026196415215,0.23047738376233365
Baseline (p=3),p99p100,Mauritania,"L(growth, 1)",0.2572440719766935,0.1598362813993126,1.609422277123871,0.1179981453672142
Baseline (p=3),p99p100,Mauritania,life_exp,7.112879859443851e-4,0.0014333914389833388,0.49622731558162514,0.6233504095143578
Baseline (p=3),p99p100,Mauritania,gdp_x_debt,-0.5039778708617606,0.24892043418708443,-2.024654474461423,0.05188399236213935
Baseline (p=3),p99p100,Mauritania,"L(gdp_x_debt, 1)",-0.524019212475693,0.2659236961580008,-1.9705623080853336,0.058063361590685085
Baseline (p=3),p99p100,Mexico,(Intercept),0.11568407719878608,0.12346490683882654,0.9369794232283535,0.35557625051146813
Baseline (p=3),p99p100,Mexico,"L(p99p100, 1)",0.9080880239978835,0.05141337122010606,17.66248745117808,2.198612109399339e-18
Baseline (p=3),p99p100,Mexico,public_debt,0.004907738687347039,0.06691450975470419,0.07334341543168846,0.9419756090965462
Baseline (p=3),p99p100,Mexico,"L(public_debt, 1)",-0.08786466353351305,0.06400251986717785,-1.3728313153272005,0.17906279428837205
Baseline (p=3),p99p100,Mexico,growth,-0.3476200421935166,0.2607087037814882,-1.333365695703327,0.19154341674119765
Baseline (p=3),p99p100,Mexico,life_exp,-0.04643698563004843,0.02297477289040467,-2.0212163076242056,0.051430286536321014
Baseline (p=3),p99p100,Mexico,"L(life_exp, 1)",0.04562875962084523,0.02196723023094484,2.077128483707009,0.0456493345973927
Baseline (p=3),p99p100,Mexico,gdp_x_debt,1.115897377978221,0.9565094647653785,1.1666349566670924,0.2517196583630165
Baseline (p=3),p99p100,Netherlands,(Intercept),-0.003179152497666852,0.017010088277292907,-0.18689805989488975,0.8529204850350739
Baseline (p=3),p99p100,Netherlands,"L(p99p100, 1)",0.4230959844484833,0.18085296477632198,2.3394473238067524,0.025715524044089232
Baseline (p=3),p99p100,Netherlands,public_debt,-0.033598937730264476,0.013321510581000924,-2.522156742357967,0.016835579723097748
Baseline (p=3),p99p100,Netherlands,"L(public_debt, 1)",0.02554293753891434,0.01350585960082403,1.8912485612804604,0.06767305908494295
Baseline (p=3),p99p100,Netherlands,growth,-0.028582802495933365,0.0891371693577786,-0.3206608724718166,0.7505521397971378
Baseline (p=3),p99p100,Netherlands,"L(growth, 1)",0.1134363676923594,0.08207193053870013,1.3821579064582832,0.1764956192169043
Baseline (p=3),p99p100,Netherlands,life_exp,5.830697481405508e-4,2.9726924977672346e-4,1.9614196509679012,0.058579959665704666
Baseline (p=3),p99p100,Netherlands,gdp_x_debt,0.02617963122493039,0.1560344067838156,0.1677811436884049,0.8678113476488912
Baseline (p=3),p99p100,Netherlands,"L(gdp_x_debt, 1)",-0.18405110161862234,0.14457936553495632,-1.2730108541949756,0.21218522540717516
Baseline (p=3),p99p100,New Zealand,(Intercept),0.07086512964294606,0.17234911847490975,0.4111719878234391,0.6834532719565736
Baseline (p=3),p99p100,New Zealand,"L(p99p100, 1)",0.5763318662431703,0.1358743677754051,4.241652606588933,1.5431942718128583e-4
Baseline (p=3),p99p100,New Zealand,public_debt,-0.07254510894783907,0.055387159499050494,-1.3097820795284278,0.1988019798421784
Baseline (p=3),p99p100,New Zealand,growth,-0.03529209122812477,0.47449484049630947,-0.07437824021692237,0.941132907656929
Baseline (p=3),p99p100,New Zealand,life_exp,1.2032932854942034e-4,0.002116487189973994,0.05685332239166488,0.9549853743926772
Baseline (p=3),p99p100,New Zealand,gdp_x_debt,0.11577181180600327,1.001813048217185,0.11556229179888348,0.9086599406006173
Baseline (p=3),p99p100,Norway,(Intercept),0.004095219343910136,0.11113972264742307,0.036847485726608384,0.9708221099922558
Baseline (p=3),p99p100,Norway,"L(p99p100, 1)",0.911845072180243,0.13534960477498328,6.736961468754726,9.665389584765127e-8
Baseline (p=3),p99p100,Norway,public_debt,0.02576294284371247,0.034661005116911656,0.7432832013040014,0.46241570994577474
Baseline (p=3),p99p100,Norway,growth,0.20071239007900257,0.1566202531443323,1.281522574823305,0.20868132330527486
Baseline (p=3),p99p100,Norway,life_exp,0.02144310619120072,0.01374833018049481,1.5596880428157545,0.12809447945925012
Baseline (p=3),p99p100,Norway,"L(life_exp, 1)",-0.02152711101060011,0.013891386285634027,-1.5496733420236593,0.13047920909113814
Baseline (p=3),p99p100,Norway,gdp_x_debt,-0.6770609969940572,0.4351567926892751,-1.5559012483978722,0.128992008010803
Baseline (p=3),p99p100,Pakistan,(Intercept),0.0644523697785173,0.02801877418111814,2.300327964452912,0.027889061161059332
Baseline (p=3),p99p100,Pakistan,"L(p99p100, 1)",0.7729668677259897,0.1374317811106154,5.624367678854776,2.919665509485971e-6
Baseline (p=3),p99p100,Pakistan,public_debt,-0.01465079371248815,0.02990822294310813,-0.4898583824374022,0.6274750117406118
Baseline (p=3),p99p100,Pakistan,growth,0.025597126340927825,0.22882421121667587,0.11186371496628762,0.9116091324233181
Baseline (p=3),p99p100,Pakistan,"L(growth, 1)",-0.38262530462572575,0.21345109523199632,-1.7925666027145792,0.08221424741481154
Baseline (p=3),p99p100,Pakistan,life_exp,-2.7986577761254696e-4,4.5853481832272677e-4,-0.6103479309079891,0.5458120796031142
Baseline (p=3),p99p100,Pakistan,gdp_x_debt,-0.044140564575302424,0.4202098605049082,-0.10504409516298546,0.9169767144871064
Baseline (p=3),p99p100,Pakistan,"L(gdp_x_debt, 1)",0.7067548299985544,0.4160893911394496,1.6985648878552884,0.09881225778922956
Baseline (p=3),p99p100,Panama,(Intercept),0.06950974340506366,0.05632484940303674,1.234086626804475,0.22588741197105297
Baseline (p=3),p99p100,Panama,"L(p99p100, 1)",0.38025460280264767,0.14727517753202957,2.581932740973607,0.014452626402583284
Baseline (p=3),p99p100,Panama,public_debt,0.004582540021663506,0.009271972755779031,0.49423570823235025,0.6244138232034762
Baseline (p=3),p99p100,Panama,growth,0.02068299556284104,0.04262825053607476,0.48519456704745045,0.6307439452547184
Baseline (p=3),p99p100,Panama,"L(growth, 1)",0.08146883462167284,0.04159810254960307,1.9584747771734656,0.058671129707835626
Baseline (p=3),p99p100,Panama,life_exp,8.971630280531228e-4,6.982890591948976e-4,1.2848017826421623,0.20780707106092264
Baseline (p=3),p99p100,Panama,gdp_x_debt,-0.008694058111785136,0.06026267868137124,-0.1442693604403731,0.8861652452174431
Baseline (p=3),p99p100,Panama,"L(gdp_x_debt, 1)",-0.07895719376498045,0.05804554927126177,-1.3602626688222588,0.18296702264715578
Baseline (p=3),p99p100,Paraguay,(Intercept),0.037238748091752094,0.035124694007174544,1.060187117477685,0.29919527838734333
Baseline (p=3),p99p100,Paraguay,"L(p99p100, 1)",0.5059829581757022,0.1629822780671821,3.104527462594022,0.004690679572120626
Baseline (p=3),p99p100,Paraguay,"L(p99p100, 2)",0.04196029392198538,0.1636757029037352,0.2563623871935595,0.7997688952325679
Baseline (p=3),p99p100,Paraguay,public_debt,0.010900999012067454,0.016969471498205612,0.6423888341614027,0.52646845955915
Baseline (p=3),p99p100,Paraguay,"L(public_debt, 1)",-0.0232960164441001,0.019044288715080685,-1.2232547401811116,0.23263914435160435
Baseline (p=3),p99p100,Paraguay,"L(public_debt, 2)",0.0358552536886326,0.01684928702971437,2.127998272294873,0.043376680867875335
Baseline (p=3),p99p100,Paraguay,growth,0.037165925522146454,0.043405424096380506,0.8562507174131182,0.3999921011673009
Baseline (p=3),p99p100,Paraguay,"L(growth, 1)",-0.052673979613409465,0.04293919766468714,-1.226710848785331,0.2313595115758941
Baseline (p=3),p99p100,Paraguay,"L(growth, 2)",0.17484503285451927,0.04433705261870291,3.9435420833716752,5.72674021249641e-4
Baseline (p=3),p99p100,Paraguay,life_exp,0.00862606024872417,0.011156187373969792,0.7732086204334422,0.4466486628083549
Baseline (p=3),p99p100,Paraguay,"L(life_exp, 1)",-0.029777272372630174,0.015631599630601154,-1.9049408298774992,0.06835359958576803
Baseline (p=3),p99p100,Paraguay,"L(life_exp, 2)",0.02202068574143263,0.009638409511415317,2.2846804460167704,0.03108683427220449
Baseline (p=3),p99p100,Paraguay,gdp_x_debt,-0.057241779093358876,0.12467368823345636,-0.4591327962173655,0.6501060210853078
Baseline (p=3),p99p100,Paraguay,"L(gdp_x_debt, 1)",0.1937406118796248,0.12242314608637678,1.582548873094058,0.1260944575233332
Baseline (p=3),p99p100,Paraguay,"L(gdp_x_debt, 2)",-0.5072709511701382,0.1255230110773058,-4.041258625143445,4.4560127265251933e-4
Baseline (p=3),p99p100,Portugal,(Intercept),-0.016749477897544184,0.07032724927333497,-0.23816483753609363,0.8131421145350957
Baseline (p=3),p99p100,Portugal,"L(p99p100, 1)",0.7904855345018909,0.14163461954169995,5.581160432807579,2.754101522985198e-6
Baseline (p=3),p99p100,Portugal,public_debt,0.0010918791103636887,0.007816324852306409,0.13969213549786144,0.8897040153168803
Baseline (p=3),p99p100,Portugal,growth,0.012909071818052346,0.07168908227019317,0.1800702618761193,0.858135959525527
Baseline (p=3),p99p100,Portugal,life_exp,4.751026885704254e-4,0.0011336294987732765,0.41909873471406983,0.677705029497212
Baseline (p=3),p99p100,Portugal,gdp_x_debt,0.008042961627141665,0.09352843016001923,0.08599483187498003,0.9319605998973953
Baseline (p=3),p99p100,Singapore,(Intercept),-0.05370199111200888,0.041848990782406954,-1.283232644515405,0.2078426655081524
Baseline (p=3),p99p100,Singapore,"L(p99p100, 1)",0.8154359558274229,0.09082184816384375,8.97841182835617,1.31459226859866e-10
Baseline (p=3),p99p100,Singapore,public_debt,-0.006079767509017703,0.014924987168819246,-0.4073549571767363,0.6862281406138298
Baseline (p=3),p99p100,Singapore,growth,0.005587364713846843,0.06387613070768225,0.08747187176093091,0.9307949972023738
Baseline (p=3),p99p100,Singapore,life_exp,0.001040901722768849,6.923895423862502e-4,1.5033469731236653,0.14172007981357998
Baseline (p=3),p99p100,Singapore,gdp_x_debt,0.020812554247186997,0.0713625820431255,0.29164519628241103,0.7722795439854885
Baseline (p=3),p99p100,South Africa,(Intercept),0.057558123924577785,0.016776211136274193,3.430937024875856,0.0015595761238479666
Baseline (p=3),p99p100,South Africa,"L(p99p100, 1)",0.934866928865587,0.019931155217966144,46.904803993643505,3.456789969606605e-33
Baseline (p=3),p99p100,South Africa,public_debt,0.044100224949834343,0.010792487522488844,4.0861965193789205,2.4311710142250817e-4
Baseline (p=3),p99p100,South Africa,growth,-0.07603352589000054,0.07974601035542729,-0.9534461417081527,0.346902903662329
Baseline (p=3),p99p100,South Africa,life_exp,-0.001012411427601884,2.757186466498901e-4,-3.6719004677527405,7.97157275433131e-4
Baseline (p=3),p99p100,South Africa,gdp_x_debt,0.28369937979469423,0.23669683398772123,1.1985769941029767,0.23874528857965444
Baseline (p=3),p99p100,South Korea,(Intercept),-0.09239215718716215,0.03375396738752729,-2.737223631415332,0.010826651596387743
Baseline (p=3),p99p100,South Korea,"L(p99p100, 1)",1.45362516572286,0.14655071352172414,9.918922472577249,1.690312483643487e-10
Baseline (p=3),p99p100,South Korea,"L(p99p100, 2)",-0.836972049377503,0.18878021819981514,-4.433579203153621,1.3942421999572528e-4
Baseline (p=3),p99p100,South Korea,public_debt,0.19459406584101638,0.0530965567246165,3.6649093245400435,0.0010663392162017782
Baseline (p=3),p99p100,South Korea,growth,0.061448997558674716,0.06229879923341717,0.9863592607690804,0.3327140545614825
Baseline (p=3),p99p100,South Korea,"L(growth, 1)",0.14006117938340595,0.05262971599147668,2.661256606554531,0.01294734807612743
Baseline (p=3),p99p100,South Korea,life_exp,0.024276052204422114,0.009783587117205271,2.48130383197903,0.01961128604013439
Baseline (p=3),p99p100,South Korea,"L(life_exp, 1)",-0.037401359540686706,0.01316875258291223,-2.840159635865488,0.008469402174748139
Baseline (p=3),p99p100,South Korea,"L(life_exp, 2)",0.08637295693310276,0.019509877528599583,4.427139883707031,1.4184966504749986e-4
Baseline (p=3),p99p100,South Korea,"L(life_exp, 3)",-0.07246386522728952,0.0133992280362581,-5.408062690716468,1.0194688400085726e-5
Baseline (p=3),p99p100,South Korea,gdp_x_debt,-0.6936209958892432,0.37847605085212505,-1.8326681287431021,0.07790250704057412
Baseline (p=3),p99p100,South Korea,"L(gdp_x_debt, 1)",-0.985734448211771,0.29571512152681184,-3.3333920941286617,0.0025000402294934206
Baseline (p=3),p99p100,Spain,(Intercept),0.012283193431197346,0.03244898383248012,0.3785386160198449,0.7074549537067113
Baseline (p=3),p99p100,Spain,"L(p99p100, 1)",0.6396780397533388,0.1287846548203964,4.967036178692535,2.0327551440001294e-5
Baseline (p=3),p99p100,Spain,public_debt,0.0033312916822809653,0.005152361541304625,0.6465562743559824,0.5223909300158203
Baseline (p=3),p99p100,Spain,growth,-0.008100156071463867,0.040233868513015594,-0.20132680179246196,0.8416788940763383
Baseline (p=3),p99p100,Spain,"L(growth, 1)",0.06354478678324348,0.04285858127178856,1.482661929014237,0.1476521268016186
Baseline (p=3),p99p100,Spain,life_exp,3.487207481071532e-4,4.0545273696527444e-4,0.860077430275233,0.3959519427521646
Baseline (p=3),p99p100,Spain,gdp_x_debt,0.020305708587469655,0.06708090155160526,0.3027047657051612,0.76401479309626
Baseline (p=3),p99p100,Spain,"L(gdp_x_debt, 1)",-0.1302899830683548,0.07195836385524723,-1.8106301489907208,0.07931135555396575
Baseline (p=3),p99p100,Sweden,(Intercept),-0.07689699658477288,0.055774059311148406,-1.3787233264802425,0.17698423430701749
Baseline (p=3),p99p100,Sweden,"L(p99p100, 1)",0.7742783386267315,0.11958182303795868,6.474883213487667,2.095750150635455e-7
Baseline (p=3),p99p100,Sweden,public_debt,0.05480690414467482,0.01687288379512673,3.2482238845563725,0.0026151967055909713
Baseline (p=3),p99p100,Sweden,growth,0.04923555973649901,0.16984272252368687,0.28988913392878785,0.7736616845027531
Baseline (p=3),p99p100,Sweden,life_exp,9.809967767177724e-4,7.518472820331166e-4,1.304781968573456,0.2007297804266754
Baseline (p=3),p99p100,Sweden,gdp_x_debt,-0.3427366411652413,0.3518630444182884,-0.974062626360392,0.3369050140779971
Baseline (p=3),p99p100,Sweden,"L(gdp_x_debt, 1)",-0.10830850688733534,0.072704844724589407,-1.489701371313217,0.14552161374434264
Baseline (p=3),p99p100,Switzerland,(Intercept),0.03902561820033504,0.0367815458122971,1.0610108231853508,0.29595192592862657
Baseline (p=3),p99p100,Switzerland,"L(p99p100, 1)",0.6125240988472963,0.1556580172889397,3.9350629637681975,3.7656377409649947e-4
Baseline (p=3),p99p100,Switzerland,public_debt,0.011699511161842995,0.013478811031592233,0.867992817350222,0.3913110173872235
Baseline (p=3),p99p100,Switzerland,growth,-0.15116977508152837,0.1798248782283002,-0.8406499510574272,0.40625063237197245
Baseline (p=3),p99p100,Switzerland,life_exp,-1.556386491515774e-6,4.993047440662578e-4,-0.0031171073578047984,0.9975306115268082
Baseline (p=3),p99p100,Switzerland,gdp_x_debt,0.25367597021377625,0.4376380139356949,0.5796479330770625,0.5658648615059814
Baseline (p=3),p99p100,Thailand,(Intercept),0.08228398761130863,0.05248467950836106,1.5677715550916225,0.12619552963328542
Baseline (p=3),p99p100,Thailand,"L(p99p100, 1)",0.951994921633268,0.11003083121742152,8.652074251371609,4.144594195934671e-10
Baseline (p=3),p99p100,Thailand,public_debt,0.023527674340522376,0.019309253654447397,1.218466273299143,0.23143434187569129
Baseline (p=3),p99p100,Thailand,growth,-0.060941411665661256,0.048423167590076706,-1.2585176620735958,0.21677816818109744
Baseline (p=3),p99p100,Thailand,life_exp,-0.010755065906191607,0.004991959690274991,-2.154477714862947,0.03837623920803832
Baseline (p=3),p99p100,Thailand,"L(life_exp, 1)",0.009761902109189447,0.004862557380664696,2.0075654321337852,0.052690218247864726
Baseline (p=3),p99p100,Thailand,gdp_x_debt,0.01796674783190377,0.2514312260390163,0.07145790168925059,0.9434520171830897
Baseline (p=3),p99p100,Togo,(Intercept),0.048899458804436906,0.013184750961570688,3.708788959834214,7.876479074597996e-4
Baseline (p=3),p99p100,Togo,"L(p99p100, 1)",1.2723301956544533,0.13194882938846153,9.642603132981748,5.481058544956337e-11
Baseline (p=3),p99p100,Togo,"L(p99p100, 2)",-0.8062985785004725,0.14821296939791995,-5.440135109470307,5.519426172248512e-6
Baseline (p=3),p99p100,Togo,public_debt,-0.0011575228318083785,0.0036113753549909017,-0.32052132997160987,0.7506569191055015
Baseline (p=3),p99p100,Togo,growth,0.0016543526802676328,0.02422002840012391,0.06830515030523948,0.9459677558852794
Baseline (p=3),p99p100,Togo,life_exp,0.002898683332363526,0.0013801069032550756,2.1003324637582677,0.043669294936243434
Baseline (p=3),p99p100,Togo,"L(life_exp, 1)",-0.002405906134428645,0.0013697243774510664,-1.7564892426794794,0.08857204991047962
Baseline (p=3),p99p100,Togo,gdp_x_debt,-7.000602694905502e-4,0.03708601606959071,-0.01887666413606977,0.9850567060708866
Baseline (p=3),p99p100,Trinidad and Tobago,(Intercept),0.05233462924651558,0.028487789419959646,1.8370898659426314,0.07469994279057636
Baseline (p=3),p99p100,Trinidad and Tobago,"L(p99p100, 1)",0.2577775650525756,0.16838157939475104,1.5309130961899702,0.1347803124201592
Baseline (p=3),p99p100,Trinidad and Tobago,public_debt,-0.008352503834216882,0.0065702732859661975,-1.2712566845670557,0.21202117893258293
Baseline (p=3),p99p100,Trinidad and Tobago,growth,0.006127695257355235,0.022947912815630477,0.26702625666162927,0.791016069097232
Baseline (p=3),p99p100,Trinidad and Tobago,life_exp,0.0017073186555389833,5.36453100116391e-4,3.182605627907746,0.0030577269448192326
Baseline (p=3),p99p100,Trinidad and Tobago,gdp_x_debt,0.03309875247480109,0.0764815153629984,0.43276800044699687,0.6678384824596231
Baseline (p=3),p99p100,Turkey,(Intercept),0.11682780456478822,0.06695266754521456,1.7449312902416012,0.09003078133952368
Baseline (p=3),p99p100,Turkey,"L(p99p100, 1)",0.7970585522730806,0.08767493614449103,9.091065101655772,1.2625708804255372e-10
Baseline (p=3),p99p100,Turkey,public_debt,0.02228147080585724,0.022630535138679277,0.9845755157497169,0.33178756513780716
Baseline (p=3),p99p100,Turkey,"L(public_debt, 1)",-0.03992927018145281,0.022588133156153867,-1.7677100584372354,0.08608369959878034
Baseline (p=3),p99p100,Turkey,growth,0.1313364310475467,0.07421005343407487,1.769792972379686,0.08573017157771615
Baseline (p=3),p99p100,Turkey,life_exp,-9.349062149372652e-4,6.811647655307271e-4,-1.3725111195509891,0.1788912199091448
Baseline (p=3),p99p100,Turkey,gdp_x_debt,-0.36331879393709926,0.17755199131169339,-2.046267075086144,0.048525634451832965
Baseline (p=3),p99p100,United Arab Emirates,(Intercept),0.04057100808438161,0.01877525896502531,2.16087608484962,0.0380610310183713
Baseline (p=3),p99p100,United Arab Emirates,"L(p99p100, 1)",0.9406108840348502,0.055666582551342894,16.897227042225875,8.232440622839165e-18
Baseline (p=3),p99p100,United Arab Emirates,public_debt,-0.024271547116043055,0.00851176929528567,-2.8515278403382123,0.007449299015607858
Baseline (p=3),p99p100,United Arab Emirates,"L(public_debt, 1)",0.02510441038714653,0.009835995271385635,2.5522999650252958,0.01551495349486165
Baseline (p=3),p99p100,United Arab Emirates,growth,-6.585642793788147e-4,0.002018456317693585,-0.3262712567053874,0.7462793516069536
Baseline (p=3),p99p100,United Arab Emirates,life_exp,-0.0015061388740569134,8.169656428258397e-4,-1.8435767614991263,0.07424097135146131
Baseline (p=3),p99p100,United Arab Emirates,"L(life_exp, 1)",0.0011065201076469193,7.93313016561024e-4,1.3948089651215279,0.1723919465218189
Baseline (p=3),p99p100,United Arab Emirates,gdp_x_debt,-0.021073016890065053,0.02643861239510075,-0.7970545721215695,0.4311169998462987
Baseline (p=3),p99p100,United Kingdom,(Intercept),-0.3307075720798988,0.11010081607664522,-3.003679571727072,0.00490165330696715
Baseline (p=3),p99p100,United Kingdom,"L(p99p100, 1)",0.638282631913729,0.11320518761054009,5.638280765980561,2.3153116850082196e-6
Baseline (p=3),p99p100,United Kingdom,public_debt,-0.031775328403685764,0.010699852353670833,-2.9696978381934866,0.005353974275362758
Baseline (p=3),p99p100,United Kingdom,growth,0.07556640632217541,0.1002802015905017,0.7535525968600852,0.45615751103660873
Baseline (p=3),p99p100,United Kingdom,life_exp,0.004966363239100748,0.001624287812355232,3.0575635680597006,0.0042575883450327754
Baseline (p=3),p99p100,United Kingdom,gdp_x_debt,0.04179738675811301,0.18911834838002065,0.2210118008968858,0.8263675525080325
Baseline (p=3),p99p100,United States,(Intercept),-0.3515971579305796,0.19795164898080977,-1.7761769590748135,0.08439840548037365
Baseline (p=3),p99p100,United States,"L(p99p100, 1)",0.6219231138962211,0.15334575004754641,4.055691883885843,2.656605483762494e-4
Baseline (p=3),p99p100,United States,public_debt,0.005178044943577244,0.013988710422815935,0.3701588486049238,0.7134947772085676
Baseline (p=3),p99p100,United States,growth,0.18263236704175284,0.2267574822468734,0.8054083386007918,0.42602215527830367
Baseline (p=3),p99p100,United States,life_exp,0.005335124025662651,0.002927945941352966,1.8221388415379551,0.07698805977106707
Baseline (p=3),p99p100,United States,gdp_x_debt,-0.2194748346828214,0.36557940764786345,-0.6003479137266556,0.5521421678382566
Baseline (p=3),p99p100,Uruguay,(Intercept),0.10442589562685736,0.27790266211768094,0.37576428678699403,0.711254718494444
Baseline (p=3),p99p100,Uruguay,"L(p99p100, 1)",0.3637384877674101,0.13452901327039557,2.703792133198187,0.014073657463227583
Baseline (p=3),p99p100,Uruguay,"L(p99p100, 2)",0.28841075712399983,0.15959894416745085,1.8070968992213376,0.08660958051722666
Baseline (p=3),p99p100,Uruguay,"L(p99p100, 3)",-0.45625461438933396,0.13815791898031743,-3.302413772274132,0.003744931403916187
Baseline (p=3),p99p100,Uruguay,public_debt,0.02534940034942519,0.03177095159803706,0.7978797950449611,0.43479965603236537
Baseline (p=3),p99p100,Uruguay,"L(public_debt, 1)",-0.04248870185720844,0.03196401610728444,-1.3292666889729627,0.1995016246072956
Baseline (p=3),p99p100,Uruguay,"L(public_debt, 2)",-0.02154848196113484,0.03177458114207379,-0.6781673018689071,0.5058417408006044
Baseline (p=3),p99p100,Uruguay,"L(public_debt, 3)",0.089801915722976,0.026767936570609007,3.354831459873445,0.003327353187168727
Baseline (p=3),p99p100,Uruguay,growth,-0.11983195778311881,0.10769726243924481,-1.1126741299549703,0.2797286101689171
Baseline (p=3),p99p100,Uruguay,"L(growth, 1)",0.0587635774198446,0.07519260637263125,0.7815073882215297,0.4441340252996847
Baseline (p=3),p99p100,Uruguay,"L(growth, 2)",-0.03115287952638095,0.06849862641326697,-0.4547956821561489,0.6544098119129995
Baseline (p=3),p99p100,Uruguay,"L(growth, 3)",-0.053439692440961466,0.08767871456186598,-0.6094944788823803,0.5494166413026953
Baseline (p=3),p99p100,Uruguay,life_exp,0.64323187352232,0.1635594933645264,3.932708889533815,8.934989690911801e-4
Baseline (p=3),p99p100,Uruguay,"L(life_exp, 1)",-1.807163670920259,0.5284799158302876,-3.419550330651731,0.0028744592942542523
Baseline (p=3),p99p100,Uruguay,"L(life_exp, 2)",1.7458590008822816,0.6428951861426786,2.715619961874813,0.013718755689609704
Baseline (p=3),p99p100,Uruguay,"L(life_exp, 3)",-0.5815166915178641,0.2865461672443352,-2.0293996500117566,0.05666210276039277
Baseline (p=3),p99p100,Uruguay,gdp_x_debt,0.12513270386789707,0.2755689388430823,0.45408856452849933,0.6549095813119638
Baseline (p=3),p99p100,Uruguay,"L(gdp_x_debt, 1)",-0.46366074013594233,0.2306973911906578,-2.009822207970935,0.05886705934473362
Baseline (p=3),p99p100,Uruguay,"L(gdp_x_debt, 2)",0.28822638045542825,0.2114474694735967,1.3631110420615316,0.18878436522486203
Baseline (p=3),p99p100,Uruguay,"L(gdp_x_debt, 3)",-0.13859058696779486,0.22207772227890904,-0.6240634384467341,0.5400072924042545
Baseline (p=3),p99p100,Venezuela,(Intercept),-0.16307710097471084,0.08947534347590197,-1.8225926231692169,0.08414257049395263
Baseline (p=3),p99p100,Venezuela,"L(p99p100, 1)",0.2648405401451622,0.17533577797573294,1.5104763169432367,0.1473744775014356
Baseline (p=3),p99p100,Venezuela,"L(p99p100, 2)",-0.39521805155715384,0.1567176703656072,-2.5218474128357595,0.02076052307747513
Baseline (p=3),p99p100,Venezuela,"L(p99p100, 3)",0.37338924583121375,0.17658249545932572,2.1145314820699244,0.04791351139193838
Baseline (p=3),p99p100,Venezuela,public_debt,0.014722683503636286,0.009449653631642015,1.5580130317515146,0.13573121677139408
Baseline (p=3),p99p100,Venezuela,"L(public_debt, 1)",-0.0027829017632701627,0.012236340340696737,-0.22742925464524177,0.8225193059544637
Baseline (p=3),p99p100,Venezuela,"L(public_debt, 2)",0.00607260790427928,0.011414741913534084,0.5319969518609254,0.6008941663532946
Baseline (p=3),p99p100,Venezuela,"L(public_debt, 3)",-0.031021459963710578,0.011360521809514352,-2.7306368918486066,0.013280442178617733
Baseline (p=3),p99p100,Venezuela,growth,0.0035094420021108204,0.011052848046077942,0.31751472448371637,0.7543159694051096
Baseline (p=3),p99p100,Venezuela,"L(growth, 1)",0.023155908785534807,0.012483018230245248,1.8549927876761478,0.079182072199987
Baseline (p=3),p99p100,Venezuela,"L(growth, 2)",0.041359564379419636,0.015299293110249267,2.703364402614924,0.014086654245178971
Baseline (p=3),p99p100,Venezuela,"L(growth, 3)",-6.342467445586406e-4,0.029366923562115566,-0.021597316559806175,0.9829943770360361
Baseline (p=3),p99p100,Venezuela,life_exp,0.00747325149976573,0.002675639418273451,2.7930712370010244,0.011597343163316825
Baseline (p=3),p99p100,Venezuela,"L(life_exp, 1)",0.002383011418128139,0.0029302642855752866,0.8132411229454316,0.4261538928644615
Baseline (p=3),p99p100,Venezuela,"L(life_exp, 2)",-0.004867020453179441,0.0024125467048683904,-2.0173787489204056,0.058007023670653565
Baseline (p=3),p99p100,Venezuela,"L(life_exp, 3)",-2.8991139463547025e-4,0.0024473002329743546,-0.11846171986962266,0.9069452822946577
Baseline (p=3),p99p100,Venezuela,gdp_x_debt,-0.005548131694909837,0.012634153245214039,-0.4391375968952674,0.66551528468843
Baseline (p=3),p99p100,Venezuela,"L(gdp_x_debt, 1)",-0.013397840227451998,0.012894590698842953,-1.039027956789214,0.3118343739404068
Baseline (p=3),p99p100,Venezuela,"L(gdp_x_debt, 2)",-0.03195484870386786,0.041212640606251856,-0.7753652334284153,0.4476675084669778
Baseline (p=3),p99p100,Venezuela,"L(gdp_x_debt, 3)",-0.01365911554790275,0.07103807230897957,-0.1922788035195061,0.849564017941396
Baseline (p=3),p99p100,Zambia,(Intercept),0.06898991869895495,0.015825993963916686,4.359278719317862,1.4109682561614742e-4
Baseline (p=3),p99p100,Zambia,"L(p99p100, 1)",1.2881316135530039,0.11657866159447286,11.049463048682624,4.260647502068491e-12
Baseline (p=3),p99p100,Zambia,"L(p99p100, 2)",-0.7026851710611347,0.116503627390355,-6.031444572165381,1.2769984761777308e-6
Baseline (p=3),p99p100,Zambia,public_debt,-4.734774263098188e-5,0.004059391986262884,-0.011663752303598224,0.9907711046141111
Baseline (p=3),p99p100,Zambia,growth,2.5366187865398006e-4,0.010950880757883277,0.023163605216993614,0.9816731580378446
Baseline (p=3),p99p100,Zambia,life_exp,0.0034896186577072904,0.001547985958013861,2.2542960675073798,0.03163746241909546
Baseline (p=3),p99p100,Zambia,"L(life_exp, 1)",-0.003276986350184347,0.0016460390688911775,-1.990831452373622,0.05567630388259957
Baseline (p=3),p99p100,Zambia,gdp_x_debt,0.005726547065888638,0.022143328218692162,0.2586127527592987,0.797700178185818
Baseline (p=3),p99p100,Zambia,"L(gdp_x_debt, 1)",-0.004709225495977907,0.013047065115020136,-0.36094136531567694,0.720672640771644
Baseline (p=3),p99p100,Zambia,"L(gdp_x_debt, 2)",0.027513613823593457,0.009884852186730552,2.7834117601199737,0.009219157523585703
Baseline (p=3),gini,Argentina,(Intercept),0.8654946723253804,1.1403319462280421,0.7589848510236333,0.45398684237040843
Baseline (p=3),gini,Argentina,"L(gini, 1)",1.870550338108602,0.08278339375358909,22.595719422622775,5.865704795973282e-20
Baseline (p=3),gini,Argentina,"L(gini, 2)",-0.8928384696771805,0.08326285923803685,-10.72313007081201,1.3228634167902377e-11
Baseline (p=3),gini,Argentina,public_debt,-0.2934460145010007,0.11988042689992351,-2.447822568616395,0.020661385682605067
Baseline (p=3),gini,Argentina,growth,-0.6472120079068893,0.6571766311385299,-0.9848372222025343,0.3328498708223532
Baseline (p=3),gini,Argentina,"L(growth, 1)",0.9859225320112576,0.7066937957997391,1.3951198353107455,0.17357336603521145
Baseline (p=3),gini,Argentina,life_exp,0.1581155598006315,0.11217518960941653,1.4095412751355716,0.1693096242842404
Baseline (p=3),gini,Argentina,"L(life_exp, 1)",-0.15567445516135994,0.11010183445982553,-1.413913364160732,0.1680334575511392
Baseline (p=3),gini,Argentina,gdp_x_debt,0.1911496527607153,1.0199476386766828,0.18741124104049087,0.8526433017458728
Baseline (p=3),gini,Argentina,"L(gdp_x_debt, 1)",-1.150331296788272,1.0836762791984054,-1.0615082371639355,0.29721961140455566
Baseline (p=3),gini,Argentina,"L(gdp_x_debt, 2)",0.9437704766246474,0.5892278985401705,1.6017070457167193,0.12005879210047336
Baseline (p=3),gini,Australia,(Intercept),-2.941501832012168,3.6874468093583506,-0.7977069186589885,0.431108917014955
Baseline (p=3),gini,Australia,"L(gini, 1)",0.7364258933695829,0.12627363821829424,5.831984440778481,1.9807828017904998e-6
Baseline (p=3),gini,Australia,public_debt,-5.263313201407988,2.057654861334835,-2.5579183857848684,0.015639058303282955
Baseline (p=3),gini,Australia,"L(public_debt, 1)",5.5113029396145565,1.8873753560746935,2.920088429615187,0.006468988963411456
Baseline (p=3),gini,Australia,growth,10.306775934886206,4.599633798828314,2.2407818503968078,0.0323444817703833
Baseline (p=3),gini,Australia,life_exp,-0.5609502364150084,0.47625357817279634,-1.1778394160672996,0.24782396980737256
Baseline (p=3),gini,Australia,"L(life_exp, 1)",-0.1589496914070858,0.5957234117994751,-0.2668179364093709,0.7913762914854227
Baseline (p=3),gini,Australia,"L(life_exp, 2)",0.8634946628307387,0.4451847548550953,1.9396321491552435,0.0615705881423877
Baseline (p=3),gini,Australia,gdp_x_debt,-27.824553937880868,16.669795303946024,-1.6691599045187029,0.10515570092512415
Baseline (p=3),gini,Austria,(Intercept),-11.166229864015,4.501169503186201,-2.4807396957859207,0.030533577685570176
Baseline (p=3),gini,Austria,"L(gini, 1)",1.0307490256319,0.2082000295875692,4.95076310831342,4.3510443941366064e-4
Baseline (p=3),gini,Austria,"L(gini, 2)",-0.23954619373475827,0.19554118319581928,-1.2250421615525942,0.2461444109245283
Baseline (p=3),gini,Austria,public_debt,-0.3737916068744387,1.3032750924014478,-0.28680944572160955,0.7795885104773854
Baseline (p=3),gini,Austria,growth,16.428580989288555,20.008662291110294,0.821073430610484,0.42904032353529054
Baseline (p=3),gini,Austria,life_exp,0.8328742225872563,0.24578330672939291,3.388652523518408,0.006049272160820356
Baseline (p=3),gini,Austria,"L(life_exp, 1)",0.10348280772106397,0.2124186866577918,0.4871643326171939,0.6357046686079975
Baseline (p=3),gini,Austria,"L(life_exp, 2)",-0.22521140407303358,0.20245599303550643,-1.112396826077341,0.289687436322072
Baseline (p=3),gini,Austria,"L(life_exp, 3)",-0.49822413765088647,0.21354323781270695,-2.3331300150457843,0.03964970283150012
Baseline (p=3),gini,Austria,gdp_x_debt,-28.155863000824354,27.608767022809815,-1.0198160235682578,0.3297214676955199
Baseline (p=3),gini,Austria,"L(gdp_x_debt, 1)",-3.6098678013749903,2.9126589055814205,-1.2393719684984514,0.24099920367999272
Baseline (p=3),gini,Austria,"L(gdp_x_debt, 2)",-4.4316647208289455,2.933030034936329,-1.5109510192674005,0.15898235264934596
Baseline (p=3),gini,Bangladesh,(Intercept),2.667878351425444,1.221106369717496,2.1848042214722536,0.03810983842257876
Baseline (p=3),gini,Bangladesh,"L(gini, 1)",0.8477377014472715,0.187088099406504,4.531221943760899,1.15854053034864e-4
Baseline (p=3),gini,Bangladesh,"L(gini, 2)",0.04824792189602966,0.17763765021343308,0.2716086473676013,0.7880679917229104
Baseline (p=3),gini,Bangladesh,public_debt,0.03742401563839048,1.377086690538591,0.027176223469093007,0.9785267008094712
Baseline (p=3),gini,Bangladesh,"L(public_debt, 1)",-0.29356210014541506,1.550151237362856,-0.18937642538983998,0.8512684293562376
Baseline (p=3),gini,Bangladesh,"L(public_debt, 2)",0.9021795377493578,1.4810955510674926,0.6091298681567953,0.5477245079366326
Baseline (p=3),gini,Bangladesh,"L(public_debt, 3)",1.3807409763844987,1.0610690079778429,1.3012734949406148,0.20457860373757314
Baseline (p=3),gini,Bangladesh,growth,-4.483351873587972,3.9397559421686474,-1.1379770573098242,0.2655082185152741
Baseline (p=3),gini,Bangladesh,life_exp,-0.0012282387366981268,0.025088658532240918,-0.0489559350142114,0.9613285536630078
Baseline (p=3),gini,Bangladesh,"L(life_exp, 1)",0.0543490415194088,0.027156384822819596,2.0013356665110713,0.055895450468055594
Baseline (p=3),gini,Bangladesh,"L(life_exp, 2)",-0.009601891919161139,0.02860201281302292,-0.33570686028045044,0.7397859066584394
Baseline (p=3),gini,Bangladesh,"L(life_exp, 3)",-0.04174891995847856,0.022905871954734362,-1.822629587774744,0.07988049110860268
Baseline (p=3),gini,Bangladesh,gdp_x_debt,11.981337094056517,12.893088744323325,0.9292836907937796,0.36129009299711967
Baseline (p=3),gini,Belgium,(Intercept),-0.6686212662164741,1.3776423349288318,-0.48533733993519784,0.6312130761171104
Baseline (p=3),gini,Belgium,"L(gini, 1)",1.2820398255224814,0.14999727950442868,8.547087185568783,2.7295344563838424e-9
Baseline (p=3),gini,Belgium,"L(gini, 2)",-0.3070057638903169,0.18383984501575867,-1.6699631348361967,0.10607036671828561
Baseline (p=3),gini,Belgium,public_debt,-0.821878880703164,1.0125265834325303,-0.8117109161884339,0.42380463851854433
Baseline (p=3),gini,Belgium,"L(public_debt, 1)",1.932460831447527,0.8887953459851455,2.174247243954205,0.038294253073891
Baseline (p=3),gini,Belgium,growth,1.6468062482334564,6.5143555984028945,0.25279649281614275,0.802272191546009
Baseline (p=3),gini,Belgium,"L(growth, 1)",13.323420350804989,6.602809691433179,2.0178410363835675,0.05328269553433178
Baseline (p=3),gini,Belgium,"L(growth, 2)",13.53763223537603,5.535997134503928,2.4453828111652585,0.021016010277085502
Baseline (p=3),gini,Belgium,life_exp,0.0010403298122859555,0.02955928432937418,0.03519468877168113,0.9721742080402374
Baseline (p=3),gini,Belgium,gdp_x_debt,-0.5304535019299558,6.1596665873779175,-0.08611724261454909,0.9319860923688443
Baseline (p=3),gini,Belgium,"L(gdp_x_debt, 1)",-11.748137608007262,6.124734260701135,-1.918146503659472,0.06534265783001751
Baseline (p=3),gini,Belgium,"L(gdp_x_debt, 2)",-12.159207923029745,5.124691187064599,-2.372671343342834,0.02476474340513802
Baseline (p=3),gini,Belize,(Intercept),0.04734153537662438,7.702974928131158,0.006145876861643902,0.995206374872345
Baseline (p=3),gini,Belize,"L(gini, 1)",0.899681731121334,0.17607286513482126,5.109712563786794,3.38866758649217e-4
Baseline (p=3),gini,Belize,"L(gini, 2)",0.0902185101801012,0.16176586190637005,0.5577104409848822,0.5882121024278975
Baseline (p=3),gini,Belize,public_debt,-0.2381257442147779,0.39768845465851216,-0.5987745971133412,0.561451233130535
Baseline (p=3),gini,Belize,growth,-4.268915798108573,2.7178549346572276,-1.570693028414691,0.1445541761409011
Baseline (p=3),gini,Belize,"L(growth, 1)",8.580647290860053,1.8043444222966198,4.755548433451728,5.943519225492769e-4
Baseline (p=3),gini,Belize,life_exp,-0.022214726979067862,0.07293159932373587,-0.30459673426958556,0.7663586344448565
Baseline (p=3),gini,Belize,"L(life_exp, 1)",-0.1834049318743357,0.12292572726561586,-1.4919979401711196,0.16381251510643055
Baseline (p=3),gini,Belize,"L(life_exp, 2)",0.4625829683307607,0.111310739998686,4.155780190988052,0.001600728083022067
Baseline (p=3),gini,Belize,"L(life_exp, 3)",-0.25094029557221437,0.06136097552305949,-4.089574740836883,0.0017908220650922119
Baseline (p=3),gini,Belize,gdp_x_debt,5.804072130550173,4.227017224325703,1.3730893021085437,0.1970659406675731
Baseline (p=3),gini,Belize,"L(gdp_x_debt, 1)",-11.592041507133748,2.840778900450202,-4.0805856116773676,0.0018183912174050993
Baseline (p=3),gini,Bolivia,(Intercept),15.98885766547013,7.21939324637884,2.21470934188132,0.05402850780203177
Baseline (p=3),gini,Bolivia,"L(gini, 1)",1.2893209565299673,0.17632078741942914,7.31235933890739,4.504661753797189e-5
Baseline (p=3),gini,Bolivia,"L(gini, 2)",-0.4484460100443716,0.15957932222438112,-2.8101761794289435,0.020371191802624186
Baseline (p=3),gini,Bolivia,public_debt,1.4075546260923808,1.0019902060814836,1.4047588664533472,0.1936537908944531
Baseline (p=3),gini,Bolivia,"L(public_debt, 1)",0.054255929560533975,1.403283009643539,0.038663569064600896,0.9700026749203507
Baseline (p=3),gini,Bolivia,"L(public_debt, 2)",3.901711853505878,1.5840185338500072,2.4631731069602094,0.03597090598901872
Baseline (p=3),gini,Bolivia,"L(public_debt, 3)",-0.920718212097541,0.8614702658838769,-1.0687753815308705,0.3129973224541199
Baseline (p=3),gini,Bolivia,growth,6.642653725517389,4.286938782619323,1.5495098162933696,0.1556693348513829
Baseline (p=3),gini,Bolivia,"L(growth, 1)",5.139802478815036,4.39612320085759,1.1691670692514644,0.2723688627739807
Baseline (p=3),gini,Bolivia,"L(growth, 2)",13.378948046441801,5.013813194326101,2.668417734745709,0.025688974108566794
Baseline (p=3),gini,Bolivia,life_exp,1.0880864524570144,0.7839566117371202,1.3879421847670779,0.19854965163926538
Baseline (p=3),gini,Bolivia,"L(life_exp, 1)",-0.4221977786227073,0.7493980821353997,-0.5633825181666604,0.5869343988314333
Baseline (p=3),gini,Bolivia,"L(life_exp, 2)",-0.8460193593534677,0.7212885976448792,-1.172927677098812,0.2709327297388056
Baseline (p=3),gini,Bolivia,gdp_x_debt,-15.320921792300467,8.673683831775579,-1.7663684876514736,0.11114115573787113
Baseline (p=3),gini,Bolivia,"L(gdp_x_debt, 1)",-12.095060151724166,9.147893432345194,-1.3221688950768005,0.2187266880779428
Baseline (p=3),gini,Bolivia,"L(gdp_x_debt, 2)",-23.10983233324945,10.197258795384391,-2.2662788889607968,0.04966426844226622
Baseline (p=3),gini,Brazil,(Intercept),12.174251171766253,2.7280676278540166,4.462591413594428,1.1258813953313885e-4
Baseline (p=3),gini,Brazil,"L(gini, 1)",1.2503364699254038,0.09557209210349846,13.082652502483356,1.0803744784919684e-13
Baseline (p=3),gini,Brazil,"L(gini, 2)",-0.348143414196503,0.08948593666425853,-3.890481869823849,5.38178870667704e-4
Baseline (p=3),gini,Brazil,public_debt,0.7596177560629687,0.5356778334169092,1.418049634829244,0.1668331312274749
Baseline (p=3),gini,Brazil,"L(public_debt, 1)",3.7563748522380886,0.5198952070333825,7.22525386158617,5.9064714920533736e-8
Baseline (p=3),gini,Brazil,growth,10.755992829540757,4.275874965908591,2.5155068647464973,0.017679467283020098
Baseline (p=3),gini,Brazil,"L(growth, 1)",13.782845034855454,4.324452108916693,3.187188732287327,0.0034287596857226262
Baseline (p=3),gini,Brazil,"L(growth, 2)",2.881722490501838,0.9998696374986942,2.8820982080332462,0.007363528371562265
Baseline (p=3),gini,Brazil,life_exp,-0.14506099093748814,0.024939832620823967,-5.8164380307976415,2.6385325847194133e-6
Baseline (p=3),gini,Brazil,gdp_x_debt,-22.341588129954477,8.079541353126084,-2.765204997844366,0.009789395332228758
Baseline (p=3),gini,Brazil,"L(gdp_x_debt, 1)",-24.705336779043662,8.187982900807162,-3.0172677542607276,0.005267031041827418
Baseline (p=3),gini,Burkina Faso,(Intercept),24.922757045363863,10.547479509353185,2.3629111602694386,0.03586095636894116
Baseline (p=3),gini,Burkina Faso,"L(gini, 1)",0.5910300816160097,0.1622911542850532,3.641788637339446,0.0033769730496906033
Baseline (p=3),gini,Burkina Faso,public_debt,0.975598366740296,0.7125241928061704,1.3692143741787168,0.19601361432512016
Baseline (p=3),gini,Burkina Faso,"L(public_debt, 1)",-1.2927722266572264,0.6374148150362196,-2.028149010913353,0.0653410620871413
Baseline (p=3),gini,Burkina Faso,growth,0.9071097044826718,2.7977665465629613,0.3242263746405326,0.7513483596804158
Baseline (p=3),gini,Burkina Faso,"L(growth, 1)",-7.848791587339354,2.64248159928989,-2.9702350962249078,0.011696075253426185
Baseline (p=3),gini,Burkina Faso,"L(growth, 2)",0.07934182831166706,0.6410937001830885,0.12376011227221231,0.9035540290703469
Baseline (p=3),gini,Burkina Faso,"L(growth, 3)",0.7850527111364923,0.4604537898145802,1.7049543917373873,0.11393110004485892
Baseline (p=3),gini,Burkina Faso,life_exp,-0.13001707371512525,0.06332410751273858,-2.0532002553525195,0.06251743657143465
Baseline (p=3),gini,Burkina Faso,gdp_x_debt,-1.3561890574190503,8.631696081355033,-0.15711733182410093,0.8777649784274627
Baseline (p=3),gini,Burkina Faso,"L(gdp_x_debt, 1)",29.561053125642864,8.338706576911024,3.545040571099386,0.004033261191554745
Baseline (p=3),gini,Canada,(Intercept),3.76914512507191,2.9939185639876547,1.258933750038851,0.219240698142728
Baseline (p=3),gini,Canada,"L(gini, 1)",0.9204886056165001,0.0920968488872125,9.994789362921498,2.1432032910812116e-10
Baseline (p=3),gini,Canada,public_debt,-1.1487416963374786,1.2649899704414793,-0.9081034025404721,0.37216434493754635
Baseline (p=3),gini,Canada,growth,0.8307778970835795,13.249834637775795,0.06270100116683716,0.9504841498683589
Baseline (p=3),gini,Canada,"L(growth, 1)",-21.28798353824016,12.799702980010213,-1.663162307085283,0.10828965503596981
Baseline (p=3),gini,Canada,"L(growth, 2)",-30.03462085249776,13.78923184461018,-2.178121391456439,0.038655954977669715
Baseline (p=3),gini,Canada,"L(growth, 3)",1.0441119849462417,1.7540319038417276,0.595263964503382,0.5568131924106949
Baseline (p=3),gini,Canada,life_exp,0.3401719543463029,0.5274755827998995,0.644905594569197,0.5246385151502249
Baseline (p=3),gini,Canada,"L(life_exp, 1)",0.8662550658273374,0.6643965720557311,1.303822298701857,0.20372062188026996
Baseline (p=3),gini,Canada,"L(life_exp, 2)",-1.2143714880818464,0.5466870353378133,-2.221328492510257,0.03524597692724961
Baseline (p=3),gini,Canada,gdp_x_debt,-2.3993217399740594,16.29692937995373,-0.1472253873128627,0.8840898465993747
Baseline (p=3),gini,Canada,"L(gdp_x_debt, 1)",27.561068517982154,15.62461287589114,1.7639520887272047,0.08948874842246285
Baseline (p=3),gini,Canada,"L(gdp_x_debt, 2)",36.887931385529036,16.99931334754733,2.169965964587108,0.03933193751929385
Baseline (p=3),gini,Chile,(Intercept),1.5000865458184829,1.230874432527818,1.2187161469734895,0.2334935551294766
Baseline (p=3),gini,Chile,"L(gini, 1)",1.6688545690866259,0.16226528963176612,10.284729241070666,7.747615819323243e-11
Baseline (p=3),gini,Chile,"L(gini, 2)",-0.6953466386665441,0.16135171005793075,-4.309508950459161,1.9430596883708662e-4
Baseline (p=3),gini,Chile,public_debt,-0.4008424607757611,0.6318082913816272,-0.6344368477647007,0.5311351326512087
Baseline (p=3),gini,Chile,"L(public_debt, 1)",2.7305217430535444,0.9599329197655838,2.8444922419374254,0.008381675000568332
Baseline (p=3),gini,Chile,"L(public_debt, 2)",-2.287565495223845,0.818570947718756,-2.7945842710384157,0.009446228720111595
Baseline (p=3),gini,Chile,growth,-0.33035877840708094,0.7390378966902984,-0.44701195958496465,0.6584317539940535
Baseline (p=3),gini,Chile,life_exp,0.005772066187651788,0.0822467198667692,0.07017989528338531,0.9445677007004578
Baseline (p=3),gini,Chile,"L(life_exp, 1)",0.11118324163191251,0.09997706145221857,1.1120875130446761,0.2759048861289709
Baseline (p=3),gini,Chile,"L(life_exp, 2)",-0.1211670844722369,0.08254793014257283,-1.4678391603879457,0.15370173406063353
Baseline (p=3),gini,Chile,gdp_x_debt,0.23597911678489453,3.2311903090697585,0.0730316367075363,0.9423192922876218
Baseline (p=3),gini,Chile,"L(gdp_x_debt, 1)",0.09132175423174299,2.115321173344012,0.04317157856807944,0.9658824542803688
Baseline (p=3),gini,Chile,"L(gdp_x_debt, 2)",6.339898976426417,2.1889610213933106,2.8963051029528906,0.0073969396708583905
Baseline (p=3),gini,Colombia,(Intercept),0.17451218739606866,7.072400059494601,0.02467510122844202,0.980483126861583
Baseline (p=3),gini,Colombia,"L(gini, 1)",1.0804982807737495,0.18397510855199253,5.87306777138492,2.2575441565943762e-6
Baseline (p=3),gini,Colombia,"L(gini, 2)",-0.10010738994134219,0.18463044004809429,-0.5422041452929716,0.5918203243963964
Baseline (p=3),gini,Colombia,public_debt,-3.6157744062694728,2.4854981075566336,-1.4547484044652748,0.15647829789863454
Baseline (p=3),gini,Colombia,growth,-9.488080973429454,8.709621170578307,-1.0893792953338588,0.2849567356371451
Baseline (p=3),gini,Colombia,"L(growth, 1)",-3.175797059172261,3.0304736052797523,-1.0479540404639471,0.3033156566238724
Baseline (p=3),gini,Colombia,"L(growth, 2)",1.3826849491816349,3.0032501465737034,0.46039619801869947,0.6486655901073823
Baseline (p=3),gini,Colombia,"L(growth, 3)",-8.09300837178694,2.939165683418523,-2.753505328891163,0.01006970428187211
Baseline (p=3),gini,Colombia,life_exp,0.030167187902894736,0.09351288825688737,0.3225992530572156,0.7493131388643158
Baseline (p=3),gini,Colombia,gdp_x_debt,42.531163598947536,24.409228418199497,1.7424214674166572,0.09203211428171892
Baseline (p=3),gini,Costa Rica,(Intercept),-6.436503748961752,4.95017570915488,-1.3002576326852497,0.2041142494994749
Baseline (p=3),gini,Costa Rica,"L(gini, 1)",1.6271283178983158,0.13554262199368822,12.004550996321186,1.476462216653773e-12
Baseline (p=3),gini,Costa Rica,"L(gini, 2)",-0.7164974934044483,0.12892718069181722,-5.5573812252758215,6.060461878106174e-6
Baseline (p=3),gini,Costa Rica,public_debt,-0.03304765015710673,1.1210486242977078,-0.02947922992886215,0.9766915043005459
Baseline (p=3),gini,Costa Rica,growth,0.9925398702238373,4.879271418573493,0.20341968812098116,0.8402781503521061
Baseline (p=3),gini,Costa Rica,life_exp,0.03338247753993,0.17050531515301703,0.19578555372289405,0.8461919689116298
Baseline (p=3),gini,Costa Rica,"L(life_exp, 1)",0.33819783573322787,0.2080884102715643,1.6252603174384637,0.11531188806606164
Baseline (p=3),gini,Costa Rica,"L(life_exp, 2)",-0.3899589637692612,0.20532181418808562,-1.8992573454082098,0.06787795054022593
Baseline (p=3),gini,Costa Rica,"L(life_exp, 3)",0.15146305433359228,0.13653224615979134,1.1093573759588382,0.2767134757277718
Baseline (p=3),gini,Costa Rica,gdp_x_debt,-4.325156270646009,15.073060544484846,-0.28694612204875414,0.7762663626421474
Baseline (p=3),gini,Costa Rica,"L(gdp_x_debt, 1)",5.259154848685769,3.800599843418339,1.3837696851441155,0.17736178545692927
Baseline (p=3),gini,Cyprus,(Intercept),-2.560242227388181,4.818804529809248,-0.5313023617269506,0.59955339782973
Baseline (p=3),gini,Cyprus,"L(gini, 1)",1.0109974493338267,0.126560325727167,7.988265228656958,1.384123633187237e-8
Baseline (p=3),gini,Cyprus,public_debt,0.5414603426843944,0.5128949388804057,1.0556944544361149,0.30046307840979686
Baseline (p=3),gini,Cyprus,"L(public_debt, 1)",-0.9669231485891258,0.42335063230450265,-2.2839770979570635,0.030459259544834846
Baseline (p=3),gini,Cyprus,growth,2.3894592949363735,1.1054135515470505,2.1615976134834542,0.0396796038996531
Baseline (p=3),gini,Cyprus,life_exp,0.03177045880827469,0.01910263126061546,1.6631456878810678,0.10784997853147184
Baseline (p=3),gini,Cyprus,gdp_x_debt,-2.806896838725202,1.446593693607301,-1.9403491465013776,0.06284685246140378
Baseline (p=3),gini,Denmark,(Intercept),0.1748893376246265,4.214639670537632,0.04149567965375249,0.9671668509811076
Baseline (p=3),gini,Denmark,"L(gini, 1)",0.9415915606846584,0.06660920279662025,14.136058099353725,4.647125708020977e-15
Baseline (p=3),gini,Denmark,public_debt,-3.1807510112728568,1.1070606438748591,-2.8731497491770694,0.007273833094014641
Baseline (p=3),gini,Denmark,growth,-20.087750478972286,9.427839318207306,-2.1306844337257913,0.041153962605022014
Baseline (p=3),gini,Denmark,"L(growth, 1)",-16.215964003456012,9.005165736155073,-1.800740206074178,0.081480639641155
Baseline (p=3),gini,Denmark,"L(growth, 2)",-7.7981826147707904,2.290929709967961,-3.403937964940814,0.0018517448009178813
Baseline (p=3),gini,Denmark,life_exp,0.040941110676741624,0.06154577803383265,0.6652139591806878,0.5108328687354364
Baseline (p=3),gini,Denmark,gdp_x_debt,41.60000704571032,17.437338505794152,2.385685581081499,0.023341815903351843
Baseline (p=3),gini,Denmark,"L(gdp_x_debt, 1)",34.26371870771862,16.066409952343452,2.132630675387497,0.040981311797517427
Baseline (p=3),gini,Egypt,(Intercept),3.1316679810433072,3.9666277047117595,0.7895038844516098,0.43669636385985855
Baseline (p=3),gini,Egypt,"L(gini, 1)",1.0059948946051032,0.05852974417824437,17.18775485403597,4.566715242967201e-16
Baseline (p=3),gini,Egypt,public_debt,-2.5412495147272645,0.8925376986538844,-2.8472181270997843,0.008326921363456351
Baseline (p=3),gini,Egypt,"L(public_debt, 1)",1.8016150515050826,0.8969587115355592,2.008581920588949,0.054679304616794114
Baseline (p=3),gini,Egypt,"L(public_debt, 2)",-0.5247640450540594,0.9115920071743605,-0.5756566983081145,0.5696145222814795
Baseline (p=3),gini,Egypt,"L(public_debt, 3)",-1.1957482363461587,0.7186452628081781,-1.6638921846832373,0.10769942562310389
Baseline (p=3),gini,Egypt,growth,-2.4679339346644094,4.228215578204926,-0.583682144161666,0.5642788686890751
Baseline (p=3),gini,Egypt,life_exp,0.5718269174777141,0.3939498390931341,1.4515221501144664,0.15815575669061316
Baseline (p=3),gini,Egypt,"L(life_exp, 1)",0.025563594805874914,0.49904870408800367,0.051224649210524664,0.9595236068768089
Baseline (p=3),gini,Egypt,"L(life_exp, 2)",-0.6259960344199557,0.32297197642350833,-1.9382363799857867,0.0631159354343035
Baseline (p=3),gini,Egypt,gdp_x_debt,3.744445905743764,4.485538158659928,0.8347818641369962,0.41116632272904785
Baseline (p=3),gini,Egypt,"L(gdp_x_debt, 1)",3.41277434158466,0.8866487185845436,3.849071531996181,6.588745592065255e-4
Baseline (p=3),gini,El Salvador,(Intercept),32.915372241116415,9.451222261964645,3.482657727094255,0.003659184900290202
Baseline (p=3),gini,El Salvador,"L(gini, 1)",1.063728660291323,0.2167006065985327,4.908747958707955,2.3050187366336353e-4
Baseline (p=3),gini,El Salvador,"L(gini, 2)",-0.3519452199660608,0.16873275107858013,-2.0858145067649447,0.05577648255526896
Baseline (p=3),gini,El Salvador,public_debt,-1.4493319566680893,0.956154935158778,-1.5157919531392838,0.1518218549340957
Baseline (p=3),gini,El Salvador,"L(public_debt, 1)",-1.5447123756692651,1.3919596895886883,-1.1097393029576266,0.2858098348864501
Baseline (p=3),gini,El Salvador,"L(public_debt, 2)",-3.1081698469786496,1.39540642016472,-2.2274298025744694,0.042836404227480925
Baseline (p=3),gini,El Salvador,"L(public_debt, 3)",-0.49169063498898774,0.7208997875492621,-0.6820512968390748,0.5063346525938828
Baseline (p=3),gini,El Salvador,growth,-5.764568002113467,4.340336247435665,-1.3281385757887445,0.20537894127465234
Baseline (p=3),gini,El Salvador,"L(growth, 1)",-11.95766883131493,5.249351185872569,-2.2779327211896714,0.03894429718871175
Baseline (p=3),gini,El Salvador,"L(growth, 2)",-10.832866764525269,3.7278085037348485,-2.9059611709324513,0.01150570060284207
Baseline (p=3),gini,El Salvador,life_exp,-0.24493515409654643,0.09016601666253649,-2.716490792903306,0.01670802346681642
Baseline (p=3),gini,El Salvador,gdp_x_debt,9.723507280503252,8.138072331211843,1.1948170137553105,0.25200794719384434
Baseline (p=3),gini,El Salvador,"L(gdp_x_debt, 1)",24.378748206314565,8.98921928911164,2.711998386316349,0.016855776513959645
Baseline (p=3),gini,El Salvador,"L(gdp_x_debt, 2)",22.018572246388622,7.168138542198944,3.0717280527943123,0.008284692729222854
Baseline (p=3),gini,Finland,(Intercept),0.8039464975498933,3.73262754459047,0.21538353021988949,0.8312158095860659
Baseline (p=3),gini,Finland,"L(gini, 1)",0.8022642030393098,0.15739346040678484,5.097188923643019,2.898954964854925e-5
Baseline (p=3),gini,Finland,"L(gini, 2)",0.08766971712206688,0.16295655091431493,0.5379944324433141,0.5953385133909654
Baseline (p=3),gini,Finland,public_debt,-0.6745786765930157,1.5037818735209645,-0.44858811538508103,0.6575929119490513
Baseline (p=3),gini,Finland,"L(public_debt, 1)",5.840551058215365,2.648680122911051,2.2050798085033634,0.03686911385868701
Baseline (p=3),gini,Finland,"L(public_debt, 2)",-8.981704788998014,2.6122964126690733,-3.438241060791833,0.002060603268130265
Baseline (p=3),gini,Finland,"L(public_debt, 3)",4.703745749561343,1.2704860470556443,3.7023198802240214,0.0010596551906819135
Baseline (p=3),gini,Finland,growth,-0.6587753635038254,2.436651119904287,-0.2703609713029834,0.78910202443801
Baseline (p=3),gini,Finland,"L(growth, 1)",-1.5017441809785097,2.764605731265267,-0.5432037429406659,0.5918004808980701
Baseline (p=3),gini,Finland,"L(growth, 2)",-3.509399077687305,2.5524725240118045,-1.3749018039071652,0.18136015463791044
Baseline (p=3),gini,Finland,life_exp,0.019168827319345293,0.06429268438926054,0.29814943179674197,0.768053024887042
Baseline (p=3),gini,Finland,gdp_x_debt,4.422226137647298,5.461809139300134,0.8096632498245726,0.4257734463781023
Baseline (p=3),gini,Finland,"L(gdp_x_debt, 1)",7.911252430249029,5.932223816813928,1.3336065318078296,0.19435690316923784
Baseline (p=3),gini,Finland,"L(gdp_x_debt, 2)",10.918670175682479,5.661279648366963,1.9286576275793137,0.0652020279849278
Baseline (p=3),gini,France,(Intercept),5.79048819052224,6.624319915942917,0.8741256859570031,0.38948584051250734
Baseline (p=3),gini,France,"L(gini, 1)",1.3653566018070638,0.1805885929676109,7.560591615285161,3.0970191636875315e-8
Baseline (p=3),gini,France,"L(gini, 2)",-0.5234422350289982,0.1900303183824117,-2.7545195918455376,0.010211572623244342
Baseline (p=3),gini,France,public_debt,0.5622987233013482,1.0787565183409342,0.5212471153046949,0.6062931760243911
Baseline (p=3),gini,France,growth,-2.7988940493863903,4.14652066428154,-0.6749982156115336,0.5052130523085779
Baseline (p=3),gini,France,life_exp,0.21278198602934303,0.25026593491595117,0.8502235276279344,0.40241287143216853
Baseline (p=3),gini,France,"L(life_exp, 1)",0.3311567306087723,0.2760024751406169,1.1998324668648557,0.24025862221879285
Baseline (p=3),gini,France,"L(life_exp, 2)",-0.3716344491474862,0.27914802270236655,-1.3313167886692525,0.19382325416604576
Baseline (p=3),gini,France,"L(life_exp, 3)",-0.19255932127558276,0.28006327594817876,-0.687556483882638,0.497388467198275
Baseline (p=3),gini,France,gdp_x_debt,2.0023731746145046,5.9580738402057865,0.33607726730445225,0.7393181712591954
Baseline (p=3),gini,France,"L(gdp_x_debt, 1)",-4.936140880449329,4.065209219675981,-1.214240304424668,0.2347980830792168
Baseline (p=3),gini,Germany,(Intercept),-3.7319751983241707,2.6302558561382052,-1.4188639442109376,0.1653151371537137
Baseline (p=3),gini,Germany,"L(gini, 1)",1.3941867765995386,0.1466304936440062,9.508163970206537,5.636620622166351e-11
Baseline (p=3),gini,Germany,"L(gini, 2)",-0.47012290520808037,0.13896379744754608,-3.3830602922716984,0.001861211983882634
Baseline (p=3),gini,Germany,public_debt,-0.3970746846859339,0.6849584574172924,-0.5797062294597333,0.5660498295874217
Baseline (p=3),gini,Germany,growth,0.6764004111799146,4.2619579182074,0.1587064969107935,0.8748674087425764
Baseline (p=3),gini,Germany,life_exp,0.07778496547111956,0.04885108996514349,1.5922872043719214,0.12085524225992529
Baseline (p=3),gini,Germany,gdp_x_debt,1.0710815101583024,6.935461462360855,0.15443550742385678,0.8782070214159627
Baseline (p=3),gini,Ghana,(Intercept),0.22116560615962855,1.2329994522678696,0.17937202303929348,0.8627272316232498
Baseline (p=3),gini,Ghana,"L(gini, 1)",0.28610495844620504,0.30920039247070835,0.9253059356103785,0.3855956060557208
Baseline (p=3),gini,Ghana,"L(gini, 2)",0.20488102108170697,0.2656723973466926,0.7711791782958349,0.4658299815665171
Baseline (p=3),gini,Ghana,"L(gini, 3)",0.6757164900762833,0.35645036076499315,1.8956818801532411,0.09983792197185606
Baseline (p=3),gini,Ghana,public_debt,0.892322167301463,0.33592723197297714,2.656296014052364,0.032642071214122104
Baseline (p=3),gini,Ghana,"L(public_debt, 1)",-1.033833388009624,0.5033208060300216,-2.054024740530911,0.07905933775250298
Baseline (p=3),gini,Ghana,"L(public_debt, 2)",0.1390247870949146,0.804303128235925,0.1728512325941553,0.8676601107625699
Baseline (p=3),gini,Ghana,"L(public_debt, 3)",-0.03412524740292707,0.4716809296875379,-0.07234816006984453,0.9443486313430778
Baseline (p=3),gini,Ghana,growth,-1.9453911209580497,0.7911500010031022,-2.458940932176554,0.043532849990594764
Baseline (p=3),gini,Ghana,"L(growth, 1)",-1.8315483710289004,1.0360407149676993,-1.7678343568630916,0.12041671681417912
Baseline (p=3),gini,Ghana,"L(growth, 2)",-2.0559040789585104,1.2706894014543664,-1.617943831596791,0.14970759633563469
Baseline (p=3),gini,Ghana,"L(growth, 3)",-1.336248959293311,0.9733841393408429,-1.3727868631578413,0.21218065821493914
Baseline (p=3),gini,Ghana,life_exp,-0.020716940779075637,0.11274265375781208,-0.18375424108411262,0.8594158214346348
Baseline (p=3),gini,Ghana,"L(life_exp, 1)",-0.04418368984174302,0.11548542948204113,-0.38259103369065206,0.7133747628298577
Baseline (p=3),gini,Ghana,"L(life_exp, 2)",0.3136255343784835,0.13871544692636384,2.260927253076361,0.05825166665874905
Baseline (p=3),gini,Ghana,"L(life_exp, 3)",-0.36354922288935865,0.13019004765454462,-2.792450186776378,0.02681368589405291
Baseline (p=3),gini,Ghana,gdp_x_debt,-0.026992008212280736,1.577580804695373,-0.017109746855402966,0.9868265220261683
Baseline (p=3),gini,Ghana,"L(gdp_x_debt, 1)",2.3012643368811263,1.9562587584740565,1.1763598894637972,0.27790123611344825
Baseline (p=3),gini,Ghana,"L(gdp_x_debt, 2)",1.89883803451889,2.719579588496585,0.6982101360631955,0.5075696506805005
Baseline (p=3),gini,Ghana,"L(gdp_x_debt, 3)",2.339336869705116,2.0384861874935893,1.1475853425239226,0.2888434995448412
Baseline (p=3),gini,Greece,(Intercept),4.901248556037157,6.733308348682458,0.7279109023718199,0.47231165674837394
Baseline (p=3),gini,Greece,"L(gini, 1)",1.3540979515041283,0.1476532392874909,9.17079745787092,3.300767190352223e-10
Baseline (p=3),gini,Greece,"L(gini, 2)",-0.4132250393709562,0.15596067197922736,-2.6495464153039445,0.012735367593585437
Baseline (p=3),gini,Greece,public_debt,0.9844244435281472,0.5951920714485592,1.6539609493323504,0.10856303822641969
Baseline (p=3),gini,Greece,"L(public_debt, 1)",-1.0288988886325017,0.556124366353381,-1.8501237328966504,0.07416755741789705
Baseline (p=3),gini,Greece,growth,-2.679688634480238,2.905160874580072,-0.9223890690279158,0.36368485919764826
Baseline (p=3),gini,Greece,"L(growth, 1)",6.40409521713057,2.8608980101213146,2.2384912689910985,0.03276091383435796
Baseline (p=3),gini,Greece,life_exp,-0.03807169493322817,0.07574657820044177,-0.5026193372390005,0.6189018067722327
Baseline (p=3),gini,Greece,gdp_x_debt,3.3196113645430776,2.2923620010530645,1.44811830025891,0.1579553791687107
Baseline (p=3),gini,Greece,"L(gdp_x_debt, 1)",-6.803203422051295,2.3802037431982974,-2.8582441488432333,0.007673036009689387
Baseline (p=3),gini,Guatemala,(Intercept),3.000338852354411,1.90415377200489,1.5756809646709067,0.12493543879738311
Baseline (p=3),gini,Guatemala,"L(gini, 1)",1.3843311272668857,0.15466911532488622,8.950275071781878,3.17858532178633e-10
Baseline (p=3),gini,Guatemala,"L(gini, 2)",-0.4067025313730775,0.16210448351691245,-2.508891318423318,0.01737047149792723
Baseline (p=3),gini,Guatemala,public_debt,-1.5922954840374113,1.129578075624961,-1.4096373844335133,0.16829213982267863
Baseline (p=3),gini,Guatemala,"L(public_debt, 1)",1.8547645141198505,1.0439217374416772,1.7767275530302618,0.08512158824685258
Baseline (p=3),gini,Guatemala,growth,3.1779046788632743,4.851641592390134,0.6550163729834992,0.5171384308179029
Baseline (p=3),gini,Guatemala,life_exp,-0.031610651925362096,0.01206635894201103,-2.6197340952045085,0.01334334276260724
Baseline (p=3),gini,Guatemala,gdp_x_debt,-11.030395716110377,12.482031421970936,-0.8837019667082889,0.38344846209591876
Baseline (p=3),gini,Honduras,(Intercept),1.7205108110351632,2.597165052711458,0.662457247081366,0.5142622815677816
Baseline (p=3),gini,Honduras,"L(gini, 1)",1.6406610407799307,0.12007952845040036,13.663120283301383,1.5900615122710174e-12
Baseline (p=3),gini,Honduras,"L(gini, 2)",-0.6528130607614613,0.12632798041948148,-5.167604663620417,3.08098499598228e-5
Baseline (p=3),gini,Honduras,public_debt,0.6523550466611799,0.27228066278392393,2.395891944698529,0.025107782264105358
Baseline (p=3),gini,Honduras,growth,5.494911351932363,2.059644976719756,2.6678924834335773,0.013742653218890066
Baseline (p=3),gini,Honduras,life_exp,-0.022104422900533546,0.024846531243388703,-0.8896381826503532,0.38287124517123505
Baseline (p=3),gini,Honduras,gdp_x_debt,-9.410988721424339,3.9318455747725314,-2.3935295887018126,0.025236735314507316
Baseline (p=3),gini,Iceland,(Intercept),-6.670852512804117,7.46887056376319,-0.8931541196026577,0.3927614143487239
Baseline (p=3),gini,Iceland,"L(gini, 1)",1.974845138450709,0.2024595117637086,9.754271959104393,1.9957439116334806e-6
Baseline (p=3),gini,Iceland,"L(gini, 2)",-1.119013682850543,0.23514004262556243,-4.758924385467018,7.697961958857232e-4
Baseline (p=3),gini,Iceland,public_debt,1.408855390769733,1.0859261893994618,1.2973767503930054,0.223632094745057
Baseline (p=3),gini,Iceland,"L(public_debt, 1)",-1.0294638102366502,1.0745518624510646,-0.9580401339479623,0.3606315455613833
Baseline (p=3),gini,Iceland,growth,7.781492742428907,5.831340732665102,1.3344260092434224,0.211652631154289
Baseline (p=3),gini,Iceland,"L(growth, 1)",0.9433527319947749,4.838622381134951,0.1949630819864685,0.8493259788030082
Baseline (p=3),gini,Iceland,"L(growth, 2)",-3.0098355350568,2.9189992464021484,-1.0311189832496919,0.32677849590295605
Baseline (p=3),gini,Iceland,"L(growth, 3)",-2.3500181763628145,1.4855863269928937,-1.5818792443517526,0.14475881545521385
Baseline (p=3),gini,Iceland,life_exp,0.1265549484726063,0.13052674258614144,0.969571031691732,0.3551261460695988
Baseline (p=3),gini,Iceland,"L(life_exp, 1)",0.05758737438602483,0.11946452244833616,0.4820458258721049,0.6401497683661574
Baseline (p=3),gini,Iceland,"L(life_exp, 2)",0.1381188181953934,0.13008441403033058,1.0617630038537094,0.3133123731677362
Baseline (p=3),gini,Iceland,"L(life_exp, 3)",-0.1969639209953471,0.1176191924694549,-1.674589978557263,0.12495499343057119
Baseline (p=3),gini,Iceland,gdp_x_debt,-10.12910310654537,8.40907921341466,-1.2045436663727493,0.2561135302899391
Baseline (p=3),gini,Iceland,"L(gdp_x_debt, 1)",-5.78193924933761,5.109567832723142,-1.1315906625817564,0.28421274638115746
Baseline (p=3),gini,India,(Intercept),-18.06682803370713,8.970654141983479,-2.0139922627439986,0.0583910476847376
Baseline (p=3),gini,India,"L(gini, 1)",1.7395262332012962,0.20011947143317307,8.692438675474842,4.7807604264408885e-8
Baseline (p=3),gini,India,"L(gini, 2)",-0.5304215642547796,0.3428933983105054,-1.5468993187627922,0.13838237414878368
Baseline (p=3),gini,India,"L(gini, 3)",0.5596074137368752,0.21919134509881935,2.5530543347164736,0.019432710619027415
Baseline (p=3),gini,India,public_debt,4.560239520677565,2.6830106096788455,1.6996725634355292,0.10550586225844535
Baseline (p=3),gini,India,"L(public_debt, 1)",-1.676827750932551,2.3622838625388662,-0.7098333005290818,0.4864286514774071
Baseline (p=3),gini,India,"L(public_debt, 2)",-1.0833158797139144,2.2326867274802593,-0.48520729145754854,0.6330767505443434
Baseline (p=3),gini,India,"L(public_debt, 3)",2.0679902747099463,1.9552149173490463,1.057679263982808,0.30346446838643093
Baseline (p=3),gini,India,growth,43.62716425003052,19.214936517989113,2.270481831110218,0.03500253584763236
Baseline (p=3),gini,India,"L(growth, 1)",-14.41293959851832,13.072701178181273,-1.1025219196912377,0.2840048241804662
Baseline (p=3),gini,India,"L(growth, 2)",-2.4561165418947395,10.884359286593279,-0.22565559232503848,0.823878821349981
Baseline (p=3),gini,India,"L(growth, 3)",-16.00777475513243,12.08274900820482,-1.3248454258432674,0.20093649277919404
Baseline (p=3),gini,India,life_exp,-10.174840208732272,3.634520194485987,-2.7995002543028247,0.011436111081499462
Baseline (p=3),gini,India,"L(life_exp, 1)",11.40887234581552,4.705805071237711,2.4244251882738492,0.025475108194707177
Baseline (p=3),gini,India,"L(life_exp, 2)",-2.702142063657539,4.412094689349199,-0.612439726232647,0.5475074288982646
Baseline (p=3),gini,India,"L(life_exp, 3)",1.2830659604756671,2.2275500216485455,0.5759987196723452,0.5713764814406119
Baseline (p=3),gini,India,gdp_x_debt,-71.30871062780953,28.920766819213437,-2.4656576733793854,0.023368941769826276
Baseline (p=3),gini,India,"L(gdp_x_debt, 1)",13.03215194413186,19.734404908976174,0.6603772449304615,0.5169387498005115
Baseline (p=3),gini,India,"L(gdp_x_debt, 2)",-23.57101935607765,17.604172154542606,-1.3389450608159015,0.1963888593553391
Baseline (p=3),gini,India,"L(gdp_x_debt, 3)",15.04037940239402,18.99016828073743,0.792008747897729,0.4381327556885023
Baseline (p=3),gini,Indonesia,(Intercept),-1.1948195990909227,0.7430613604064592,-1.6079689548617477,0.11991936993686837
Baseline (p=3),gini,Indonesia,"L(gini, 1)",1.2274382567890385,0.16480197757212403,7.447958300450987,6.580765452280863e-8
Baseline (p=3),gini,Indonesia,"L(gini, 2)",-0.23555597933485115,0.16214134313032813,-1.4527817198696376,0.15824755950195873
Baseline (p=3),gini,Indonesia,public_debt,0.7624085890976604,0.3566616052817314,2.137624509639675,0.042118356012593484
Baseline (p=3),gini,Indonesia,growth,-0.03731248240243877,0.9939096889240474,-0.03754111949832307,0.9703403188736703
Baseline (p=3),gini,Indonesia,"L(growth, 1)",0.817914589292101,0.9816889003342562,0.8331708640217981,0.4123370680223727
Baseline (p=3),gini,Indonesia,"L(growth, 2)",-0.6505398182206693,1.0517474975734076,-0.6185323185665715,0.5416059430999101
Baseline (p=3),gini,Indonesia,"L(growth, 3)",2.6554940690998095,0.990353865803008,2.6813588160699076,0.012565259400590195
Baseline (p=3),gini,Indonesia,life_exp,0.01601242773581609,0.018593755840497946,0.8611723136075812,0.39701577716027725
Baseline (p=3),gini,Indonesia,gdp_x_debt,4.521912147344145,2.342380494489184,1.9304772038456817,0.06452266781664413
Baseline (p=3),gini,Indonesia,"L(gdp_x_debt, 1)",1.419558695820926,2.2921856644552836,0.6193035397759853,0.5411056842964785
Baseline (p=3),gini,Indonesia,"L(gdp_x_debt, 2)",3.8040038597756825,2.3315129979226294,1.6315602199794887,0.11482738295287845
Baseline (p=3),gini,Indonesia,"L(gdp_x_debt, 3)",-2.951337400825426,2.007663429600156,-1.470035941937345,0.15355051793847802
Baseline (p=3),gini,Iran,(Intercept),-5.670206386112703,4.387049243892749,-1.2924875174369763,0.21168657728737597
Baseline (p=3),gini,Iran,"L(gini, 1)",1.092229291321284,0.19397166370177354,5.63087035743818,1.982286179914508e-5
Baseline (p=3),gini,Iran,"L(gini, 2)",0.40525970647703274,0.3172400162758794,1.2774545633757923,0.2168313844683203
Baseline (p=3),gini,Iran,"L(gini, 3)",-0.4397082069529192,0.19440532982693484,-2.2618114809113514,0.03562663897789174
Baseline (p=3),gini,Iran,public_debt,0.8742455122515865,0.299269468231559,2.9212652978523734,0.008759314466721327
Baseline (p=3),gini,Iran,"L(public_debt, 1)",-0.9581579441151165,0.43435183416625384,-2.205948884627868,0.039899426675027126
Baseline (p=3),gini,Iran,"L(public_debt, 2)",0.20465672636443447,0.3782623822781823,0.5410443542702734,0.5947643426702554
Baseline (p=3),gini,Iran,"L(public_debt, 3)",-0.17475184133190133,0.3021751854516419,-0.5783130109466499,0.5698448111654002
Baseline (p=3),gini,Iran,growth,-1.6679678599899408,0.7884154628164499,-2.1155950620647053,0.04781240994297234
Baseline (p=3),gini,Iran,"L(growth, 1)",-3.5019949875995042,0.7802500097163784,-4.488298550451134,2.517830369821636e-4
Baseline (p=3),gini,Iran,"L(growth, 2)",-0.7833218484712857,0.876394996745033,-0.8938000004342508,0.38261120101988877
Baseline (p=3),gini,Iran,"L(growth, 3)",-0.8213453826743977,0.9228965059793681,-0.8899647764976578,0.3846152128790178
Baseline (p=3),gini,Iran,life_exp,0.0239927309834657,0.04163456512711265,0.5762695229364004,0.5711971460776502
Baseline (p=3),gini,Iran,"L(life_exp, 1)",0.04424199319794561,0.042017052283531524,1.0529532842856315,0.3055698856948446
Baseline (p=3),gini,Iran,"L(life_exp, 2)",0.009572561592614772,0.042532550871258824,0.22506436591564477,0.8243321246466094
Baseline (p=3),gini,Iran,"L(life_exp, 3)",-0.03275618798985924,0.03010354641347733,-1.0881172450563608,0.2901539633945674
Baseline (p=3),gini,Iran,gdp_x_debt,7.150857173523259,2.4462861971877103,2.923148232510161,0.00872308415662442
Baseline (p=3),gini,Iran,"L(gdp_x_debt, 1)",11.101517499440485,2.163398979448495,5.131516472412565,5.931598071699635e-5
Baseline (p=3),gini,Iran,"L(gdp_x_debt, 2)",3.5996967071143167,2.6820501075663867,1.3421437194477233,0.19536859418745484
Baseline (p=3),gini,Iran,"L(gdp_x_debt, 3)",1.4969244998183482,2.4894468666022247,0.6013080736531075,0.5547419281316011
Baseline (p=3),gini,Ireland,(Intercept),4.23525251798373,1.442835683782761,2.9353671839331956,0.007232015196353113
Baseline (p=3),gini,Ireland,"L(gini, 1)",1.144527715992767,0.16917800240471745,6.765227746659174,5.359313786119845e-7
Baseline (p=3),gini,Ireland,"L(gini, 2)",-0.1784416489835712,0.16597660560172214,-1.0751012068035672,0.29301940470160664
Baseline (p=3),gini,Ireland,public_debt,1.088227089672334,0.3428116798341534,3.1744166073886406,0.004085803897554607
Baseline (p=3),gini,Ireland,"L(public_debt, 1)",-0.626292889851086,0.31200732083757265,-2.007301906153435,0.05610580766880512
Baseline (p=3),gini,Ireland,growth,-1.2355998076987869,1.2029293760021607,-1.0271590604971372,0.31458728973084393
Baseline (p=3),gini,Ireland,"L(growth, 1)",1.6501892659546766,1.2973734431283879,1.2719462346751413,0.21557945803387255
Baseline (p=3),gini,Ireland,"L(growth, 2)",2.721301700028217,1.402775435971402,1.9399410841149742,0.06422577344347877
Baseline (p=3),gini,Ireland,life_exp,-0.07686363489853378,0.0985917268456157,-0.7796154642761676,0.4432378996182327
Baseline (p=3),gini,Ireland,"L(life_exp, 1)",0.034260156585597425,0.10598993484389864,0.3232397173944449,0.7493133021590538
Baseline (p=3),gini,Ireland,"L(life_exp, 2)",0.2673045513659458,0.10816244954029315,2.471324868307169,0.02094657051947978
Baseline (p=3),gini,Ireland,"L(life_exp, 3)",-0.27265975382086266,0.09562096347977417,-2.851464196745266,0.008807190817687527
Baseline (p=3),gini,Ireland,gdp_x_debt,3.1679181077053844,1.6671689837429804,1.9001781694576962,0.06948869901620441
Baseline (p=3),gini,Ireland,"L(gdp_x_debt, 1)",-1.879961859520725,1.7580912432355276,-1.0693198471661296,0.29556296445782515
Baseline (p=3),gini,Ireland,"L(gdp_x_debt, 2)",-3.287628812504083,1.8340000163165098,-1.7926002089722486,0.08565222835139841
Baseline (p=3),gini,Italy,(Intercept),9.615587621444666,3.1565949738566013,3.0461898663219142,0.005402440818701757
Baseline (p=3),gini,Italy,"L(gini, 1)",0.9407155840207484,0.08774743490916635,10.720718901863632,7.729407426902392e-11
Baseline (p=3),gini,Italy,public_debt,4.516831303293326,1.8298670043414835,2.4683932179643864,0.020761745510953274
Baseline (p=3),gini,Italy,"L(public_debt, 1)",-2.718095062944148,2.118811389416319,-1.2828395564236215,0.2113146911941378
Baseline (p=3),gini,Italy,growth,12.380263881336472,10.621060201649401,1.165633528695551,0.25476364813117863
Baseline (p=3),gini,Italy,"L(growth, 1)",1.2859240427102436,8.201506841436979,0.15679119307848288,0.8766687752988398
Baseline (p=3),gini,Italy,"L(growth, 2)",-15.895838971310333,6.636439414925992,-2.3952360561838413,0.024421593134615505
Baseline (p=3),gini,Italy,life_exp,0.034150520066748916,0.23183718147963883,0.14730389598765975,0.8840736996105545
Baseline (p=3),gini,Italy,"L(life_exp, 1)",-0.26154474277904205,0.20942006691620485,-1.2489001012672478,0.22327000495442004
Baseline (p=3),gini,Italy,"L(life_exp, 2)",-0.28366173527777994,0.193710352185285,-1.4643602268940998,0.15555817491148138
Baseline (p=3),gini,Italy,"L(life_exp, 3)",0.39165023938493465,0.2408620648912019,1.6260353807140373,0.11648323850139061
Baseline (p=3),gini,Italy,gdp_x_debt,-11.202638693936704,9.66309180521838,-1.1593223907783758,0.25727835861165904
Baseline (p=3),gini,Italy,"L(gdp_x_debt, 1)",0.42505827606057317,7.525192497846868,0.056484704701200955,0.9554047069319304
Baseline (p=3),gini,Italy,"L(gdp_x_debt, 2)",10.41503288428863,6.32728917048935,1.6460497700760428,0.11226918956562668
Baseline (p=3),gini,Jamaica,(Intercept),15.030947179092777,6.953028009104658,2.1617843563136048,0.04844117378285778
Baseline (p=3),gini,Jamaica,"L(gini, 1)",0.8542670485727439,0.22033364392517565,3.877152092409679,0.001675457719711531
Baseline (p=3),gini,Jamaica,"L(gini, 2)",0.020270032690011364,0.25546995515145177,0.07934409616972203,0.9378819192241363
Baseline (p=3),gini,Jamaica,public_debt,-0.054635999565212104,0.19422639296415836,-0.2813005932478722,0.7825947280576514
Baseline (p=3),gini,Jamaica,"L(public_debt, 1)",-0.006854669340782543,0.15616104212903217,-0.043894874466313384,0.9656081315782115
Baseline (p=3),gini,Jamaica,"L(public_debt, 2)",-0.201259843487704,0.18787879929185958,-1.0712216825223462,0.30219003886581347
Baseline (p=3),gini,Jamaica,growth,-0.7529464180169994,5.740176049904025,-0.13117131103140792,0.8975061084815197
Baseline (p=3),gini,Jamaica,"L(growth, 1)",13.063559781004955,5.254639047205192,2.486100313199082,0.02615939832341303
Baseline (p=3),gini,Jamaica,life_exp,-0.22555587121420287,0.13412748247892398,-1.6816529099444286,0.11479827218743617
Baseline (p=3),gini,Jamaica,"L(life_exp, 1)",0.07254389248013152,0.27987485762544106,0.25920117689605987,0.7992524442064418
Baseline (p=3),gini,Jamaica,"L(life_exp, 2)",0.5932421083324875,0.32608900259177565,1.8192643837031066,0.09031906518147394
Baseline (p=3),gini,Jamaica,"L(life_exp, 3)",-0.5683956011803131,0.1777897012105674,-3.197010835330258,0.006458823000313596
Baseline (p=3),gini,Jamaica,gdp_x_debt,0.8549411813250448,4.479064544976576,0.19087494112668918,0.8513638963111336
Baseline (p=3),gini,Jamaica,"L(gdp_x_debt, 1)",-10.986293376440436,4.199881861688129,-2.615857716536943,0.02033946752278081
Baseline (p=3),gini,Jamaica,"L(gdp_x_debt, 2)",-1.271166937921976,0.6029011567218683,-2.108416817167252,0.05349316302724995
Baseline (p=3),gini,Japan,(Intercept),-26.26786853895912,6.843861459098046,-3.8381648570690046,6.197021427040525e-4
Baseline (p=3),gini,Japan,"L(gini, 1)",1.038315183723865,0.17742895855667382,5.852005175311953,2.392301914972688e-6
Baseline (p=3),gini,Japan,"L(gini, 2)",-0.2148560406899706,0.16999152418816765,-1.2639220791510837,0.216323520802097
Baseline (p=3),gini,Japan,public_debt,-1.2986966441673216,0.32235751190009876,-4.0287463335732605,3.700024292727509e-4
Baseline (p=3),gini,Japan,growth,-3.6612581544758154,3.1826618737170818,-1.1503761001792419,0.2593869820198484
Baseline (p=3),gini,Japan,"L(growth, 1)",0.912623507443886,1.8504207487160682,0.4931978351826839,0.6255870138293917
Baseline (p=3),gini,Japan,"L(growth, 2)",-3.4188879530472454,1.3585151398454598,-2.5166358863223026,0.017633271620776523
Baseline (p=3),gini,Japan,life_exp,0.12320119768282839,0.18559883490905418,0.6638037234619418,0.5120591861049972
Baseline (p=3),gini,Japan,"L(life_exp, 1)",-0.019238062111909197,0.1956819981216189,-0.09831288670689314,0.9223602450283847
Baseline (p=3),gini,Japan,"L(life_exp, 2)",0.31022797818105297,0.17019068713270483,1.822825816192605,0.07865546346842937
Baseline (p=3),gini,Japan,gdp_x_debt,-0.2921360122411909,2.597828184078718,-0.11245393903707789,0.9112383018042534
Baseline (p=3),gini,Jordan,(Intercept),45.919132273391924,12.762481998021979,3.5979782208906386,0.0019172455851387267
Baseline (p=3),gini,Jordan,"L(gini, 1)",0.8533829138137942,0.21007608045123374,4.062256454808025,6.646325383493714e-4
Baseline (p=3),gini,Jordan,"L(gini, 2)",-0.3531155336664454,0.17287736152791264,-2.042578221610767,0.05521991539830878
Baseline (p=3),gini,Jordan,public_debt,-0.4090810409350506,0.5479910493443912,-0.7465104428703159,0.4644968037395071
Baseline (p=3),gini,Jordan,"L(public_debt, 1)",-0.2711574530541391,0.6358094105639742,-0.42647599822974874,0.6745540038336093
Baseline (p=3),gini,Jordan,"L(public_debt, 2)",0.6054982690915072,0.34706989261560944,1.744600387340757,0.09720957004120455
Baseline (p=3),gini,Jordan,growth,0.5819422171367341,0.995695360562716,0.5844580985170507,0.5657880977914274
Baseline (p=3),gini,Jordan,life_exp,-0.3651611048771572,0.10740955654649625,-3.399707778507432,0.003006453293300209
Baseline (p=3),gini,Jordan,gdp_x_debt,-1.0470156343575028,1.278688265256838,-0.8188200852435278,0.423040900883645
Baseline (p=3),gini,Jordan,"L(gdp_x_debt, 1)",-0.8485787049620761,0.7077518803137566,-1.1989776764505224,0.2452769008833126
Baseline (p=3),gini,Jordan,"L(gdp_x_debt, 2)",-0.7201261093379531,0.5944626326735694,-1.2113900348945699,0.2405977947499568
Baseline (p=3),gini,Kenya,(Intercept),0.7859177029356769,0.6081233680583084,1.2923655695801533,0.20469821057035037
Baseline (p=3),gini,Kenya,"L(gini, 1)",0.9879356449575409,0.00820154619096928,120.45724329948376,1.9999872990690125e-47
Baseline (p=3),gini,Kenya,public_debt,-0.5774765434780004,0.21716767508698057,-2.6591275301294632,0.011735428477872302
Baseline (p=3),gini,Kenya,growth,-1.608964960201133,0.9927871520372027,-1.620654494671422,0.1140679154191311
Baseline (p=3),gini,Kenya,life_exp,-0.0025527967023261165,0.005396861727216037,-0.47301502824364056,0.6391392162626028
Baseline (p=3),gini,Kenya,gdp_x_debt,2.8744229863901722,2.4027388996239734,1.196311004429161,0.23961670394554116
Baseline (p=3),gini,Lebanon,(Intercept),12.732271415926622,21.776577299399666,0.5846773457956418,0.6179352661954303
Baseline (p=3),gini,Lebanon,"L(gini, 1)",0.15905204741259643,0.4104064094037089,0.3875476692571338,0.7357065575416137
Baseline (p=3),gini,Lebanon,"L(gini, 2)",0.49261438263813445,0.5679241770975799,0.8673946320716227,0.477166929016291
Baseline (p=3),gini,Lebanon,"L(gini, 3)",0.034715975021712864,0.4449685509440709,0.0780189407724601,0.9449160376386827
Baseline (p=3),gini,Lebanon,public_debt,-0.13061721886808114,1.400629026612936,-0.09325611306510302,0.9342008737427236
Baseline (p=3),gini,Lebanon,"L(public_debt, 1)",-0.36891040187326307,1.299921778993221,-0.28379430811520157,0.8032495526741901
Baseline (p=3),gini,Lebanon,"L(public_debt, 2)",0.4498640471646672,0.5119343476722009,0.8787533972085064,0.472218519163795
Baseline (p=3),gini,Lebanon,"L(public_debt, 3)",-0.7676654066679541,0.7056234985423915,-1.087924946169909,0.39026516939063227
Baseline (p=3),gini,Lebanon,growth,-4.2668571422585595,6.6729472394979465,-0.6394261769376114,0.5880124373902329
Baseline (p=3),gini,Lebanon,"L(growth, 1)",-0.381241669833313,2.0327541962481717,-0.18754932127896518,0.8685336382867918
Baseline (p=3),gini,Lebanon,"L(growth, 2)",-5.57001589377434,2.636565361716603,-2.11260300034733,0.16900627920359212
Baseline (p=3),gini,Lebanon,"L(growth, 3)",0.8072469219728399,1.6752372923553516,0.4818701957367879,0.6774748231810479
Baseline (p=3),gini,Lebanon,life_exp,-0.2098291833113762,0.26005287280934963,-0.8068712375471679,0.5044402828464165
Baseline (p=3),gini,Lebanon,"L(life_exp, 1)",0.5776101799021058,0.3440635694676624,1.6787891284037666,0.2352002359041342
Baseline (p=3),gini,Lebanon,"L(life_exp, 2)",-0.5348566874676325,0.20737810259901582,-2.579137723628545,0.1231657647449709
Baseline (p=3),gini,Lebanon,"L(life_exp, 3)",0.1645745345235909,0.2566160528898798,0.6413259524111449,0.5869969263122914
Baseline (p=3),gini,Lebanon,gdp_x_debt,3.2468316113637083,4.022461740211928,0.8071752625775491,0.5042994336610342
Baseline (p=3),gini,Lebanon,"L(gdp_x_debt, 1)",0.29969345619077914,1.438786612498796,0.20829597216663698,0.8542845719280673
Baseline (p=3),gini,Lebanon,"L(gdp_x_debt, 2)",3.95227257757104,1.6816405702537014,2.350248113349679,0.14316153731503165
Baseline (p=3),gini,Lebanon,"L(gdp_x_debt, 3)",-1.1014602341910367,1.4047011943188499,-0.7841242241736279,0.5150896943728718
Baseline (p=3),gini,Luxembourg,(Intercept),-3.338829725898153,2.55028729456384,-1.3091974904220243,0.20531012433096424
Baseline (p=3),gini,Luxembourg,"L(gini, 1)",1.1018521577386953,0.18896423760551476,5.831008934288096,1.0514366444004634e-5
Baseline (p=3),gini,Luxembourg,"L(gini, 2)",-0.3872196601828152,0.17627401844260607,-2.196691625935174,0.039997240248660276
Baseline (p=3),gini,Luxembourg,public_debt,-0.7850796378424199,1.1324411823651295,-0.693263058663023,0.4961173417635337
Baseline (p=3),gini,Luxembourg,growth,-0.5897703095017434,1.1981603512302186,-0.4922298663081223,0.6279165859867442
Baseline (p=3),gini,Luxembourg,"L(growth, 1)",-2.081936866440514,1.1282242101956725,-1.8453219206131333,0.07985004289146184
Baseline (p=3),gini,Luxembourg,"L(growth, 2)",-1.8741346871074098,1.1817494161336568,-1.585898551351976,0.12844724968702542
Baseline (p=3),gini,Luxembourg,life_exp,0.14158630908374445,0.048981321359015235,2.890618406268961,0.009041318573756715
Baseline (p=3),gini,Luxembourg,gdp_x_debt,1.418872443080208,7.8087100269719105,0.1817038202442284,0.8576441127077402
Baseline (p=3),gini,Luxembourg,"L(gdp_x_debt, 1)",14.122449317436232,7.15631492320887,1.9734247959987439,0.062425591563015706
Baseline (p=3),gini,Luxembourg,"L(gdp_x_debt, 2)",16.1916817660676,7.841184005647565,2.0649536797511243,0.052135466046832925
Baseline (p=3),gini,Luxembourg,"L(gdp_x_debt, 3)",3.5140962749442175,3.4555444467247636,1.0169443134424014,0.32132504559711744
Baseline (p=3),gini,Malaysia,(Intercept),15.582790382413052,5.728000815767862,2.7204588273656025,0.01107650990508599
Baseline (p=3),gini,Malaysia,"L(gini, 1)",0.6327011852560931,0.16237074303332832,3.896645254165182,5.54014184801403e-4
Baseline (p=3),gini,Malaysia,"L(gini, 2)",0.21236336953839813,0.15664203834346704,1.3557239920023998,0.18602172631314318
Baseline (p=3),gini,Malaysia,public_debt,-0.6718764242357484,0.31185276282709873,-2.154466800758339,0.039954477888572
Baseline (p=3),gini,Malaysia,"L(public_debt, 1)",0.5622439840369972,0.34369156515384086,1.6358969525054516,0.11305445301379603
Baseline (p=3),gini,Malaysia,growth,-0.7070684535674666,0.6415918844154487,-1.1020533001468267,0.2798216136028832
Baseline (p=3),gini,Malaysia,"L(growth, 1)",0.5254824433198776,0.5737408787643173,0.9158880999583376,0.3675467795083768
Baseline (p=3),gini,Malaysia,"L(growth, 2)",-0.9513126833152116,0.5814272878188782,-1.6361679323374951,0.11299742522946139
Baseline (p=3),gini,Malaysia,life_exp,-0.1276759778133387,0.04889917298385384,-2.611004849826323,0.014342222249993777
Baseline (p=3),gini,Malaysia,gdp_x_debt,0.9101866260935801,1.2434879520717128,0.7319625610985325,0.4702740792318988
Baseline (p=3),gini,Malaysia,"L(gdp_x_debt, 1)",-1.2230897151996891,1.0965128794061354,-1.1154357948463924,0.2741458717447494
Baseline (p=3),gini,Malaysia,"L(gdp_x_debt, 2)",2.4807912605468214,1.0618740625715777,2.3362386821456043,0.026864251603706747
Baseline (p=3),gini,Mauritania,(Intercept),-6.492645995681607,7.767758055196691,-0.8358455489403375,0.4183401434455962
Baseline (p=3),gini,Mauritania,"L(gini, 1)",0.9560321390442443,0.18331445728709142,5.215257722673715,1.666112531432843e-4
Baseline (p=3),gini,Mauritania,"L(gini, 2)",0.05305009187803881,0.22645262971869756,0.23426573559308334,0.8184277730555336
Baseline (p=3),gini,Mauritania,public_debt,0.16324213593589662,0.15431220057647668,1.0578692762209316,0.30937687056763746
Baseline (p=3),gini,Mauritania,"L(public_debt, 1)",0.04496376635526968,0.14786623710690566,0.30408406432065604,0.7658765124074672
Baseline (p=3),gini,Mauritania,"L(public_debt, 2)",0.25435319691873626,0.16783178825875866,1.5155245591888775,0.15357164213953287
Baseline (p=3),gini,Mauritania,"L(public_debt, 3)",0.28340990159868634,0.13140213623914204,2.1568135017447627,0.05032599241770462
Baseline (p=3),gini,Mauritania,growth,0.8735076316387508,0.7992151332213931,1.0929568214229217,0.2942529096409422
Baseline (p=3),gini,Mauritania,"L(growth, 1)",0.05242637509189118,0.7853097513080362,0.0667588489822878,0.9477894815075385
Baseline (p=3),gini,Mauritania,"L(growth, 2)",0.8457681916797463,0.8339663772726019,1.01415142711837,0.32901458150281104
Baseline (p=3),gini,Mauritania,"L(growth, 3)",-0.8056689996041049,0.33033107882441876,-2.4389742632492144,0.02982428931630695
Baseline (p=3),gini,Mauritania,life_exp,-0.021776469588990092,0.19357305737339106,-0.11249742027365182,0.9121475945550985
Baseline (p=3),gini,Mauritania,"L(life_exp, 1)",-0.16450648916747845,0.2641940184540666,-0.622673026929563,0.5442679207793067
Baseline (p=3),gini,Mauritania,"L(life_exp, 2)",0.2766845356379394,0.14250385173913932,1.941593383345348,0.07417644661174126
Baseline (p=3),gini,Mauritania,gdp_x_debt,-1.2565508290248246,1.4218143037767836,-0.8837657812887607,0.3928737034384966
Baseline (p=3),gini,Mauritania,"L(gdp_x_debt, 1)",-0.3421314790781272,1.297273435715914,-0.2637311993437362,0.7961213569424068
Baseline (p=3),gini,Mauritania,"L(gdp_x_debt, 2)",-2.4820020252840505,1.4985828317808179,-1.6562327905055483,0.121599684912392
Baseline (p=3),gini,Mexico,(Intercept),4.47593412798933,2.5703396620179464,1.7413784622049997,0.09300188143161518
Baseline (p=3),gini,Mexico,"L(gini, 1)",1.7126118422648917,0.16090116854349762,10.643874483745023,3.661127971099934e-11
Baseline (p=3),gini,Mexico,"L(gini, 2)",-0.7523206202135522,0.18658479221337296,-4.032057550291774,4.0656379488933256e-4
Baseline (p=3),gini,Mexico,public_debt,-1.5876488035506404,1.0791283488241394,-1.471232597383439,0.15278820155819647
Baseline (p=3),gini,Mexico,"L(public_debt, 1)",2.1201288608833004,1.3234407166598239,1.6019824947158978,0.12079597604824545
Baseline (p=3),gini,Mexico,"L(public_debt, 2)",-2.739595505202523,1.3223462681517955,-2.0717686215665547,0.047964749326203406
Baseline (p=3),gini,Mexico,"L(public_debt, 3)",2.1993988973158722,0.9516258499178065,2.3112012956624053,0.02869262076883106
Baseline (p=3),gini,Mexico,growth,5.2958603673184035,3.832116934582815,1.3819673192970923,0.17830953516861248
Baseline (p=3),gini,Mexico,life_exp,-0.03656536812825306,0.01442310325546991,-2.535194228356216,0.017340913200592386
Baseline (p=3),gini,Mexico,gdp_x_debt,-10.980174595881843,13.74204431288631,-0.799020462012731,0.43125167909983964
Baseline (p=3),gini,Mexico,"L(gdp_x_debt, 1)",-4.091240292117782,3.8143317256111615,-1.0725968757901496,0.2929457044514738
Baseline (p=3),gini,Mexico,"L(gdp_x_debt, 2)",-5.105345748865351,3.339766035136452,-1.5286537126115671,0.1379823981620722
Baseline (p=3),gini,Netherlands,(Intercept),-0.7948636425267098,2.0328306377594694,-0.39101321465854477,0.6983006507114606
Baseline (p=3),gini,Netherlands,"L(gini, 1)",1.1894677387636927,0.14603279841080283,8.145209512575509,2.107150820376564e-9
Baseline (p=3),gini,Netherlands,"L(gini, 2)",-0.4595947830662476,0.13628735240607961,-3.3722482310526245,0.0019162138577353167
Baseline (p=3),gini,Netherlands,public_debt,-0.565849555819005,0.7196108164586847,-0.7863271964193611,0.4372862395461333
Baseline (p=3),gini,Netherlands,growth,-2.404942182845088,9.018306606983511,-0.26667336648132717,0.791380026999639
Baseline (p=3),gini,Netherlands,life_exp,0.10318242786054314,0.0313812428635322,3.288028721783047,0.0024013292532994415
Baseline (p=3),gini,Netherlands,gdp_x_debt,7.023497923210367,15.732765862773936,0.4464248679775377,0.6582062128698094
Baseline (p=3),gini,New Zealand,(Intercept),-0.8789580367909653,1.6019093644749607,-0.5486939874897674,0.5882841124334846
Baseline (p=3),gini,New Zealand,"L(gini, 1)",1.860634614778047,0.12889440288349535,14.435340659903062,2.496028885196703e-13
Baseline (p=3),gini,New Zealand,"L(gini, 2)",-0.9558716896156623,0.13785889880051908,-6.933695959655114,3.5998148590864714e-7
Baseline (p=3),gini,New Zealand,public_debt,-1.02747309045828,0.6428345967426108,-1.5983475308652024,0.12304946527305856
Baseline (p=3),gini,New Zealand,growth,-0.6803186282693949,4.017125575434819,-0.1693545833940619,0.8669370960786699
Baseline (p=3),gini,New Zealand,"L(growth, 1)",-5.876536868502714,4.2721746559705345,-1.3755375989345424,0.18166846791547217
Baseline (p=3),gini,New Zealand,"L(growth, 2)",4.9372068813623295,4.45289258615721,1.1087639743906503,0.27851960171782253
Baseline (p=3),gini,New Zealand,"L(growth, 3)",-3.2235394146381253,3.5748205943301614,-0.9017345988637345,0.3761587405578565
Baseline (p=3),gini,New Zealand,life_exp,0.2167839452849578,0.13960695465391107,1.5528162319876564,0.13355561366804097
Baseline (p=3),gini,New Zealand,"L(life_exp, 1)",0.12714409793201317,0.14522245444254306,0.8755126637962,0.38997341333083246
Baseline (p=3),gini,New Zealand,"L(life_exp, 2)",-0.29439441421203666,0.14940973183823883,-1.9703831242449998,0.060436205609397185
Baseline (p=3),gini,New Zealand,gdp_x_debt,8.178526233959818,8.554868273132607,0.9560084355296589,0.34859937774708005
Baseline (p=3),gini,New Zealand,"L(gdp_x_debt, 1)",23.57330286605911,7.907699834791231,2.981056863380736,0.006491139822810551
Baseline (p=3),gini,New Zealand,"L(gdp_x_debt, 2)",-12.097063157014222,8.91817275222053,-1.3564508664627721,0.18757989366625588
Baseline (p=3),gini,New Zealand,"L(gdp_x_debt, 3)",12.468052962492937,7.2457456391369695,1.720741188477324,0.0981671749145894
Baseline (p=3),gini,Norway,(Intercept),-2.6136804228478936,2.083593299187904,-1.254410073149398,0.22044417154688456
Baseline (p=3),gini,Norway,"L(gini, 1)",1.3987529953529836,0.1394759015577144,10.028635626163613,1.335308158011005e-10
Baseline (p=3),gini,Norway,"L(gini, 2)",-0.5807407199051287,0.14061162199293786,-4.13010469315471,3.1343047045149754e-4
Baseline (p=3),gini,Norway,public_debt,0.9046305375294819,1.2071777163421074,0.7493764383512814,0.46011008644941076
Baseline (p=3),gini,Norway,"L(public_debt, 1)",-2.5144218664311095,1.486981447689871,-1.6909571201022302,0.1023585920890879
Baseline (p=3),gini,Norway,"L(public_debt, 2)",2.7482511327783894,1.4892653003463645,1.8453737773513004,0.07597770120678717
Baseline (p=3),gini,Norway,"L(public_debt, 3)",-1.3932623661135592,1.1070088251940011,-1.258582889679667,0.21895539469719907
Baseline (p=3),gini,Norway,growth,5.737988745526403,4.277295253703356,1.3414993366563492,0.19093360382467223
Baseline (p=3),gini,Norway,"L(growth, 1)",-1.2020530661482436,0.7311797662101718,-1.643991151968944,0.11177362026364755
Baseline (p=3),gini,Norway,"L(growth, 2)",2.250614007378688,0.815458748780053,2.7599360614447557,0.010258819602827872
Baseline (p=3),gini,Norway,life_exp,0.09032758403651378,0.03591304015543083,2.5151750908744575,0.0181543147471472
Baseline (p=3),gini,Norway,gdp_x_debt,-15.316092314485847,11.74096853999749,-1.3044999023980963,0.20307386976124148
Baseline (p=3),gini,Pakistan,(Intercept),7.8200622146217755,3.5336898142010202,2.2130018835255125,0.033712474449844834
Baseline (p=3),gini,Pakistan,"L(gini, 1)",0.7734053187640129,0.09975366733613503,7.75315173283712,5.093178284009322e-9
Baseline (p=3),gini,Pakistan,public_debt,-0.24715805682629163,0.46226546275738006,-0.5346669321822394,0.5963596678912606
Baseline (p=3),gini,Pakistan,growth,-2.4524807360546514,4.398919505424944,-0.5575188936806283,0.5808253191304353
Baseline (p=3),gini,Pakistan,life_exp,0.004741584260297851,0.008163286396493517,0.5808425712387801,0.5651771704583934
Baseline (p=3),gini,Pakistan,gdp_x_debt,5.422996146738414,8.050263900367367,0.6736420338333181,0.5050929378342122
Baseline (p=3),gini,Pakistan,"L(gdp_x_debt, 1)",-2.8999035014617016,1.2339645903132224,-2.3500702728638325,0.02471341684398623
Baseline (p=3),gini,Panama,(Intercept),7.552658761900006,2.1576316150195627,3.500439421319625,0.001475085477464378
Baseline (p=3),gini,Panama,"L(gini, 1)",1.3758223168984456,0.15403193063750975,8.932059159449413,5.928903821668382e-10
Baseline (p=3),gini,Panama,"L(gini, 2)",-0.4223946755886862,0.1529190757455975,-2.7622104928975606,0.009707660599856258
Baseline (p=3),gini,Panama,public_debt,-0.3003473161585606,0.2701270649179849,-1.1118742072355878,0.2750235008173444
Baseline (p=3),gini,Panama,growth,0.5176099346057778,1.1470371726812492,0.4512582041224018,0.6550486890221756
Baseline (p=3),gini,Panama,"L(growth, 1)",-2.322847440496911,1.1735521167401488,-1.9793304509979783,0.05701999995336813
Baseline (p=3),gini,Panama,life_exp,-0.06781834631285777,0.023049165906773143,-2.9423340778213984,0.006227905506009269
Baseline (p=3),gini,Panama,gdp_x_debt,-1.6629838861323192,1.6511412757552895,-1.0071723786152778,0.32190689981022785
Baseline (p=3),gini,Panama,"L(gdp_x_debt, 1)",3.1897305023413693,1.641286269747543,1.9434333675575088,0.061397764247787194
Baseline (p=3),gini,Panama,"L(gdp_x_debt, 2)",-1.0139141056423335,0.6596995014695823,-1.5369332603460872,0.13479089822437207
Baseline (p=3),gini,Paraguay,(Intercept),40.6569404718338,10.275402397047642,3.956724895125807,0.0011303723551245868
Baseline (p=3),gini,Paraguay,"L(gini, 1)",1.0876390491249197,0.17316772060919094,6.280841748673989,1.095216551708246e-5
Baseline (p=3),gini,Paraguay,"L(gini, 2)",-0.31107181895435915,0.131859952179196,-2.3591076275503005,0.03136514124651472
Baseline (p=3),gini,Paraguay,public_debt,3.069692315665651,2.5712740025581304,1.1938409957910552,0.24994082298244502
Baseline (p=3),gini,Paraguay,"L(public_debt, 1)",-0.9103565901393595,1.6834801019809023,-0.5407587467580812,0.5961225882116143
Baseline (p=3),gini,Paraguay,growth,2.6613126337126767,3.012055742406106,0.8835535797842682,0.39002057162097614
Baseline (p=3),gini,Paraguay,life_exp,0.7258565847014863,0.7970403203102643,0.9106899189478039,0.37597501291226565
Baseline (p=3),gini,Paraguay,"L(life_exp, 1)",-0.41336437219050465,1.2431838418713999,-0.3325046210126537,0.7438247909164019
Baseline (p=3),gini,Paraguay,"L(life_exp, 2)",0.9546607579460883,1.440752112098166,0.6626127769861928,0.5170107572662426
Baseline (p=3),gini,Paraguay,"L(life_exp, 3)",-1.6989946980689585,1.0531239700009358,-1.6132903119349271,0.12622800425300593
Baseline (p=3),gini,Paraguay,gdp_x_debt,-8.16377568530136,9.669942274406937,-0.8442424425746687,0.4109797854015709
Baseline (p=3),gini,Portugal,(Intercept),4.376848413655689,2.083563588625289,2.10065506882057,0.04592170846135778
Baseline (p=3),gini,Portugal,"L(gini, 1)",1.6782256681805485,0.1256943658058811,13.351637978526053,7.052310245854609e-13
Baseline (p=3),gini,Portugal,"L(gini, 2)",-0.8273956580261571,0.13399623033215874,-6.174768170531021,1.860374893622058e-6
Baseline (p=3),gini,Portugal,public_debt,0.8495152537393894,0.6653795309930979,1.2767378829214415,0.21342709375049967
Baseline (p=3),gini,Portugal,"L(public_debt, 1)",-0.9541152849995184,1.123023110285073,-0.8495954146102316,0.4036130491698895
Baseline (p=3),gini,Portugal,"L(public_debt, 2)",0.40113802419071254,0.9212952010536591,0.4354066142230442,0.6670034175604743
Baseline (p=3),gini,Portugal,"L(public_debt, 3)",-0.43039324928118183,0.5429616042824578,-0.792677135706421,0.43542426174048154
Baseline (p=3),gini,Portugal,growth,-0.003483703353152894,2.0059606324090455,-0.0017366758334480187,0.9986281178465796
Baseline (p=3),gini,Portugal,life_exp,-0.12152516598494195,0.07551270239180018,-1.6093340873222173,0.12009984695855791
Baseline (p=3),gini,Portugal,"L(life_exp, 1)",0.12931564704051046,0.07620202136015117,1.697010718775163,0.10211210081669833
Baseline (p=3),gini,Portugal,gdp_x_debt,-0.051479457389038294,2.823553088994843,-0.01823215493616395,0.9855983831369177
Baseline (p=3),gini,Portugal,"L(gdp_x_debt, 1)",1.9612440237940232,1.078192142905717,1.8190116081800505,0.08090869300781314
Baseline (p=3),gini,Portugal,"L(gdp_x_debt, 2)",-2.25205951403412,1.008692168819317,-2.2326529179563037,0.03476431257844504
Baseline (p=3),gini,Portugal,"L(gdp_x_debt, 3)",1.3421935851735167,1.069414972686615,1.2550727448687384,0.221058247795191
Baseline (p=3),gini,Singapore,(Intercept),2.435813214712726,1.0495642654876707,2.32078520087662,0.0270476613411073
Baseline (p=3),gini,Singapore,"L(gini, 1)",1.0696724458655835,0.026632772953757027,40.163765437525996,2.6652755448322742e-28
Baseline (p=3),gini,Singapore,public_debt,0.18637072057515164,0.3530767084312292,0.527847677642696,0.601363282453066
Baseline (p=3),gini,Singapore,"L(public_debt, 1)",-0.3403631795010994,0.4470593783504069,-0.7613377461334038,0.4522085055054964
Baseline (p=3),gini,Singapore,"L(public_debt, 2)",1.1164364829890305,0.3405740228499783,3.2781022863884632,0.002581134309320053
Baseline (p=3),gini,Singapore,growth,0.2626666654190198,1.1558978717895243,0.22724037462960947,0.8217288291447592
Baseline (p=3),gini,Singapore,life_exp,0.254403761090646,0.1399984295354038,1.8171901065955212,0.07886669858238293
Baseline (p=3),gini,Singapore,"L(life_exp, 1)",-0.33115743120109203,0.13540960047324865,-2.4455978752150225,0.020337423240463302
Baseline (p=3),gini,Singapore,gdp_x_debt,-0.1421685078058876,1.3041174667965705,-0.10901510901093121,0.9138931202968803
Baseline (p=3),gini,South Africa,(Intercept),3.121228174098157,1.7326169014140949,1.8014531495974277,0.08106121532996505
Baseline (p=3),gini,South Africa,"L(gini, 1)",1.1031633351887855,0.16527795902128103,6.674594372542701,1.5632149354342167e-7
Baseline (p=3),gini,South Africa,"L(gini, 2)",-0.14218816577602153,0.16506262715703618,-0.8614195001315925,0.39541618988568306
Baseline (p=3),gini,South Africa,public_debt,-0.08339728299887349,0.4074858730088831,-0.20466300434679227,0.8391316466078323
Baseline (p=3),gini,South Africa,growth,0.7024542929634443,2.131192924308999,0.32960614919045983,0.7438454719961185
Baseline (p=3),gini,South Africa,life_exp,-0.0900021537924394,0.03170172730870315,-2.839029965655243,0.007797950484613007
Baseline (p=3),gini,South Africa,"L(life_exp, 1)",0.07990417838790503,0.03614051552340475,2.2109307858699125,0.03430724857448656
Baseline (p=3),gini,South Africa,gdp_x_debt,-2.891086536867402,6.120639626851635,-0.4723503936065802,0.6398822726899263
Baseline (p=3),gini,South Korea,(Intercept),12.575735456561782,4.588798710452264,2.7405288943960544,0.012999047528426849
Baseline (p=3),gini,South Korea,"L(gini, 1)",0.9492798503523133,0.20627323179984586,4.602050600891505,1.9455842494441806e-4
Baseline (p=3),gini,South Korea,"L(gini, 2)",0.21497916240395365,0.30127689044686284,0.7135600811767878,0.48417284526565274
Baseline (p=3),gini,South Korea,"L(gini, 3)",-0.5917163633419246,0.2347328199253248,-2.5208079702283066,0.020806186682306563
Baseline (p=3),gini,South Korea,public_debt,-7.2470386441742285,6.703677314419814,-1.0810542190904129,0.2932042064413357
Baseline (p=3),gini,South Korea,"L(public_debt, 1)",-8.850414070909672,9.774328277487564,-0.9054754270218374,0.3765531212673925
Baseline (p=3),gini,South Korea,"L(public_debt, 2)",13.477352126308645,8.786229444294621,1.5339176163968977,0.14153355994279432
Baseline (p=3),gini,South Korea,"L(public_debt, 3)",0.9909100946019308,5.7496248461074995,0.17234343476736186,0.8649900657714136
Baseline (p=3),gini,South Korea,growth,-6.397773933885902,3.6503784427925243,-1.7526330582293357,0.09578713653390747
Baseline (p=3),gini,South Korea,"L(growth, 1)",-6.801208222627981,3.913338280088969,-1.737955611257138,0.09839998182904167
Baseline (p=3),gini,South Korea,"L(growth, 2)",3.1877300213821074,4.289543756196479,0.7431396443449861,0.4664873448400765
Baseline (p=3),gini,South Korea,"L(growth, 3)",6.922631753096366,3.934941546590815,1.7592718141122194,0.09462515504316452
Baseline (p=3),gini,South Korea,life_exp,0.5846743008079573,0.7775108853331725,0.7519821417772403,0.46127652394203755
Baseline (p=3),gini,South Korea,"L(life_exp, 1)",-1.1425568154422636,0.8351511567197623,-1.3680838567354727,0.1872489954431956
Baseline (p=3),gini,South Korea,"L(life_exp, 2)",2.3955363651328483,1.3857613419766415,1.7286788803877802,0.10008292332106013
Baseline (p=3),gini,South Korea,"L(life_exp, 3)",-1.8194608212712495,1.0091014425706926,-1.8030504610479607,0.08726409557392951
Baseline (p=3),gini,South Korea,gdp_x_debt,41.51268732580659,21.480028809057238,1.9326178607499078,0.06832987061967445
Baseline (p=3),gini,South Korea,"L(gdp_x_debt, 1)",28.694667322104102,22.099454112151847,1.298433308645653,0.20967820874059487
Baseline (p=3),gini,South Korea,"L(gdp_x_debt, 2)",-19.938884690268086,22.8850945681902,-0.8712607514404906,0.3944877417798677
Baseline (p=3),gini,South Korea,"L(gdp_x_debt, 3)",-52.6268512231035,23.225109717689527,-2.2659462910101986,0.03532774234867809
Baseline (p=3),gini,Spain,(Intercept),6.813423945118753,4.501701874735132,1.5135218045774381,0.1413542270069581
Baseline (p=3),gini,Spain,"L(gini, 1)",1.2500168429390852,0.1279173786128078,9.772064253464357,1.59725697268357e-10
Baseline (p=3),gini,Spain,"L(gini, 2)",-0.6101192935275717,0.1308308043268113,-4.663422323717529,6.95850282959636e-5
Baseline (p=3),gini,Spain,public_debt,4.157154022072305,1.9647320858153354,2.1158884980224397,0.04337861218243995
Baseline (p=3),gini,Spain,"L(public_debt, 1)",-3.6774126030093175,1.991777386935403,-1.8462969943982916,0.07544556396420818
Baseline (p=3),gini,Spain,growth,1.9821420104239411,4.073544231286029,0.4865890482299179,0.6303367291809332
Baseline (p=3),gini,Spain,life_exp,-0.4944091964362706,0.3226118519558156,-1.5325202513142144,0.13661625446787057
Baseline (p=3),gini,Spain,"L(life_exp, 1)",0.34756603825425364,0.3392836142291476,1.0244115061198098,0.3144103856512851
Baseline (p=3),gini,Spain,"L(life_exp, 2)",0.6227971812415756,0.3582679675641516,1.7383557494016189,0.09313525267312883
Baseline (p=3),gini,Spain,"L(life_exp, 3)",-0.4185023572023718,0.31257044174775844,-1.338905735495295,0.19137082915354245
Baseline (p=3),gini,Spain,gdp_x_debt,-4.678425915612754,7.926797568995697,-0.5902037834183644,0.5597876430291412
Baseline (p=3),gini,Sweden,(Intercept),-26.28541559273119,7.141671439524117,-3.6805691518178705,0.0015885601524756358
Baseline (p=3),gini,Sweden,"L(gini, 1)",0.9052026196593088,0.17917884791442515,5.051950217313758,7.08011215886116e-5
Baseline (p=3),gini,Sweden,"L(gini, 2)",0.033921924931633374,0.22970277110178727,0.1476774736714068,0.8841532082982436
Baseline (p=3),gini,Sweden,"L(gini, 3)",-0.3548177714814234,0.14739118481812521,-2.4073201658515346,0.02639983220684677
Baseline (p=3),gini,Sweden,public_debt,-1.1357093457303726,2.6652934900061562,-0.4261104264835575,0.6748157378153712
Baseline (p=3),gini,Sweden,"L(public_debt, 1)",6.218277208716326,4.3845326474428905,1.4182303357560573,0.17231764040241593
Baseline (p=3),gini,Sweden,"L(public_debt, 2)",-2.7390048673150353,4.259622055191247,-0.6430159370540822,0.5278984514930136
Baseline (p=3),gini,Sweden,"L(public_debt, 3)",-4.2260468349765254,2.6032076039925576,-1.6233998504364415,0.1209789712723866
Baseline (p=3),gini,Sweden,growth,6.71245304654158,11.50844229936943,0.5832633880355267,0.5665756178995751
Baseline (p=3),gini,Sweden,"L(growth, 1)",9.455842100820647,14.94876237908223,0.632550164423791,0.5345665579992307
Baseline (p=3),gini,Sweden,"L(growth, 2)",-32.08368052756972,12.114962380823924,-2.6482691005589194,0.01585967201641204
Baseline (p=3),gini,Sweden,"L(growth, 3)",9.785530370356877,14.443524646341356,0.6775029371266119,0.50625370827351035
Baseline (p=3),gini,Sweden,life_exp,0.7854661261871001,0.42124780936781087,1.8646177112846976,0.07775880950383803
Baseline (p=3),gini,Sweden,"L(life_exp, 1)",-0.12009388513584522,0.4621801235092583,-0.25984216764665674,0.7977803696655463
Baseline (p=3),gini,Sweden,"L(life_exp, 2)",0.30026190479191284,0.431160356577278,0.6964042500927288,0.49460792512825735
Baseline (p=3),gini,Sweden,"L(life_exp, 3)",-0.5003622108331744,0.4490155770937911,-1.1143537916250466,0.27902570029862656
Baseline (p=3),gini,Sweden,gdp_x_debt,-20.894263594165515,22.694739050359694,-0.9206655140559705,0.3687676061400086
Baseline (p=3),gini,Sweden,"L(gdp_x_debt, 1)",-10.127172597943717,26.979641411366888,-0.3753634988520271,0.7115478225036602
Baseline (p=3),gini,Sweden,"L(gdp_x_debt, 2)",85.23901348748883,23.37022115436232,3.6473344828222984,0.0017135046087009983
Baseline (p=3),gini,Sweden,"L(gdp_x_debt, 3)",-15.67823764945125,27.727343751371038,-0.5654431881408043,0.578389188913326
Baseline (p=3),gini,Switzerland,(Intercept),2.4889844869159115,1.7500579146763489,1.4222297822505021,0.16838037943203646
Baseline (p=3),gini,Switzerland,"L(gini, 1)",1.6719999861799322,0.12238491264127467,13.661814598673377,1.593191418990904e-12
Baseline (p=3),gini,Switzerland,"L(gini, 2)",-0.831233354056009,0.11984566205738079,-6.935865176814023,4.530776651940588e-7
Baseline (p=3),gini,Switzerland,public_debt,-1.719643343982612,0.7915052127172721,-2.1726241550311474,0.04036265642259818
Baseline (p=3),gini,Switzerland,"L(public_debt, 1)",2.2915338944896253,0.8988877591005631,2.54929925487311,0.017926693255988262
Baseline (p=3),gini,Switzerland,"L(public_debt, 2)",0.32352022391763197,0.7705721123161802,0.4198441894622908,0.6784953035221681
Baseline (p=3),gini,Switzerland,"L(public_debt, 3)",-1.3677075998930777,0.6294886806639511,-2.1727278693089325,0.0403539432390713
Baseline (p=3),gini,Switzerland,growth,2.045965377806827,6.075481925599181,0.33675770957133544,0.7393530184865122
Baseline (p=3),gini,Switzerland,"L(growth, 1)",5.994488868401408,5.064196503615684,1.1836998947654427,0.24862196142757875
Baseline (p=3),gini,Switzerland,"L(growth, 2)",1.1340475161998038,5.907671144745331,0.19196185576587144,0.849456803434708
Baseline (p=3),gini,Switzerland,"L(growth, 3)",15.069842330664654,5.429002038831693,2.7758034023335245,0.010750564822248149
Baseline (p=3),gini,Switzerland,life_exp,0.029865149668579047,0.012618430691264282,2.366787946876361,0.026739656536193385
Baseline (p=3),gini,Switzerland,gdp_x_debt,-0.13870555180600536,13.965799174784609,-0.009931801973526845,0.9921613449223042
Baseline (p=3),gini,Switzerland,"L(gdp_x_debt, 1)",-12.904465830156292,11.81313005661859,-1.0923832860814273,0.2859753196213183
Baseline (p=3),gini,Switzerland,"L(gdp_x_debt, 2)",-1.6853859483258717,13.662401643328963,-0.12335942042435907,0.9028941612805977
Baseline (p=3),gini,Switzerland,"L(gdp_x_debt, 3)",-38.21370660860911,12.44466678588208,-3.0706894178927198,0.005410125186074454
Baseline (p=3),gini,Thailand,(Intercept),3.989568660650769,1.3000459983752113,3.0687903855993595,0.004438993199315709
Baseline (p=3),gini,Thailand,"L(gini, 1)",0.9932880982327008,0.020500483654544696,48.451934840693454,8.681307734116495e-31
Baseline (p=3),gini,Thailand,public_debt,0.23018507183847742,0.8594894913715292,0.2678160398112139,0.7906148882667392
Baseline (p=3),gini,Thailand,"L(public_debt, 1)",-1.2755365132880492,1.312053206102069,-0.9721682835389687,0.33849183727965726
Baseline (p=3),gini,Thailand,"L(public_debt, 2)",1.2174236418648472,0.7831056330395385,1.5546097365428864,0.1301901877412379
Baseline (p=3),gini,Thailand,growth,-0.19389287729437946,0.6821227881984598,-0.2842492299758316,0.7781094914777162
Baseline (p=3),gini,Thailand,life_exp,-0.05257422982114648,0.006789869955793347,-7.743039286973143,9.795039510972718e-9
Baseline (p=3),gini,Thailand,gdp_x_debt,2.773709991671337,3.7931819386127517,0.7312356845940646,0.4701267718595856
Baseline (p=3),gini,Thailand,"L(gdp_x_debt, 1)",-4.132529026769443,2.5131896446062494,-1.6443363260065083,0.11021156940171041
Baseline (p=3),gini,Trinidad and Tobago,(Intercept),1.1689331935408782,8.42069951186967,0.13881663772625666,0.8950128612795537
Baseline (p=3),gini,Trinidad and Tobago,"L(gini, 1)",-0.033586478371670725,0.43339880418087484,-0.07749554924395621,0.941234908656424
Baseline (p=3),gini,Trinidad and Tobago,"L(gini, 2)",0.2644304865379083,0.2600858946202197,1.0167044503664169,0.35593938997806396
Baseline (p=3),gini,Trinidad and Tobago,"L(gini, 3)",0.42385502698107735,0.21856655074501824,1.9392492837366984,0.11017675979153135
Baseline (p=3),gini,Trinidad and Tobago,public_debt,0.9399998002725265,0.847973185528054,1.1085253830133381,0.318087689579815
Baseline (p=3),gini,Trinidad and Tobago,"L(public_debt, 1)",-0.6027778857249765,0.7943032897324535,-0.7588762296679032,0.48214751386886934
Baseline (p=3),gini,Trinidad and Tobago,"L(public_debt, 2)",-0.05469627020027449,0.5009237889785638,-0.10919080188187094,0.9172979933662639
Baseline (p=3),gini,Trinidad and Tobago,"L(public_debt, 3)",0.22642268561859002,0.44262931403243205,0.5115401950129307,0.630755456632222
Baseline (p=3),gini,Trinidad and Tobago,growth,0.6190154520819318,0.7815418999108402,0.7920438458290595,0.4642369313301353
Baseline (p=3),gini,Trinidad and Tobago,"L(growth, 1)",0.4511093303238682,0.6743978081679164,0.6689068749338932,0.5331929619785387
Baseline (p=3),gini,Trinidad and Tobago,"L(growth, 2)",-0.7520239617655239,0.65348208029247,-1.150795078311789,0.30186039605315185
Baseline (p=3),gini,Trinidad and Tobago,"L(growth, 3)",1.7929321094467208,1.7140342887543496,1.0460304797926236,0.34345647037165494
Baseline (p=3),gini,Trinidad and Tobago,life_exp,-0.03734574311439519,0.057901597956531804,-0.6449863981721469,0.5473594192633799
Baseline (p=3),gini,Trinidad and Tobago,"L(life_exp, 1)",-0.0013172200856082046,0.0759873663163547,-0.01733472482944445,0.9868400358621068
Baseline (p=3),gini,Trinidad and Tobago,"L(life_exp, 2)",0.11432865568636347,0.08997121919017582,1.2707247574883067,0.2597390869748578
Baseline (p=3),gini,Trinidad and Tobago,"L(life_exp, 3)",0.12491073891607395,0.08954947334761221,1.394879659774176,0.2218496087855281
Baseline (p=3),gini,Trinidad and Tobago,gdp_x_debt,-2.555542754942723,2.1902563134566906,-1.16677794249091,0.29591622504987825
Baseline (p=3),gini,Trinidad and Tobago,"L(gdp_x_debt, 1)",-1.1371319497962105,1.7588344015882351,-0.6465258746186539,0.5464403036319239
Baseline (p=3),gini,Trinidad and Tobago,"L(gdp_x_debt, 2)",3.391012836121531,1.7876791672555332,1.8968799873231477,0.1163281596730179
Baseline (p=3),gini,Trinidad and Tobago,"L(gdp_x_debt, 3)",-3.6477985207300794,5.034435058220259,-0.724569584977351,0.5011903884772646
Baseline (p=3),gini,Turkey,(Intercept),7.979512319937607,2.522059198458054,3.1638877964546395,0.007469236733586922
Baseline (p=3),gini,Turkey,"L(gini, 1)",1.567374935557361,0.16199041467075148,9.675726423338563,2.6339376726011004e-7
Baseline (p=3),gini,Turkey,"L(gini, 2)",-0.7184423388360293,0.15263762592633662,-4.706849536448842,4.101148912520463e-4
Baseline (p=3),gini,Turkey,public_debt,0.29357119992399133,0.513658847569607,0.5715295303741631,0.577389145661703
Baseline (p=3),gini,Turkey,"L(public_debt, 1)",-1.274070796783002,0.6816557958012865,-1.8690823207706047,0.08430391536757473
Baseline (p=3),gini,Turkey,"L(public_debt, 2)",1.627043126763737,0.6878131181008955,2.3655308163591404,0.03422027112473908
Baseline (p=3),gini,Turkey,"L(public_debt, 3)",-0.8342301101311048,0.5752543388551201,-1.4501935123017102,0.17070070986125752
Baseline (p=3),gini,Turkey,growth,1.5683199219906434,1.5908059972084645,0.9858649796032455,0.3421935237076156
Baseline (p=3),gini,Turkey,"L(growth, 1)",-1.0059744790094447,1.1365022899832167,-0.8851495398432505,0.3921542280298179
Baseline (p=3),gini,Turkey,"L(growth, 2)",-1.4573595097299699,1.1830733234221709,-1.2318420852516527,0.23982565782836981
Baseline (p=3),gini,Turkey,"L(growth, 3)",1.5830476751076734,1.154703927423589,1.37095547829288,0.1935934642284591
Baseline (p=3),gini,Turkey,life_exp,0.042363461751199843,0.0680499955879169,0.6225343791017378,0.5443562665639743
Baseline (p=3),gini,Turkey,"L(life_exp, 1)",-0.06506119589491147,0.06632040616360002,-0.9810132304440006,0.34449148736424706
Baseline (p=3),gini,Turkey,gdp_x_debt,-6.4384815697087054,4.1633345312372265,-1.5464723099720188,0.14598079293615188
Baseline (p=3),gini,Turkey,"L(gdp_x_debt, 1)",1.51975111186406,2.700498368388148,0.5627669061585684,0.5831691135517265
Baseline (p=3),gini,Turkey,"L(gdp_x_debt, 2)",4.206982717644933,2.336068235757557,1.8008817778735227,0.09495366817268601
Baseline (p=3),gini,Turkey,"L(gdp_x_debt, 3)",-5.5426969485813595,2.4489817433243344,-2.263265932337048,0.04138065785210711
Baseline (p=3),gini,United Kingdom,(Intercept),2.6903345025371155,4.3458897871345545,0.6190526300279182,0.5410702589492529
Baseline (p=3),gini,United Kingdom,"L(gini, 1)",1.184516798181405,0.15586143981589268,7.599806594758685,3.562892649830328e-8
Baseline (p=3),gini,United Kingdom,"L(gini, 2)",-0.29696637575663665,0.14509014126190792,-2.046771566791509,0.050528422031276866
Baseline (p=3),gini,United Kingdom,public_debt,-0.8186716343003463,0.724300177222463,-1.130293295577778,0.26829383860011097
Baseline (p=3),gini,United Kingdom,growth,9.576414755995224,6.42265597045584,1.4910365431445567,0.14754360227795432
Baseline (p=3),gini,United Kingdom,"L(growth, 1)",2.123788143350147,1.9068735411136273,1.113754057392731,0.27520177068527435
Baseline (p=3),gini,United Kingdom,"L(growth, 2)",-2.670216176981619,2.0432972208808926,-1.3068173096376323,0.20229643619112617
Baseline (p=3),gini,United Kingdom,life_exp,-0.4321165564836511,0.31067004250367286,-1.3909180074179261,0.1756078993058068
Baseline (p=3),gini,United Kingdom,"L(life_exp, 1)",-0.18853245653718875,0.32133114618576575,-0.5867232566002042,0.5622636688615144
Baseline (p=3),gini,United Kingdom,"L(life_exp, 2)",-0.16127653422676055,0.34092614701213236,-0.47305416624739344,0.6399766440078474
Baseline (p=3),gini,United Kingdom,"L(life_exp, 3)",0.804283760422099,0.3069368466166547,2.620355846121662,0.014244062772568643
Baseline (p=3),gini,United Kingdom,gdp_x_debt,-14.758646381190957,11.227199348608675,-1.3145438967394762,0.1997209042960169
Baseline (p=3),gini,United States,(Intercept),8.856186118460599,6.775458140994031,1.3070977540068314,0.2067782583240533
Baseline (p=3),gini,United States,"L(gini, 1)",0.9087151202228738,0.15877417027636498,5.7233183372405545,1.623162492557584e-5
Baseline (p=3),gini,United States,"L(gini, 2)",-0.2717179457644618,0.21448761729134952,-1.266823461399981,0.22052802777773137
Baseline (p=3),gini,United States,"L(gini, 3)",0.36984785275750826,0.13886679580886901,2.6633281959393145,0.015355060703207688
Baseline (p=3),gini,United States,public_debt,-4.268475664356168,2.06500240507121,-2.067056025636431,0.052628617006431386
Baseline (p=3),gini,United States,"L(public_debt, 1)",2.8671643157828113,3.6124488751574697,0.7936899357939922,0.4371766958830997
Baseline (p=3),gini,United States,"L(public_debt, 2)",-1.9705073043077537,3.9281953507818446,-0.5016316981067542,0.6216895208407882
Baseline (p=3),gini,United States,"L(public_debt, 3)",-0.5063288507074134,2.4113925888049974,-0.2099736281259504,0.8359234514828708
Baseline (p=3),gini,United States,growth,-36.30183374808387,13.673230103131793,-2.654956690867734,0.015633665994809177
Baseline (p=3),gini,United States,"L(growth, 1)",-28.2997609831333,12.028010672398963,-2.352821406126086,0.029558926794564927
Baseline (p=3),gini,United States,"L(growth, 2)",-13.630748384023008,10.547968605754363,-1.2922628890445178,0.2117627457321313
Baseline (p=3),gini,United States,"L(growth, 3)",-16.362851482930008,9.212243385476807,-1.7762070321249008,0.0917161043529941
Baseline (p=3),gini,United States,life_exp,-0.853763728005868,0.313734539815914,-2.721293385506167,0.013551563190987402
Baseline (p=3),gini,United States,"L(life_exp, 1)",0.10289218865845393,0.36821967205046313,0.2794315363041031,0.7829327999568158
Baseline (p=3),gini,United States,"L(life_exp, 2)",0.5941499622676821,0.4468584202196058,1.3296156800082022,0.1993887088909079
Baseline (p=3),gini,United States,"L(life_exp, 3)",0.08527186160193019,0.37803411885555244,0.22556657547228623,0.8239470680220614
Baseline (p=3),gini,United States,gdp_x_debt,50.87536274772097,21.145660225440512,2.4059481806348337,0.026475344528797577
Baseline (p=3),gini,United States,"L(gdp_x_debt, 1)",46.7539629897752,19.072603350074534,2.451367657136984,0.024079702537695067
Baseline (p=3),gini,United States,"L(gdp_x_debt, 2)",4.377933426842404,18.18426007571639,0.24075400421097032,0.8123245578123659
Baseline (p=3),gini,United States,"L(gdp_x_debt, 3)",14.878517993851307,15.452551641703083,0.9628518537804084,0.34771709833985753
Baseline (p=3),gini,Uruguay,(Intercept),6.902910936740275,5.164669810953641,1.3365638442364765,0.19050772369734054
Baseline (p=3),gini,Uruguay,"L(gini, 1)",1.454994511463008,0.14370960324653828,10.12454615831706,1.1863892048475657e-11
Baseline (p=3),gini,Uruguay,"L(gini, 2)",-0.5359657362339016,0.14190964540372186,-3.776809777158705,6.309777040664404e-4
Baseline (p=3),gini,Uruguay,public_debt,0.6227668577298751,0.6253583333711265,0.9958560148590625,0.32656666176847526
Baseline (p=3),gini,Uruguay,growth,-3.2392204706085463,2.5763499351687766,-1.2572905669339305,0.21747411200042951
Baseline (p=3),gini,Uruguay,life_exp,-0.051926186641464776,0.05291569116233283,-0.9813003572450281,0.3335846326296801
Baseline (p=3),gini,Uruguay,gdp_x_debt,2.6225501152268524,7.164847040720671,0.36603016091227886,0.7166787337399008
Baseline (p=3),gini,Venezuela,(Intercept),7.013450100727585,3.892213522986244,1.8019181268726023,0.08593322889887117
Baseline (p=3),gini,Venezuela,"L(gini, 1)",1.5478220182703248,0.18309209081597996,8.453789627788955,3.362561430373459e-8
Baseline (p=3),gini,Venezuela,"L(gini, 2)",-0.5985075904498195,0.1882619475986659,-3.179121421423459,0.004516975117298157
Baseline (p=3),gini,Venezuela,public_debt,0.9814857958685971,0.4077053722448605,2.4073408463186365,0.025349094427343392
Baseline (p=3),gini,Venezuela,"L(public_debt, 1)",-1.3382430734260133,0.47857943244071,-2.796282043716546,0.010819454061316491
Baseline (p=3),gini,Venezuela,"L(public_debt, 2)",-0.4487584736934789,0.46857573018031584,-0.9577074628273834,0.34910713261230397
Baseline (p=3),gini,Venezuela,"L(public_debt, 3)",1.335739086439478,0.4569666241259042,2.9230561181454093,0.008128500167790409
Baseline (p=3),gini,Venezuela,growth,-0.7211908534316607,0.5959786139601676,-1.2100951888851865,0.23968789743474914
Baseline (p=3),gini,Venezuela,"L(growth, 1)",0.01222147401931017,0.6017269790804686,0.020310663214713195,0.9839872964872249
Baseline (p=3),gini,Venezuela,"L(growth, 2)",-1.0112518471531955,0.6307454954683143,-1.6032644773822187,0.12381174465860131
Baseline (p=3),gini,Venezuela,"L(growth, 3)",-2.6265324742577576,1.2534200468009362,-2.0954926331052164,0.048426844254541794
Baseline (p=3),gini,Venezuela,life_exp,-0.06684596205490716,0.12143407274713879,-0.5504712190136287,0.5878046628089231
Baseline (p=3),gini,Venezuela,"L(life_exp, 1)",-0.11723553494033463,0.09217025349414679,-1.2719454541565256,0.21729821277711153
Baseline (p=3),gini,Venezuela,"L(life_exp, 2)",0.11339751003533921,0.10273639598688707,1.1037715402223462,0.282180086808009
Baseline (p=3),gini,Venezuela,gdp_x_debt,1.2481115453087592,0.5786643558892582,2.1568834033171664,0.04275578160990394
Baseline (p=3),gini,Venezuela,"L(gdp_x_debt, 1)",0.7291317590843366,0.5612600349865872,1.299097946822031,0.20799330538049188
Baseline (p=3),gini,Venezuela,"L(gdp_x_debt, 2)",-2.1508139651798293,1.5271701257030907,-1.4083656620703082,0.17365636045898536
Baseline (p=3),gini,Venezuela,"L(gdp_x_debt, 3)",7.269851876666821,2.80155130022083,2.5949379817152667,0.01690229363737454
Baseline (p=3),gini,Zambia,(Intercept),2.6322566143639112,1.3941117593929666,1.8881245327921672,0.06782769800552102
Baseline (p=3),gini,Zambia,"L(gini, 1)",0.9589810650214251,0.026472920279582892,36.224982166438,3.7558585375140003e-28
Baseline (p=3),gini,Zambia,public_debt,0.04547934945625461,0.07234397437802186,0.6286542845795222,0.5339029056929303
Baseline (p=3),gini,Zambia,growth,0.15046017214302287,0.2274131689537308,0.661615916242895,0.5128110297335136
Baseline (p=3),gini,Zambia,life_exp,0.06312073905233032,0.03983031132341134,1.5847412926252826,0.12256273324305626
Baseline (p=3),gini,Zambia,"L(life_exp, 1)",-0.06982372445124635,0.04041346061316309,-1.7277343585989275,0.09338514899603734
Baseline (p=3),gini,Zambia,gdp_x_debt,-0.32979782603333785,0.40567452434719414,-0.8129616385550559,0.4220667531199328
Baseline (p=3),gini,Zambia,"L(gdp_x_debt, 1)",-0.3359131413081352,0.2567468546655374,-1.30834374483663,0.19979659120273827
Baseline (p=2),p90p100,Algeria,(Intercept),0.06694069030099978,0.05214447774617339,1.2837541614061367,0.20939092987201285
Baseline (p=2),p90p100,Algeria,"L(p90p100, 1)",1.2876220662886162,0.16365089769287086,7.868102677353716,1.1199201778484635e-8
Baseline (p=2),p90p100,Algeria,"L(p90p100, 2)",-0.45246630559846523,0.14808680749364425,-3.0554126546207345,0.0047867552227775605
Baseline (p=2),p90p100,Algeria,public_debt,-7.446982703215323e-4,0.005673930218106706,-0.1312491062976142,0.8964845628003061
Baseline (p=2),p90p100,Algeria,growth,-0.0688099420826007,0.035165524049490256,-1.9567443950433079,0.060067463859555664
Baseline (p=2),p90p100,Algeria,"L(growth, 1)",-0.011788619147188482,0.03970103866246155,-0.2969347791481071,0.7686327707032465
Baseline (p=2),p90p100,Algeria,"L(growth, 2)",0.08241644961090376,0.03930064036863785,2.0970765065872206,0.04481936608083845
Baseline (p=2),p90p100,Algeria,life_exp,1.6187450415553424e-4,2.2834739755317712e-4,0.7088957697353971,0.4840494756127469
Baseline (p=2),p90p100,Algeria,gdp_x_debt,0.10665649552594134,0.07324807769474831,1.4560995848985716,0.15610706122742427
Baseline (p=2),p90p100,Algeria,"L(gdp_x_debt, 1)",0.015117965248186758,0.07665661464357446,0.19721670880562403,0.845033721228541
Baseline (p=2),p90p100,Algeria,"L(gdp_x_debt, 2)",-0.1308214785942999,0.07391848166223937,-1.7698074372262025,0.08727431299748
Baseline (p=2),p90p100,Argentina,(Intercept),0.21910571892907407,0.12475733047028423,1.7562552685532378,0.08804994560493219
Baseline (p=2),p90p100,Argentina,"L(p90p100, 1)",0.8606456194658172,0.08105292753610935,10.61831627343006,2.455004033233056e-12
Baseline (p=2),p90p100,Argentina,public_debt,0.0011649051025152614,0.008641429522897369,0.1348046754797443,0.8935611933097991
Baseline (p=2),p90p100,Argentina,growth,0.04737589045647322,0.04721980269078601,1.0033055573465508,0.32280085882526766
Baseline (p=2),p90p100,Argentina,life_exp,-0.014890065715771887,0.0076672165722034774,-1.9420431881047855,0.06045379448340453
Baseline (p=2),p90p100,Argentina,"L(life_exp, 1)",0.01283320945246076,0.007556955603076811,1.698198338923114,0.09860584422837178
Baseline (p=2),p90p100,Argentina,gdp_x_debt,-0.15928966547158335,0.06906169117078631,-2.3064837071201674,0.027306977045810338
Baseline (p=2),p90p100,Australia,(Intercept),-0.2115551614034799,0.12209664692248341,-1.7326860870945278,0.09195607398666503
Baseline (p=2),p90p100,Australia,"L(p90p100, 1)",0.653516463893347,0.15775570780988268,4.142585222215378,2.0626614771119943e-4
Baseline (p=2),p90p100,Australia,public_debt,-0.022020499366091385,0.02069291444493725,-1.0641564978527682,0.2945447386700251
Baseline (p=2),p90p100,Australia,growth,0.03264028842109495,0.13118192049382219,0.24881697339254988,0.8049566697026633
Baseline (p=2),p90p100,Australia,life_exp,0.004110008639102718,0.0021469116436481804,1.9143818290158916,0.0637749333207708
Baseline (p=2),p90p100,Australia,gdp_x_debt,-0.08063217898392842,0.4662436891177855,-0.1729399901079596,0.8636948528513636
Baseline (p=2),p90p100,Austria,(Intercept),0.169297909587637,0.05141675475606918,3.2926603476010556,0.0023214849357719156
Baseline (p=2),p90p100,Austria,"L(p90p100, 1)",0.1312779353475422,0.1724735154549478,0.7611483711064823,0.4518155831331533
Baseline (p=2),p90p100,Austria,public_debt,-0.019041149577202796,0.01539765760893135,-1.2366263792070589,0.22470018644110015
Baseline (p=2),p90p100,Austria,growth,-0.0075830368269303615,0.1455174777478142,-0.05211083193781006,0.9587453515665045
Baseline (p=2),p90p100,Austria,life_exp,0.010643368631097095,0.003775975733441408,2.818706840945923,0.007981315504053213
Baseline (p=2),p90p100,Austria,"L(life_exp, 1)",-0.009142766478554866,0.003655106640229831,-2.5013679157607216,0.01734999874385115
Baseline (p=2),p90p100,Austria,gdp_x_debt,-3.8814157161998425e-4,0.2175149473229307,-0.001784436317582051,0.9985866556211441
Baseline (p=2),p90p100,Bahamas,(Intercept),0.1843149727105896,0.06956430977186534,2.649562301632067,0.012014558162240794
Baseline (p=2),p90p100,Bahamas,"L(p90p100, 1)",0.5286751074516491,0.15154390298252454,3.4885937147376618,0.0013302006368191128
Baseline (p=2),p90p100,Bahamas,public_debt,-0.04270016858270929,0.01288697081738751,-3.313437206290315,0.0021500039983925637
Baseline (p=2),p90p100,Bahamas,growth,0.013065861058689654,0.011861744577108615,1.1015125957023895,0.2781912496055884
Baseline (p=2),p90p100,Bahamas,life_exp,0.0011932364443842933,5.513261521040824e-4,2.1643022734010042,0.03734759919197127
Baseline (p=2),p90p100,Bahamas,gdp_x_debt,-0.0861250598003414,0.050770744690571266,-1.6963521083892206,0.09869756162342078
Baseline (p=2),p90p100,Bahrain,(Intercept),0.20029412299348198,0.09299798057958263,2.1537470141309267,0.04001608732984285
Baseline (p=2),p90p100,Bahrain,"L(p90p100, 1)",1.463479467184694,0.12174773848492229,12.020588516853124,1.4306682773326007e-12
Baseline (p=2),p90p100,Bahrain,"L(p90p100, 2)",-0.6774395031594607,0.11796837409830202,-5.742551835078749,3.6668078010267095e-6
Baseline (p=2),p90p100,Bahrain,public_debt,0.035360675432102265,0.031313138916217474,1.129260005734798,0.26837035722134217
Baseline (p=2),p90p100,Bahrain,"L(public_debt, 1)",0.016700079219625654,0.04291513168997201,0.3891419777124432,0.7001149382798904
Baseline (p=2),p90p100,Bahrain,"L(public_debt, 2)",-0.05672931541770025,0.03399491672356779,-1.6687587699949062,0.10631098786881764
Baseline (p=2),p90p100,Bahrain,growth,-0.008552271465114855,0.012798157431755561,-0.6682424021362984,0.5094504704519525
Baseline (p=2),p90p100,Bahrain,"L(growth, 1)",-0.018998933607506867,0.012667182236326784,-1.4998547627286807,0.14484426876027282
Baseline (p=2),p90p100,Bahrain,life_exp,-0.0010942322701518853,8.720920717023537e-4,-1.2547210388186494,0.2199526635124312
Baseline (p=2),p90p100,Bahrain,gdp_x_debt,0.08030846928527856,0.06333286350823684,1.2680378690730434,0.21522739778936198
Baseline (p=2),p90p100,Bahrain,"L(gdp_x_debt, 1)",0.08351362716107354,0.06601202819668793,1.2651274236301033,0.21625348499927025
Baseline (p=2),p90p100,Bahrain,"L(gdp_x_debt, 2)",0.07293170327891049,0.04368669980264166,1.6694257888186932,0.10617766726896335
Baseline (p=2),p90p100,Bangladesh,(Intercept),0.05888391723871582,0.0127244959241433,4.627603135695946,6.227418403148693e-5
Baseline (p=2),p90p100,Bangladesh,"L(p90p100, 1)",1.3597468554232983,0.10490214037436604,12.962050636629021,4.6828846047004726e-14
Baseline (p=2),p90p100,Bangladesh,"L(p90p100, 2)",-0.6289710924833323,0.10063496915143955,-6.2500251929012,6.036085790814428e-7
Baseline (p=2),p90p100,Bangladesh,public_debt,-0.02503743563383595,0.042262200287713714,-0.5924309539821742,0.5578590018145587
Baseline (p=2),p90p100,Bangladesh,"L(public_debt, 1)",0.10765748801453853,0.0403066954787478,2.670957932319266,0.011939856337605182
Baseline (p=2),p90p100,Bangladesh,growth,-0.03168841477231959,0.10649549144502038,-0.2975563973868239,0.7680267640732932
Baseline (p=2),p90p100,Bangladesh,life_exp,0.003493847947280753,7.350558308529928e-4,4.753173569450269,4.3524712523316274e-5
Baseline (p=2),p90p100,Bangladesh,"L(life_exp, 1)",-0.003019119958968169,7.200551056283993e-4,-4.192901259040935,2.1310653898047664e-4
Baseline (p=2),p90p100,Bangladesh,gdp_x_debt,0.03598964832649039,0.34210348682884173,0.10520105673315286,0.9168940349138469
Baseline (p=2),p90p100,Belgium,(Intercept),0.19206295545624694,0.0478493050173528,4.013913167319657,3.111558836007422e-4
Baseline (p=2),p90p100,Belgium,"L(p90p100, 1)",0.49217786508853784,0.1175359622652195,4.187466164423277,1.8860556131478008e-4
Baseline (p=2),p90p100,Belgium,public_debt,-0.0722282498319598,0.0222934536011776,-3.239886072570852,0.0026741228809617308
Baseline (p=2),p90p100,Belgium,"L(public_debt, 1)",0.0700240775275223,0.020074770450575846,3.488163299297584,0.0013645898197058755
Baseline (p=2),p90p100,Belgium,growth,-0.22389544586203355,0.14757644508123222,-1.5171489307713855,0.13847302029208836
Baseline (p=2),p90p100,Belgium,life_exp,-3.4519462548317524e-4,3.385892849509983e-4,-1.0195084157289054,0.31516164164743676
Baseline (p=2),p90p100,Belgium,gdp_x_debt,0.2281067041808027,0.13960156484140532,1.633983862859588,0.11148949311965525
Baseline (p=2),p90p100,Belize,(Intercept),0.32226055476831267,0.09662111685215924,3.3353014875765323,0.002069482336541229
Baseline (p=2),p90p100,Belize,"L(p90p100, 1)",0.6640917355225746,0.10917874784548111,6.082609927551585,6.729705440191597e-7
Baseline (p=2),p90p100,Belize,public_debt,-0.014711829212243992,0.008553687844051895,-1.7199399230443482,0.0945351676797332
Baseline (p=2),p90p100,Belize,"L(public_debt, 1)",0.015698487238375015,0.007353643211482073,2.13479044154103,0.04006927012547971
Baseline (p=2),p90p100,Belize,growth,0.003474067022863728,0.03081449372015384,0.11274133057041132,0.9108986706806197
Baseline (p=2),p90p100,Belize,life_exp,-0.0019692589476326024,6.246238070690376e-4,-3.1527119609370677,0.003370974501275467
Baseline (p=2),p90p100,Belize,gdp_x_debt,0.004704532797680383,0.05927339886893332,0.07937005279692416,0.9372036088517901
Baseline (p=2),p90p100,Bolivia,(Intercept),0.05962952007608664,0.05164432019836237,1.1546191303720073,0.25606915852036954
Baseline (p=2),p90p100,Bolivia,"L(p90p100, 1)",0.9108066339697676,0.08273499920536745,11.008722339005944,6.467413162919084e-13
Baseline (p=2),p90p100,Bolivia,public_debt,-7.424226535296893e-4,0.003519833420517373,-0.21092550834992702,0.8341686807844434
Baseline (p=2),p90p100,Bolivia,growth,-0.030506463931909977,0.037358126062385644,-0.8165951333042285,0.41968341352008365
Baseline (p=2),p90p100,Bolivia,life_exp,-1.7106612090702047e-4,2.2108938972875217e-4,-0.7737418838456982,0.44427848763493794
Baseline (p=2),p90p100,Bolivia,gdp_x_debt,0.03857364099197008,0.046199553121592345,0.8349353702718364,0.40941731278071625
Baseline (p=2),p90p100,Brazil,(Intercept),0.2896168439574785,0.10416088933845138,2.780475913722497,0.008678550714433539
Baseline (p=2),p90p100,Brazil,"L(p90p100, 1)",0.5310297129229976,0.17412625578190957,3.0496820283559307,0.004346523123817943
Baseline (p=2),p90p100,Brazil,public_debt,-0.0022985694569102586,0.007899929678312195,-0.2909607490836986,0.7727986406434577
Baseline (p=2),p90p100,Brazil,growth,0.0031959719913057134,0.06183720588781668,0.05168364167526838,0.9590746261395067
Baseline (p=2),p90p100,Brazil,life_exp,-1.9966752882760586e-4,2.4366803947080404e-4,-0.8194243662863703,0.4180895014199376
Baseline (p=2),p90p100,Brazil,gdp_x_debt,-2.6064660632067434e-4,0.11397126808648503,-0.0022869501295965876,0.9981882649573026
Baseline (p=2),p90p100,Burkina Faso,(Intercept),0.3170319587833685,0.07991325887838123,3.967200978073671,4.1783213353559977e-4
Baseline (p=2),p90p100,Burkina Faso,"L(p90p100, 1)",1.5311029211178715,0.1296283932848472,11.811478043652095,8.280023775521352e-13
Baseline (p=2),p90p100,Burkina Faso,"L(p90p100, 2)",-0.8456258407799029,0.1525908151233566,-5.541787296281804,5.047635719738839e-6
Baseline (p=2),p90p100,Burkina Faso,public_debt,0.03427741314117796,0.026342382118706792,1.3012267830112516,0.2030861618473752
Baseline (p=2),p90p100,Burkina Faso,"L(public_debt, 1)",-0.03869380832537171,0.029668363460421773,-1.3042110791513686,0.20207982042745606
Baseline (p=2),p90p100,Burkina Faso,growth,-0.06479103162560934,0.07795082019939872,-0.8311783180712332,0.41243970634317717
Baseline (p=2),p90p100,Burkina Faso,life_exp,0.0010026130154534576,0.005412990456128368,0.1852234958807917,0.8543003308910376
Baseline (p=2),p90p100,Burkina Faso,"L(life_exp, 1)",-0.0175874449230606,0.008987036523693434,-1.9569793531708743,0.0597125585539306
Baseline (p=2),p90p100,Burkina Faso,"L(life_exp, 2)",0.013881359868691559,0.005471974964081881,2.536809828226371,0.01662505185314933
Baseline (p=2),p90p100,Burkina Faso,gdp_x_debt,0.28908114614965075,0.21046877424256077,1.3735108554226239,0.1797717021667132
Baseline (p=2),p90p100,Canada,(Intercept),0.09647453182905014,0.04304348753083591,2.241327024440963,0.0316424947118906
Baseline (p=2),p90p100,Canada,"L(p90p100, 1)",0.9868231416094296,0.04899718437318751,20.140405091306512,1.786644544327775e-20
Baseline (p=2),p90p100,Canada,public_debt,-0.04127828028325282,0.02644259006021678,-1.5610528389711915,0.12777224762836376
Baseline (p=2),p90p100,Canada,"L(public_debt, 1)",0.05452784550668815,0.025945096190801757,2.1016628770881085,0.04306777249067968
Baseline (p=2),p90p100,Canada,growth,0.01699730090464358,0.16049519000175158,0.10590536018218413,0.9162798241266359
Baseline (p=2),p90p100,Canada,life_exp,-0.0012889588554568028,7.358088263538247e-4,-1.7517578062280375,0.08883222288457156
Baseline (p=2),p90p100,Canada,gdp_x_debt,0.0421343171085732,0.19982649868376684,0.2108545032120709,0.8342594803502348
Baseline (p=2),p90p100,Chile,(Intercept),0.08008044798281205,0.04742132242541499,1.688701282187224,0.10016839358710335
Baseline (p=2),p90p100,Chile,"L(p90p100, 1)",0.955097161244182,0.08211734109896322,11.630882691308189,1.411638115068434e-13
Baseline (p=2),p90p100,Chile,public_debt,-0.0012315798310329827,0.006850078708378489,-0.1797906102197934,0.858353844921378
Baseline (p=2),p90p100,Chile,growth,0.1155691601408596,0.02706213932454963,4.270510869627374,1.4176897889132454e-4
Baseline (p=2),p90p100,Chile,life_exp,-7.275454777869788e-4,4.1897171455262104e-4,-1.7365026146546756,0.09127087988086258
Baseline (p=2),p90p100,Chile,gdp_x_debt,-0.2013232676862857,0.08579235921719108,-2.346634007075359,0.024732379740272748
Baseline (p=2),p90p100,Colombia,(Intercept),0.47932783881920166,0.1720249148607121,2.7863861418406253,0.008550530155224837
Baseline (p=2),p90p100,Colombia,"L(p90p100, 1)",0.6092803346189939,0.1291358408497809,4.718135032146095,3.7476419366732657e-5
Baseline (p=2),p90p100,Colombia,public_debt,0.01751328539906997,0.027821304187785063,0.6294918915684469,0.5331149288831029
Baseline (p=2),p90p100,Colombia,growth,0.022953827203627757,0.14220744582369302,0.16141086755812786,0.8726979634811727
Baseline (p=2),p90p100,Colombia,life_exp,-0.0034026758891906555,0.00154081537517815,-2.208360549879142,0.033862387535551264
Baseline (p=2),p90p100,Colombia,gdp_x_debt,0.04315954365537587,0.4097207892498199,0.10533891564154953,0.9167082847126672
Baseline (p=2),p90p100,Costa Rica,(Intercept),0.35725742790681586,0.10844386238808414,3.294399701739796,0.0022638669855866347
Baseline (p=2),p90p100,Costa Rica,"L(p90p100, 1)",0.22016685585564008,0.2031260659545646,1.0838926792629715,0.2858227541412748
Baseline (p=2),p90p100,Costa Rica,public_debt,-0.012230544208132249,0.022003738280947566,-0.5558393783806428,0.5818567798411369
Baseline (p=2),p90p100,Costa Rica,growth,-0.26079416608508743,0.12012530566916983,-2.1710177104841306,0.03679659221108586
Baseline (p=2),p90p100,Costa Rica,life_exp,6.701647066509447e-4,5.710308373899661e-4,1.1736051063618451,0.24847795999503736
Baseline (p=2),p90p100,Costa Rica,gdp_x_debt,0.8423577566210221,0.365580705033583,2.3041636088087345,0.027267254861658794
Baseline (p=2),p90p100,Cote d'Ivoire,(Intercept),0.41312823184627356,0.12137121843257197,3.403840195241904,0.0017184624230074882
Baseline (p=2),p90p100,Cote d'Ivoire,"L(p90p100, 1)",0.6346884151360987,0.11404451446592712,5.565269124151723,3.1641078785510817e-6
Baseline (p=2),p90p100,Cote d'Ivoire,public_debt,0.030844191374659442,0.018314104807615066,1.6841768515944238,0.10130785160448819
Baseline (p=2),p90p100,Cote d'Ivoire,"L(public_debt, 1)",-0.04942534925196119,0.01977062993204583,-2.499938010161659,0.0174090074694211
Baseline (p=2),p90p100,Cote d'Ivoire,growth,0.03995809489616627,0.07612149920990596,0.524925222320981,0.6030415120696218
Baseline (p=2),p90p100,Cote d'Ivoire,life_exp,-0.004190490468816101,0.0015395946998835888,-2.7218140391967776,0.01016427314897141
Baseline (p=2),p90p100,Cote d'Ivoire,gdp_x_debt,0.018620384420667886,0.08802333302836224,0.21153918830440288,0.833729482575032
Baseline (p=2),p90p100,Cyprus,(Intercept),0.5267007544422018,0.19422446120266348,2.711814728076995,0.01054246626674153
Baseline (p=2),p90p100,Cyprus,"L(p90p100, 1)",0.31469326893695115,0.1734800950329863,1.8140021705493874,0.07877922175510262
Baseline (p=2),p90p100,Cyprus,public_debt,0.1606900850117821,0.06181668723432078,2.5994612814283355,0.01385622150415883
Baseline (p=2),p90p100,Cyprus,"L(public_debt, 1)",-0.10047512242428372,0.056060592327100665,-1.7922593796018866,0.0822643888623576
Baseline (p=2),p90p100,Cyprus,growth,0.10216396175550263,0.11788214928456203,0.8666618514808682,0.3923853341931193
Baseline (p=2),p90p100,Cyprus,life_exp,-0.004174439713512482,0.00211319105173066,-1.9754199271730313,0.05663302393226443
Baseline (p=2),p90p100,Cyprus,gdp_x_debt,-0.23497308292070168,0.16748663075235495,-1.402936352980507,0.1699748623845796
Baseline (p=2),p90p100,Cyprus,"L(gdp_x_debt, 1)",0.1259539275174883,0.0722000955293884,1.7445119233425375,0.09037846641604515
Baseline (p=2),p90p100,Denmark,(Intercept),-0.3050632694572768,0.07147598579190068,-4.2680526344254375,1.4923166204732836e-4
Baseline (p=2),p90p100,Denmark,"L(p90p100, 1)",0.43351948608665936,0.13522170071665027,3.205990486653292,0.0029269733884459085
Baseline (p=2),p90p100,Denmark,public_debt,-0.008959244231869128,0.025654960448650805,-0.34922073841436363,0.7290772662375762
Baseline (p=2),p90p100,Denmark,"L(public_debt, 1)",0.03432442436168383,0.02245831288481305,1.5283616600112016,0.1356737497363277
Baseline (p=2),p90p100,Denmark,growth,0.24508199051641333,0.16219106754044993,1.5110695936155094,0.14001005685784157
Baseline (p=2),p90p100,Denmark,life_exp,0.005943771223107277,0.0013379101871048918,4.44257864271818,8.958441423071646e-5
Baseline (p=2),p90p100,Denmark,gdp_x_debt,-0.31985561936026513,0.30646264696629477,-1.0437018100788098,0.303987723161
Baseline (p=2),p90p100,Egypt,(Intercept),0.11371390604343973,0.040294728020055647,2.8220541899883678,0.008256585104258694
Baseline (p=2),p90p100,Egypt,"L(p90p100, 1)",1.4472091760774026,0.1651578432996814,8.762582189036095,6.804831516585839e-10
Baseline (p=2),p90p100,Egypt,"L(p90p100, 2)",-0.7102956745054324,0.15578022912425185,-4.559600910195694,7.557394171500755e-5
Baseline (p=2),p90p100,Egypt,public_debt,0.003064874541939083,0.008755118056410046,0.3500666150007126,0.7286560659418563
Baseline (p=2),p90p100,Egypt,growth,0.052308082733327134,0.054763232092983796,0.9551679244298802,0.34688244042041527
Baseline (p=2),p90p100,Egypt,life_exp,-0.008829790757099424,0.004838444972970323,-1.824923256630283,0.07766280669763446
Baseline (p=2),p90p100,Egypt,"L(life_exp, 1)",0.00908897537293928,0.004700735425463596,1.933522002473242,0.06234850934237111
Baseline (p=2),p90p100,Egypt,gdp_x_debt,-0.058024134747176215,0.056311599071760234,-1.030411774903313,0.3107894916522402
Baseline (p=2),p90p100,Egypt,"L(gdp_x_debt, 1)",-0.017865035452000275,0.01214687584660994,-1.4707514654466656,0.15143677791052676
Baseline (p=2),p90p100,El Salvador,(Intercept),0.2884765067934066,0.09264290353425453,3.1138543351757426,0.003670697956528743
Baseline (p=2),p90p100,El Salvador,"L(p90p100, 1)",0.5337900326264957,0.15096593108538212,3.5358310897615635,0.001166807284430459
Baseline (p=2),p90p100,El Salvador,public_debt,-0.0025744432810785537,0.014233756623200802,-0.18086885628508298,0.8575138116473583
Baseline (p=2),p90p100,El Salvador,growth,0.22893686402344768,0.1808907728618333,1.2656083027425207,0.21401379160805434
Baseline (p=2),p90p100,El Salvador,life_exp,-0.00084959374933775205,4.488785316822231e-4,-1.8927030128926046,0.06669098429148533
Baseline (p=2),p90p100,El Salvador,gdp_x_debt,-0.4025757080286673,0.32405265750044043,-1.2423157123101827,0.22237983986339538
Baseline (p=2),p90p100,Finland,(Intercept),0.04747620043817492,0.0847453573895737,0.5602218446012001,0.5790010610737344
Baseline (p=2),p90p100,Finland,"L(p90p100, 1)",0.8597624764022969,0.06878734349140758,12.49884692101378,2.8901399096686796e-14
Baseline (p=2),p90p100,Finland,public_debt,0.035527066917609866,0.014598073268936274,2.4336819156271186,0.020353174443646763
Baseline (p=2),p90p100,Finland,growth,0.14355378738041552,0.07637227874215048,1.8796582967634696,0.06874690130992739
Baseline (p=2),p90p100,Finland,life_exp,0.008667755080880682,0.006484573484404411,1.3366731214823744,0.19020557036478872
Baseline (p=2),p90p100,Finland,"L(life_exp, 1)",-0.008971681011769376,0.006348354578318602,-1.413229349603465,0.16667852581033069
Baseline (p=2),p90p100,Finland,gdp_x_debt,-0.018111918829590304,0.17809196746845335,-0.10169980761652594,0.9195923686828811
Baseline (p=2),p90p100,France,(Intercept),-0.02375318427932018,0.12398209663579267,-0.1915855992425831,0.8495551865976746
Baseline (p=2),p90p100,France,"L(p90p100, 1)",0.9943010817527667,0.14633524258197736,6.794679560501338,3.2742931657581646e-7
Baseline (p=2),p90p100,France,"L(p90p100, 2)",-0.14288135001905466,0.12135295826233877,-1.1774031063188108,0.24970055680165432
Baseline (p=2),p90p100,France,public_debt,-0.11201144049135602,0.03461228156041397,-3.2361761618010005,0.0032932455919213862
Baseline (p=2),p90p100,France,"L(public_debt, 1)",0.14539997473168004,0.05183155684691007,2.8052403511847825,0.009391724958709338
Baseline (p=2),p90p100,France,"L(public_debt, 2)",-0.03909150589067093,0.05307176618676496,-0.7365781977766471,0.46797351519996755
Baseline (p=2),p90p100,France,"L(public_debt, 3)",0.003112489345237704,0.033479429885419826,0.09296721467151332,0.9266422845046531
Baseline (p=2),p90p100,France,growth,0.13504834933513768,0.07839245817829432,1.7227211963169502,0.0968151209248061
Baseline (p=2),p90p100,France,life_exp,9.483734833819073e-4,0.0020374548221909023,0.46546969928005993,0.6454705949632343
Baseline (p=2),p90p100,France,gdp_x_debt,-0.16144539685390635,0.10580297175731294,-1.5259060702399174,0.13910713570404643
Baseline (p=2),p90p100,France,"L(gdp_x_debt, 1)",3.2267298300036424e-4,0.0696707436292035,0.004631398578400004,0.9963400451620007
Baseline (p=2),p90p100,France,"L(gdp_x_debt, 2)",-0.09645793741704309,0.06405963717361071,-1.5057521658392847,0.14418435420123224
Baseline (p=2),p90p100,France,"L(gdp_x_debt, 3)",0.1261804498252353,0.05436751455673352,2.3208794967730895,0.028401057586236674
Baseline (p=2),p90p100,Germany,(Intercept),0.027659608546389252,0.1099204682750422,0.2516329213334461,0.8028395919019509
Baseline (p=2),p90p100,Germany,"L(p90p100, 1)",0.7955849308761548,0.0837952064421579,9.494396692313547,4.3300099241655634e-11
Baseline (p=2),p90p100,Germany,public_debt,-0.04938649200319347,0.037668103162382935,-1.3110958040624952,0.19861166414273684
Baseline (p=2),p90p100,Germany,"L(public_debt, 1)",0.09466822161013867,0.04359086414697803,2.1717445492922542,0.036943947466825965
Baseline (p=2),p90p100,Germany,growth,0.18645362579582603,0.12065852310991597,1.5453000831609125,0.13153180872374454
Baseline (p=2),p90p100,Germany,life_exp,2.109593014154395e-4,0.0017968930656971497,0.11740225695266543,0.9072321032851842
Baseline (p=2),p90p100,Germany,gdp_x_debt,-0.28748979868526914,0.2080885888006983,-1.3815740706503574,0.17611444223617573
Baseline (p=2),p90p100,Ghana,(Intercept),0.03650392437423718,0.010952544398678266,3.3329172697663214,0.002129750172028244
Baseline (p=2),p90p100,Ghana,"L(p90p100, 1)",1.5744357173479353,0.11558705787023126,13.621211114444515,4.227312350764134e-15
Baseline (p=2),p90p100,Ghana,"L(p90p100, 2)",-0.7110209963533936,0.11587594469831163,-6.136053502774623,6.46809878511294e-7
Baseline (p=2),p90p100,Ghana,public_debt,0.004782061106554287,0.0040618723633655375,1.1773046218005787,0.24749557537944547
Baseline (p=2),p90p100,Ghana,growth,0.021190398703240257,0.012066156471081453,1.7561846437203565,0.08833500897040751
Baseline (p=2),p90p100,Ghana,life_exp,4.4482808903054783e-4,3.416520490485543e-4,1.3019915737936363,0.20193441742749482
Baseline (p=2),p90p100,Ghana,gdp_x_debt,-0.03345182487339792,0.02969102712058224,-1.1266644544677487,0.26801080621109974
Baseline (p=2),p90p100,Greece,(Intercept),0.7956122686405799,0.23808799117653098,3.3416732389945323,0.001991154623163631
Baseline (p=2),p90p100,Greece,"L(p90p100, 1)",0.8530317273253377,0.07765152142276624,10.985383308603685,6.853973533014683e-13
Baseline (p=2),p90p100,Greece,public_debt,0.04006904068374611,0.013445713845034367,2.9800604970143696,0.005212032901217679
Baseline (p=2),p90p100,Greece,growth,-0.10323343362572136,0.12394653780429762,-0.8328867869526076,0.41055623627757254
Baseline (p=2),p90p100,Greece,life_exp,-0.010034433015425934,0.0032035539640025584,-3.132281562346087,0.003495848724246818
Baseline (p=2),p90p100,Greece,gdp_x_debt,0.12796550771183912,0.09302065458625515,1.3756676759695419,0.17766509699449096
Baseline (p=2),p90p100,Guatemala,(Intercept),0.05208681423667854,0.05114610963029007,1.018392495796618,0.3154797731403255
Baseline (p=2),p90p100,Guatemala,"L(p90p100, 1)",0.9286087080509995,0.08135836154550646,11.413807879250339,2.387486347510349e-13
Baseline (p=2),p90p100,Guatemala,public_debt,2.815610282280744e-4,0.01022833899198916,0.027527541710202715,0.9781953361228714
Baseline (p=2),p90p100,Guatemala,growth,0.016258417256257297,0.08425621383364629,0.19296401436168942,0.8481025509112804
Baseline (p=2),p90p100,Guatemala,life_exp,-2.1170676336281443e-4,1.546210932002477e-4,-1.36919717084548,0.17966039971289116
Baseline (p=2),p90p100,Guatemala,gdp_x_debt,-0.03256785474581696,0.2083575575428604,-0.15630752793364625,0.876688744144164
Baseline (p=2),p90p100,Guyana,(Intercept),0.15524953385262172,0.09154009019738879,1.6959731361183459,0.09876999136974798
Baseline (p=2),p90p100,Guyana,"L(p90p100, 1)",0.8311001467639768,0.10588134426521438,7.849353939842464,3.1707586810711483e-9
Baseline (p=2),p90p100,Guyana,public_debt,-7.806695342799126e-4,0.0012783406711049277,-0.6106897417299135,0.5453506322768427
Baseline (p=2),p90p100,Guyana,growth,-0.015083852566789053,0.0186964220050261,-0.8067774980011743,0.42524323585093815
Baseline (p=2),p90p100,Guyana,life_exp,-9.574448026428597e-4,6.182808579754278e-4,-1.5485596720203025,0.13048345783982349
Baseline (p=2),p90p100,Guyana,gdp_x_debt,0.01265067835983133,0.011801362053487967,1.0719676510638314,0.29107075133154575
Baseline (p=2),p90p100,Haiti,(Intercept),0.05986829911691896,0.04933449508652909,1.2135180265231122,0.2330578807930304
Baseline (p=2),p90p100,Haiti,"L(p90p100, 1)",0.9159088734778685,0.08132440448140571,11.262411072278864,3.456473356754916e-13
Baseline (p=2),p90p100,Haiti,public_debt,6.262827825234951e-4,0.0028643144648727555,0.21865014830043011,0.828192574629662
Baseline (p=2),p90p100,Haiti,growth,5.202430099009483e-4,0.01604366382042775,0.03242669602927879,0.9743159916451898
Baseline (p=2),p90p100,Haiti,life_exp,-2.559895358804005e-4,1.5479480126620804e-4,-1.6537347106390416,0.10712433653432105
Baseline (p=2),p90p100,Haiti,gdp_x_debt,0.00260163297445037,0.049220632539014805,0.05285655303978839,0.9581467428795344
Baseline (p=2),p90p100,Honduras,(Intercept),0.057790470192847256,0.05293521915699144,1.0917206183931432,0.2824142899402267
Baseline (p=2),p90p100,Honduras,"L(p90p100, 1)",0.9184676636295145,0.08124176359651121,11.305363435869042,3.1111129319382213e-13
Baseline (p=2),p90p100,Honduras,public_debt,0.0057373984200105345,0.004561015025646072,1.25792140296618,0.2167481386569712
Baseline (p=2),p90p100,Honduras,growth,0.022115823839464706,0.04368802399191764,0.5062216557003396,0.6158750553614263
Baseline (p=2),p90p100,Honduras,life_exp,-2.3415887862506234e-4,1.9957711024334287e-4,-1.173275223494088,0.248608441003166
Baseline (p=2),p90p100,Honduras,gdp_x_debt,-0.07938581717856033,0.08226660320007029,-0.9649823147006087,0.341174271172633
Baseline (p=2),p90p100,Iceland,(Intercept),0.0424009656640657,0.14754075332637667,0.2873847713808944,0.7755620807023915
Baseline (p=2),p90p100,Iceland,"L(p90p100, 1)",0.81844756838197,0.13895814132447656,5.889885692057726,1.196943200894009e-6
Baseline (p=2),p90p100,Iceland,public_debt,-0.04281187305157343,0.01866061562184175,-2.2942369061749113,0.02807859866748793
Baseline (p=2),p90p100,Iceland,"L(public_debt, 1)",0.03798552099490817,0.021939835300000564,1.731349414227699,0.09245585390918876
Baseline (p=2),p90p100,Iceland,growth,0.027203573915079646,0.07542462508501062,0.36067231205218014,0.7205756808490797
Baseline (p=2),p90p100,Iceland,life_exp,2.0825116867172913e-4,0.0019026224834331417,0.10945480277093923,0.9134852497675869
Baseline (p=2),p90p100,Iceland,gdp_x_debt,-0.12169268114289498,0.115027966441217,-1.0579399506735074,0.297541684718632
Baseline (p=2),p90p100,India,(Intercept),-0.3273792463958454,0.12062402966664844,-2.714046672960414,0.010616570669203938
Baseline (p=2),p90p100,India,"L(p90p100, 1)",0.586754315915218,0.16401207100331047,3.577506901326639,0.001128493080575807
Baseline (p=2),p90p100,India,public_debt,-0.05097430675756959,0.04464119352832712,-1.1418670230047452,0.26198197541992746
Baseline (p=2),p90p100,India,growth,0.23242406314370445,0.24662244696299104,0.9424286637565589,0.35303426513805614
Baseline (p=2),p90p100,India,"L(growth, 1)",-0.5112946370500698,0.19684101736598567,-2.597500479787817,0.01407439101776688
Baseline (p=2),p90p100,India,life_exp,0.040273029203351185,0.023129564926366555,1.7411926826795576,0.09125767653358696
Baseline (p=2),p90p100,India,"L(life_exp, 1)",-0.031758395458060765,0.023257492411055944,-1.3655124506442378,0.18161463730664615
Baseline (p=2),p90p100,India,gdp_x_debt,-0.3552057570357511,0.385124237818234,-0.9223147290028433,0.3632665496412024
Baseline (p=2),p90p100,India,"L(gdp_x_debt, 1)",0.7360708823245805,0.3087356661542369,2.3841459313510516,0.023217893502014902
Baseline (p=2),p90p100,Indonesia,(Intercept),0.10575917145888693,0.05729258616266152,1.845948639124478,0.07337172001448138
Baseline (p=2),p90p100,Indonesia,"L(p90p100, 1)",0.6754761502344404,0.11576576489464074,5.834852392235271,1.2743852048717165e-6
Baseline (p=2),p90p100,Indonesia,public_debt,-0.0189499730315043,0.019030710807545172,-0.9957575007650864,0.32620277356570393
Baseline (p=2),p90p100,Indonesia,growth,-0.03934791523464738,0.09934393305790455,-0.39607768711666247,0.6944520760165855
Baseline (p=2),p90p100,Indonesia,life_exp,5.936253213509731e-4,7.541408386219109e-4,0.7871544557058362,0.4364895848962457
Baseline (p=2),p90p100,Indonesia,gdp_x_debt,0.3599405142867969,0.22598178224770898,1.592785536544931,0.12020075167579991
Baseline (p=2),p90p100,Iran,(Intercept),0.6135065961860934,0.16292253470853318,3.7656337552300587,6.114354598613611e-4
Baseline (p=2),p90p100,Iran,"L(p90p100, 1)",0.3603079931450438,0.16741026517793262,2.1522455194852546,0.038355269523393166
Baseline (p=2),p90p100,Iran,public_debt,-0.019917515838431425,0.019483530306928426,-1.022274481301198,0.31366527434403685
Baseline (p=2),p90p100,Iran,growth,0.08955211229822445,0.07380148164081593,1.2134188949493614,0.23309528275314964
Baseline (p=2),p90p100,Iran,life_exp,-0.003972315781345806,0.001109553233591119,-3.580103830159845,0.0010313467479815713
Baseline (p=2),p90p100,Iran,gdp_x_debt,-0.2072932220879208,0.2077463537403958,-0.9978188225963223,0.3252161380640024
Baseline (p=2),p90p100,Ireland,(Intercept),0.08096042654680007,0.04230048846179982,1.9139359731014163,0.06407665978755761
Baseline (p=2),p90p100,Ireland,"L(p90p100, 1)",0.29553999346354926,0.15683908714685085,1.8843516551893127,0.06809065046476596
Baseline (p=2),p90p100,Ireland,public_debt,-0.05216727868393511,0.02335955941461587,-2.233230420060684,0.032222255881082525
Baseline (p=2),p90p100,Ireland,"L(public_debt, 1)",0.03265172311756139,0.021556567247581863,1.51469956893179,0.1390906506254124
Baseline (p=2),p90p100,Ireland,growth,0.19539656020797477,0.09193720321307156,2.1253263464533307,0.040906451625117454
Baseline (p=2),p90p100,Ireland,life_exp,0.0021418506142003493,6.860216465652577e-4,3.12213269788799,0.0036540007503454916
Baseline (p=2),p90p100,Ireland,gdp_x_debt,-0.2285452556400094,0.12834249166465644,-1.780745041456502,0.08389140661668935
Baseline (p=2),p90p100,Italy,(Intercept),-0.03919499850885291,0.038550399461799986,-1.016720943389748,0.3169121453039822
Baseline (p=2),p90p100,Italy,"L(p90p100, 1)",0.7490776713418342,0.0753219506098465,9.945011583965945,2.5941225370761178e-11
Baseline (p=2),p90p100,Italy,public_debt,-0.022120650489586502,0.019133847953981722,-1.1561004635757666,0.25619880416764795
Baseline (p=2),p90p100,Italy,"L(public_debt, 1)",0.034532711127549985,0.020551695053156484,1.6802853019292046,0.10263997482286576
Baseline (p=2),p90p100,Italy,growth,0.043793528908608215,0.07514722274163031,0.58276975929208,0.5641327399018878
Baseline (p=2),p90p100,Italy,"L(growth, 1)",-0.18090903504632902,0.07300916648005132,-2.4778948146978195,0.018681674820403314
Baseline (p=2),p90p100,Italy,life_exp,0.0012577335022844654,7.167451832399525e-4,1.754784729210242,0.08886797230473549
Baseline (p=2),p90p100,Italy,gdp_x_debt,0.019794936207789084,0.07305193470851938,0.27097073180569137,0.7881538315165799
Baseline (p=2),p90p100,Italy,"L(gdp_x_debt, 1)",0.17771294788373354,0.07077330208941146,2.511016762496398,0.0172837319743015
Baseline (p=2),p90p100,Jamaica,(Intercept),0.2027397614100334,0.0974782498450878,2.0798461372893637,0.04492822941624563
Baseline (p=2),p90p100,Jamaica,"L(p90p100, 1)",0.8800546850574781,0.08400867019366541,10.475760216519149,2.4777313339369536e-12
Baseline (p=2),p90p100,Jamaica,public_debt,-4.150062216364859e-4,0.0015356785519192936,-0.2702428975893493,0.7885605725597247
Baseline (p=2),p90p100,Jamaica,growth,0.06714896771053386,0.0517677229086046,1.2971203664701398,0.20307549091398752
Baseline (p=2),p90p100,Jamaica,life_exp,-0.0019227425425848443,8.774528940919899e-4,-2.191277224715916,0.035177797914733175
Baseline (p=2),p90p100,Jamaica,gdp_x_debt,-0.029605743666833127,0.029407515170074675,-1.0067407428207389,0.3209691071346583
Baseline (p=2),p90p100,Japan,(Intercept),0.04834848519340677,0.14585644621193777,0.33147993420293304,0.7424431671801333
Baseline (p=2),p90p100,Japan,"L(p90p100, 1)",0.7962303409826104,0.09494155514667284,8.386531479840771,1.3926653208677457e-9
Baseline (p=2),p90p100,Japan,public_debt,0.010069339576450311,0.007790453517841701,1.292522900417736,0.2054316053999542
Baseline (p=2),p90p100,Japan,growth,0.13464928273974716,0.11198581401823514,1.202378032612431,0.23803906553754645
Baseline (p=2),p90p100,Japan,"L(growth, 1)",-0.20869802205698718,0.11012614993790874,-1.8950814331987014,0.06714664344438184
Baseline (p=2),p90p100,Japan,life_exp,0.008897883153310901,0.006184430124478484,1.438755548080711,0.15992974231510954
Baseline (p=2),p90p100,Japan,"L(life_exp, 1)",-0.008667241753231563,0.006126682018973347,-1.4146713876108654,0.16682233089148443
Baseline (p=2),p90p100,Japan,gdp_x_debt,0.04336308646740768,0.08184111389701472,0.5298447736424249,0.5998768657262206
Baseline (p=2),p90p100,Japan,"L(gdp_x_debt, 1)",0.16088165047950048,0.07605166858005254,2.1154256505254097,0.04227082810739788
Baseline (p=2),p90p100,Jordan,(Intercept),0.10497191683055584,0.04199367231271014,2.499707957162494,0.017932466991016905
Baseline (p=2),p90p100,Jordan,"L(p90p100, 1)",1.2853023418784322,0.14666668233100263,8.763424122308267,6.790235540438464e-10
Baseline (p=2),p90p100,Jordan,"L(p90p100, 2)",-0.5944998029857019,0.13431891246529853,-4.426031986666746,1.1041523703078571e-4
Baseline (p=2),p90p100,Jordan,public_debt,0.008062174485888233,0.004512246575309468,1.7867318089404935,0.08376440237779768
Baseline (p=2),p90p100,Jordan,growth,0.0034238585355404767,0.032877798134877026,0.1041389244344931,0.9177299488312689
Baseline (p=2),p90p100,Jordan,"L(growth, 1)",0.06299073016891565,0.03011347337774677,2.0917789648093033,0.044743401159232823
Baseline (p=2),p90p100,Jordan,life_exp,5.669177141707155e-4,4.5828707626220395e-4,1.2370362236581154,0.22536299318017985
Baseline (p=2),p90p100,Jordan,gdp_x_debt,0.0055888441723054485,0.02946619616743299,0.18966968591902686,0.8508044505290709
Baseline (p=2),p90p100,Jordan,"L(gdp_x_debt, 1)",-0.04405015777411944,0.028905071659677286,-1.5239594730211177,0.13765654727082385
Baseline (p=2),p90p100,Kenya,(Intercept),-0.05339822908001836,0.08018417039674189,-0.6659447720891813,0.5134512649232875
Baseline (p=2),p90p100,Kenya,"L(p90p100, 1)",1.5940494052792729,0.2361773229007549,6.7493753663602805,1.8974247901013189e-6
Baseline (p=2),p90p100,Kenya,"L(p90p100, 2)",-0.8602850217789001,0.3761909649299802,-2.286830631190261,0.03385306463835158
Baseline (p=2),p90p100,Kenya,"L(p90p100, 3)",0.2175362162603099,0.20304317446031903,1.0713791135235784,0.2974201408171345
Baseline (p=2),p90p100,Kenya,public_debt,-0.15320965942970677,0.04461193004720659,-3.4342755237799922,0.0027802099557398333
Baseline (p=2),p90p100,Kenya,"L(public_debt, 1)",0.11618898316297373,0.046381943721614534,2.50504773711819,0.021510225766575405
Baseline (p=2),p90p100,Kenya,"L(public_debt, 2)",-0.1304293403301067,0.06663189870653231,-1.9574609588203127,0.06514675090173618
Baseline (p=2),p90p100,Kenya,"L(public_debt, 3)",0.05693414691366356,0.04982933898649748,1.1425828251322239,0.2674061017164304
Baseline (p=2),p90p100,Kenya,growth,0.41836095821566155,0.20663036603667861,2.024682849090046,0.05718645223508731
Baseline (p=2),p90p100,Kenya,"L(growth, 1)",-0.8387074956551938,0.23424927014944225,-3.580406014158037,0.001995430291300536
Baseline (p=2),p90p100,Kenya,"L(growth, 2)",-0.14533853306907527,0.17091498639295125,-0.8503557010204297,0.4057163172225342
Baseline (p=2),p90p100,Kenya,"L(growth, 3)",0.06387336974398489,0.14586069663989146,0.43790665487961306,0.6663917429973178
Baseline (p=2),p90p100,Kenya,life_exp,0.009014352779765384,0.004696137124948856,1.9195250351348196,0.07006240157037687
Baseline (p=2),p90p100,Kenya,"L(life_exp, 1)",-0.007190344788072044,0.008551545444206396,-0.8408240165458566,0.41090385071223245
Baseline (p=2),p90p100,Kenya,"L(life_exp, 2)",-0.008009967527141724,0.005851506494522165,-1.3688727056254972,0.187006353993665
Baseline (p=2),p90p100,Kenya,"L(life_exp, 3)",0.008434321117138774,0.0026847754836439334,3.1415368504822694,0.005373215262621541
Baseline (p=2),p90p100,Kenya,gdp_x_debt,-1.4468041457498593,0.5237955553394457,-2.762154300473699,0.012403569007276663
Baseline (p=2),p90p100,Kenya,"L(gdp_x_debt, 1)",2.1030589277125333,0.622400338698844,3.3789488805694945,0.003150924440359345
Baseline (p=2),p90p100,Kenya,"L(gdp_x_debt, 2)",0.259745838707093,0.45745891049904286,0.5678014631384832,0.5768186489383927
Baseline (p=2),p90p100,Kenya,"L(gdp_x_debt, 3)",-0.05503445383992789,0.3350145758729457,-0.16427480415299814,0.8712498109633542
Baseline (p=2),p90p100,Lebanon,(Intercept),0.11147426230968806,0.039055419237540086,2.8542584994847258,0.007398325770071498
Baseline (p=2),p90p100,Lebanon,"L(p90p100, 1)",0.768287413923178,0.0858549131789289,8.948671490960594,2.421258925518645e-10
Baseline (p=2),p90p100,Lebanon,public_debt,-0.009042739765040157,0.006635682121786003,-1.3627445677892556,0.18219087884294097
Baseline (p=2),p90p100,Lebanon,"L(public_debt, 1)",0.019893024167810094,0.008152677580835923,2.4400602097366875,0.020222362431425632
Baseline (p=2),p90p100,Lebanon,growth,5.663623578926096e-4,0.01683438826522531,0.03364318019577467,0.9733643625889163
Baseline (p=2),p90p100,Lebanon,life_exp,2.0520659438814254e-5,2.31498988499581e-4,0.08864254471181586,0.9299017706110754
Baseline (p=2),p90p100,Lebanon,gdp_x_debt,-0.012478178956745443,0.016818052846466702,-0.7419514655269369,0.46336508245576846
Baseline (p=2),p90p100,Lebanon,"L(gdp_x_debt, 1)",-0.015738168793990932,0.006647348139722751,-2.3675860603635157,0.023919900040671977
Baseline (p=2),p90p100,Luxembourg,(Intercept),-0.07862937460154948,0.08452269873870762,-0.9302752488372776,0.3587870687164588
Baseline (p=2),p90p100,Luxembourg,"L(p90p100, 1)",0.5544950295026818,0.13699275096392724,4.047623145028242,2.8244130747112883e-4
Baseline (p=2),p90p100,Luxembourg,public_debt,-0.17114087503011538,0.08670586131118735,-1.9738097568270587,0.056573982524069075
Baseline (p=2),p90p100,Luxembourg,growth,0.022674844796160682,0.09750798558214877,0.232543464627905,0.8175100980207154
Baseline (p=2),p90p100,Luxembourg,life_exp,0.0034159138422247114,0.0014908035750778358,2.2913238868818544,0.028265001857329504
Baseline (p=2),p90p100,Luxembourg,gdp_x_debt,-0.22897573942181915,0.6815402222888263,-0.33596804991618345,0.7389595455214453
Baseline (p=2),p90p100,Luxembourg,"L(gdp_x_debt, 1)",-0.5857335028104581,0.2943475287846404,-1.9899385778061365,0.05468825394139618
Baseline (p=2),p90p100,Malaysia,(Intercept),0.18258290073464686,0.10506491164266815,1.7378104438484836,0.09156951838589236
Baseline (p=2),p90p100,Malaysia,"L(p90p100, 1)",0.9549888616945498,0.062335549963273375,15.320132127769893,1.4633261348438403e-16
Baseline (p=2),p90p100,Malaysia,public_debt,-0.005203427986491511,0.009428769754785075,-0.5518671175368118,0.5847576498254976
Baseline (p=2),p90p100,Malaysia,growth,0.06600235217626778,0.056778985365225236,1.1624433186277308,0.2533934242139594
Baseline (p=2),p90p100,Malaysia,life_exp,-0.016663092159562076,0.010012515133939474,-1.66422641430814,0.10553597319431207
Baseline (p=2),p90p100,Malaysia,"L(life_exp, 1)",0.014422411629018845,0.009375834584849961,1.5382536347562539,0.13352112660404594
Baseline (p=2),p90p100,Malaysia,gdp_x_debt,-0.07936240402896508,0.10046624423538472,-0.7899409859795797,0.4352020584838534
Baseline (p=2),p90p100,Malaysia,"L(gdp_x_debt, 1)",0.05701001345480876,0.03742121567414407,1.5234677021516283,0.1371684294156351
Baseline (p=2),p90p100,Malta,(Intercept),-0.06579395742091688,0.03730249685024717,-1.763794999703376,0.0867515224777354
Baseline (p=2),p90p100,Malta,"L(p90p100, 1)",0.5849266655083493,0.1421535647700079,4.114752003966342,2.3276927492850443e-4
Baseline (p=2),p90p100,Malta,public_debt,-0.025772887272447288,0.011297820192163667,-2.2812265405253784,0.02891977709982221
Baseline (p=2),p90p100,Malta,growth,0.011863849024203753,0.0493293692501945,0.24050275129266882,0.811384827163936
Baseline (p=2),p90p100,Malta,life_exp,-5.840128882257182e-4,0.0018499301701850356,-0.31569455844233485,0.7541641188782995
Baseline (p=2),p90p100,Malta,"L(life_exp, 1)",0.003273752710373246,0.001833620149950607,1.7854039782783977,0.08311937779711409
Baseline (p=2),p90p100,Malta,gdp_x_debt,-0.0028417314182373797,0.09113357882794673,-0.031182045682660534,0.975306688229636
Baseline (p=2),p90p100,Mauritania,(Intercept),0.13626147556945956,0.11941314487392646,1.1410927642289395,0.26385164382385157
Baseline (p=2),p90p100,Mauritania,"L(p90p100, 1)",1.2886596557284822,0.12366943795599493,10.42019497320772,5.828509645456488e-11
Baseline (p=2),p90p100,Mauritania,"L(p90p100, 2)",-0.4881132162599586,0.12988483409329896,-3.7580462697387507,8.364106838631214e-4
Baseline (p=2),p90p100,Mauritania,public_debt,-0.027515117985956933,0.022917560742252253,-1.200612852973848,0.24032924289508623
Baseline (p=2),p90p100,Mauritania,"L(public_debt, 1)",-0.013441437491056798,0.02864722324987583,-0.46920559712938525,0.6426895783432347
Baseline (p=2),p90p100,Mauritania,"L(public_debt, 2)",0.07990011717277706,0.02390783480174471,3.342005574128621,0.0024459857280351334
Baseline (p=2),p90p100,Mauritania,growth,-0.09488726538505997,0.13167876087251193,-0.7205965848731477,0.47735076442146984
Baseline (p=2),p90p100,Mauritania,"L(growth, 1)",0.15598715220609538,0.13819183800060372,1.1287725415839243,0.26892371190588127
Baseline (p=2),p90p100,Mauritania,"L(growth, 2)",0.2151472840288592,0.14015207311298103,1.5350988340744853,0.13639594907211658
Baseline (p=2),p90p100,Mauritania,life_exp,-0.0011193736842499621,0.0015867101771135875,-0.7054682703845983,0.48656126211260886
Baseline (p=2),p90p100,Mauritania,gdp_x_debt,0.20585792239285003,0.215309892701386,0.95610062227078,0.34750435571070104
Baseline (p=2),p90p100,Mauritania,"L(gdp_x_debt, 1)",-0.4325313600040387,0.22742754442662344,-1.9018424575374568,0.06791133793209718
Baseline (p=2),p90p100,Mauritania,"L(gdp_x_debt, 2)",-0.46026005658046504,0.22885461462357426,-2.011146060294708,0.0543914733561668
Baseline (p=2),p90p100,Mexico,(Intercept),0.22626842774476796,0.1113580993327466,2.0318991532772164,0.05638599688672243
Baseline (p=2),p90p100,Mexico,"L(p90p100, 1)",1.148617403124065,0.1592447290621132,7.212906887963923,7.531217826676788e-7
Baseline (p=2),p90p100,Mexico,"L(p90p100, 2)",-1.0969064651595688,0.21017160397971732,-5.2190992712099495,4.884992139595999e-5
Baseline (p=2),p90p100,Mexico,"L(p90p100, 3)",0.8092374671712118,0.16240684563283858,4.98277929121717,8.261732071117963e-5
Baseline (p=2),p90p100,Mexico,public_debt,-0.04649628367519038,0.0579554365308479,-0.8022764810069516,0.4323139648934574
Baseline (p=2),p90p100,Mexico,"L(public_debt, 1)",0.07055721903713258,0.06725977302437584,1.0490255298893396,0.30732764297942006
Baseline (p=2),p90p100,Mexico,"L(public_debt, 2)",-0.08541058334460844,0.06786336402185197,-1.2585668950496804,0.2234325410635906
Baseline (p=2),p90p100,Mexico,"L(public_debt, 3)",0.03746448850794637,0.05856885253539917,0.6396657418770965,0.53002798283919
Baseline (p=2),p90p100,Mexico,growth,0.3116646626995349,0.19604592530895298,1.589753330544238,0.12839210767252357
Baseline (p=2),p90p100,Mexico,"L(growth, 1)",-0.06456847346869782,0.1267515557671702,-0.5094097116038842,0.616330658014939
Baseline (p=2),p90p100,Mexico,"L(growth, 2)",-0.06554101079017519,0.1232788408878249,-0.5316484995978581,0.601130866563625
Baseline (p=2),p90p100,Mexico,"L(growth, 3)",0.24861009759603514,0.13639559772426013,1.822713502078197,0.08412356971937983
Baseline (p=2),p90p100,Mexico,life_exp,-0.07744677140265399,0.06063456322204523,-1.2772710363071644,0.21689478948279717
Baseline (p=2),p90p100,Mexico,"L(life_exp, 1)",0.14953049594344325,0.17342032644863234,0.8622431926267574,0.3993061678973795
Baseline (p=2),p90p100,Mexico,"L(life_exp, 2)",-0.13102063666393124,0.19252114302874862,-0.6805519362845581,0.5043646187910478
Baseline (p=2),p90p100,Mexico,"L(life_exp, 3)",0.05724540137067031,0.07902168057613347,0.7244265238767885,0.47763053735345773
Baseline (p=2),p90p100,Mexico,gdp_x_debt,-1.0675808040339134,0.737243262041021,-1.4480712934267714,0.1638985600018574
Baseline (p=2),p90p100,Mexico,"L(gdp_x_debt, 1)",0.01958826547381454,0.5147985418164909,0.03805035151167372,0.9700444937353592
Baseline (p=2),p90p100,Mexico,"L(gdp_x_debt, 2)",0.1481330271452139,0.4405915554883275,0.33621394985891495,0.7403942341193497
Baseline (p=2),p90p100,Mexico,"L(gdp_x_debt, 3)",-0.8701112219276758,0.4969213418861565,-1.7510039287606531,0.09607416132630059
Baseline (p=2),p90p100,Netherlands,(Intercept),0.060611565645022715,0.027462858530241826,2.207037755311519,0.03437670365188618
Baseline (p=2),p90p100,Netherlands,"L(p90p100, 1)",0.5251508484880643,0.16648809476114038,3.1542846906951247,0.003420798988927275
Baseline (p=2),p90p100,Netherlands,public_debt,-0.05733519400282772,0.024054030991523905,-2.3836002382732167,0.0230536950754681
Baseline (p=2),p90p100,Netherlands,"L(public_debt, 1)",0.05945441456958802,0.025422734230971612,2.33863179426062,0.025561276446101313
Baseline (p=2),p90p100,Netherlands,growth,0.3346714045886168,0.1317615078787876,2.5399785565333217,0.015977461931968532
Baseline (p=2),p90p100,Netherlands,life_exp,9.538591781511177e-4,7.791619039975135e-4,1.2242117758290219,0.22954068278962775
Baseline (p=2),p90p100,Netherlands,gdp_x_debt,-0.6127207773335152,0.2314681553792937,-2.6471061487031964,0.012348055790792381
Baseline (p=2),p90p100,Netherlands,"L(gdp_x_debt, 1)",-0.06336723025031434,0.03266565793227683,-1.9398730734794531,0.06098153200655869
Baseline (p=2),p90p100,New Zealand,(Intercept),0.22819669706731557,0.13482364459652185,1.6925569528269713,0.10056857920703309
Baseline (p=2),p90p100,New Zealand,"L(p90p100, 1)",0.8310045101207554,0.1630745184490438,5.095857513633688,1.6317338363888997e-5
Baseline (p=2),p90p100,New Zealand,"L(p90p100, 2)",-0.3521514486895977,0.16308429855135428,-2.159321601268115,0.038677691632958124
Baseline (p=2),p90p100,New Zealand,public_debt,-0.05789859074712824,0.04215487413834686,-1.373473220608192,0.1794576528687891
Baseline (p=2),p90p100,New Zealand,growth,-0.011214229083807443,0.35581779348319836,-0.03151677428503017,0.9750594605237092
Baseline (p=2),p90p100,New Zealand,life_exp,0.01553330099312251,0.011438669376135805,1.357963980104996,0.18427759782837813
Baseline (p=2),p90p100,New Zealand,"L(life_exp, 1)",0.018437205867077068,0.013746286960767433,1.3412498894936316,0.18958388383945135
Baseline (p=2),p90p100,New Zealand,"L(life_exp, 2)",-0.034463540561320394,0.012707012710279741,-2.7121670015675687,0.010806796816507853
Baseline (p=2),p90p100,New Zealand,gdp_x_debt,0.5370934189268602,0.7876611486485359,0.6818838530355367,0.5003756830662351
Baseline (p=2),p90p100,Norway,(Intercept),-0.11838476336486381,0.09307566925718186,-1.2719195500786482,0.2120329602119133
Baseline (p=2),p90p100,Norway,"L(p90p100, 1)",0.824575436347419,0.10407162927292948,7.923152948676886,3.1458726160869267e-9
Baseline (p=2),p90p100,Norway,public_debt,0.007376790251688555,0.028177374416821034,0.2617983543308718,0.7950564670196612
Baseline (p=2),p90p100,Norway,growth,0.1488504692635807,0.1316573707888727,1.1305897145878678,0.2661403274589008
Baseline (p=2),p90p100,Norway,life_exp,0.0020770050900010763,0.0014731384313297813,1.4099184746176183,0.167646474511058
Baseline (p=2),p90p100,Norway,gdp_x_debt,-0.004126869392152054,0.35868113776845023,-0.011505677209087562,0.9908872490415546
Baseline (p=2),p90p100,Norway,"L(gdp_x_debt, 1)",-0.12462969479801299,0.07845881730598639,-1.5884727692486358,0.1214367567054624
Baseline (p=2),p90p100,Pakistan,(Intercept),0.20388612866455058,0.05302369955765955,3.8451886678114326,5.832718419949238e-4
Baseline (p=2),p90p100,Pakistan,"L(p90p100, 1)",1.1034877690246931,0.16704198734431971,6.606050290518274,2.597730204171177e-7
Baseline (p=2),p90p100,Pakistan,"L(p90p100, 2)",-0.6436877594353434,0.15578003229991888,-4.132029952311664,2.6532479062604315e-4
Baseline (p=2),p90p100,Pakistan,public_debt,-0.002113835308144449,0.027010481121341214,-0.07825981694470038,0.9381410464730923
Baseline (p=2),p90p100,Pakistan,growth,0.24666282295547606,0.25552589872466175,0.9653143739502665,0.3421049955140084
Baseline (p=2),p90p100,Pakistan,life_exp,-0.010769885785542697,0.0033322377108179852,-3.2320280604767975,0.0029815778209255953
Baseline (p=2),p90p100,Pakistan,"L(life_exp, 1)",0.01116117949016843,0.003391893285898473,3.2905455889694846,0.0025615968763304463
Baseline (p=2),p90p100,Pakistan,gdp_x_debt,-0.3598847080271416,0.4659210728832999,-0.772415606360184,0.44591121569635794
Baseline (p=2),p90p100,Pakistan,"L(gdp_x_debt, 1)",0.07628558176036232,0.08095700669193108,0.9422974598190726,0.35356721384399636
Baseline (p=2),p90p100,Pakistan,"L(gdp_x_debt, 2)",0.25645085016271746,0.08298031072134511,3.090502408744902,0.00428689667904784
Baseline (p=2),p90p100,Panama,(Intercept),0.07789422219594304,0.05842738228639079,1.3331800800886908,0.191085805220102
Baseline (p=2),p90p100,Panama,"L(p90p100, 1)",0.8985019342740842,0.07512823197031165,11.95957778733758,6.441750120755148e-14
Baseline (p=2),p90p100,Panama,public_debt,-0.003991667096006132,0.005678676031117568,-0.7029221378597589,0.486753777378243
Baseline (p=2),p90p100,Panama,growth,-0.07707959724089532,0.027042272140784758,-2.850337310400963,0.007273523725733211
Baseline (p=2),p90p100,Panama,life_exp,-2.474587828754898e-4,4.322170495564137e-4,-0.5725335988699609,0.5706203515111106
Baseline (p=2),p90p100,Panama,gdp_x_debt,0.08228251502015838,0.0381568415870391,2.1564288761286687,0.038002936823954316
Baseline (p=2),p90p100,Paraguay,(Intercept),0.10421867074813977,0.06590578724900656,1.581328060832939,0.12334152984777132
Baseline (p=2),p90p100,Paraguay,"L(p90p100, 1)",0.8795233263648331,0.09111243047105223,9.653165016207867,3.889221930816752e-11
Baseline (p=2),p90p100,Paraguay,public_debt,-0.0022676117366192323,0.010126322556882911,-0.22393240229918662,0.824190522982101
Baseline (p=2),p90p100,Paraguay,growth,0.019662268141124137,0.030063859115970714,0.6540167736043914,0.5176330813532515
Baseline (p=2),p90p100,Paraguay,"L(growth, 1)",-0.06361869247574287,0.027724420689139967,-2.2946806784194838,0.028247975433109026
Baseline (p=2),p90p100,Paraguay,life_exp,-5.346687307853312e-4,3.3365462034719886e-4,-1.6024616420086086,0.11858383991384035
Baseline (p=2),p90p100,Paraguay,gdp_x_debt,-0.041677938702156275,0.08847737167830165,-0.4710576039000653,0.6406988020794684
Baseline (p=2),p90p100,Paraguay,"L(gdp_x_debt, 1)",0.15279641911482394,0.07376964626153047,2.071264088391115,0.04622757577168182
Baseline (p=2),p90p100,Portugal,(Intercept),0.11174623003337217,0.15041596239817684,0.7429147030124419,0.4631263998734221
Baseline (p=2),p90p100,Portugal,"L(p90p100, 1)",0.6771524090091227,0.1537575290306347,4.404027648455553,1.1751383630111245e-4
Baseline (p=2),p90p100,Portugal,"L(p90p100, 2)",0.30168500452573926,0.17268749215493165,1.7469997436471758,0.09053940014453593
Baseline (p=2),p90p100,Portugal,public_debt,-0.042621086656771924,0.029475191301632623,-1.4459986441007815,0.15821286337486765
Baseline (p=2),p90p100,Portugal,"L(public_debt, 1)",0.0440469581909813,0.028042693354475814,1.5707106886703908,0.1264020386404088
Baseline (p=2),p90p100,Portugal,growth,-0.05596907762996022,0.1269625842146321,-0.4408312730571369,0.6623942462330197
Baseline (p=2),p90p100,Portugal,life_exp,0.010482779989885359,0.004487760768182654,2.3358598043385506,0.02614226285949234
Baseline (p=2),p90p100,Portugal,"L(life_exp, 1)",-0.011837047828351962,0.004711669618459187,-2.5122830730697374,0.01741231289374703
Baseline (p=2),p90p100,Portugal,gdp_x_debt,0.02444993540441008,0.16794293745400996,0.1455847788246858,0.8851917049664128
Baseline (p=2),p90p100,Singapore,(Intercept),-0.07792991610248987,0.11574882797155883,-0.6732674314563114,0.5054653408448215
Baseline (p=2),p90p100,Singapore,"L(p90p100, 1)",0.7408694944362753,0.11554338412095048,6.41204600395584,2.8838240627351386e-7
Baseline (p=2),p90p100,Singapore,public_debt,0.1066419532971436,0.04784685804920846,2.228818310022925,0.03275161197562282
Baseline (p=2),p90p100,Singapore,"L(public_debt, 1)",-0.07565457238991498,0.05774630477755416,-1.3101197155618123,0.1992019905021862
Baseline (p=2),p90p100,Singapore,growth,0.220966083637819,0.16883018402420258,1.3088067451620056,0.19964144670389014
Baseline (p=2),p90p100,Singapore,life_exp,0.0019492243326316389,0.0019222363740458905,1.0140398750903588,0.3179412770892408
Baseline (p=2),p90p100,Singapore,gdp_x_debt,-0.24602125126991725,0.19189270165805183,-1.2820771667925193,0.20874967831054048
Baseline (p=2),p90p100,Singapore,"L(gdp_x_debt, 1)",0.062242925499564984,0.024314602276893138,2.5598989771967693,0.015235883897941407
Baseline (p=2),p90p100,South Africa,(Intercept),0.03416591743226384,0.05255572670166987,0.6500893351966204,0.5201348338228606
Baseline (p=2),p90p100,South Africa,"L(p90p100, 1)",1.009297463461989,0.0325392647351272,31.017832507211487,5.456678407294444e-26
Baseline (p=2),p90p100,South Africa,public_debt,0.015396984975230975,0.0331047645145991,0.46509876149220003,0.6449153379831314
Baseline (p=2),p90p100,South Africa,growth,0.2966855118230719,0.24628014500590845,1.2046667903982036,0.23690077374592197
Baseline (p=2),p90p100,South Africa,"L(growth, 1)",-0.4468559032239158,0.2668391712477383,-1.674626334411175,0.10346061044471858
Baseline (p=2),p90p100,South Africa,life_exp,-6.933750290707701e-4,7.6109307350723e-4,-0.9110252782561729,0.3688891026037271
Baseline (p=2),p90p100,South Africa,gdp_x_debt,-0.7200636034350679,0.740569144025931,-0.9723111059159317,0.33796925732404537
Baseline (p=2),p90p100,South Africa,"L(gdp_x_debt, 1)",1.3881013271408247,0.7992361235828205,1.7367850203244515,0.09175292540676114
Baseline (p=2),p90p100,South Korea,(Intercept),-0.02031938826975172,0.0396134876503688,-0.5129411590590547,0.6112150044626168
Baseline (p=2),p90p100,South Korea,"L(p90p100, 1)",0.9816254249373898,0.09419932946921218,10.420726245808588,2.8523197822626805e-12
Baseline (p=2),p90p100,South Korea,public_debt,-0.06654488148247688,0.053975557706643945,-1.2328706605339208,0.22584101904204662
Baseline (p=2),p90p100,South Korea,growth,-0.23680935644215015,0.06616090790691094,-3.579294237850292,0.0010336818086030546
Baseline (p=2),p90p100,South Korea,life_exp,5.498022079168626e-4,3.7198137690105547e-4,1.478036918130733,0.14834135563592174
Baseline (p=2),p90p100,South Korea,gdp_x_debt,1.3833644198526927,0.3691352438643661,3.7475815242420794,6.435901033562171e-4
Baseline (p=2),p90p100,Spain,(Intercept),0.1589957084264221,0.07778817621713563,2.043957271637352,0.048765838565234386
Baseline (p=2),p90p100,Spain,"L(p90p100, 1)",0.6811036002638695,0.11913999273247092,5.716834327775132,2.0092673554391826e-6
Baseline (p=2),p90p100,Spain,public_debt,0.035670831542907774,0.021737121548187837,1.6410098947016079,0.11001535791353464
Baseline (p=2),p90p100,Spain,"L(public_debt, 1)",-0.03266062027371693,0.022553958904544976,-1.4481103034702838,0.1567457836631635
Baseline (p=2),p90p100,Spain,growth,0.07224589718730132,0.052330584243557514,1.3805673724385297,0.1764212154878471
Baseline (p=2),p90p100,Spain,life_exp,-0.00064766257579776615,6.621329007571662e-4,-0.978145890435511,0.33491110366443266
Baseline (p=2),p90p100,Spain,gdp_x_debt,-0.050597749061951754,0.09966663925336781,-0.5076698626641213,0.614962540793123
Baseline (p=2),p90p100,Sweden,(Intercept),-0.07443670927853772,0.058069473042584065,-1.2818561178254724,0.20856563518478916
Baseline (p=2),p90p100,Sweden,"L(p90p100, 1)",0.8447799085748768,0.09287642656332332,9.095740865944109,1.2468529060253888e-10
Baseline (p=2),p90p100,Sweden,public_debt,0.040454953357336,0.016754812575177143,2.4145273589793224,0.02128518215384958
Baseline (p=2),p90p100,Sweden,growth,0.010067569027649619,0.1722859408015503,0.05843523261858072,0.9537440513592456
Baseline (p=2),p90p100,Sweden,life_exp,0.0012863100333446078,9.49551738059935e-4,1.35464975923557,0.18446314620408988
Baseline (p=2),p90p100,Sweden,gdp_x_debt,0.21154884555104053,0.352915898219182,0.5994313280260782,0.5528591405326161
Baseline (p=2),p90p100,Sweden,"L(gdp_x_debt, 1)",-0.29418985565033234,0.08698721537387555,-3.3819895761220673,0.0018236502223239843
Baseline (p=2),p90p100,Switzerland,(Intercept),0.09046845551634525,0.04942439122815767,1.830441473699008,0.07622827166488845
Baseline (p=2),p90p100,Switzerland,"L(p90p100, 1)",0.6822294482045129,0.17696916179087735,3.8550753210364217,5.066922378316955e-4
Baseline (p=2),p90p100,Switzerland,public_debt,-0.043818148729874766,0.03440007777395066,-1.2737805134573243,0.21163994249179582
Baseline (p=2),p90p100,Switzerland,"L(public_debt, 1)",0.051936125987155836,0.03271448896560865,1.5875573065424948,0.1219232329536605
Baseline (p=2),p90p100,Switzerland,growth,-0.22153929803448874,0.21207066485456336,-1.0446484816106882,0.30377773931824553
Baseline (p=2),p90p100,Switzerland,life_exp,1.053274674156044e-4,7.944599616458752e-4,0.13257743939341948,0.8953326884335582
Baseline (p=2),p90p100,Switzerland,gdp_x_debt,0.6023418373860417,0.5191575091481055,1.1602294617185347,0.2542807055731174
Baseline (p=2),p90p100,Switzerland,"L(gdp_x_debt, 1)",-0.1612879120796425,0.11453061761025367,-1.408251482834951,0.16840856587968644
Baseline (p=2),p90p100,Thailand,(Intercept),0.3046861417241784,0.12150548340178793,2.5075917003404555,0.017095286032490706
Baseline (p=2),p90p100,Thailand,"L(p90p100, 1)",0.6482495349136939,0.157333436197299,4.120227401000618,2.2911778876729416e-4
Baseline (p=2),p90p100,Thailand,public_debt,-0.04283951764750248,0.02592373911903473,-1.6525207822372812,0.10763504444907342
Baseline (p=2),p90p100,Thailand,growth,0.05826031033784118,0.061102413799004475,0.9534862326304759,0.3470738189768665
Baseline (p=2),p90p100,Thailand,"L(growth, 1)",-0.06943580361230203,0.03973744966623505,-1.7473643677566382,0.08960204609559635
Baseline (p=2),p90p100,Thailand,life_exp,-0.0014836178137557483,5.909882424649583e-4,-2.510401573418302,0.01698141634523375
Baseline (p=2),p90p100,Thailand,gdp_x_debt,0.4058270290428366,0.3192061319209183,1.271363512350628,0.21222826536568967
Baseline (p=2),p90p100,Togo,(Intercept),0.10066336696156541,0.0706019887820302,1.4257865634967286,0.16304720972372294
Baseline (p=2),p90p100,Togo,"L(p90p100, 1)",0.7830197820293789,0.13156496258179137,5.951582903712612,9.95297376547991e-7
Baseline (p=2),p90p100,Togo,public_debt,-0.00937182653153634,0.010124381331127965,-0.9256690581894764,0.36114208569352757
Baseline (p=2),p90p100,Togo,"L(public_debt, 1)",0.017336490303724167,0.008481581081443973,2.04401633813924,0.04875968307821521
Baseline (p=2),p90p100,Togo,growth,-0.03989648287735658,0.0551972908120312,-0.7227978455178176,0.4747470739652573
Baseline (p=2),p90p100,Togo,life_exp,5.147677956723095e-5,2.76951555022774e-4,0.1858692563145131,0.8536517796559981
Baseline (p=2),p90p100,Togo,gdp_x_debt,0.055314063821027694,0.0844069192412252,0.6553261784492632,0.5166675793231215
Baseline (p=2),p90p100,Trinidad and Tobago,(Intercept),0.2602335440493666,0.08627365548669871,3.0163732205538487,0.004816697114713982
Baseline (p=2),p90p100,Trinidad and Tobago,"L(p90p100, 1)",0.6968732125649679,0.11112900874057592,6.270848813128326,3.840678831569192e-7
Baseline (p=2),p90p100,Trinidad and Tobago,public_debt,0.003130479394363199,0.004214233252229867,0.7428348662729516,0.46268357741984356
Baseline (p=2),p90p100,Trinidad and Tobago,growth,0.014963582533796137,0.01569425241166651,0.9534434735274667,0.34709516079614267
Baseline (p=2),p90p100,Trinidad and Tobago,life_exp,-0.0013560550664719903,4.140477236627985e-4,-3.27511779191996,0.002433458992257094
Baseline (p=2),p90p100,Trinidad and Tobago,gdp_x_debt,-0.046820055970808155,0.05247333992961055,-0.8922636911165576,0.3785233389870314
Baseline (p=2),p90p100,Trinidad and Tobago,"L(gdp_x_debt, 1)",0.036060150683717915,0.022185827314879825,1.6253687623148816,0.11331921102382243
Baseline (p=2),p90p100,Turkey,(Intercept),0.12417210318016851,0.073357554409162265,1.6926968760106262,0.10022901403181143
Baseline (p=2),p90p100,Turkey,"L(p90p100, 1)",0.8436785179796026,0.0701524665723755,12.026355724915089,2.0693383326848657e-13
Baseline (p=2),p90p100,Turkey,public_debt,0.036389363030904204,0.020613870773331294,1.7652852989639423,0.08705814757834802
Baseline (p=2),p90p100,Turkey,"L(public_debt, 1)",-0.052198331195168146,0.02035032283120679,-2.5649878691419628,0.015210219710745779
Baseline (p=2),p90p100,Turkey,growth,0.1519311992154126,0.06622222457506853,2.294262993886375,0.028485199631321217
Baseline (p=2),p90p100,Turkey,"L(growth, 1)",0.11423580742806604,0.06611784344428956,1.7277606388405626,0.09367217190048875
Baseline (p=2),p90p100,Turkey,life_exp,-4.6399069489342764e-4,5.216336673253348e-4,-0.88949529901421,0.380375345670121
Baseline (p=2),p90p100,Turkey,gdp_x_debt,-0.39641189403158955,0.15702178462811475,-2.5245662248103886,0.016740063712610973
Baseline (p=2),p90p100,Turkey,"L(gdp_x_debt, 1)",-0.3544747918829574,0.16070569910764496,-2.2057387749859494,0.03470301816349664
Baseline (p=2),p90p100,United Arab Emirates,(Intercept),0.073038325888028,0.02135422470515645,3.4203220625655066,0.0016830409357337026
Baseline (p=2),p90p100,United Arab Emirates,"L(p90p100, 1)",0.8153063941183595,0.028058899201607555,29.056962935725178,4.372333500921547e-25
Baseline (p=2),p90p100,United Arab Emirates,public_debt,0.07479041212757985,0.020753368782562887,3.6037721350771363,0.001019869566791304
Baseline (p=2),p90p100,United Arab Emirates,"L(public_debt, 1)",-0.20705438346269248,0.024767435415507896,-8.359944418510418,1.172478523015474e-9
Baseline (p=2),p90p100,United Arab Emirates,growth,0.00632753561212002,0.0048101093272820625,1.315466069810803,0.197420177704978
Baseline (p=2),p90p100,United Arab Emirates,life_exp,4.935437861185311e-4,2.0641165362902608e-4,2.3910655112794843,0.022659716175264567
Baseline (p=2),p90p100,United Arab Emirates,gdp_x_debt,0.021132536477107083,0.06677500718200033,0.3164737432301394,0.7536362403472009
Baseline (p=2),p90p100,United Arab Emirates,"L(gdp_x_debt, 1)",-0.09635914164000742,0.042110532159244096,-2.288243265974844,0.028662178110318307
Baseline (p=2),p90p100,United Kingdom,(Intercept),-0.5967740442411524,0.13023394443146888,-4.582323347775005,6.280753243170293e-5
Baseline (p=2),p90p100,United Kingdom,"L(p90p100, 1)",0.37866358180886844,0.11915390533046681,3.1779368100329215,0.003214646255121044
Baseline (p=2),p90p100,United Kingdom,public_debt,0.0465004608061207,0.04158495913955658,1.118203835431652,0.27155433042748733
Baseline (p=2),p90p100,United Kingdom,"L(public_debt, 1)",-0.14052983444515096,0.046264774018133926,-3.0375126092709097,0.0046365161185533054
Baseline (p=2),p90p100,United Kingdom,growth,-0.30378215810715165,0.1550988258459101,-1.9586360918615704,0.05865143082479687
Baseline (p=2),p90p100,United Kingdom,life_exp,0.010974186294828802,0.002251587461406008,4.873977352838851,2.6728844531087914e-5
Baseline (p=2),p90p100,United Kingdom,gdp_x_debt,0.6533578231541857,0.2976717633267134,2.1948935157718825,0.03531376519404411
Baseline (p=2),p90p100,United Kingdom,"L(gdp_x_debt, 1)",0.45578213949827073,0.09872832736185763,4.616528525068035,5.68394379283382e-5
Baseline (p=2),p90p100,United States,(Intercept),-0.4181815427688362,0.11240273157751073,-3.720385945251396,6.951469119364401e-4
Baseline (p=2),p90p100,United States,"L(p90p100, 1)",0.6637830093798774,0.07490220183069998,8.86199595147034,1.8120445832157735e-10
Baseline (p=2),p90p100,United States,public_debt,-0.011415379355738048,0.008823795460915222,-1.2937039855810555,0.2042404434338311
Baseline (p=2),p90p100,United States,growth,-0.05319442022912317,0.1480273782696079,-0.35935528177928105,0.7214883995855581
Baseline (p=2),p90p100,United States,life_exp,0.0073010149081513915,0.001852089025519085,3.942043178029812,3.690681900709199e-4
Baseline (p=2),p90p100,United States,gdp_x_debt,0.45212575354980294,0.23377180297235153,1.9340474248867234,0.06122537760676875
Baseline (p=2),p90p100,Uruguay,(Intercept),0.10442917599125259,0.10485642031136837,0.9959254348103141,0.3263218751421497
Baseline (p=2),p90p100,Uruguay,"L(p90p100, 1)",0.8802433648727331,0.08550094959220701,10.295129692372013,5.509855981838474e-12
Baseline (p=2),p90p100,Uruguay,public_debt,0.0018308785385043615,0.010596534240673345,0.17278088259053465,0.8638481335326814
Baseline (p=2),p90p100,Uruguay,growth,-0.029182419571794082,0.040574232673098884,-0.7192352793683838,0.4769106991937131
Baseline (p=2),p90p100,Uruguay,life_exp,-6.273552724155698e-4,0.0010153922398146785,-0.6178452501567964,0.5407940234599934
Baseline (p=2),p90p100,Uruguay,gdp_x_debt,0.0701815350042437,0.11473730321455913,0.6116714707247738,0.54482383045602
Baseline (p=2),p90p100,Uruguay,"L(gdp_x_debt, 1)",-0.15468042886544486,0.06603696476409815,-2.3423309871676428,0.025157013079577958
Baseline (p=2),p90p100,Venezuela,(Intercept),0.12007136883358686,0.08353734754608982,1.4373375784686033,0.15950277703964988
Baseline (p=2),p90p100,Venezuela,"L(p90p100, 1)",0.8623332738506501,0.11885067826617467,7.255602462102845,1.7929400371072597e-8
Baseline (p=2),p90p100,Venezuela,public_debt,-0.0024428380865291308,0.0025445448422351325,-0.9600294897469119,0.34362596197948114
Baseline (p=2),p90p100,Venezuela,growth,-0.0017709556690704042,0.008171483123773065,-0.21672389727125702,0.82968184743315
Baseline (p=2),p90p100,Venezuela,life_exp,-6.057699941623459e-4,6.028914822970992e-4,-1.004774510753211,0.3219018150057706
Baseline (p=2),p90p100,Venezuela,gdp_x_debt,0.003408250135713029,0.005579826240940241,0.6108165359534053,0.5452676349192171
Baseline (p=2),p90p100,Zambia,(Intercept),0.08807906696223304,0.04342574753089272,2.0282682963505536,0.05678747588704919
Baseline (p=2),p90p100,Zambia,"L(p90p100, 1)",1.504606337438961,0.1464299214641377,10.27526561780924,3.3923145701060588e-9
Baseline (p=2),p90p100,Zambia,"L(p90p100, 2)",-1.0325218453413159,0.1501156779748919,-6.878174613540458,1.4635019791109532e-6
Baseline (p=2),p90p100,Zambia,"L(p90p100, 3)",0.28618040525482275,0.10284564985332073,2.7826204186854326,0.011864090874887694
Baseline (p=2),p90p100,Zambia,public_debt,0.004764198355430096,0.007688906665838404,0.6196197408140347,0.5428679943723405
Baseline (p=2),p90p100,Zambia,"L(public_debt, 1)",-0.030028831991976455,0.008404552808115744,-3.5729244229365205,0.0020296685621021123
Baseline (p=2),p90p100,Zambia,"L(public_debt, 2)",0.015250384460295292,0.007630237296010514,1.998677612329172,0.060156328649807835
Baseline (p=2),p90p100,Zambia,"L(public_debt, 3)",-0.007029705615091803,0.005772200193151991,-1.2178554762240728,0.23818756534636765
Baseline (p=2),p90p100,Zambia,growth,-0.0089916757172131,0.012641056728000652,-0.7113072831400268,0.48553572211573615
Baseline (p=2),p90p100,Zambia,"L(growth, 1)",-0.012189009889757048,0.011823862480077897,-1.0308822442999817,0.31554096693490347
Baseline (p=2),p90p100,Zambia,"L(growth, 2)",2.9563096326141666e-4,0.010921727103356855,0.02706815144379068,0.9786876634133086
Baseline (p=2),p90p100,Zambia,"L(growth, 3)",-0.014513310703395694,0.011102529221913088,-1.3072076112847095,0.20674169247659147
Baseline (p=2),p90p100,Zambia,life_exp,-0.01072547724899185,0.004586195003813111,-2.338643960859567,0.030436486685540578
Baseline (p=2),p90p100,Zambia,"L(life_exp, 1)",0.0239826057595996,0.009067212132242658,2.644981214712996,0.015971919306006947
Baseline (p=2),p90p100,Zambia,"L(life_exp, 2)",-0.01604090484410862,0.009535822931060856,-1.6821731024240063,0.10889783127123062
Baseline (p=2),p90p100,Zambia,"L(life_exp, 3)",0.0038371904242517833,0.00512441921373248,0.7488049404640499,0.46314477110634944
Baseline (p=2),p90p100,Zambia,gdp_x_debt,-0.0068882865164549174,0.033283503533308056,-0.20695797572997535,0.8382445164338616
Baseline (p=2),p90p100,Zambia,"L(gdp_x_debt, 1)",0.1041919655205563,0.03105614498695584,3.35495489103103,0.0033264259874586683
Baseline (p=2),p90p100,Zambia,"L(gdp_x_debt, 2)",-0.010324317735766992,0.03167697909100884,-0.3259249471392124,0.7480434739507188
Baseline (p=2),p90p100,Zambia,"L(gdp_x_debt, 3)",0.11499725543990656,0.023999327162372505,4.791686644457505,1.2681625836229125e-4
Baseline (p=2),p99p100,Algeria,(Intercept),-0.016648804702364847,0.016007161619027828,-1.040084750726468,0.3063449642211112
Baseline (p=2),p99p100,Algeria,"L(p99p100, 1)",1.4409583820651624,0.13959651964048925,10.32230879234055,1.4942454940601063e-11
Baseline (p=2),p99p100,Algeria,"L(p99p100, 2)",-0.40677075408822005,0.13654067505129075,-2.979117789885094,0.005575795779604
Baseline (p=2),p99p100,Algeria,public_debt,0.0036762984967198763,0.005623993292487298,0.6536811666597804,0.5181370515918964
Baseline (p=2),p99p100,Algeria,growth,0.04474797794626104,0.03536033702340811,1.2654850522674157,0.2151267116827099
Baseline (p=2),p99p100,Algeria,"L(growth, 1)",0.13084844840260074,0.03581807323795502,3.6531403443540262,9.479927078807281e-4
Baseline (p=2),p99p100,Algeria,life_exp,1.2382232194711084e-4,2.2127994454710178e-4,0.5595731786743735,0.5797915981211886
Baseline (p=2),p99p100,Algeria,gdp_x_debt,-0.08139404098107812,0.0705143683630813,-1.154290152071943,0.2572024761943497
Baseline (p=2),p99p100,Algeria,"L(gdp_x_debt, 1)",-0.21307000147143199,0.06825261979690597,-3.1217849528039783,0.003874566384633517
Baseline (p=2),p99p100,Argentina,(Intercept),0.20858466841577694,0.08238395494326392,2.531860342944506,0.01613446811246346
Baseline (p=2),p99p100,Argentina,"L(p99p100, 1)",0.3570153146384896,0.1676100871772571,2.130034776850428,0.04048803408756708
Baseline (p=2),p99p100,Argentina,public_debt,0.005935783176367804,0.008461798276038069,0.7014801089239651,0.4877774871877356
Baseline (p=2),p99p100,Argentina,growth,0.005792690478322561,0.04555864742010952,0.12714799069661747,0.8995722823891434
Baseline (p=2),p99p100,Argentina,life_exp,-0.00161062491273124,9.389841615396746e-4,-1.715284430453289,0.09539477961807576
Baseline (p=2),p99p100,Argentina,gdp_x_debt,-0.031077124037862704,0.06725163057472715,-0.4621021642491051,0.6469515249489226
Baseline (p=2),p99p100,Argentina,"L(gdp_x_debt, 1)",-0.055800549750564296,0.03987940384877114,-1.3992322944988997,0.1708007292857153
Baseline (p=2),p99p100,Australia,(Intercept),-0.20626717581618292,0.06654896250074738,-3.0994799627998173,0.0038128148596234144
Baseline (p=2),p99p100,Australia,"L(p99p100, 1)",0.49565015983141875,0.1445385662347176,3.4291896809501177,0.0015670890497852148
Baseline (p=2),p99p100,Australia,public_debt,-0.02479873891119274,0.013661585455393413,-1.815216761785326,0.07806744109594785
Baseline (p=2),p99p100,Australia,growth,0.042920948597927014,0.08508923605695368,0.504422775275574,0.6171253568868336
Baseline (p=2),p99p100,Australia,life_exp,0.0032104879418358447,0.0010011466929177814,3.206810714700632,0.002866091147733616
Baseline (p=2),p99p100,Australia,gdp_x_debt,0.11455020641728984,0.3025753267515693,0.37858409556091055,0.7072835300177744
Baseline (p=2),p99p100,Austria,(Intercept),0.06281578873186669,0.03238257552671085,1.9398021222880473,0.06049615853872055
Baseline (p=2),p99p100,Austria,"L(p99p100, 1)",0.1607329048085426,0.17307607634061464,0.9286835489164856,0.35941396413581883
Baseline (p=2),p99p100,Austria,public_debt,-0.0012588707622946454,0.010276374796571727,-0.12250144503435334,0.9032026127890481
Baseline (p=2),p99p100,Austria,growth,0.1041075915070898,0.10248930556524394,1.015789802974279,0.31670033178119494
Baseline (p=2),p99p100,Austria,life_exp,2.0456075360362978e-4,4.8686387078768065e-4,0.42016006090712343,0.6769368615967358
Baseline (p=2),p99p100,Austria,gdp_x_debt,-0.17595372609509805,0.15233580252791895,-1.1550385607011233,0.25589966040409534
Baseline (p=2),p99p100,Bahamas,(Intercept),-0.008564757626379855,0.05224685942914079,-0.16392865944403243,0.8708183309672947
Baseline (p=2),p99p100,Bahamas,"L(p99p100, 1)",0.5686772169875868,0.14198882316747247,4.005084374259835,3.452654072814379e-4
Baseline (p=2),p99p100,Bahamas,public_debt,0.12317356631566158,0.06808042319733311,1.8092362022873942,0.07981766034417902
Baseline (p=2),p99p100,Bahamas,"L(public_debt, 1)",-0.13818106145836598,0.07336397389686813,-1.8835002265909815,0.06874809903295441
Baseline (p=2),p99p100,Bahamas,growth,0.011603643783451936,0.019392317332381538,0.598362928193013,0.553809857329296
Baseline (p=2),p99p100,Bahamas,life_exp,-0.003655439041026421,0.0020897070356407097,-1.7492590964578216,0.08983302480864949
Baseline (p=2),p99p100,Bahamas,"L(life_exp, 1)",0.005188010320891451,0.002221310335611782,2.335563040300083,0.02594367072071277
Baseline (p=2),p99p100,Bahamas,gdp_x_debt,0.01546568938872325,0.10277187196503552,0.15048562503546592,0.8813260766571999
Baseline (p=2),p99p100,Bahamas,"L(gdp_x_debt, 1)",0.1144376908096784,0.05491963269376804,2.0837300833343724,0.04525471192989447
Baseline (p=2),p99p100,Bahrain,(Intercept),0.14597627255088835,0.06119413050590491,2.3854619935616608,0.02295486312514438
Baseline (p=2),p99p100,Bahrain,"L(p99p100, 1)",1.424871065221768,0.1096200069785597,12.998275629561444,1.565003993840449e-14
Baseline (p=2),p99p100,Bahrain,"L(p99p100, 2)",-0.7241498681072612,0.10212342396587161,-7.090928212015915,4.051356520909331e-8
Baseline (p=2),p99p100,Bahrain,public_debt,0.023395071788904244,0.010131271692517638,2.3091939984377747,0.02733386729697394
Baseline (p=2),p99p100,Bahrain,growth,-0.015991915997660904,0.01068968101103461,-1.496014332060327,0.14415328545098244
Baseline (p=2),p99p100,Bahrain,life_exp,-0.001109904999238421,6.96034394068256e-4,-1.594612290279407,0.12033306125417363
Baseline (p=2),p99p100,Bahrain,gdp_x_debt,0.007119008855363899,0.050259250003109573,0.141645743916263,0.8882210402622966
Baseline (p=2),p99p100,Bangladesh,(Intercept),0.005966921280984391,0.005422690786607506,1.1003617052480623,0.2796460262376258
Baseline (p=2),p99p100,Bangladesh,"L(p99p100, 1)",1.231281960536826,0.13564290164704443,9.077378510677523,3.0686719860439657e-10
Baseline (p=2),p99p100,Bangladesh,"L(p99p100, 2)",-0.5004991844822714,0.12815137441053456,-3.90553114849097,4.74665379198366e-4
Baseline (p=2),p99p100,Bangladesh,public_debt,0.05786265595576491,0.018104581903078548,3.19602276735956,0.0031977187894753653
Baseline (p=2),p99p100,Bangladesh,growth,0.056685919711047694,0.08363290245997854,0.6777944809242274,0.5029299166073082
Baseline (p=2),p99p100,Bangladesh,life_exp,2.836560644861611e-4,1.6781252504297731e-4,1.690315215825016,0.10100071751131298
Baseline (p=2),p99p100,Bangladesh,gdp_x_debt,-0.22159682396649552,0.27957150589355473,-0.7926302190855862,0.4340177306680927
Baseline (p=2),p99p100,Bangladesh,"L(gdp_x_debt, 1)",-0.06251788853324056,0.05952574997958155,-1.0502662890376915,0.3017147007521753
Baseline (p=2),p99p100,Bangladesh,"L(gdp_x_debt, 2)",0.11559841300587141,0.049265085841296144,2.3464571517902804,0.025522311302563293
Baseline (p=2),p99p100,Belgium,(Intercept),0.02388109408345106,0.020723742530026037,1.152354312878112,0.2579847714921369
Baseline (p=2),p99p100,Belgium,"L(p99p100, 1)",0.8347912409496586,0.14544801814756925,5.73944734057973,2.5800390700192996e-6
Baseline (p=2),p99p100,Belgium,"L(p99p100, 2)",-0.5267131813899383,0.14112945103456045,-3.7321280393909717,7.644866523354904e-4
Baseline (p=2),p99p100,Belgium,public_debt,-0.00504039827501774,0.00505766845531304,-0.9965853474880983,0.32668170299165467
Baseline (p=2),p99p100,Belgium,growth,-0.13665295395142887,0.10575074431430025,-1.2922174197212704,0.2058320021623291
Baseline (p=2),p99p100,Belgium,life_exp,4.857113592834106e-4,2.196104266801072e-4,2.2116953490141706,0.03449032717319649
Baseline (p=2),p99p100,Belgium,gdp_x_debt,0.13627676028947439,0.10039726841957573,1.3573751799695655,0.18446254672828688
Baseline (p=2),p99p100,Belgium,"L(gdp_x_debt, 1)",0.0280556658533291,0.013382689232944764,2.0964146566493684,0.04430164107816089
Baseline (p=2),p99p100,Belgium,"L(gdp_x_debt, 2)",-0.023490694741978454,0.013396643601528167,-1.753476127356172,0.08940448020819598
Baseline (p=2),p99p100,Belize,(Intercept),0.07638216959906627,0.04576613229146132,1.66896711115169,0.10430819517982831
Baseline (p=2),p99p100,Belize,"L(p99p100, 1)",0.45889555794335346,0.13864477187823707,3.3098655775233445,0.002216459971879332
Baseline (p=2),p99p100,Belize,public_debt,0.006480372923451216,0.010133977307378934,0.6394698475131388,0.526802762910278
Baseline (p=2),p99p100,Belize,growth,-0.0458760413402348,0.04985815427959467,-0.9201311601502742,0.36398683485948635
Baseline (p=2),p99p100,Belize,life_exp,0.006086034527356598,0.0028362727235261434,2.1457860793408643,0.039115700918650895
Baseline (p=2),p99p100,Belize,"L(life_exp, 1)",-0.005472062754255595,0.0026726967854995096,-2.047393772441307,0.04840884244832236
Baseline (p=2),p99p100,Belize,gdp_x_debt,0.09558415009221818,0.0954793477365951,1.0010976442351933,0.32385151907182996
Baseline (p=2),p99p100,Bolivia,(Intercept),0.1074707517399764,0.03568323479075287,3.0117995851605617,0.004799035731858387
Baseline (p=2),p99p100,Bolivia,"L(p99p100, 1)",0.3547078582072627,0.15811998558689172,2.243282889830141,0.03130909659860834
Baseline (p=2),p99p100,Bolivia,public_debt,0.003822676567830172,0.005034922599781286,0.7592324394413187,0.4527968736697625
Baseline (p=2),p99p100,Bolivia,growth,0.08916160459308556,0.05765840557750131,1.5463765204752211,0.1310089607210503
Baseline (p=2),p99p100,Bolivia,life_exp,5.957253948640282e-4,3.202075627434049e-4,1.8604351182717276,0.07124314536694265
Baseline (p=2),p99p100,Bolivia,gdp_x_debt,-0.10519756999528362,0.0696459181820977,-1.5104628202363823,0.1399017947232313
Baseline (p=2),p99p100,Brazil,(Intercept),0.09497253135495703,0.03475920443192457,2.732298765380533,0.009790702059633683
Baseline (p=2),p99p100,Brazil,"L(p99p100, 1)",0.5935385023241687,0.11353835875846283,5.227647367942317,8.055134912312653e-6
Baseline (p=2),p99p100,Brazil,public_debt,-0.021357081072138247,0.013083397789375908,-1.632380320155121,0.11156547873676054
Baseline (p=2),p99p100,Brazil,growth,-0.2068540223786409,0.09889216354074692,-2.091712982833165,0.043787175846726416
Baseline (p=2),p99p100,Brazil,life_exp,4.042121664629256e-4,3.9889958925495427e-4,1.0133180814196723,0.31786245885081965
Baseline (p=2),p99p100,Brazil,gdp_x_debt,0.4884612157461343,0.18399023992703936,2.65482134237029,0.011860339666293072
Baseline (p=2),p99p100,Burkina Faso,(Intercept),0.07087407490206471,0.046846048561689016,1.5129146871103651,0.14675776611252622
Baseline (p=2),p99p100,Burkina Faso,"L(p99p100, 1)",1.1207207227038958,0.15390973718020212,7.281675241844656,6.582702196180627e-7
Baseline (p=2),p99p100,Burkina Faso,"L(p99p100, 2)",-0.001355657574840936,0.23684279589892338,-0.005723870847308717,0.9954927087758405
Baseline (p=2),p99p100,Burkina Faso,"L(p99p100, 3)",-0.2955624204638402,0.1454034021575944,-2.0327063609109852,0.056297087937532
Baseline (p=2),p99p100,Burkina Faso,public_debt,0.020457167563147603,0.016882087867786895,1.2117676275209064,0.24045652473059606
Baseline (p=2),p99p100,Burkina Faso,"L(public_debt, 1)",0.0035955648014144325,0.022574529229915725,0.15927529494832596,0.875132898809927
Baseline (p=2),p99p100,Burkina Faso,"L(public_debt, 2)",0.0079681660416185,0.023866075481408764,0.3338699757245617,0.7421344300125106
Baseline (p=2),p99p100,Burkina Faso,"L(public_debt, 3)",0.028195277889669062,0.02031922316157825,1.3876159371576613,0.18131462833640052
Baseline (p=2),p99p100,Burkina Faso,growth,0.03105322091470828,0.053634892559033885,0.5789742354854013,0.5694075810905002
Baseline (p=2),p99p100,Burkina Faso,"L(growth, 1)",0.038355910046709095,0.05488858820701411,0.698795711451869,0.49314555697045415
Baseline (p=2),p99p100,Burkina Faso,"L(growth, 2)",0.05870712595989194,0.05320835889078239,1.1033440456300587,0.2836567664406968
Baseline (p=2),p99p100,Burkina Faso,"L(growth, 3)",0.1365602393582839,0.04383637353278396,3.115226656606401,0.005698313784156326
Baseline (p=2),p99p100,Burkina Faso,life_exp,0.0053000216785752926,0.004428437494934923,1.1968152840899875,0.24609907117209712
Baseline (p=2),p99p100,Burkina Faso,"L(life_exp, 1)",-0.009563152328074816,0.007025431033791374,-1.361219302001165,0.18937107188109
Baseline (p=2),p99p100,Burkina Faso,"L(life_exp, 2)",-0.0029953056291717357,0.006157201835672838,-0.48647189244599753,0.6321965917049632
Baseline (p=2),p99p100,Burkina Faso,"L(life_exp, 3)",0.006311906999452839,0.0042086260054804425,1.4997547872473151,0.1501115964363497
Baseline (p=2),p99p100,Burkina Faso,gdp_x_debt,-0.12115968223521317,0.15045707164112088,-0.8052774184267685,0.4306224839475583
Baseline (p=2),p99p100,Burkina Faso,"L(gdp_x_debt, 1)",-0.16158705535610993,0.15834375108665943,-1.0204826792796862,0.3203184318533455
Baseline (p=2),p99p100,Burkina Faso,"L(gdp_x_debt, 2)",-0.29734479642875106,0.15127771542318194,-1.9655558361452201,0.06413845586247881
Baseline (p=2),p99p100,Burkina Faso,"L(gdp_x_debt, 3)",-0.5686519982184387,0.12724153367871902,-4.469075322954434,2.6301498440810283e-4
Baseline (p=2),p99p100,Canada,(Intercept),0.061924762437487,0.04220746823783548,1.4671517867062354,0.1518012378519344
Baseline (p=2),p99p100,Canada,"L(p99p100, 1)",0.9319218229004679,0.05758827597581526,16.1824921324583,2.951997931535496e-17
Baseline (p=2),p99p100,Canada,public_debt,-0.026899740814116217,0.027545319205098163,-0.9765630455695551,0.3358905132722275
Baseline (p=2),p99p100,Canada,"L(public_debt, 1)",0.040141216419042704,0.027031588391778306,1.4849743876409316,0.14704135882198388
Baseline (p=2),p99p100,Canada,growth,-0.15811462090734918,0.16360214415116203,-0.9664581214856047,0.3408448501608745
Baseline (p=2),p99p100,Canada,life_exp,0.010775910562707543,0.0064812893926895635,1.6626183325284023,0.1058599383201023
Baseline (p=2),p99p100,Canada,"L(life_exp, 1)",-0.011608665107958162,0.00634262880643598,-1.830260836985863,0.07625591438340537
Baseline (p=2),p99p100,Canada,gdp_x_debt,0.19316456346861202,0.2047706185659793,0.9433216777941817,0.35237184775621344
Baseline (p=2),p99p100,Chile,(Intercept),0.05637333231042224,0.04027889938921056,1.3995747938813559,0.17097134893830043
Baseline (p=2),p99p100,Chile,"L(p99p100, 1)",1.2363704287725863,0.1704417592369119,7.2539173164367945,2.5449179357168657e-8
Baseline (p=2),p99p100,Chile,"L(p99p100, 2)",-0.6168111285810063,0.1720178476679684,-3.5857391366248517,0.0010717613449835158
Baseline (p=2),p99p100,Chile,public_debt,1.800880159544907e-4,0.00812222631113755,0.02217224798421908,0.9824440829032648
Baseline (p=2),p99p100,Chile,growth,0.0033551349866916633,0.03829100945892052,0.08762200407098511,0.9307066729444927
Baseline (p=2),p99p100,Chile,life_exp,7.984604052565782e-4,5.552145687929979e-4,1.438111407977607,0.15981900919709383
Baseline (p=2),p99p100,Chile,gdp_x_debt,-0.006113899651349066,0.10720932514882112,-0.05702768525836854,0.954867049287973
Baseline (p=2),p99p100,Colombia,(Intercept),0.2426692049464185,0.1263218046134489,1.9210397261897778,0.0629017047465873
Baseline (p=2),p99p100,Colombia,"L(p99p100, 1)",0.579539372396568,0.14260243781162865,4.064021494233593,2.5930966661922466e-4
Baseline (p=2),p99p100,Colombia,public_debt,-0.030492274710436255,0.031336590751646035,-0.9730565444115701,0.337202568163956
Baseline (p=2),p99p100,Colombia,growth,0.05315361724824702,0.16238099871131437,0.3273388984553855,0.7453614559330519
Baseline (p=2),p99p100,Colombia,life_exp,-0.0017063217852346215,0.0014860228564266577,-1.1482473353994718,0.25865410885023665
Baseline (p=2),p99p100,Colombia,gdp_x_debt,-0.187587527224944,0.4601637473505436,-0.40765385866445397,0.6860106880869424
Baseline (p=2),p99p100,Costa Rica,(Intercept),0.1407678084712112,0.05969431498228571,2.3581442975429745,0.02464256476327153
Baseline (p=2),p99p100,Costa Rica,"L(p99p100, 1)",0.6347124672250097,0.13599443086251387,4.667194554949711,5.2143115954762514e-5
Baseline (p=2),p99p100,Costa Rica,public_debt,-0.01992916680864864,0.032484408801232934,-0.6134994461679179,0.5438827758282547
Baseline (p=2),p99p100,Costa Rica,growth,-0.0924080097572912,0.12489149304111953,-0.7399063579684054,0.4647508914689368
Baseline (p=2),p99p100,Costa Rica,"L(growth, 1)",-0.20324545790481788,0.12497040220280216,-1.6263487539632853,0.113684600290376
Baseline (p=2),p99p100,Costa Rica,life_exp,-0.010796816182307455,0.004200956912320471,-2.5700849610341865,0.015026736467720854
Baseline (p=2),p99p100,Costa Rica,"L(life_exp, 1)",0.010040411477884795,0.004072820415350564,2.4652232246828825,0.019243349551556033
Baseline (p=2),p99p100,Costa Rica,gdp_x_debt,0.20718803068523348,0.3786756933186203,0.5471384468052035,0.5880793928996001
Baseline (p=2),p99p100,Costa Rica,"L(gdp_x_debt, 1)",0.6497916001435385,0.38311594554183587,1.6960703612180557,0.09958194284924987
Baseline (p=2),p99p100,Cote d'Ivoire,(Intercept),0.05273398229999953,0.0894688742148113,0.5894114882164191,0.560485368963715
Baseline (p=2),p99p100,Cote d'Ivoire,"L(p99p100, 1)",0.529244226790111,0.14838694815027412,3.5666494485359714,0.0013756564243045622
Baseline (p=2),p99p100,Cote d'Ivoire,"L(p99p100, 2)",0.2688015785630711,0.16034140078913378,1.676432769329327,0.10519642039775053
Baseline (p=2),p99p100,Cote d'Ivoire,public_debt,-0.013866053966102177,0.012542295118887315,-1.1055435894839873,0.2786782849596934
Baseline (p=2),p99p100,Cote d'Ivoire,"L(public_debt, 1)",0.005098025283594702,0.017833717091607745,0.2858644250891335,0.7771637573102017
Baseline (p=2),p99p100,Cote d'Ivoire,"L(public_debt, 2)",0.02702917803994973,0.015575527269133197,1.7353619927535169,0.094078878838981
Baseline (p=2),p99p100,Cote d'Ivoire,growth,0.033677108271928026,0.0480631695981389,0.7006842984660768,0.48949485554237293
Baseline (p=2),p99p100,Cote d'Ivoire,life_exp,-0.019095544022680763,0.012130186346582727,-1.5742168732684219,0.12708360874577837
Baseline (p=2),p99p100,Cote d'Ivoire,"L(life_exp, 1)",0.05643336741361977,0.021293655294715014,2.6502433064005815,0.013285228181576767
Baseline (p=2),p99p100,Cote d'Ivoire,"L(life_exp, 2)",-0.037995308319681516,0.011340772829058349,-3.3503279619821424,0.002394831125456943
Baseline (p=2),p99p100,Cote d'Ivoire,gdp_x_debt,-0.14479444914458833,0.06291250023447115,-2.3015211381672644,0.029309830848334148
Baseline (p=2),p99p100,Cote d'Ivoire,"L(gdp_x_debt, 1)",-0.0738114102146677,0.037456543924771546,-1.9705878460893769,0.0591040345169714
Baseline (p=2),p99p100,Cote d'Ivoire,"L(gdp_x_debt, 2)",-0.10135037775397877,0.0344160025789959,-2.944861987424215,0.006574371952674667
Baseline (p=2),p99p100,Cyprus,(Intercept),0.12628090998327549,0.13262618127965137,0.9521567217335736,0.34773780933379894
Baseline (p=2),p99p100,Cyprus,"L(p99p100, 1)",0.30072685981547354,0.2341635624541322,1.2842598424098528,0.20773334789925527
Baseline (p=2),p99p100,Cyprus,public_debt,0.10045717222362739,0.06156760152382508,1.631656418916255,0.11198139072316662
Baseline (p=2),p99p100,Cyprus,"L(public_debt, 1)",-0.09969666693559796,0.05628272136068782,-1.7713547697292722,0.08546589604642973
Baseline (p=2),p99p100,Cyprus,growth,0.0043291415462318955,0.11669374725509717,0.03709831630282829,0.9706235818445447
Baseline (p=2),p99p100,Cyprus,life_exp,-7.011490662548463e-4,0.001710760546269151,-0.40984640882905643,0.6844895622089706
Baseline (p=2),p99p100,Cyprus,gdp_x_debt,0.09578497871530134,0.17204514607028076,0.5567432787448301,0.5813493107123824
Baseline (p=2),p99p100,Denmark,(Intercept),-0.15647984592885625,0.08546713915943936,-1.830877311067384,0.07589496610397815
Baseline (p=2),p99p100,Denmark,"L(p99p100, 1)",0.6821995307406915,0.13073069805753987,5.218357592188698,8.944672825514407e-6
Baseline (p=2),p99p100,Denmark,public_debt,0.01071428926758521,0.012034376854460821,0.8903069429485009,0.3795578897026114
Baseline (p=2),p99p100,Denmark,growth,-0.14481683431410813,0.14813250944531642,-0.977616830069079,0.3351690019110911
Baseline (p=2),p99p100,Denmark,life_exp,0.010820004732439732,0.005280845860944805,2.048915082422782,0.04825153666757558
Baseline (p=2),p99p100,Denmark,"L(life_exp, 1)",-0.008428875645588437,0.005533629912422525,-1.523209137399365,0.1369543639048002
Baseline (p=2),p99p100,Denmark,gdp_x_debt,0.15045167980117125,0.2738348281268011,0.5494249246173447,0.5863047964939813
Baseline (p=2),p99p100,Egypt,(Intercept),-0.007157248016704595,0.02288015110885951,-0.312814717990792,0.7566599809469375
Baseline (p=2),p99p100,Egypt,"L(p99p100, 1)",1.3291253896979542,0.17834639355800647,7.4524937857275,3.262659080934311e-8
Baseline (p=2),p99p100,Egypt,"L(p99p100, 2)",-0.5826173423815261,0.1801680259457187,-3.2337443856828285,0.00304390553300476
Baseline (p=2),p99p100,Egypt,public_debt,0.004388036057188303,0.009293547883912904,0.47215940693478076,0.6403467291027864
Baseline (p=2),p99p100,Egypt,growth,0.012756799328642156,0.05092079314071683,0.25052240041488427,0.8039498033788486
Baseline (p=2),p99p100,Egypt,"L(growth, 1)",-0.03529603184270207,0.04538608370665212,-0.7776840158942558,0.44305387887298664
Baseline (p=2),p99p100,Egypt,"L(growth, 2)",0.08479387898743897,0.037810329897836725,2.2426114560902137,0.03273349193469792
Baseline (p=2),p99p100,Egypt,life_exp,7.498926302878902e-4,4.3015551495775633e-4,1.7433058608153236,0.09187510761708165
Baseline (p=2),p99p100,Egypt,gdp_x_debt,-0.013607345177525806,0.054319961394711985,-0.25050358704508346,0.8039642106370195
Baseline (p=2),p99p100,Egypt,"L(gdp_x_debt, 1)",0.015721150751779683,0.04865326542623873,0.32312632284905707,0.7489180534980014
Baseline (p=2),p99p100,Egypt,"L(gdp_x_debt, 2)",-0.06767122842823799,0.038973348567488394,-1.736346270350744,0.0931167867219832
Baseline (p=2),p99p100,El Salvador,(Intercept),0.17163218315567882,0.04874382072905339,3.5211064825982907,0.0012463575002826465
Baseline (p=2),p99p100,El Salvador,"L(p99p100, 1)",0.11708005262278595,0.17065452027202085,0.6860647607585315,0.49732436713808614
Baseline (p=2),p99p100,El Salvador,public_debt,-0.013830622102918015,0.02370559691469409,-0.583432771285544,0.5634525111954156
Baseline (p=2),p99p100,El Salvador,growth,-0.17393941008999034,0.2791694426212683,-0.62306034806955235,0.5374021404068825
Baseline (p=2),p99p100,El Salvador,life_exp,5.690929175881836e-5,5.975450856325078e-4,0.09523849016108846,0.9246845091463256
Baseline (p=2),p99p100,El Salvador,gdp_x_debt,0.08576263014799525,0.5105102154279364,0.16799395498110556,0.867583358700537
Baseline (p=2),p99p100,El Salvador,"L(gdp_x_debt, 1)",0.397147062923715,0.22919608856893028,1.7327828995837062,0.092197342053174
Baseline (p=2),p99p100,Finland,(Intercept),0.25854315004587136,0.07111684387359754,3.6354699669378427,9.344888631769287e-4
Baseline (p=2),p99p100,Finland,"L(p99p100, 1)",0.9622109301272067,0.06563329306285386,14.660409149450166,5.219675030772074e-16
Baseline (p=2),p99p100,Finland,public_debt,0.05830265138846395,0.014612395829767316,3.9899447063768974,3.461957258524605e-4
Baseline (p=2),p99p100,Finland,growth,0.0505913281966958,0.07753609916667219,0.6524874057430243,0.5186065037831888
Baseline (p=2),p99p100,Finland,"L(growth, 1)",-0.1287743226313697,0.08616547873858509,-1.4945001700977527,0.14454668214451954
Baseline (p=2),p99p100,Finland,life_exp,-0.00355577213795072,0.001010460372854662,-3.518962478365452,0.0012870598286694856
Baseline (p=2),p99p100,Finland,gdp_x_debt,-0.20755031271689847,0.17581251277106139,-1.180520711783269,0.24623257312439265
Baseline (p=2),p99p100,Finland,"L(gdp_x_debt, 1)",0.2578661011169441,0.19581191025896882,1.3169071318282233,0.19694199940239826
Baseline (p=2),p99p100,France,(Intercept),0.2027982475125336,0.1147361738283628,1.7675179565941028,0.08667738029791641
Baseline (p=2),p99p100,France,"L(p99p100, 1)",0.9604030125420059,0.104338614028899,9.204674812682484,1.654088921177766e-10
Baseline (p=2),p99p100,France,public_debt,0.03445202266867234,0.016442680434168057,2.095280195136596,0.044146474120137086
Baseline (p=2),p99p100,France,growth,0.12289941946118342,0.07638840208241665,1.6088753804351779,0.11746641942408219
Baseline (p=2),p99p100,France,life_exp,-0.0027777757681612635,0.0016446991191283555,-1.6889264035317335,0.10095638234373075
Baseline (p=2),p99p100,France,gdp_x_debt,-0.16689304618403653,0.10927485334632758,-1.527277695400772,0.13651695029919653
Baseline (p=2),p99p100,France,"L(gdp_x_debt, 1)",-0.1174792436463301,0.05807384972825805,-2.022928464292356,0.051502625540072636
Baseline (p=2),p99p100,France,"L(gdp_x_debt, 2)",0.09643314243430172,0.055438087985924596,1.7394745370508724,0.09156357238074332
Baseline (p=2),p99p100,Germany,(Intercept),-0.03272072444090515,0.06813092815741084,-0.48026242010539827,0.6347717261513117
Baseline (p=2),p99p100,Germany,"L(p99p100, 1)",1.5185514187213698,0.15008500173373668,10.117942507109449,7.425107541417679e-11
Baseline (p=2),p99p100,Germany,"L(p99p100, 2)",-0.7395116755878736,0.1465197977053002,-5.047179201511569,2.4377015199228327e-5
Baseline (p=2),p99p100,Germany,public_debt,0.05095260885842864,0.028386736720527862,1.7949442149714332,0.08346562969770302
Baseline (p=2),p99p100,Germany,"L(public_debt, 1)",-0.04320997509687018,0.03362815714605827,-1.2849343753567848,0.20934343136888472
Baseline (p=2),p99p100,Germany,growth,0.013063342991667018,0.10075978500708614,0.1296483809562348,0.8977715127389443
Baseline (p=2),p99p100,Germany,"L(growth, 1)",0.04211229303136845,0.031232517832579396,1.348347682281321,0.18835327546216304
Baseline (p=2),p99p100,Germany,"L(growth, 2)",-0.04700562114840251,0.028480287743420558,-1.6504615954683122,0.11002302997122364
Baseline (p=2),p99p100,Germany,life_exp,-0.0015399708950911176,0.004452982133741258,-0.3458291205397857,0.7320561372403589
Baseline (p=2),p99p100,Germany,"L(life_exp, 1)",-0.007543810547517565,0.004590771088120264,-1.6432556541621097,0.1115142789041937
Baseline (p=2),p99p100,Germany,"L(life_exp, 2)",0.009816034716611188,0.004686603882294681,2.094487813167817,0.045388735761052394
Baseline (p=2),p99p100,Germany,gdp_x_debt,-0.10326724104803142,0.17500926626291308,-0.5900672761686516,0.5598778785507175
Baseline (p=2),p99p100,Ghana,(Intercept),0.009390703634188471,0.011631124324040542,0.8073771178577025,0.4260221330778179
Baseline (p=2),p99p100,Ghana,"L(p99p100, 1)",1.2990595853101696,0.1420101070255853,9.147655843088154,4.785083107407081e-10
Baseline (p=2),p99p100,Ghana,"L(p99p100, 2)",-0.3690035098163138,0.1785589894382584,-2.066563610027076,0.04780744233229806
Baseline (p=2),p99p100,Ghana,public_debt,0.00680706819901967,0.004824019511311862,1.4110780818895423,0.1688601774547492
Baseline (p=2),p99p100,Ghana,growth,-0.0044406314021574545,0.010717571240228886,-0.4143318763759969,0.6816798554947722
Baseline (p=2),p99p100,Ghana,life_exp,0.0020924758949094585,0.001979703513750085,1.0569642779214714,0.2992535990035222
Baseline (p=2),p99p100,Ghana,"L(life_exp, 1)",0.00318213468049356,0.002613827034067772,1.2174235858068077,0.23325713680105525
Baseline (p=2),p99p100,Ghana,"L(life_exp, 2)",-0.005355458668430787,0.0019585005040929798,-2.734468874140528,0.010541912287459142
Baseline (p=2),p99p100,Ghana,gdp_x_debt,0.0062404498251518595,0.02681286768676003,0.2327408577872236,0.8175974720061223
Baseline (p=2),p99p100,Ghana,"L(gdp_x_debt, 1)",0.01819007678562408,0.014012130747901677,1.2981663611972827,0.20446010014159635
Baseline (p=2),p99p100,Ghana,"L(gdp_x_debt, 2)",0.017930458549077353,0.01469235832888944,1.2203934962449743,0.2321467875772779
Baseline (p=2),p99p100,Greece,(Intercept),0.46090417722859706,0.1473383428223952,3.1282025330241487,0.003811047646073848
Baseline (p=2),p99p100,Greece,"L(p99p100, 1)",0.9804890413258833,0.13794465220806126,7.10784380279575,5.4991657892443e-8
Baseline (p=2),p99p100,Greece,"L(p99p100, 2)",-0.4959549157117835,0.12271441927533834,-4.041537405632775,3.254264388582631e-4
Baseline (p=2),p99p100,Greece,public_debt,-0.0163028379025368,0.016159413948716523,-1.008875566544396,0.32084458850491043
Baseline (p=2),p99p100,Greece,"L(public_debt, 1)",-0.011971866732435466,0.01788839957007277,-0.6692530925161331,0.5082881281278564
Baseline (p=2),p99p100,Greece,"L(public_debt, 2)",0.05763525732543818,0.01572091310531697,3.66615201924533,9.150662107175649e-4
Baseline (p=2),p99p100,Greece,growth,0.08862151156988347,0.07412392832339917,1.195585738295359,0.24092412566870888
Baseline (p=2),p99p100,Greece,life_exp,-0.005553866115422013,0.001956707009281563,-2.838373905279363,0.007929902098429236
Baseline (p=2),p99p100,Greece,gdp_x_debt,-0.08257579394139529,0.060219036988769105,-1.3712572978673794,0.18014023594826334
Baseline (p=2),p99p100,Guatemala,(Intercept),0.0884205159726324,0.02724543525269101,3.24533321463085,0.0025844875679268474
Baseline (p=2),p99p100,Guatemala,"L(p99p100, 1)",0.4948842082167703,0.14115810264681514,3.505885945881521,0.0012679829249799188
Baseline (p=2),p99p100,Guatemala,public_debt,-0.017122242224295536,0.014371830661865634,-1.1913751718302577,0.24152293544481596
Baseline (p=2),p99p100,Guatemala,growth,-0.15657062498865965,0.11944794519608781,-1.310785419804674,0.19846629220599554
Baseline (p=2),p99p100,Guatemala,life_exp,5.541518087588348e-4,2.2609175304366422e-4,2.451004078206309,0.01938340567491667
Baseline (p=2),p99p100,Guatemala,gdp_x_debt,0.24336521723002535,0.29584801344003725,0.8226021679180578,0.4163036570541947
Baseline (p=2),p99p100,Guyana,(Intercept),0.08969425675389138,0.0499963670304531,1.7940154871504574,0.08145369524666163
Baseline (p=2),p99p100,Guyana,"L(p99p100, 1)",0.4388249310904202,0.15406111716801726,2.8483821171557704,0.00730976838568799
Baseline (p=2),p99p100,Guyana,public_debt,-0.001674999080171588,0.0019231417515443488,-0.8709701605856699,0.3897055120278705
Baseline (p=2),p99p100,Guyana,growth,0.014637085943984851,0.0279262787467881,0.5241330603587245,0.6034897069814211
Baseline (p=2),p99p100,Guyana,life_exp,6.333704448977121e-4,6.978349984408365e-4,0.9076220687022625,0.370285023623662
Baseline (p=2),p99p100,Guyana,gdp_x_debt,-0.006714693945628349,0.017744396540850756,-0.37841207674602684,0.7074101441347598
Baseline (p=2),p99p100,Haiti,(Intercept),0.08313023002478978,0.029056696466525193,2.8609663221887622,0.00707941180524373
Baseline (p=2),p99p100,Haiti,"L(p99p100, 1)",0.5398372423925915,0.14182173625742972,3.806449255512556,5.44376355934129e-4
Baseline (p=2),p99p100,Haiti,public_debt,-0.0021463160152103773,0.004380564588817716,-0.4899633304550026,0.6272171547884994
Baseline (p=2),p99p100,Haiti,growth,-0.008600941598018443,0.02430501165578076,-0.3538752303364057,0.7255553550758165
Baseline (p=2),p99p100,Haiti,life_exp,4.0957057958372937e-4,2.3724874927548426e-4,1.7263339884171593,0.09310604412281014
Baseline (p=2),p99p100,Haiti,gdp_x_debt,0.01768018901632743,0.07459654006089492,0.23701084530052835,0.8140301772988233
Baseline (p=2),p99p100,Honduras,(Intercept),0.09219532631055824,0.02967369284341405,3.106971781269907,0.0037381062825450648
Baseline (p=2),p99p100,Honduras,"L(p99p100, 1)",0.38576977220151976,0.15362010266821285,2.5111932976291613,0.016800658430432814
Baseline (p=2),p99p100,Honduras,public_debt,-0.007548645926516618,0.006946179378445908,-1.0867335142452803,0.28458245091972195
Baseline (p=2),p99p100,Honduras,growth,-0.03899230222941742,0.06391229032586386,-0.6100908296449848,0.5457427584160117
Baseline (p=2),p99p100,Honduras,life_exp,7.799349205428123e-4,3.14562470663798e-4,2.4794277553103306,0.018121663460460055
Baseline (p=2),p99p100,Honduras,gdp_x_debt,0.06497593595991595,0.12067252575762528,0.5384484624977706,0.5936756905434155
Baseline (p=2),p99p100,Iceland,(Intercept),-0.07862055873181607,0.15104660133499473,-0.5205053144985999,0.6059887698056206
Baseline (p=2),p99p100,Iceland,"L(p99p100, 1)",0.5354205261510901,0.14929631586461314,3.5862942970182012,0.0010136594232147973
Baseline (p=2),p99p100,Iceland,public_debt,-0.007811049176098987,0.01261994061650036,-0.618945002473797,0.5399605655413089
Baseline (p=2),p99p100,Iceland,growth,-0.05672950697526961,0.08492041035828787,-0.6680314748353432,0.5084951366585464
Baseline (p=2),p99p100,Iceland,life_exp,0.001550295941602297,0.0020460546175095676,0.7577001749294933,0.45370204119992164
Baseline (p=2),p99p100,Iceland,gdp_x_debt,0.00873528460274131,0.11566068971179479,0.07552509521176154,0.9402269826806753
Baseline (p=2),p99p100,India,(Intercept),-0.20940640110293976,0.08946916831628098,-2.3405426142184607,0.03031757776252137
Baseline (p=2),p99p100,India,"L(p99p100, 1)",0.6263616830607047,0.15509876848024226,4.038469738981169,7.017391968972698e-4
Baseline (p=2),p99p100,India,"L(p99p100, 2)",0.26306789153932486,0.15022470606356417,1.7511626311854034,0.09604616802455157
Baseline (p=2),p99p100,India,"L(p99p100, 3)",-0.34818528222158307,0.1225135813979899,-2.8420137445047033,0.01042275536155458
Baseline (p=2),p99p100,India,public_debt,0.03501660060380775,0.02823126129060071,1.2403484294719112,0.22994593237615613
Baseline (p=2),p99p100,India,"L(public_debt, 1)",0.05450931163956023,0.027990113961271428,1.94744872117999,0.06641338409243715
Baseline (p=2),p99p100,India,"L(public_debt, 2)",-0.046376007099893805,0.027182362724030098,-1.706106550439631,0.10428170337688608
Baseline (p=2),p99p100,India,"L(public_debt, 3)",-0.04617109787094641,0.020826499214080325,-2.216939937737168,0.0390233137218032
Baseline (p=2),p99p100,India,growth,0.0034654297289460384,0.22492242527255307,0.015407221955510895,0.9878679401896716
Baseline (p=2),p99p100,India,"L(growth, 1)",-0.07459293623487923,0.2302427906556863,-0.32397512218494734,0.7494961030830978
Baseline (p=2),p99p100,India,"L(growth, 2)",0.39215785919161045,0.12425571530899933,3.1560549003029084,0.005201633717007847
Baseline (p=2),p99p100,India,"L(growth, 3)",-0.9164746391092148,0.16810207777587774,-5.451893582963951,2.927055584243092e-5
Baseline (p=2),p99p100,India,life_exp,0.033270618067379853,0.019490600741152376,1.707008342597281,0.10411110160672692
Baseline (p=2),p99p100,India,"L(life_exp, 1)",-0.009108592221971334,0.04184683267528417,-0.21766503316154454,0.8300106233008411
Baseline (p=2),p99p100,India,"L(life_exp, 2)",-0.04399347172723159,0.045263078086114794,-0.9719505077302137,0.343287231761355
Baseline (p=2),p99p100,India,"L(life_exp, 3)",0.024123460972262024,0.022610380686127394,1.066919717413824,0.2993780004907924
Baseline (p=2),p99p100,India,gdp_x_debt,0.029572116016930054,0.31867821399850393,0.09279616465112009,0.9270369965590277
Baseline (p=2),p99p100,India,"L(gdp_x_debt, 1)",0.14964956637896235,0.32332946666004414,0.46283924544466976,0.648736689851182
Baseline (p=2),p99p100,India,"L(gdp_x_debt, 2)",-0.5439485955628647,0.19709306699965654,-2.7598565684901164,0.012465580115662548
Baseline (p=2),p99p100,India,"L(gdp_x_debt, 3)",1.3200492624684548,0.2533723082947076,5.209919234477084,4.985230263068311e-5
Baseline (p=2),p99p100,Indonesia,(Intercept),0.0258841190384649,0.03169174837747965,0.8167463255785001,0.42011252796100684
Baseline (p=2),p99p100,Indonesia,"L(p99p100, 1)",0.5161026947113835,0.1465077256228474,3.5226995198872912,0.0013096997786589402
Baseline (p=2),p99p100,Indonesia,public_debt,0.04469097152972787,0.03280268639277367,1.3624180347489208,0.18257886928126227
Baseline (p=2),p99p100,Indonesia,"L(public_debt, 1)",-0.05550514841667315,0.030248996120377823,-1.8349418339632446,0.07582526975317268
Baseline (p=2),p99p100,Indonesia,growth,0.10040651537190985,0.08073906398879421,1.2435927593345062,0.2226832186092258
Baseline (p=2),p99p100,Indonesia,"L(growth, 1)",-0.1623102498678914,0.07687298138207824,-2.1114082861072894,0.04263913167079132
Baseline (p=2),p99p100,Indonesia,life_exp,8.199711789510376e-4,5.697386726928813e-4,1.4392057591516956,0.15980307680800146
Baseline (p=2),p99p100,Indonesia,gdp_x_debt,0.061755581861387895,0.19614338039753712,0.3148491768431015,0.7549200676005169
Baseline (p=2),p99p100,Indonesia,"L(gdp_x_debt, 1)",0.3607899144196389,0.16213930716195601,2.2251847546089296,0.03324140150418651
Baseline (p=2),p99p100,Iran,(Intercept),0.38402835999602675,0.08244982345103194,4.657722041383222,4.49102995904706e-5
Baseline (p=2),p99p100,Iran,"L(p99p100, 1)",0.26088200186724075,0.1557402735969976,1.6751094359979992,0.10282630287755608
Baseline (p=2),p99p100,Iran,public_debt,-0.015328042540610322,0.012709650101336754,-1.2060160915836837,0.23590089389393792
Baseline (p=2),p99p100,Iran,growth,0.07152610774858918,0.044666104820116063,1.601350913330063,0.11828780789905467
Baseline (p=2),p99p100,Iran,life_exp,-0.0034907995476134612,7.642078147851088e-4,-4.5678668551630235,5.8738851441421436e-5
Baseline (p=2),p99p100,Iran,gdp_x_debt,-0.1461946593010148,0.12897426808738988,-1.1335180378923089,0.2647016655832087
Baseline (p=2),p99p100,Ireland,(Intercept),-0.04522524602951919,0.027143224793684254,-1.6661707064387685,0.10486777349979823
Baseline (p=2),p99p100,Ireland,"L(p99p100, 1)",0.5931155861732741,0.20134869649510684,2.945713563075825,0.005779770414914483
Baseline (p=2),p99p100,Ireland,public_debt,-0.03994756860057094,0.01878439890402448,-2.1266354491658683,0.0407897350156506
Baseline (p=2),p99p100,Ireland,"L(public_debt, 1)",0.037573595409370664,0.01584941881293186,2.3706607701421585,0.023567473402902706
Baseline (p=2),p99p100,Ireland,growth,0.04106159317272139,0.06572854992441342,0.6247147277696137,0.5363284743229944
Baseline (p=2),p99p100,Ireland,life_exp,0.0011747177132801047,5.461013946840446e-4,2.1510981746526316,0.038662274491560615
Baseline (p=2),p99p100,Ireland,gdp_x_debt,-0.07074847085682982,0.09120414564590061,-0.7757155155151633,0.44327948812362705
Baseline (p=2),p99p100,Italy,(Intercept),0.014953007331155455,0.03076161164039977,0.48609310545736834,0.6299308346308097
Baseline (p=2),p99p100,Italy,"L(p99p100, 1)",0.7995970021898596,0.09102232597207603,8.784625020845558,2.2449847604290917e-10
Baseline (p=2),p99p100,Italy,public_debt,0.01334879039838597,0.004196835366295485,3.180680020376603,0.0030734846790710277
Baseline (p=2),p99p100,Italy,growth,-0.05003428364851248,0.05110083845612263,-0.9791284284204859,0.334236322206495
Baseline (p=2),p99p100,Italy,life_exp,-1.7020720553903443e-4,4.714588932678338e-4,-0.3610223668902995,0.7202528136407564
Baseline (p=2),p99p100,Italy,gdp_x_debt,0.04355324840144031,0.0505368844726451,0.8618111079842103,0.39465780394172945
Baseline (p=2),p99p100,Jamaica,(Intercept),-0.05193181737525079,0.07939124554397789,-0.6541252378574126,0.5175640828636269
Baseline (p=2),p99p100,Jamaica,"L(p99p100, 1)",0.5752532557700363,0.13229891689615858,4.348132768324571,1.240204963506134e-4
Baseline (p=2),p99p100,Jamaica,public_debt,0.0051717391668221644,0.005071512555549006,1.019762666497492,0.3152592981342592
Baseline (p=2),p99p100,Jamaica,"L(public_debt, 1)",-0.008498399319751649,0.005100294923753739,-1.666256451204778,0.10512817590306908
Baseline (p=2),p99p100,Jamaica,growth,0.11490041383723534,0.07960965742108185,1.4432974284701288,0.1583631170790711
Baseline (p=2),p99p100,Jamaica,life_exp,0.010473594242909365,0.004101048995707568,2.5538817638783953,0.015456478038779534
Baseline (p=2),p99p100,Jamaica,"L(life_exp, 1)",-0.00834228195692766,0.003789312567894392,-2.201529118397118,0.034798967837493915
Baseline (p=2),p99p100,Jamaica,gdp_x_debt,-0.054556244988191956,0.0452348041703356,-1.206067893712011,0.23636741790572904
Baseline (p=2),p99p100,Japan,(Intercept),0.1485139747895664,0.12355573861617622,1.2019998136300454,0.23791846525978044
Baseline (p=2),p99p100,Japan,"L(p99p100, 1)",0.6810706730074383,0.13077476039413297,5.207967278661469,9.989377299667556e-6
Baseline (p=2),p99p100,Japan,public_debt,0.010242695424971906,0.006764098587578019,1.514273526968129,0.13947663774352095
Baseline (p=2),p99p100,Japan,growth,0.18932310811774603,0.10028674110461078,1.88781793118853,0.06787015615327983
Baseline (p=2),p99p100,Japan,"L(growth, 1)",-0.1693931090990966,0.09347492073103883,-1.8121770820913758,0.0790668579684333
Baseline (p=2),p99p100,Japan,life_exp,-0.0015505225207112744,0.0016469025919383373,-0.9414779770832545,0.3533013946719493
Baseline (p=2),p99p100,Japan,gdp_x_debt,-0.07130666922282912,0.07119803220186384,-1.001525843026915,0.32386031187036
Baseline (p=2),p99p100,Japan,"L(gdp_x_debt, 1)",0.10811200543324445,0.06543682552342102,1.6521584683925294,0.10798737553105821
Baseline (p=2),p99p100,Jordan,(Intercept),0.023282956425563228,0.03417687695729751,0.6812488003118088,0.5004671264206535
Baseline (p=2),p99p100,Jordan,"L(p99p100, 1)",1.1940212661375569,0.1391988555356475,8.577809505278434,6.506624100608194e-10
Baseline (p=2),p99p100,Jordan,"L(p99p100, 2)",-0.533382691490131,0.13254858689446494,-4.024054152420423,3.1423280386634226e-4
Baseline (p=2),p99p100,Jordan,public_debt,0.009277749848899985,0.004089175337150948,2.268855963355211,0.02994285179553225
Baseline (p=2),p99p100,Jordan,growth,0.09072156443925412,0.03404370940846762,2.6648554465891765,0.011826175216973673
Baseline (p=2),p99p100,Jordan,life_exp,4.157670901230782e-4,4.8183210477827077e-4,0.8628878939364276,0.3944270894052362
Baseline (p=2),p99p100,Jordan,gdp_x_debt,-0.062426510230323674,0.029876458435427203,-2.0894882961194274,0.04445146477959064
Baseline (p=2),p99p100,Kenya,(Intercept),0.1930786647139565,0.06347961937513216,3.0415851042357405,0.0047582801951707885
Baseline (p=2),p99p100,Kenya,"L(p99p100, 1)",1.8007408545751047,0.2530485556032962,7.116187050670715,5.37437968664672e-8
Baseline (p=2),p99p100,Kenya,"L(p99p100, 2)",-0.8179521317075819,0.2251892435226433,-3.6322877545673484,0.0010031731135016582
Baseline (p=2),p99p100,Kenya,public_debt,-0.18114336685874843,0.06633844639477679,-2.7305940476925445,0.01033327471908371
Baseline (p=2),p99p100,Kenya,growth,-0.681391728921094,0.29299364630363134,-2.325619471676062,0.026754263388368588
Baseline (p=2),p99p100,Kenya,"L(growth, 1)",-0.29587556281437766,0.19461773748538908,-1.5202908359603682,0.13857298803881296
Baseline (p=2),p99p100,Kenya,life_exp,-0.002219181167848097,0.0011976223315828753,-1.8529891346590428,0.0734245673703305
Baseline (p=2),p99p100,Kenya,gdp_x_debt,2.133206055001778,0.6975525168728283,3.0581296797050848,0.0045616065589909275
Baseline (p=2),p99p100,Kenya,"L(gdp_x_debt, 1)",0.9311475920205308,0.4364526845067482,2.1334445292113533,0.040909305978861284
Baseline (p=2),p99p100,Lebanon,(Intercept),0.10597010349405775,0.025901652278694454,4.091248788063766,2.3956852051898505e-4
Baseline (p=2),p99p100,Lebanon,"L(p99p100, 1)",0.4342025497820232,0.13695127018270764,3.1704893952626403,0.0031581708835842683
Baseline (p=2),p99p100,Lebanon,public_debt,0.003361859859604633,0.0016809156153707423,2.000017031707533,0.05330572809998898
Baseline (p=2),p99p100,Lebanon,growth,0.011680235953180662,0.007613338660629475,1.5341805315429031,0.13397620942888144
Baseline (p=2),p99p100,Lebanon,life_exp,1.1500573721373122e-4,9.242214496012748e-5,1.2443526090348445,0.22163863094110348
Baseline (p=2),p99p100,Lebanon,gdp_x_debt,-0.016334192329116634,0.007554334875233567,-2.1622277273764103,0.037519292201094435
Baseline (p=2),p99p100,Luxembourg,(Intercept),-0.05136059489072994,0.07789779226776782,-0.6593331260811827,0.5142570019843005
Baseline (p=2),p99p100,Luxembourg,"L(p99p100, 1)",0.5979673060024874,0.14139408360306058,4.229082934482443,1.7482285776846727e-4
Baseline (p=2),p99p100,Luxembourg,public_debt,-0.2523891421135764,0.08266732271929651,-3.053070231518007,0.0044536458604765745
Baseline (p=2),p99p100,Luxembourg,growth,-0.09153307939559938,0.08336644214649927,-1.0979607266284548,0.2801685122914375
Baseline (p=2),p99p100,Luxembourg,"L(growth, 1)",-0.15223051772601878,0.07907955307589618,-1.925030071678786,0.06288123207897242
Baseline (p=2),p99p100,Luxembourg,life_exp,0.0017875434743805315,0.0012336271260308788,1.4490144036730492,0.15677036002208924
Baseline (p=2),p99p100,Luxembourg,gdp_x_debt,0.42170227049653264,0.5845553709005051,0.7214068871643452,0.47573970791282594
Baseline (p=2),p99p100,Luxembourg,"L(gdp_x_debt, 1)",1.3131293639921557,0.5376216850359721,2.4424784203120353,0.020108495260922846
Baseline (p=2),p99p100,Malaysia,(Intercept),0.10366075140842224,0.0667549372899491,1.5528551986825072,0.12945446999927857
Baseline (p=2),p99p100,Malaysia,"L(p99p100, 1)",0.9276531549674756,0.0659074649540025,14.075084751247742,5.610748313749206e-16
Baseline (p=2),p99p100,Malaysia,public_debt,-0.005510411420149789,0.006957154844153303,-0.7920495581294504,0.4336674839250968
Baseline (p=2),p99p100,Malaysia,growth,0.009003521156502749,0.0390611008815913,0.2304983974669778,0.8190465202019976
Baseline (p=2),p99p100,Malaysia,life_exp,-0.001250857314442244,7.582563719833028e-4,-1.6496495916948106,0.10796244893714692
Baseline (p=2),p99p100,Malaysia,gdp_x_debt,0.023681861301917937,0.06888010750666415,0.34381278077457583,0.7330440733368045
Baseline (p=2),p99p100,Malta,(Intercept),-0.06965651489240804,0.025450594823631108,-2.7369307230387925,0.009678279139525351
Baseline (p=2),p99p100,Malta,"L(p99p100, 1)",0.6279500758811727,0.11878470972139483,5.286455448298072,6.739421614588999e-6
Baseline (p=2),p99p100,Malta,public_debt,-0.01569559049848731,0.006161304226199049,-2.5474461124231853,0.01540113716278434
Baseline (p=2),p99p100,Malta,growth,-0.009203609054342997,0.029853873828808667,-0.30828860291697263,0.7596901577703391
Baseline (p=2),p99p100,Malta,life_exp,0.0014314969825853984,4.393544455200152e-4,3.2581825384538767,0.0024965720852400926
Baseline (p=2),p99p100,Malta,gdp_x_debt,0.015155617881042568,0.05555242066096743,0.2728165163771396,0.7865975175756903
Baseline (p=2),p99p100,Mauritania,(Intercept),-0.05079119917556494,0.09597634058092433,-0.5292054152944011,0.6005572899143872
Baseline (p=2),p99p100,Mauritania,"L(p99p100, 1)",1.3204111795399682,0.12367852085489497,10.676155976098162,9.755822030389497e-12
Baseline (p=2),p99p100,Mauritania,"L(p99p100, 2)",-0.507665165253898,0.13131170243399193,-3.86610755815227,5.509443702138662e-4
Baseline (p=2),p99p100,Mauritania,public_debt,-0.028881703552090153,0.02641682524802635,-1.0933071359226998,0.28296060686128927
Baseline (p=2),p99p100,Mauritania,"L(public_debt, 1)",0.08204577549389258,0.02719506516674493,3.0169361606906904,0.005164921020073041
Baseline (p=2),p99p100,Mauritania,growth,0.18452209104216802,0.15075301970857688,1.2240026196415215,0.23047738376233365
Baseline (p=2),p99p100,Mauritania,"L(growth, 1)",0.2572440719766935,0.1598362813993126,1.609422277123871,0.1179981453672142
Baseline (p=2),p99p100,Mauritania,life_exp,7.112879859443851e-4,0.0014333914389833388,0.49622731558162514,0.6233504095143578
Baseline (p=2),p99p100,Mauritania,gdp_x_debt,-0.5039778708617606,0.24892043418708443,-2.024654474461423,0.05188399236213935
Baseline (p=2),p99p100,Mauritania,"L(gdp_x_debt, 1)",-0.524019212475693,0.2659236961580008,-1.9705623080853336,0.058063361590685085
Baseline (p=2),p99p100,Mexico,(Intercept),0.11568407719878608,0.12346490683882654,0.9369794232283535,0.35557625051146813
Baseline (p=2),p99p100,Mexico,"L(p99p100, 1)",0.9080880239978835,0.05141337122010606,17.66248745117808,2.198612109399339e-18
Baseline (p=2),p99p100,Mexico,public_debt,0.004907738687347039,0.06691450975470419,0.07334341543168846,0.9419756090965462
Baseline (p=2),p99p100,Mexico,"L(public_debt, 1)",-0.08786466353351305,0.06400251986717785,-1.3728313153272005,0.17906279428837205
Baseline (p=2),p99p100,Mexico,growth,-0.3476200421935166,0.2607087037814882,-1.333365695703327,0.19154341674119765
Baseline (p=2),p99p100,Mexico,life_exp,-0.04643698563004843,0.02297477289040467,-2.0212163076242056,0.051430286536321014
Baseline (p=2),p99p100,Mexico,"L(life_exp, 1)",0.04562875962084523,0.02196723023094484,2.077128483707009,0.0456493345973927
Baseline (p=2),p99p100,Mexico,gdp_x_debt,1.115897377978221,0.9565094647653785,1.1666349566670924,0.2517196583630165
Baseline (p=2),p99p100,Netherlands,(Intercept),-0.003179152497666852,0.017010088277292907,-0.18689805989488975,0.8529204850350739
Baseline (p=2),p99p100,Netherlands,"L(p99p100, 1)",0.4230959844484833,0.18085296477632198,2.3394473238067524,0.025715524044089232
Baseline (p=2),p99p100,Netherlands,public_debt,-0.033598937730264476,0.013321510581000924,-2.522156742357967,0.016835579723097748
Baseline (p=2),p99p100,Netherlands,"L(public_debt, 1)",0.02554293753891434,0.01350585960082403,1.8912485612804604,0.06767305908494295
Baseline (p=2),p99p100,Netherlands,growth,-0.028582802495933365,0.0891371693577786,-0.3206608724718166,0.7505521397971378
Baseline (p=2),p99p100,Netherlands,"L(growth, 1)",0.1134363676923594,0.08207193053870013,1.3821579064582832,0.1764956192169043
Baseline (p=2),p99p100,Netherlands,life_exp,5.830697481405508e-4,2.9726924977672346e-4,1.9614196509679012,0.058579959665704666
Baseline (p=2),p99p100,Netherlands,gdp_x_debt,0.02617963122493039,0.1560344067838156,0.1677811436884049,0.8678113476488912
Baseline (p=2),p99p100,Netherlands,"L(gdp_x_debt, 1)",-0.18405110161862234,0.14457936553495632,-1.2730108541949756,0.21218522540717516
Baseline (p=2),p99p100,New Zealand,(Intercept),0.07086512964294606,0.17234911847490975,0.4111719878234391,0.6834532719565736
Baseline (p=2),p99p100,New Zealand,"L(p99p100, 1)",0.5763318662431703,0.1358743677754051,4.241652606588933,1.5431942718128583e-4
Baseline (p=2),p99p100,New Zealand,public_debt,-0.07254510894783907,0.055387159499050494,-1.3097820795284278,0.1988019798421784
Baseline (p=2),p99p100,New Zealand,growth,-0.03529209122812477,0.47449484049630947,-0.07437824021692237,0.941132907656929
Baseline (p=2),p99p100,New Zealand,life_exp,1.2032932854942034e-4,0.002116487189973994,0.05685332239166488,0.9549853743926772
Baseline (p=2),p99p100,New Zealand,gdp_x_debt,0.11577181180600327,1.001813048217185,0.11556229179888348,0.9086599406006173
Baseline (p=2),p99p100,Norway,(Intercept),0.004095219343910136,0.11113972264742307,0.036847485726608384,0.9708221099922558
Baseline (p=2),p99p100,Norway,"L(p99p100, 1)",0.911845072180243,0.13534960477498328,6.736961468754726,9.665389584765127e-8
Baseline (p=2),p99p100,Norway,public_debt,0.02576294284371247,0.034661005116911656,0.7432832013040014,0.46241570994577474
Baseline (p=2),p99p100,Norway,growth,0.20071239007900257,0.1566202531443323,1.281522574823305,0.20868132330527486
Baseline (p=2),p99p100,Norway,life_exp,0.02144310619120072,0.01374833018049481,1.5596880428157545,0.12809447945925012
Baseline (p=2),p99p100,Norway,"L(life_exp, 1)",-0.02152711101060011,0.013891386285634027,-1.5496733420236593,0.13047920909113814
Baseline (p=2),p99p100,Norway,gdp_x_debt,-0.6770609969940572,0.4351567926892751,-1.5559012483978722,0.128992008010803
Baseline (p=2),p99p100,Pakistan,(Intercept),0.0644523697785173,0.02801877418111814,2.300327964452912,0.027889061161059332
Baseline (p=2),p99p100,Pakistan,"L(p99p100, 1)",0.7729668677259897,0.1374317811106154,5.624367678854776,2.919665509485971e-6
Baseline (p=2),p99p100,Pakistan,public_debt,-0.01465079371248815,0.02990822294310813,-0.4898583824374022,0.6274750117406118
Baseline (p=2),p99p100,Pakistan,growth,0.025597126340927825,0.22882421121667587,0.11186371496628762,0.9116091324233181
Baseline (p=2),p99p100,Pakistan,"L(growth, 1)",-0.38262530462572575,0.21345109523199632,-1.7925666027145792,0.08221424741481154
Baseline (p=2),p99p100,Pakistan,life_exp,-2.7986577761254696e-4,4.5853481832272677e-4,-0.6103479309079891,0.5458120796031142
Baseline (p=2),p99p100,Pakistan,gdp_x_debt,-0.044140564575302424,0.4202098605049082,-0.10504409516298546,0.9169767144871064
Baseline (p=2),p99p100,Pakistan,"L(gdp_x_debt, 1)",0.7067548299985544,0.4160893911394496,1.6985648878552884,0.09881225778922956
Baseline (p=2),p99p100,Panama,(Intercept),0.06950974340506366,0.05632484940303674,1.234086626804475,0.22588741197105297
Baseline (p=2),p99p100,Panama,"L(p99p100, 1)",0.38025460280264767,0.14727517753202957,2.581932740973607,0.014452626402583284
Baseline (p=2),p99p100,Panama,public_debt,0.004582540021663506,0.009271972755779031,0.49423570823235025,0.6244138232034762
Baseline (p=2),p99p100,Panama,growth,0.02068299556284104,0.04262825053607476,0.48519456704745045,0.6307439452547184
Baseline (p=2),p99p100,Panama,"L(growth, 1)",0.08146883462167284,0.04159810254960307,1.9584747771734656,0.058671129707835626
Baseline (p=2),p99p100,Panama,life_exp,8.971630280531228e-4,6.982890591948976e-4,1.2848017826421623,0.20780707106092264
Baseline (p=2),p99p100,Panama,gdp_x_debt,-0.008694058111785136,0.06026267868137124,-0.1442693604403731,0.8861652452174431
Baseline (p=2),p99p100,Panama,"L(gdp_x_debt, 1)",-0.07895719376498045,0.05804554927126177,-1.3602626688222588,0.18296702264715578
Baseline (p=2),p99p100,Paraguay,(Intercept),0.037238748091752094,0.035124694007174544,1.060187117477685,0.29919527838734333
Baseline (p=2),p99p100,Paraguay,"L(p99p100, 1)",0.5059829581757022,0.1629822780671821,3.104527462594022,0.004690679572120626
Baseline (p=2),p99p100,Paraguay,"L(p99p100, 2)",0.04196029392198538,0.1636757029037352,0.2563623871935595,0.7997688952325679
Baseline (p=2),p99p100,Paraguay,public_debt,0.010900999012067454,0.016969471498205612,0.6423888341614027,0.52646845955915
Baseline (p=2),p99p100,Paraguay,"L(public_debt, 1)",-0.0232960164441001,0.019044288715080685,-1.2232547401811116,0.23263914435160435
Baseline (p=2),p99p100,Paraguay,"L(public_debt, 2)",0.0358552536886326,0.01684928702971437,2.127998272294873,0.043376680867875335
Baseline (p=2),p99p100,Paraguay,growth,0.037165925522146454,0.043405424096380506,0.8562507174131182,0.3999921011673009
Baseline (p=2),p99p100,Paraguay,"L(growth, 1)",-0.052673979613409465,0.04293919766468714,-1.226710848785331,0.2313595115758941
Baseline (p=2),p99p100,Paraguay,"L(growth, 2)",0.17484503285451927,0.04433705261870291,3.9435420833716752,5.72674021249641e-4
Baseline (p=2),p99p100,Paraguay,life_exp,0.00862606024872417,0.011156187373969792,0.7732086204334422,0.4466486628083549
Baseline (p=2),p99p100,Paraguay,"L(life_exp, 1)",-0.029777272372630174,0.015631599630601154,-1.9049408298774992,0.06835359958576803
Baseline (p=2),p99p100,Paraguay,"L(life_exp, 2)",0.02202068574143263,0.009638409511415317,2.2846804460167704,0.03108683427220449
Baseline (p=2),p99p100,Paraguay,gdp_x_debt,-0.057241779093358876,0.12467368823345636,-0.4591327962173655,0.6501060210853078
Baseline (p=2),p99p100,Paraguay,"L(gdp_x_debt, 1)",0.1937406118796248,0.12242314608637678,1.582548873094058,0.1260944575233332
Baseline (p=2),p99p100,Paraguay,"L(gdp_x_debt, 2)",-0.5072709511701382,0.1255230110773058,-4.041258625143445,4.4560127265251933e-4
Baseline (p=2),p99p100,Portugal,(Intercept),-0.016749477897544184,0.07032724927333497,-0.23816483753609363,0.8131421145350957
Baseline (p=2),p99p100,Portugal,"L(p99p100, 1)",0.7904855345018909,0.14163461954169995,5.581160432807579,2.754101522985198e-6
Baseline (p=2),p99p100,Portugal,public_debt,0.0010918791103636887,0.007816324852306409,0.13969213549786144,0.8897040153168803
Baseline (p=2),p99p100,Portugal,growth,0.012909071818052346,0.07168908227019317,0.1800702618761193,0.858135959525527
Baseline (p=2),p99p100,Portugal,life_exp,4.751026885704254e-4,0.0011336294987732765,0.41909873471406983,0.677705029497212
Baseline (p=2),p99p100,Portugal,gdp_x_debt,0.008042961627141665,0.09352843016001923,0.08599483187498003,0.9319605998973953
Baseline (p=2),p99p100,Singapore,(Intercept),-0.05370199111200888,0.041848990782406954,-1.283232644515405,0.2078426655081524
Baseline (p=2),p99p100,Singapore,"L(p99p100, 1)",0.8154359558274229,0.09082184816384375,8.97841182835617,1.31459226859866e-10
Baseline (p=2),p99p100,Singapore,public_debt,-0.006079767509017703,0.014924987168819246,-0.4073549571767363,0.6862281406138298
Baseline (p=2),p99p100,Singapore,growth,0.005587364713846843,0.06387613070768225,0.08747187176093091,0.9307949972023738
Baseline (p=2),p99p100,Singapore,life_exp,0.001040901722768849,6.923895423862502e-4,1.5033469731236653,0.14172007981357998
Baseline (p=2),p99p100,Singapore,gdp_x_debt,0.020812554247186997,0.0713625820431255,0.29164519628241103,0.7722795439854885
Baseline (p=2),p99p100,South Africa,(Intercept),0.057558123924577785,0.016776211136274193,3.430937024875856,0.0015595761238479666
Baseline (p=2),p99p100,South Africa,"L(p99p100, 1)",0.934866928865587,0.019931155217966144,46.904803993643505,3.456789969606605e-33
Baseline (p=2),p99p100,South Africa,public_debt,0.044100224949834343,0.010792487522488844,4.0861965193789205,2.4311710142250817e-4
Baseline (p=2),p99p100,South Africa,growth,-0.07603352589000054,0.07974601035542729,-0.9534461417081527,0.346902903662329
Baseline (p=2),p99p100,South Africa,life_exp,-0.001012411427601884,2.757186466498901e-4,-3.6719004677527405,7.97157275433131e-4
Baseline (p=2),p99p100,South Africa,gdp_x_debt,0.28369937979469423,0.23669683398772123,1.1985769941029767,0.23874528857965444
Baseline (p=2),p99p100,South Korea,(Intercept),-0.09239215718716215,0.03375396738752729,-2.737223631415332,0.010826651596387743
Baseline (p=2),p99p100,South Korea,"L(p99p100, 1)",1.45362516572286,0.14655071352172414,9.918922472577249,1.690312483643487e-10
Baseline (p=2),p99p100,South Korea,"L(p99p100, 2)",-0.836972049377503,0.18878021819981514,-4.433579203153621,1.3942421999572528e-4
Baseline (p=2),p99p100,South Korea,public_debt,0.19459406584101638,0.0530965567246165,3.6649093245400435,0.0010663392162017782
Baseline (p=2),p99p100,South Korea,growth,0.061448997558674716,0.06229879923341717,0.9863592607690804,0.3327140545614825
Baseline (p=2),p99p100,South Korea,"L(growth, 1)",0.14006117938340595,0.05262971599147668,2.661256606554531,0.01294734807612743
Baseline (p=2),p99p100,South Korea,life_exp,0.024276052204422114,0.009783587117205271,2.48130383197903,0.01961128604013439
Baseline (p=2),p99p100,South Korea,"L(life_exp, 1)",-0.037401359540686706,0.01316875258291223,-2.840159635865488,0.008469402174748139
Baseline (p=2),p99p100,South Korea,"L(life_exp, 2)",0.08637295693310276,0.019509877528599583,4.427139883707031,1.4184966504749986e-4
Baseline (p=2),p99p100,South Korea,"L(life_exp, 3)",-0.07246386522728952,0.0133992280362581,-5.408062690716468,1.0194688400085726e-5
Baseline (p=2),p99p100,South Korea,gdp_x_debt,-0.6936209958892432,0.37847605085212505,-1.8326681287431021,0.07790250704057412
Baseline (p=2),p99p100,South Korea,"L(gdp_x_debt, 1)",-0.985734448211771,0.29571512152681184,-3.3333920941286617,0.0025000402294934206
Baseline (p=2),p99p100,Spain,(Intercept),0.012283193431197346,0.03244898383248012,0.3785386160198449,0.7074549537067113
Baseline (p=2),p99p100,Spain,"L(p99p100, 1)",0.6396780397533388,0.1287846548203964,4.967036178692535,2.0327551440001294e-5
Baseline (p=2),p99p100,Spain,public_debt,0.0033312916822809653,0.005152361541304625,0.6465562743559824,0.5223909300158203
Baseline (p=2),p99p100,Spain,growth,-0.008100156071463867,0.040233868513015594,-0.20132680179246196,0.8416788940763383
Baseline (p=2),p99p100,Spain,"L(growth, 1)",0.06354478678324348,0.04285858127178856,1.482661929014237,0.1476521268016186
Baseline (p=2),p99p100,Spain,life_exp,3.487207481071532e-4,4.0545273696527444e-4,0.860077430275233,0.3959519427521646
Baseline (p=2),p99p100,Spain,gdp_x_debt,0.020305708587469655,0.06708090155160526,0.3027047657051612,0.76401479309626
Baseline (p=2),p99p100,Spain,"L(gdp_x_debt, 1)",-0.1302899830683548,0.07195836385524723,-1.8106301489907208,0.07931135555396575
Baseline (p=2),p99p100,Sweden,(Intercept),-0.07689699658477288,0.055774059311148406,-1.3787233264802425,0.17698423430701749
Baseline (p=2),p99p100,Sweden,"L(p99p100, 1)",0.7742783386267315,0.11958182303795868,6.474883213487667,2.095750150635455e-7
Baseline (p=2),p99p100,Sweden,public_debt,0.05480690414467482,0.01687288379512673,3.2482238845563725,0.0026151967055909713
Baseline (p=2),p99p100,Sweden,growth,0.04923555973649901,0.16984272252368687,0.28988913392878785,0.7736616845027531
Baseline (p=2),p99p100,Sweden,life_exp,9.809967767177724e-4,7.518472820331166e-4,1.304781968573456,0.2007297804266754
Baseline (p=2),p99p100,Sweden,gdp_x_debt,-0.3427366411652413,0.3518630444182884,-0.974062626360392,0.3369050140779971
Baseline (p=2),p99p100,Sweden,"L(gdp_x_debt, 1)",-0.10830850688733534,0.072704844724589407,-1.489701371313217,0.14552161374434264
Baseline (p=2),p99p100,Switzerland,(Intercept),0.03902561820033504,0.0367815458122971,1.0610108231853508,0.29595192592862657
Baseline (p=2),p99p100,Switzerland,"L(p99p100, 1)",0.6125240988472963,0.1556580172889397,3.9350629637681975,3.7656377409649947e-4
Baseline (p=2),p99p100,Switzerland,public_debt,0.011699511161842995,0.013478811031592233,0.867992817350222,0.3913110173872235
Baseline (p=2),p99p100,Switzerland,growth,-0.15116977508152837,0.1798248782283002,-0.8406499510574272,0.40625063237197245
Baseline (p=2),p99p100,Switzerland,life_exp,-1.556386491515774e-6,4.993047440662578e-4,-0.0031171073578047984,0.9975306115268082
Baseline (p=2),p99p100,Switzerland,gdp_x_debt,0.25367597021377625,0.4376380139356949,0.5796479330770625,0.5658648615059814
Baseline (p=2),p99p100,Thailand,(Intercept),0.08228398761130863,0.05248467950836106,1.5677715550916225,0.12619552963328542
Baseline (p=2),p99p100,Thailand,"L(p99p100, 1)",0.951994921633268,0.11003083121742152,8.652074251371609,4.144594195934671e-10
Baseline (p=2),p99p100,Thailand,public_debt,0.023527674340522376,0.019309253654447397,1.218466273299143,0.23143434187569129
Baseline (p=2),p99p100,Thailand,growth,-0.060941411665661256,0.048423167590076706,-1.2585176620735958,0.21677816818109744
Baseline (p=2),p99p100,Thailand,life_exp,-0.010755065906191607,0.004991959690274991,-2.154477714862947,0.03837623920803832
Baseline (p=2),p99p100,Thailand,"L(life_exp, 1)",0.009761902109189447,0.004862557380664696,2.0075654321337852,0.052690218247864726
Baseline (p=2),p99p100,Thailand,gdp_x_debt,0.01796674783190377,0.2514312260390163,0.07145790168925059,0.9434520171830897
Baseline (p=2),p99p100,Togo,(Intercept),0.048899458804436906,0.013184750961570688,3.708788959834214,7.876479074597996e-4
Baseline (p=2),p99p100,Togo,"L(p99p100, 1)",1.2723301956544533,0.13194882938846153,9.642603132981748,5.481058544956337e-11
Baseline (p=2),p99p100,Togo,"L(p99p100, 2)",-0.8062985785004725,0.14821296939791995,-5.440135109470307,5.519426172248512e-6
Baseline (p=2),p99p100,Togo,public_debt,-0.0011575228318083785,0.0036113753549909017,-0.32052132997160987,0.7506569191055015
Baseline (p=2),p99p100,Togo,growth,0.0016543526802676328,0.02422002840012391,0.06830515030523948,0.9459677558852794
Baseline (p=2),p99p100,Togo,life_exp,0.002898683332363526,0.0013801069032550756,2.1003324637582677,0.043669294936243434
Baseline (p=2),p99p100,Togo,"L(life_exp, 1)",-0.002405906134428645,0.0013697243774510664,-1.7564892426794794,0.08857204991047962
Baseline (p=2),p99p100,Togo,gdp_x_debt,-7.000602694905502e-4,0.03708601606959071,-0.01887666413606977,0.9850567060708866
Baseline (p=2),p99p100,Trinidad and Tobago,(Intercept),0.05233462924651558,0.028487789419959646,1.8370898659426314,0.07469994279057636
Baseline (p=2),p99p100,Trinidad and Tobago,"L(p99p100, 1)",0.2577775650525756,0.16838157939475104,1.5309130961899702,0.1347803124201592
Baseline (p=2),p99p100,Trinidad and Tobago,public_debt,-0.008352503834216882,0.0065702732859661975,-1.2712566845670557,0.21202117893258293
Baseline (p=2),p99p100,Trinidad and Tobago,growth,0.006127695257355235,0.022947912815630477,0.26702625666162927,0.791016069097232
Baseline (p=2),p99p100,Trinidad and Tobago,life_exp,0.0017073186555389833,5.36453100116391e-4,3.182605627907746,0.0030577269448192326
Baseline (p=2),p99p100,Trinidad and Tobago,gdp_x_debt,0.03309875247480109,0.0764815153629984,0.43276800044699687,0.6678384824596231
Baseline (p=2),p99p100,Turkey,(Intercept),0.11682780456478822,0.06695266754521456,1.7449312902416012,0.09003078133952368
Baseline (p=2),p99p100,Turkey,"L(p99p100, 1)",0.7970585522730806,0.08767493614449103,9.091065101655772,1.2625708804255372e-10
Baseline (p=2),p99p100,Turkey,public_debt,0.02228147080585724,0.022630535138679277,0.9845755157497169,0.33178756513780716
Baseline (p=2),p99p100,Turkey,"L(public_debt, 1)",-0.03992927018145281,0.022588133156153867,-1.7677100584372354,0.08608369959878034
Baseline (p=2),p99p100,Turkey,growth,0.1313364310475467,0.07421005343407487,1.769792972379686,0.08573017157771615
Baseline (p=2),p99p100,Turkey,life_exp,-9.349062149372652e-4,6.811647655307271e-4,-1.3725111195509891,0.1788912199091448
Baseline (p=2),p99p100,Turkey,gdp_x_debt,-0.36331879393709926,0.17755199131169339,-2.046267075086144,0.048525634451832965
Baseline (p=2),p99p100,United Arab Emirates,(Intercept),0.04057100808438161,0.01877525896502531,2.16087608484962,0.0380610310183713
Baseline (p=2),p99p100,United Arab Emirates,"L(p99p100, 1)",0.9406108840348502,0.055666582551342894,16.897227042225875,8.232440622839165e-18
Baseline (p=2),p99p100,United Arab Emirates,public_debt,-0.024271547116043055,0.00851176929528567,-2.8515278403382123,0.007449299015607858
Baseline (p=2),p99p100,United Arab Emirates,"L(public_debt, 1)",0.02510441038714653,0.009835995271385635,2.5522999650252958,0.01551495349486165
Baseline (p=2),p99p100,United Arab Emirates,growth,-6.585642793788147e-4,0.002018456317693585,-0.3262712567053874,0.7462793516069536
Baseline (p=2),p99p100,United Arab Emirates,life_exp,-0.0015061388740569134,8.169656428258397e-4,-1.8435767614991263,0.07424097135146131
Baseline (p=2),p99p100,United Arab Emirates,"L(life_exp, 1)",0.0011065201076469193,7.93313016561024e-4,1.3948089651215279,0.1723919465218189
Baseline (p=2),p99p100,United Arab Emirates,gdp_x_debt,-0.021073016890065053,0.02643861239510075,-0.7970545721215695,0.4311169998462987
Baseline (p=2),p99p100,United Kingdom,(Intercept),-0.3307075720798988,0.11010081607664522,-3.003679571727072,0.00490165330696715
Baseline (p=2),p99p100,United Kingdom,"L(p99p100, 1)",0.638282631913729,0.11320518761054009,5.638280765980561,2.3153116850082196e-6
Baseline (p=2),p99p100,United Kingdom,public_debt,-0.031775328403685764,0.010699852353670833,-2.9696978381934866,0.005353974275362758
Baseline (p=2),p99p100,United Kingdom,growth,0.07556640632217541,0.1002802015905017,0.7535525968600852,0.45615751103660873
Baseline (p=2),p99p100,United Kingdom,life_exp,0.004966363239100748,0.001624287812355232,3.0575635680597006,0.0042575883450327754
Baseline (p=2),p99p100,United Kingdom,gdp_x_debt,0.04179738675811301,0.18911834838002065,0.2210118008968858,0.8263675525080325
Baseline (p=2),p99p100,United States,(Intercept),-0.3515971579305796,0.19795164898080977,-1.7761769590748135,0.08439840548037365
Baseline (p=2),p99p100,United States,"L(p99p100, 1)",0.6219231138962211,0.15334575004754641,4.055691883885843,2.656605483762494e-4
Baseline (p=2),p99p100,United States,public_debt,0.005178044943577244,0.013988710422815935,0.3701588486049238,0.7134947772085676
Baseline (p=2),p99p100,United States,growth,0.18263236704175284,0.2267574822468734,0.8054083386007918,0.42602215527830367
Baseline (p=2),p99p100,United States,life_exp,0.005335124025662651,0.002927945941352966,1.8221388415379551,0.07698805977106707
Baseline (p=2),p99p100,United States,gdp_x_debt,-0.2194748346828214,0.36557940764786345,-0.6003479137266556,0.5521421678382566
Baseline (p=2),p99p100,Uruguay,(Intercept),0.10442589562685736,0.27790266211768094,0.37576428678699403,0.711254718494444
Baseline (p=2),p99p100,Uruguay,"L(p99p100, 1)",0.3637384877674101,0.13452901327039557,2.703792133198187,0.014073657463227583
Baseline (p=2),p99p100,Uruguay,"L(p99p100, 2)",0.28841075712399983,0.15959894416745085,1.8070968992213376,0.08660958051722666
Baseline (p=2),p99p100,Uruguay,"L(p99p100, 3)",-0.45625461438933396,0.13815791898031743,-3.302413772274132,0.003744931403916187
Baseline (p=2),p99p100,Uruguay,public_debt,0.02534940034942519,0.03177095159803706,0.7978797950449611,0.43479965603236537
Baseline (p=2),p99p100,Uruguay,"L(public_debt, 1)",-0.04248870185720844,0.03196401610728444,-1.3292666889729627,0.1995016246072956
Baseline (p=2),p99p100,Uruguay,"L(public_debt, 2)",-0.02154848196113484,0.03177458114207379,-0.6781673018689071,0.5058417408006044
Baseline (p=2),p99p100,Uruguay,"L(public_debt, 3)",0.089801915722976,0.026767936570609007,3.354831459873445,0.003327353187168727
Baseline (p=2),p99p100,Uruguay,growth,-0.11983195778311881,0.10769726243924481,-1.1126741299549703,0.2797286101689171
Baseline (p=2),p99p100,Uruguay,"L(growth, 1)",0.0587635774198446,0.07519260637263125,0.7815073882215297,0.4441340252996847
Baseline (p=2),p99p100,Uruguay,"L(growth, 2)",-0.03115287952638095,0.06849862641326697,-0.4547956821561489,0.6544098119129995
Baseline (p=2),p99p100,Uruguay,"L(growth, 3)",-0.053439692440961466,0.08767871456186598,-0.6094944788823803,0.5494166413026953
Baseline (p=2),p99p100,Uruguay,life_exp,0.64323187352232,0.1635594933645264,3.932708889533815,8.934989690911801e-4
Baseline (p=2),p99p100,Uruguay,"L(life_exp, 1)",-1.807163670920259,0.5284799158302876,-3.419550330651731,0.0028744592942542523
Baseline (p=2),p99p100,Uruguay,"L(life_exp, 2)",1.7458590008822816,0.6428951861426786,2.715619961874813,0.013718755689609704
Baseline (p=2),p99p100,Uruguay,"L(life_exp, 3)",-0.5815166915178641,0.2865461672443352,-2.0293996500117566,0.05666210276039277
Baseline (p=2),p99p100,Uruguay,gdp_x_debt,0.12513270386789707,0.2755689388430823,0.45408856452849933,0.6549095813119638
Baseline (p=2),p99p100,Uruguay,"L(gdp_x_debt, 1)",-0.46366074013594233,0.2306973911906578,-2.009822207970935,0.05886705934473362
Baseline (p=2),p99p100,Uruguay,"L(gdp_x_debt, 2)",0.28822638045542825,0.2114474694735967,1.3631110420615316,0.18878436522486203
Baseline (p=2),p99p100,Uruguay,"L(gdp_x_debt, 3)",-0.13859058696779486,0.22207772227890904,-0.6240634384467341,0.5400072924042545
Baseline (p=2),p99p100,Venezuela,(Intercept),-0.16307710097471084,0.08947534347590197,-1.8225926231692169,0.08414257049395263
Baseline (p=2),p99p100,Venezuela,"L(p99p100, 1)",0.2648405401451622,0.17533577797573294,1.5104763169432367,0.1473744775014356
Baseline (p=2),p99p100,Venezuela,"L(p99p100, 2)",-0.39521805155715384,0.1567176703656072,-2.5218474128357595,0.02076052307747513
Baseline (p=2),p99p100,Venezuela,"L(p99p100, 3)",0.37338924583121375,0.17658249545932572,2.1145314820699244,0.04791351139193838
Baseline (p=2),p99p100,Venezuela,public_debt,0.014722683503636286,0.009449653631642015,1.5580130317515146,0.13573121677139408
Baseline (p=2),p99p100,Venezuela,"L(public_debt, 1)",-0.0027829017632701627,0.012236340340696737,-0.22742925464524177,0.8225193059544637
Baseline (p=2),p99p100,Venezuela,"L(public_debt, 2)",0.00607260790427928,0.011414741913534084,0.5319969518609254,0.6008941663532946
Baseline (p=2),p99p100,Venezuela,"L(public_debt, 3)",-0.031021459963710578,0.011360521809514352,-2.7306368918486066,0.013280442178617733
Baseline (p=2),p99p100,Venezuela,growth,0.0035094420021108204,0.011052848046077942,0.31751472448371637,0.7543159694051096
Baseline (p=2),p99p100,Venezuela,"L(growth, 1)",0.023155908785534807,0.012483018230245248,1.8549927876761478,0.079182072199987
Baseline (p=2),p99p100,Venezuela,"L(growth, 2)",0.041359564379419636,0.015299293110249267,2.703364402614924,0.014086654245178971
Baseline (p=2),p99p100,Venezuela,"L(growth, 3)",-6.342467445586406e-4,0.029366923562115566,-0.021597316559806175,0.9829943770360361
Baseline (p=2),p99p100,Venezuela,life_exp,0.00747325149976573,0.002675639418273451,2.7930712370010244,0.011597343163316825
Baseline (p=2),p99p100,Venezuela,"L(life_exp, 1)",0.002383011418128139,0.0029302642855752866,0.8132411229454316,0.4261538928644615
Baseline (p=2),p99p100,Venezuela,"L(life_exp, 2)",-0.004867020453179441,0.0024125467048683904,-2.0173787489204056,0.058007023670653565
Baseline (p=2),p99p100,Venezuela,"L(life_exp, 3)",-2.8991139463547025e-4,0.0024473002329743546,-0.11846171986962266,0.9069452822946577
Baseline (p=2),p99p100,Venezuela,gdp_x_debt,-0.005548131694909837,0.012634153245214039,-0.4391375968952674,0.66551528468843
Baseline (p=2),p99p100,Venezuela,"L(gdp_x_debt, 1)",-0.013397840227451998,0.012894590698842953,-1.039027956789214,0.3118343739404068
Baseline (p=2),p99p100,Venezuela,"L(gdp_x_debt, 2)",-0.03195484870386786,0.041212640606251856,-0.7753652334284153,0.4476675084669778
Baseline (p=2),p99p100,Venezuela,"L(gdp_x_debt, 3)",-0.01365911554790275,0.07103807230897957,-0.1922788035195061,0.849564017941396
Baseline (p=2),p99p100,Zambia,(Intercept),0.06898991869895495,0.015825993963916686,4.359278719317862,1.4109682561614742e-4
Baseline (p=2),p99p100,Zambia,"L(p99p100, 1)",1.2881316135530039,0.11657866159447286,11.049463048682624,4.260647502068491e-12
Baseline (p=2),p99p100,Zambia,"L(p99p100, 2)",-0.7026851710611347,0.116503627390355,-6.031444572165381,1.2769984761777308e-6
Baseline (p=2),p99p100,Zambia,public_debt,-4.734774263098188e-5,0.004059391986262884,-0.011663752303598224,0.9907711046141111
Baseline (p=2),p99p100,Zambia,growth,2.5366187865398006e-4,0.010950880757883277,0.023163605216993614,0.9816731580378446
Baseline (p=2),p99p100,Zambia,life_exp,0.0034896186577072904,0.001547985958013861,2.2542960675073798,0.03163746241909546
Baseline (p=2),p99p100,Zambia,"L(life_exp, 1)",-0.003276986350184347,0.0016460390688911775,-1.990831452373622,0.05567630388259957
Baseline (p=2),p99p100,Zambia,gdp_x_debt,0.005726547065888638,0.022143328218692162,0.2586127527592987,0.797700178185818
Baseline (p=2),p99p100,Zambia,"L(gdp_x_debt, 1)",-0.004709225495977907,0.013047065115020136,-0.36094136531567694,0.720672640771644
Baseline (p=2),p99p100,Zambia,"L(gdp_x_debt, 2)",0.027513613823593457,0.009884852186730552,2.7834117601199737,0.009219157523585703
Baseline (p=2),gini,Argentina,(Intercept),0.8654946723253804,1.1403319462280421,0.7589848510236333,0.45398684237040843
Baseline (p=2),gini,Argentina,"L(gini, 1)",1.870550338108602,0.08278339375358909,22.595719422622775,5.865704795973282e-20
Baseline (p=2),gini,Argentina,"L(gini, 2)",-0.8928384696771805,0.08326285923803685,-10.72313007081201,1.3228634167902377e-11
Baseline (p=2),gini,Argentina,public_debt,-0.2934460145010007,0.11988042689992351,-2.447822568616395,0.020661385682605067
Baseline (p=2),gini,Argentina,growth,-0.6472120079068893,0.6571766311385299,-0.9848372222025343,0.3328498708223532
Baseline (p=2),gini,Argentina,"L(growth, 1)",0.9859225320112576,0.7066937957997391,1.3951198353107455,0.17357336603521145
Baseline (p=2),gini,Argentina,life_exp,0.1581155598006315,0.11217518960941653,1.4095412751355716,0.1693096242842404
Baseline (p=2),gini,Argentina,"L(life_exp, 1)",-0.15567445516135994,0.11010183445982553,-1.413913364160732,0.1680334575511392
Baseline (p=2),gini,Argentina,gdp_x_debt,0.1911496527607153,1.0199476386766828,0.18741124104049087,0.8526433017458728
Baseline (p=2),gini,Argentina,"L(gdp_x_debt, 1)",-1.150331296788272,1.0836762791984054,-1.0615082371639355,0.29721961140455566
Baseline (p=2),gini,Argentina,"L(gdp_x_debt, 2)",0.9437704766246474,0.5892278985401705,1.6017070457167193,0.12005879210047336
Baseline (p=2),gini,Australia,(Intercept),-2.941501832012168,3.6874468093583506,-0.7977069186589885,0.431108917014955
Baseline (p=2),gini,Australia,"L(gini, 1)",0.7364258933695829,0.12627363821829424,5.831984440778481,1.9807828017904998e-6
Baseline (p=2),gini,Australia,public_debt,-5.263313201407988,2.057654861334835,-2.5579183857848684,0.015639058303282955
Baseline (p=2),gini,Australia,"L(public_debt, 1)",5.5113029396145565,1.8873753560746935,2.920088429615187,0.006468988963411456
Baseline (p=2),gini,Australia,growth,10.306775934886206,4.599633798828314,2.2407818503968078,0.0323444817703833
Baseline (p=2),gini,Australia,life_exp,-0.5609502364150084,0.47625357817279634,-1.1778394160672996,0.24782396980737256
Baseline (p=2),gini,Australia,"L(life_exp, 1)",-0.1589496914070858,0.5957234117994751,-0.2668179364093709,0.7913762914854227
Baseline (p=2),gini,Australia,"L(life_exp, 2)",0.8634946628307387,0.4451847548550953,1.9396321491552435,0.0615705881423877
Baseline (p=2),gini,Australia,gdp_x_debt,-27.824553937880868,16.669795303946024,-1.6691599045187029,0.10515570092512415
Baseline (p=2),gini,Austria,(Intercept),-11.166229864015,4.501169503186201,-2.4807396957859207,0.030533577685570176
Baseline (p=2),gini,Austria,"L(gini, 1)",1.0307490256319,0.2082000295875692,4.95076310831342,4.3510443941366064e-4
Baseline (p=2),gini,Austria,"L(gini, 2)",-0.23954619373475827,0.19554118319581928,-1.2250421615525942,0.2461444109245283
Baseline (p=2),gini,Austria,public_debt,-0.3737916068744387,1.3032750924014478,-0.28680944572160955,0.7795885104773854
Baseline (p=2),gini,Austria,growth,16.428580989288555,20.008662291110294,0.821073430610484,0.42904032353529054
Baseline (p=2),gini,Austria,life_exp,0.8328742225872563,0.24578330672939291,3.388652523518408,0.006049272160820356
Baseline (p=2),gini,Austria,"L(life_exp, 1)",0.10348280772106397,0.2124186866577918,0.4871643326171939,0.6357046686079975
Baseline (p=2),gini,Austria,"L(life_exp, 2)",-0.22521140407303358,0.20245599303550643,-1.112396826077341,0.289687436322072
Baseline (p=2),gini,Austria,"L(life_exp, 3)",-0.49822413765088647,0.21354323781270695,-2.3331300150457843,0.03964970283150012
Baseline (p=2),gini,Austria,gdp_x_debt,-28.155863000824354,27.608767022809815,-1.0198160235682578,0.3297214676955199
Baseline (p=2),gini,Austria,"L(gdp_x_debt, 1)",-3.6098678013749903,2.9126589055814205,-1.2393719684984514,0.24099920367999272
Baseline (p=2),gini,Austria,"L(gdp_x_debt, 2)",-4.4316647208289455,2.933030034936329,-1.5109510192674005,0.15898235264934596
Baseline (p=2),gini,Bangladesh,(Intercept),2.667878351425444,1.221106369717496,2.1848042214722536,0.03810983842257876
Baseline (p=2),gini,Bangladesh,"L(gini, 1)",0.8477377014472715,0.187088099406504,4.531221943760899,1.15854053034864e-4
Baseline (p=2),gini,Bangladesh,"L(gini, 2)",0.04824792189602966,0.17763765021343308,0.2716086473676013,0.7880679917229104
Baseline (p=2),gini,Bangladesh,public_debt,0.03742401563839048,1.377086690538591,0.027176223469093007,0.9785267008094712
Baseline (p=2),gini,Bangladesh,"L(public_debt, 1)",-0.29356210014541506,1.550151237362856,-0.18937642538983998,0.8512684293562376
Baseline (p=2),gini,Bangladesh,"L(public_debt, 2)",0.9021795377493578,1.4810955510674926,0.6091298681567953,0.5477245079366326
Baseline (p=2),gini,Bangladesh,"L(public_debt, 3)",1.3807409763844987,1.0610690079778429,1.3012734949406148,0.20457860373757314
Baseline (p=2),gini,Bangladesh,growth,-4.483351873587972,3.9397559421686474,-1.1379770573098242,0.2655082185152741
Baseline (p=2),gini,Bangladesh,life_exp,-0.0012282387366981268,0.025088658532240918,-0.0489559350142114,0.9613285536630078
Baseline (p=2),gini,Bangladesh,"L(life_exp, 1)",0.0543490415194088,0.027156384822819596,2.0013356665110713,0.055895450468055594
Baseline (p=2),gini,Bangladesh,"L(life_exp, 2)",-0.009601891919161139,0.02860201281302292,-0.33570686028045044,0.7397859066584394
Baseline (p=2),gini,Bangladesh,"L(life_exp, 3)",-0.04174891995847856,0.022905871954734362,-1.822629587774744,0.07988049110860268
Baseline (p=2),gini,Bangladesh,gdp_x_debt,11.981337094056517,12.893088744323325,0.9292836907937796,0.36129009299711967
Baseline (p=2),gini,Belgium,(Intercept),-0.6686212662164741,1.3776423349288318,-0.48533733993519784,0.6312130761171104
Baseline (p=2),gini,Belgium,"L(gini, 1)",1.2820398255224814,0.14999727950442868,8.547087185568783,2.7295344563838424e-9
Baseline (p=2),gini,Belgium,"L(gini, 2)",-0.3070057638903169,0.18383984501575867,-1.6699631348361967,0.10607036671828561
Baseline (p=2),gini,Belgium,public_debt,-0.821878880703164,1.0125265834325303,-0.8117109161884339,0.42380463851854433
Baseline (p=2),gini,Belgium,"L(public_debt, 1)",1.932460831447527,0.8887953459851455,2.174247243954205,0.038294253073891
Baseline (p=2),gini,Belgium,growth,1.6468062482334564,6.5143555984028945,0.25279649281614275,0.802272191546009
Baseline (p=2),gini,Belgium,"L(growth, 1)",13.323420350804989,6.602809691433179,2.0178410363835675,0.05328269553433178
Baseline (p=2),gini,Belgium,"L(growth, 2)",13.53763223537603,5.535997134503928,2.4453828111652585,0.021016010277085502
Baseline (p=2),gini,Belgium,life_exp,0.0010403298122859555,0.02955928432937418,0.03519468877168113,0.9721742080402374
Baseline (p=2),gini,Belgium,gdp_x_debt,-0.5304535019299558,6.1596665873779175,-0.08611724261454909,0.9319860923688443
Baseline (p=2),gini,Belgium,"L(gdp_x_debt, 1)",-11.748137608007262,6.124734260701135,-1.918146503659472,0.06534265783001751
Baseline (p=2),gini,Belgium,"L(gdp_x_debt, 2)",-12.159207923029745,5.124691187064599,-2.372671343342834,0.02476474340513802
Baseline (p=2),gini,Belize,(Intercept),0.04734153537662438,7.702974928131158,0.006145876861643902,0.995206374872345
Baseline (p=2),gini,Belize,"L(gini, 1)",0.899681731121334,0.17607286513482126,5.109712563786794,3.38866758649217e-4
Baseline (p=2),gini,Belize,"L(gini, 2)",0.0902185101801012,0.16176586190637005,0.5577104409848822,0.5882121024278975
Baseline (p=2),gini,Belize,public_debt,-0.2381257442147779,0.39768845465851216,-0.5987745971133412,0.561451233130535
Baseline (p=2),gini,Belize,growth,-4.268915798108573,2.7178549346572276,-1.570693028414691,0.1445541761409011
Baseline (p=2),gini,Belize,"L(growth, 1)",8.580647290860053,1.8043444222966198,4.755548433451728,5.943519225492769e-4
Baseline (p=2),gini,Belize,life_exp,-0.022214726979067862,0.07293159932373587,-0.30459673426958556,0.7663586344448565
Baseline (p=2),gini,Belize,"L(life_exp, 1)",-0.1834049318743357,0.12292572726561586,-1.4919979401711196,0.16381251510643055
Baseline (p=2),gini,Belize,"L(life_exp, 2)",0.4625829683307607,0.111310739998686,4.155780190988052,0.001600728083022067
Baseline (p=2),gini,Belize,"L(life_exp, 3)",-0.25094029557221437,0.06136097552305949,-4.089574740836883,0.0017908220650922119
Baseline (p=2),gini,Belize,gdp_x_debt,5.804072130550173,4.227017224325703,1.3730893021085437,0.1970659406675731
Baseline (p=2),gini,Belize,"L(gdp_x_debt, 1)",-11.592041507133748,2.840778900450202,-4.0805856116773676,0.0018183912174050993
Baseline (p=2),gini,Bolivia,(Intercept),15.98885766547013,7.21939324637884,2.21470934188132,0.05402850780203177
Baseline (p=2),gini,Bolivia,"L(gini, 1)",1.2893209565299673,0.17632078741942914,7.31235933890739,4.504661753797189e-5
Baseline (p=2),gini,Bolivia,"L(gini, 2)",-0.4484460100443716,0.15957932222438112,-2.8101761794289435,0.020371191802624186
Baseline (p=2),gini,Bolivia,public_debt,1.4075546260923808,1.0019902060814836,1.4047588664533472,0.1936537908944531
Baseline (p=2),gini,Bolivia,"L(public_debt, 1)",0.054255929560533975,1.403283009643539,0.038663569064600896,0.9700026749203507
Baseline (p=2),gini,Bolivia,"L(public_debt, 2)",3.901711853505878,1.5840185338500072,2.4631731069602094,0.03597090598901872
Baseline (p=2),gini,Bolivia,"L(public_debt, 3)",-0.920718212097541,0.8614702658838769,-1.0687753815308705,0.3129973224541199
Baseline (p=2),gini,Bolivia,growth,6.642653725517389,4.286938782619323,1.5495098162933696,0.1556693348513829
Baseline (p=2),gini,Bolivia,"L(growth, 1)",5.139802478815036,4.39612320085759,1.1691670692514644,0.2723688627739807
Baseline (p=2),gini,Bolivia,"L(growth, 2)",13.378948046441801,5.013813194326101,2.668417734745709,0.025688974108566794
Baseline (p=2),gini,Bolivia,life_exp,1.0880864524570144,0.7839566117371202,1.3879421847670779,0.19854965163926538
Baseline (p=2),gini,Bolivia,"L(life_exp, 1)",-0.4221977786227073,0.7493980821353997,-0.5633825181666604,0.5869343988314333
Baseline (p=2),gini,Bolivia,"L(life_exp, 2)",-0.8460193593534677,0.7212885976448792,-1.172927677098812,0.2709327297388056
Baseline (p=2),gini,Bolivia,gdp_x_debt,-15.320921792300467,8.673683831775579,-1.7663684876514736,0.11114115573787113
Baseline (p=2),gini,Bolivia,"L(gdp_x_debt, 1)",-12.095060151724166,9.147893432345194,-1.3221688950768005,0.2187266880779428
Baseline (p=2),gini,Bolivia,"L(gdp_x_debt, 2)",-23.10983233324945,10.197258795384391,-2.2662788889607968,0.04966426844226622
Baseline (p=2),gini,Brazil,(Intercept),12.174251171766253,2.7280676278540166,4.462591413594428,1.1258813953313885e-4
Baseline (p=2),gini,Brazil,"L(gini, 1)",1.2503364699254038,0.09557209210349846,13.082652502483356,1.0803744784919684e-13
Baseline (p=2),gini,Brazil,"L(gini, 2)",-0.348143414196503,0.08948593666425853,-3.890481869823849,5.38178870667704e-4
Baseline (p=2),gini,Brazil,public_debt,0.7596177560629687,0.5356778334169092,1.418049634829244,0.1668331312274749
Baseline (p=2),gini,Brazil,"L(public_debt, 1)",3.7563748522380886,0.5198952070333825,7.22525386158617,5.9064714920533736e-8
Baseline (p=2),gini,Brazil,growth,10.755992829540757,4.275874965908591,2.5155068647464973,0.017679467283020098
Baseline (p=2),gini,Brazil,"L(growth, 1)",13.782845034855454,4.324452108916693,3.187188732287327,0.0034287596857226262
Baseline (p=2),gini,Brazil,"L(growth, 2)",2.881722490501838,0.9998696374986942,2.8820982080332462,0.007363528371562265
Baseline (p=2),gini,Brazil,life_exp,-0.14506099093748814,0.024939832620823967,-5.8164380307976415,2.6385325847194133e-6
Baseline (p=2),gini,Brazil,gdp_x_debt,-22.341588129954477,8.079541353126084,-2.765204997844366,0.009789395332228758
Baseline (p=2),gini,Brazil,"L(gdp_x_debt, 1)",-24.705336779043662,8.187982900807162,-3.0172677542607276,0.005267031041827418
Baseline (p=2),gini,Burkina Faso,(Intercept),24.922757045363863,10.547479509353185,2.3629111602694386,0.03586095636894116
Baseline (p=2),gini,Burkina Faso,"L(gini, 1)",0.5910300816160097,0.1622911542850532,3.641788637339446,0.0033769730496906033
Baseline (p=2),gini,Burkina Faso,public_debt,0.975598366740296,0.7125241928061704,1.3692143741787168,0.19601361432512016
Baseline (p=2),gini,Burkina Faso,"L(public_debt, 1)",-1.2927722266572264,0.6374148150362196,-2.028149010913353,0.0653410620871413
Baseline (p=2),gini,Burkina Faso,growth,0.9071097044826718,2.7977665465629613,0.3242263746405326,0.7513483596804158
Baseline (p=2),gini,Burkina Faso,"L(growth, 1)",-7.848791587339354,2.64248159928989,-2.9702350962249078,0.011696075253426185
Baseline (p=2),gini,Burkina Faso,"L(growth, 2)",0.07934182831166706,0.6410937001830885,0.12376011227221231,0.9035540290703469
Baseline (p=2),gini,Burkina Faso,"L(growth, 3)",0.7850527111364923,0.4604537898145802,1.7049543917373873,0.11393110004485892
Baseline (p=2),gini,Burkina Faso,life_exp,-0.13001707371512525,0.06332410751273858,-2.0532002553525195,0.06251743657143465
Baseline (p=2),gini,Burkina Faso,gdp_x_debt,-1.3561890574190503,8.631696081355033,-0.15711733182410093,0.8777649784274627
Baseline (p=2),gini,Burkina Faso,"L(gdp_x_debt, 1)",29.561053125642864,8.338706576911024,3.545040571099386,0.004033261191554745
Baseline (p=2),gini,Canada,(Intercept),3.76914512507191,2.9939185639876547,1.258933750038851,0.219240698142728
Baseline (p=2),gini,Canada,"L(gini, 1)",0.9204886056165001,0.0920968488872125,9.994789362921498,2.1432032910812116e-10
Baseline (p=2),gini,Canada,public_debt,-1.1487416963374786,1.2649899704414793,-0.9081034025404721,0.37216434493754635
Baseline (p=2),gini,Canada,growth,0.8307778970835795,13.249834637775795,0.06270100116683716,0.9504841498683589
Baseline (p=2),gini,Canada,"L(growth, 1)",-21.28798353824016,12.799702980010213,-1.663162307085283,0.10828965503596981
Baseline (p=2),gini,Canada,"L(growth, 2)",-30.03462085249776,13.78923184461018,-2.178121391456439,0.038655954977669715
Baseline (p=2),gini,Canada,"L(growth, 3)",1.0441119849462417,1.7540319038417276,0.595263964503382,0.5568131924106949
Baseline (p=2),gini,Canada,life_exp,0.3401719543463029,0.5274755827998995,0.644905594569197,0.5246385151502249
Baseline (p=2),gini,Canada,"L(life_exp, 1)",0.8662550658273374,0.6643965720557311,1.303822298701857,0.20372062188026996
Baseline (p=2),gini,Canada,"L(life_exp, 2)",-1.2143714880818464,0.5466870353378133,-2.221328492510257,0.03524597692724961
Baseline (p=2),gini,Canada,gdp_x_debt,-2.3993217399740594,16.29692937995373,-0.1472253873128627,0.8840898465993747
Baseline (p=2),gini,Canada,"L(gdp_x_debt, 1)",27.561068517982154,15.62461287589114,1.7639520887272047,0.08948874842246285
Baseline (p=2),gini,Canada,"L(gdp_x_debt, 2)",36.887931385529036,16.99931334754733,2.169965964587108,0.03933193751929385
Baseline (p=2),gini,Chile,(Intercept),1.5000865458184829,1.230874432527818,1.2187161469734895,0.2334935551294766
Baseline (p=2),gini,Chile,"L(gini, 1)",1.6688545690866259,0.16226528963176612,10.284729241070666,7.747615819323243e-11
Baseline (p=2),gini,Chile,"L(gini, 2)",-0.6953466386665441,0.16135171005793075,-4.309508950459161,1.9430596883708662e-4
Baseline (p=2),gini,Chile,public_debt,-0.4008424607757611,0.6318082913816272,-0.6344368477647007,0.5311351326512087
Baseline (p=2),gini,Chile,"L(public_debt, 1)",2.7305217430535444,0.9599329197655838,2.8444922419374254,0.008381675000568332
Baseline (p=2),gini,Chile,"L(public_debt, 2)",-2.287565495223845,0.818570947718756,-2.7945842710384157,0.009446228720111595
Baseline (p=2),gini,Chile,growth,-0.33035877840708094,0.7390378966902984,-0.44701195958496465,0.6584317539940535
Baseline (p=2),gini,Chile,life_exp,0.005772066187651788,0.0822467198667692,0.07017989528338531,0.9445677007004578
Baseline (p=2),gini,Chile,"L(life_exp, 1)",0.11118324163191251,0.09997706145221857,1.1120875130446761,0.2759048861289709
Baseline (p=2),gini,Chile,"L(life_exp, 2)",-0.1211670844722369,0.08254793014257283,-1.4678391603879457,0.15370173406063353
Baseline (p=2),gini,Chile,gdp_x_debt,0.23597911678489453,3.2311903090697585,0.0730316367075363,0.9423192922876218
Baseline (p=2),gini,Chile,"L(gdp_x_debt, 1)",0.09132175423174299,2.115321173344012,0.04317157856807944,0.9658824542803688
Baseline (p=2),gini,Chile,"L(gdp_x_debt, 2)",6.339898976426417,2.1889610213933106,2.8963051029528906,0.0073969396708583905
Baseline (p=2),gini,Colombia,(Intercept),0.17451218739606866,7.072400059494601,0.02467510122844202,0.980483126861583
Baseline (p=2),gini,Colombia,"L(gini, 1)",1.0804982807737495,0.18397510855199253,5.87306777138492,2.2575441565943762e-6
Baseline (p=2),gini,Colombia,"L(gini, 2)",-0.10010738994134219,0.18463044004809429,-0.5422041452929716,0.5918203243963964
Baseline (p=2),gini,Colombia,public_debt,-3.6157744062694728,2.4854981075566336,-1.4547484044652748,0.15647829789863454
Baseline (p=2),gini,Colombia,growth,-9.488080973429454,8.709621170578307,-1.0893792953338588,0.2849567356371451
Baseline (p=2),gini,Colombia,"L(growth, 1)",-3.175797059172261,3.0304736052797523,-1.0479540404639471,0.3033156566238724
Baseline (p=2),gini,Colombia,"L(growth, 2)",1.3826849491816349,3.0032501465737034,0.46039619801869947,0.6486655901073823
Baseline (p=2),gini,Colombia,"L(growth, 3)",-8.09300837178694,2.939165683418523,-2.753505328891163,0.01006970428187211
Baseline (p=2),gini,Colombia,life_exp,0.030167187902894736,0.09351288825688737,0.3225992530572156,0.7493131388643158
Baseline (p=2),gini,Colombia,gdp_x_debt,42.531163598947536,24.409228418199497,1.7424214674166572,0.09203211428171892
Baseline (p=2),gini,Costa Rica,(Intercept),-6.436503748961752,4.95017570915488,-1.3002576326852497,0.2041142494994749
Baseline (p=2),gini,Costa Rica,"L(gini, 1)",1.6271283178983158,0.13554262199368822,12.004550996321186,1.476462216653773e-12
Baseline (p=2),gini,Costa Rica,"L(gini, 2)",-0.7164974934044483,0.12892718069181722,-5.5573812252758215,6.060461878106174e-6
Baseline (p=2),gini,Costa Rica,public_debt,-0.03304765015710673,1.1210486242977078,-0.02947922992886215,0.9766915043005459
Baseline (p=2),gini,Costa Rica,growth,0.9925398702238373,4.879271418573493,0.20341968812098116,0.8402781503521061
Baseline (p=2),gini,Costa Rica,life_exp,0.03338247753993,0.17050531515301703,0.19578555372289405,0.8461919689116298
Baseline (p=2),gini,Costa Rica,"L(life_exp, 1)",0.33819783573322787,0.2080884102715643,1.6252603174384637,0.11531188806606164
Baseline (p=2),gini,Costa Rica,"L(life_exp, 2)",-0.3899589637692612,0.20532181418808562,-1.8992573454082098,0.06787795054022593
Baseline (p=2),gini,Costa Rica,"L(life_exp, 3)",0.15146305433359228,0.13653224615979134,1.1093573759588382,0.2767134757277718
Baseline (p=2),gini,Costa Rica,gdp_x_debt,-4.325156270646009,15.073060544484846,-0.28694612204875414,0.7762663626421474
Baseline (p=2),gini,Costa Rica,"L(gdp_x_debt, 1)",5.259154848685769,3.800599843418339,1.3837696851441155,0.17736178545692927
Baseline (p=2),gini,Cyprus,(Intercept),-2.560242227388181,4.818804529809248,-0.5313023617269506,0.59955339782973
Baseline (p=2),gini,Cyprus,"L(gini, 1)",1.0109974493338267,0.126560325727167,7.988265228656958,1.384123633187237e-8
Baseline (p=2),gini,Cyprus,public_debt,0.5414603426843944,0.5128949388804057,1.0556944544361149,0.30046307840979686
Baseline (p=2),gini,Cyprus,"L(public_debt, 1)",-0.9669231485891258,0.42335063230450265,-2.2839770979570635,0.030459259544834846
Baseline (p=2),gini,Cyprus,growth,2.3894592949363735,1.1054135515470505,2.1615976134834542,0.0396796038996531
Baseline (p=2),gini,Cyprus,life_exp,0.03177045880827469,0.01910263126061546,1.6631456878810678,0.10784997853147184
Baseline (p=2),gini,Cyprus,gdp_x_debt,-2.806896838725202,1.446593693607301,-1.9403491465013776,0.06284685246140378
Baseline (p=2),gini,Denmark,(Intercept),0.1748893376246265,4.214639670537632,0.04149567965375249,0.9671668509811076
Baseline (p=2),gini,Denmark,"L(gini, 1)",0.9415915606846584,0.06660920279662025,14.136058099353725,4.647125708020977e-15
Baseline (p=2),gini,Denmark,public_debt,-3.1807510112728568,1.1070606438748591,-2.8731497491770694,0.007273833094014641
Baseline (p=2),gini,Denmark,growth,-20.087750478972286,9.427839318207306,-2.1306844337257913,0.041153962605022014
Baseline (p=2),gini,Denmark,"L(growth, 1)",-16.215964003456012,9.005165736155073,-1.800740206074178,0.081480639641155
Baseline (p=2),gini,Denmark,"L(growth, 2)",-7.7981826147707904,2.290929709967961,-3.403937964940814,0.0018517448009178813
Baseline (p=2),gini,Denmark,life_exp,0.040941110676741624,0.06154577803383265,0.6652139591806878,0.5108328687354364
Baseline (p=2),gini,Denmark,gdp_x_debt,41.60000704571032,17.437338505794152,2.385685581081499,0.023341815903351843
Baseline (p=2),gini,Denmark,"L(gdp_x_debt, 1)",34.26371870771862,16.066409952343452,2.132630675387497,0.040981311797517427
Baseline (p=2),gini,Egypt,(Intercept),3.1316679810433072,3.9666277047117595,0.7895038844516098,0.43669636385985855
Baseline (p=2),gini,Egypt,"L(gini, 1)",1.0059948946051032,0.05852974417824437,17.18775485403597,4.566715242967201e-16
Baseline (p=2),gini,Egypt,public_debt,-2.5412495147272645,0.8925376986538844,-2.8472181270997843,0.008326921363456351
Baseline (p=2),gini,Egypt,"L(public_debt, 1)",1.8016150515050826,0.8969587115355592,2.008581920588949,0.054679304616794114
Baseline (p=2),gini,Egypt,"L(public_debt, 2)",-0.5247640450540594,0.9115920071743605,-0.5756566983081145,0.5696145222814795
Baseline (p=2),gini,Egypt,"L(public_debt, 3)",-1.1957482363461587,0.7186452628081781,-1.6638921846832373,0.10769942562310389
Baseline (p=2),gini,Egypt,growth,-2.4679339346644094,4.228215578204926,-0.583682144161666,0.5642788686890751
Baseline (p=2),gini,Egypt,life_exp,0.5718269174777141,0.3939498390931341,1.4515221501144664,0.15815575669061316
Baseline (p=2),gini,Egypt,"L(life_exp, 1)",0.025563594805874914,0.49904870408800367,0.051224649210524664,0.9595236068768089
Baseline (p=2),gini,Egypt,"L(life_exp, 2)",-0.6259960344199557,0.32297197642350833,-1.9382363799857867,0.0631159354343035
Baseline (p=2),gini,Egypt,gdp_x_debt,3.744445905743764,4.485538158659928,0.8347818641369962,0.41116632272904785
Baseline (p=2),gini,Egypt,"L(gdp_x_debt, 1)",3.41277434158466,0.8866487185845436,3.849071531996181,6.588745592065255e-4
Baseline (p=2),gini,El Salvador,(Intercept),32.915372241116415,9.451222261964645,3.482657727094255,0.003659184900290202
Baseline (p=2),gini,El Salvador,"L(gini, 1)",1.063728660291323,0.2167006065985327,4.908747958707955,2.3050187366336353e-4
Baseline (p=2),gini,El Salvador,"L(gini, 2)",-0.3519452199660608,0.16873275107858013,-2.0858145067649447,0.05577648255526896
Baseline (p=2),gini,El Salvador,public_debt,-1.4493319566680893,0.956154935158778,-1.5157919531392838,0.1518218549340957
Baseline (p=2),gini,El Salvador,"L(public_debt, 1)",-1.5447123756692651,1.3919596895886883,-1.1097393029576266,0.2858098348864501
Baseline (p=2),gini,El Salvador,"L(public_debt, 2)",-3.1081698469786496,1.39540642016472,-2.2274298025744694,0.042836404227480925
Baseline (p=2),gini,El Salvador,"L(public_debt, 3)",-0.49169063498898774,0.7208997875492621,-0.6820512968390748,0.5063346525938828
Baseline (p=2),gini,El Salvador,growth,-5.764568002113467,4.340336247435665,-1.3281385757887445,0.20537894127465234
Baseline (p=2),gini,El Salvador,"L(growth, 1)",-11.95766883131493,5.249351185872569,-2.2779327211896714,0.03894429718871175
Baseline (p=2),gini,El Salvador,"L(growth, 2)",-10.832866764525269,3.7278085037348485,-2.9059611709324513,0.01150570060284207
Baseline (p=2),gini,El Salvador,life_exp,-0.24493515409654643,0.09016601666253649,-2.716490792903306,0.01670802346681642
Baseline (p=2),gini,El Salvador,gdp_x_debt,9.723507280503252,8.138072331211843,1.1948170137553105,0.25200794719384434
Baseline (p=2),gini,El Salvador,"L(gdp_x_debt, 1)",24.378748206314565,8.98921928911164,2.711998386316349,0.016855776513959645
Baseline (p=2),gini,El Salvador,"L(gdp_x_debt, 2)",22.018572246388622,7.168138542198944,3.0717280527943123,0.008284692729222854
Baseline (p=2),gini,Finland,(Intercept),0.8039464975498933,3.73262754459047,0.21538353021988949,0.8312158095860659
Baseline (p=2),gini,Finland,"L(gini, 1)",0.8022642030393098,0.15739346040678484,5.097188923643019,2.898954964854925e-5
Baseline (p=2),gini,Finland,"L(gini, 2)",0.08766971712206688,0.16295655091431493,0.5379944324433141,0.5953385133909654
Baseline (p=2),gini,Finland,public_debt,-0.6745786765930157,1.5037818735209645,-0.44858811538508103,0.6575929119490513
Baseline (p=2),gini,Finland,"L(public_debt, 1)",5.840551058215365,2.648680122911051,2.2050798085033634,0.03686911385868701
Baseline (p=2),gini,Finland,"L(public_debt, 2)",-8.981704788998014,2.6122964126690733,-3.438241060791833,0.002060603268130265
Baseline (p=2),gini,Finland,"L(public_debt, 3)",4.703745749561343,1.2704860470556443,3.7023198802240214,0.0010596551906819135
Baseline (p=2),gini,Finland,growth,-0.6587753635038254,2.436651119904287,-0.2703609713029834,0.78910202443801
Baseline (p=2),gini,Finland,"L(growth, 1)",-1.5017441809785097,2.764605731265267,-0.5432037429406659,0.5918004808980701
Baseline (p=2),gini,Finland,"L(growth, 2)",-3.509399077687305,2.5524725240118045,-1.3749018039071652,0.18136015463791044
Baseline (p=2),gini,Finland,life_exp,0.019168827319345293,0.06429268438926054,0.29814943179674197,0.768053024887042
Baseline (p=2),gini,Finland,gdp_x_debt,4.422226137647298,5.461809139300134,0.8096632498245726,0.4257734463781023
Baseline (p=2),gini,Finland,"L(gdp_x_debt, 1)",7.911252430249029,5.932223816813928,1.3336065318078296,0.19435690316923784
Baseline (p=2),gini,Finland,"L(gdp_x_debt, 2)",10.918670175682479,5.661279648366963,1.9286576275793137,0.0652020279849278
Baseline (p=2),gini,France,(Intercept),5.79048819052224,6.624319915942917,0.8741256859570031,0.38948584051250734
Baseline (p=2),gini,France,"L(gini, 1)",1.3653566018070638,0.1805885929676109,7.560591615285161,3.0970191636875315e-8
Baseline (p=2),gini,France,"L(gini, 2)",-0.5234422350289982,0.1900303183824117,-2.7545195918455376,0.010211572623244342
Baseline (p=2),gini,France,public_debt,0.5622987233013482,1.0787565183409342,0.5212471153046949,0.6062931760243911
Baseline (p=2),gini,France,growth,-2.7988940493863903,4.14652066428154,-0.6749982156115336,0.5052130523085779
Baseline (p=2),gini,France,life_exp,0.21278198602934303,0.25026593491595117,0.8502235276279344,0.40241287143216853
Baseline (p=2),gini,France,"L(life_exp, 1)",0.3311567306087723,0.2760024751406169,1.1998324668648557,0.24025862221879285
Baseline (p=2),gini,France,"L(life_exp, 2)",-0.3716344491474862,0.27914802270236655,-1.3313167886692525,0.19382325416604576
Baseline (p=2),gini,France,"L(life_exp, 3)",-0.19255932127558276,0.28006327594817876,-0.687556483882638,0.497388467198275
Baseline (p=2),gini,France,gdp_x_debt,2.0023731746145046,5.9580738402057865,0.33607726730445225,0.7393181712591954
Baseline (p=2),gini,France,"L(gdp_x_debt, 1)",-4.936140880449329,4.065209219675981,-1.214240304424668,0.2347980830792168
Baseline (p=2),gini,Germany,(Intercept),-3.7319751983241707,2.6302558561382052,-1.4188639442109376,0.1653151371537137
Baseline (p=2),gini,Germany,"L(gini, 1)",1.3941867765995386,0.1466304936440062,9.508163970206537,5.636620622166351e-11
Baseline (p=2),gini,Germany,"L(gini, 2)",-0.47012290520808037,0.13896379744754608,-3.3830602922716984,0.001861211983882634
Baseline (p=2),gini,Germany,public_debt,-0.3970746846859339,0.6849584574172924,-0.5797062294597333,0.5660498295874217
Baseline (p=2),gini,Germany,growth,0.6764004111799146,4.2619579182074,0.1587064969107935,0.8748674087425764
Baseline (p=2),gini,Germany,life_exp,0.07778496547111956,0.04885108996514349,1.5922872043719214,0.12085524225992529
Baseline (p=2),gini,Germany,gdp_x_debt,1.0710815101583024,6.935461462360855,0.15443550742385678,0.8782070214159627
Baseline (p=2),gini,Ghana,(Intercept),0.22116560615962855,1.2329994522678696,0.17937202303929348,0.8627272316232498
Baseline (p=2),gini,Ghana,"L(gini, 1)",0.28610495844620504,0.30920039247070835,0.9253059356103785,0.3855956060557208
Baseline (p=2),gini,Ghana,"L(gini, 2)",0.20488102108170697,0.2656723973466926,0.7711791782958349,0.4658299815665171
Baseline (p=2),gini,Ghana,"L(gini, 3)",0.6757164900762833,0.35645036076499315,1.8956818801532411,0.09983792197185606
Baseline (p=2),gini,Ghana,public_debt,0.892322167301463,0.33592723197297714,2.656296014052364,0.032642071214122104
Baseline (p=2),gini,Ghana,"L(public_debt, 1)",-1.033833388009624,0.5033208060300216,-2.054024740530911,0.07905933775250298
Baseline (p=2),gini,Ghana,"L(public_debt, 2)",0.1390247870949146,0.804303128235925,0.1728512325941553,0.8676601107625699
Baseline (p=2),gini,Ghana,"L(public_debt, 3)",-0.03412524740292707,0.4716809296875379,-0.07234816006984453,0.9443486313430778
Baseline (p=2),gini,Ghana,growth,-1.9453911209580497,0.7911500010031022,-2.458940932176554,0.043532849990594764
Baseline (p=2),gini,Ghana,"L(growth, 1)",-1.8315483710289004,1.0360407149676993,-1.7678343568630916,0.12041671681417912
Baseline (p=2),gini,Ghana,"L(growth, 2)",-2.0559040789585104,1.2706894014543664,-1.617943831596791,0.14970759633563469
Baseline (p=2),gini,Ghana,"L(growth, 3)",-1.336248959293311,0.9733841393408429,-1.3727868631578413,0.21218065821493914
Baseline (p=2),gini,Ghana,life_exp,-0.020716940779075637,0.11274265375781208,-0.18375424108411262,0.8594158214346348
Baseline (p=2),gini,Ghana,"L(life_exp, 1)",-0.04418368984174302,0.11548542948204113,-0.38259103369065206,0.7133747628298577
Baseline (p=2),gini,Ghana,"L(life_exp, 2)",0.3136255343784835,0.13871544692636384,2.260927253076361,0.05825166665874905
Baseline (p=2),gini,Ghana,"L(life_exp, 3)",-0.36354922288935865,0.13019004765454462,-2.792450186776378,0.02681368589405291
Baseline (p=2),gini,Ghana,gdp_x_debt,-0.026992008212280736,1.577580804695373,-0.017109746855402966,0.9868265220261683
Baseline (p=2),gini,Ghana,"L(gdp_x_debt, 1)",2.3012643368811263,1.9562587584740565,1.1763598894637972,0.27790123611344825
Baseline (p=2),gini,Ghana,"L(gdp_x_debt, 2)",1.89883803451889,2.719579588496585,0.6982101360631955,0.5075696506805005
Baseline (p=2),gini,Ghana,"L(gdp_x_debt, 3)",2.339336869705116,2.0384861874935893,1.1475853425239226,0.2888434995448412
Baseline (p=2),gini,Greece,(Intercept),4.901248556037157,6.733308348682458,0.7279109023718199,0.47231165674837394
Baseline (p=2),gini,Greece,"L(gini, 1)",1.3540979515041283,0.1476532392874909,9.17079745787092,3.300767190352223e-10
Baseline (p=2),gini,Greece,"L(gini, 2)",-0.4132250393709562,0.15596067197922736,-2.6495464153039445,0.012735367593585437
Baseline (p=2),gini,Greece,public_debt,0.9844244435281472,0.5951920714485592,1.6539609493323504,0.10856303822641969
Baseline (p=2),gini,Greece,"L(public_debt, 1)",-1.0288988886325017,0.556124366353381,-1.8501237328966504,0.07416755741789705
Baseline (p=2),gini,Greece,growth,-2.679688634480238,2.905160874580072,-0.9223890690279158,0.36368485919764826
Baseline (p=2),gini,Greece,"L(growth, 1)",6.40409521713057,2.8608980101213146,2.2384912689910985,0.03276091383435796
Baseline (p=2),gini,Greece,life_exp,-0.03807169493322817,0.07574657820044177,-0.5026193372390005,0.6189018067722327
Baseline (p=2),gini,Greece,gdp_x_debt,3.3196113645430776,2.2923620010530645,1.44811830025891,0.1579553791687107
Baseline (p=2),gini,Greece,"L(gdp_x_debt, 1)",-6.803203422051295,2.3802037431982974,-2.8582441488432333,0.007673036009689387
Baseline (p=2),gini,Guatemala,(Intercept),3.000338852354411,1.90415377200489,1.5756809646709067,0.12493543879738311
Baseline (p=2),gini,Guatemala,"L(gini, 1)",1.3843311272668857,0.15466911532488622,8.950275071781878,3.17858532178633e-10
Baseline (p=2),gini,Guatemala,"L(gini, 2)",-0.4067025313730775,0.16210448351691245,-2.508891318423318,0.01737047149792723
Baseline (p=2),gini,Guatemala,public_debt,-1.5922954840374113,1.129578075624961,-1.4096373844335133,0.16829213982267863
Baseline (p=2),gini,Guatemala,"L(public_debt, 1)",1.8547645141198505,1.0439217374416772,1.7767275530302618,0.08512158824685258
Baseline (p=2),gini,Guatemala,growth,3.1779046788632743,4.851641592390134,0.6550163729834992,0.5171384308179029
Baseline (p=2),gini,Guatemala,life_exp,-0.031610651925362096,0.01206635894201103,-2.6197340952045085,0.01334334276260724
Baseline (p=2),gini,Guatemala,gdp_x_debt,-11.030395716110377,12.482031421970936,-0.8837019667082889,0.38344846209591876
Baseline (p=2),gini,Honduras,(Intercept),1.7205108110351632,2.597165052711458,0.662457247081366,0.5142622815677816
Baseline (p=2),gini,Honduras,"L(gini, 1)",1.6406610407799307,0.12007952845040036,13.663120283301383,1.5900615122710174e-12
Baseline (p=2),gini,Honduras,"L(gini, 2)",-0.6528130607614613,0.12632798041948148,-5.167604663620417,3.08098499598228e-5
Baseline (p=2),gini,Honduras,public_debt,0.6523550466611799,0.27228066278392393,2.395891944698529,0.025107782264105358
Baseline (p=2),gini,Honduras,growth,5.494911351932363,2.059644976719756,2.6678924834335773,0.013742653218890066
Baseline (p=2),gini,Honduras,life_exp,-0.022104422900533546,0.024846531243388703,-0.8896381826503532,0.38287124517123505
Baseline (p=2),gini,Honduras,gdp_x_debt,-9.410988721424339,3.9318455747725314,-2.3935295887018126,0.025236735314507316
Baseline (p=2),gini,Iceland,(Intercept),-6.670852512804117,7.46887056376319,-0.8931541196026577,0.3927614143487239
Baseline (p=2),gini,Iceland,"L(gini, 1)",1.974845138450709,0.2024595117637086,9.754271959104393,1.9957439116334806e-6
Baseline (p=2),gini,Iceland,"L(gini, 2)",-1.119013682850543,0.23514004262556243,-4.758924385467018,7.697961958857232e-4
Baseline (p=2),gini,Iceland,public_debt,1.408855390769733,1.0859261893994618,1.2973767503930054,0.223632094745057
Baseline (p=2),gini,Iceland,"L(public_debt, 1)",-1.0294638102366502,1.0745518624510646,-0.9580401339479623,0.3606315455613833
Baseline (p=2),gini,Iceland,growth,7.781492742428907,5.831340732665102,1.3344260092434224,0.211652631154289
Baseline (p=2),gini,Iceland,"L(growth, 1)",0.9433527319947749,4.838622381134951,0.1949630819864685,0.8493259788030082
Baseline (p=2),gini,Iceland,"L(growth, 2)",-3.0098355350568,2.9189992464021484,-1.0311189832496919,0.32677849590295605
Baseline (p=2),gini,Iceland,"L(growth, 3)",-2.3500181763628145,1.4855863269928937,-1.5818792443517526,0.14475881545521385
Baseline (p=2),gini,Iceland,life_exp,0.1265549484726063,0.13052674258614144,0.969571031691732,0.3551261460695988
Baseline (p=2),gini,Iceland,"L(life_exp, 1)",0.05758737438602483,0.11946452244833616,0.4820458258721049,0.6401497683661574
Baseline (p=2),gini,Iceland,"L(life_exp, 2)",0.1381188181953934,0.13008441403033058,1.0617630038537094,0.3133123731677362
Baseline (p=2),gini,Iceland,"L(life_exp, 3)",-0.1969639209953471,0.1176191924694549,-1.674589978557263,0.12495499343057119
Baseline (p=2),gini,Iceland,gdp_x_debt,-10.12910310654537,8.40907921341466,-1.2045436663727493,0.2561135302899391
Baseline (p=2),gini,Iceland,"L(gdp_x_debt, 1)",-5.78193924933761,5.109567832723142,-1.1315906625817564,0.28421274638115746
Baseline (p=2),gini,India,(Intercept),-18.06682803370713,8.970654141983479,-2.0139922627439986,0.0583910476847376
Baseline (p=2),gini,India,"L(gini, 1)",1.7395262332012962,0.20011947143317307,8.692438675474842,4.7807604264408885e-8
Baseline (p=2),gini,India,"L(gini, 2)",-0.5304215642547796,0.3428933983105054,-1.5468993187627922,0.13838237414878368
Baseline (p=2),gini,India,"L(gini, 3)",0.5596074137368752,0.21919134509881935,2.5530543347164736,0.019432710619027415
Baseline (p=2),gini,India,public_debt,4.560239520677565,2.6830106096788455,1.6996725634355292,0.10550586225844535
Baseline (p=2),gini,India,"L(public_debt, 1)",-1.676827750932551,2.3622838625388662,-0.7098333005290818,0.4864286514774071
Baseline (p=2),gini,India,"L(public_debt, 2)",-1.0833158797139144,2.2326867274802593,-0.48520729145754854,0.6330767505443434
Baseline (p=2),gini,India,"L(public_debt, 3)",2.0679902747099463,1.9552149173490463,1.057679263982808,0.30346446838643093
Baseline (p=2),gini,India,growth,43.62716425003052,19.214936517989113,2.270481831110218,0.03500253584763236
Baseline (p=2),gini,India,"L(growth, 1)",-14.41293959851832,13.072701178181273,-1.1025219196912377,0.2840048241804662
Baseline (p=2),gini,India,"L(growth, 2)",-2.4561165418947395,10.884359286593279,-0.22565559232503848,0.823878821349981
Baseline (p=2),gini,India,"L(growth, 3)",-16.00777475513243,12.08274900820482,-1.3248454258432674,0.20093649277919404
Baseline (p=2),gini,India,life_exp,-10.174840208732272,3.634520194485987,-2.7995002543028247,0.011436111081499462
Baseline (p=2),gini,India,"L(life_exp, 1)",11.40887234581552,4.705805071237711,2.4244251882738492,0.025475108194707177
Baseline (p=2),gini,India,"L(life_exp, 2)",-2.702142063657539,4.412094689349199,-0.612439726232647,0.5475074288982646
Baseline (p=2),gini,India,"L(life_exp, 3)",1.2830659604756671,2.2275500216485455,0.5759987196723452,0.5713764814406119
Baseline (p=2),gini,India,gdp_x_debt,-71.30871062780953,28.920766819213437,-2.4656576733793854,0.023368941769826276
Baseline (p=2),gini,India,"L(gdp_x_debt, 1)",13.03215194413186,19.734404908976174,0.6603772449304615,0.5169387498005115
Baseline (p=2),gini,India,"L(gdp_x_debt, 2)",-23.57101935607765,17.604172154542606,-1.3389450608159015,0.1963888593553391
Baseline (p=2),gini,India,"L(gdp_x_debt, 3)",15.04037940239402,18.99016828073743,0.792008747897729,0.4381327556885023
Baseline (p=2),gini,Indonesia,(Intercept),-1.1948195990909227,0.7430613604064592,-1.6079689548617477,0.11991936993686837
Baseline (p=2),gini,Indonesia,"L(gini, 1)",1.2274382567890385,0.16480197757212403,7.447958300450987,6.580765452280863e-8
Baseline (p=2),gini,Indonesia,"L(gini, 2)",-0.23555597933485115,0.16214134313032813,-1.4527817198696376,0.15824755950195873
Baseline (p=2),gini,Indonesia,public_debt,0.7624085890976604,0.3566616052817314,2.137624509639675,0.042118356012593484
Baseline (p=2),gini,Indonesia,growth,-0.03731248240243877,0.9939096889240474,-0.03754111949832307,0.9703403188736703
Baseline (p=2),gini,Indonesia,"L(growth, 1)",0.817914589292101,0.9816889003342562,0.8331708640217981,0.4123370680223727
Baseline (p=2),gini,Indonesia,"L(growth, 2)",-0.6505398182206693,1.0517474975734076,-0.6185323185665715,0.5416059430999101
Baseline (p=2),gini,Indonesia,"L(growth, 3)",2.6554940690998095,0.990353865803008,2.6813588160699076,0.012565259400590195
Baseline (p=2),gini,Indonesia,life_exp,0.01601242773581609,0.018593755840497946,0.8611723136075812,0.39701577716027725
Baseline (p=2),gini,Indonesia,gdp_x_debt,4.521912147344145,2.342380494489184,1.9304772038456817,0.06452266781664413
Baseline (p=2),gini,Indonesia,"L(gdp_x_debt, 1)",1.419558695820926,2.2921856644552836,0.6193035397759853,0.5411056842964785
Baseline (p=2),gini,Indonesia,"L(gdp_x_debt, 2)",3.8040038597756825,2.3315129979226294,1.6315602199794887,0.11482738295287845
Baseline (p=2),gini,Indonesia,"L(gdp_x_debt, 3)",-2.951337400825426,2.007663429600156,-1.470035941937345,0.15355051793847802
Baseline (p=2),gini,Iran,(Intercept),-5.670206386112703,4.387049243892749,-1.2924875174369763,0.21168657728737597
Baseline (p=2),gini,Iran,"L(gini, 1)",1.092229291321284,0.19397166370177354,5.63087035743818,1.982286179914508e-5
Baseline (p=2),gini,Iran,"L(gini, 2)",0.40525970647703274,0.3172400162758794,1.2774545633757923,0.2168313844683203
Baseline (p=2),gini,Iran,"L(gini, 3)",-0.4397082069529192,0.19440532982693484,-2.2618114809113514,0.03562663897789174
Baseline (p=2),gini,Iran,public_debt,0.8742455122515865,0.299269468231559,2.9212652978523734,0.008759314466721327
Baseline (p=2),gini,Iran,"L(public_debt, 1)",-0.9581579441151165,0.43435183416625384,-2.205948884627868,0.039899426675027126
Baseline (p=2),gini,Iran,"L(public_debt, 2)",0.20465672636443447,0.3782623822781823,0.5410443542702734,0.5947643426702554
Baseline (p=2),gini,Iran,"L(public_debt, 3)",-0.17475184133190133,0.3021751854516419,-0.5783130109466499,0.5698448111654002
Baseline (p=2),gini,Iran,growth,-1.6679678599899408,0.7884154628164499,-2.1155950620647053,0.04781240994297234
Baseline (p=2),gini,Iran,"L(growth, 1)",-3.5019949875995042,0.7802500097163784,-4.488298550451134,2.517830369821636e-4
Baseline (p=2),gini,Iran,"L(growth, 2)",-0.7833218484712857,0.876394996745033,-0.8938000004342508,0.38261120101988877
Baseline (p=2),gini,Iran,"L(growth, 3)",-0.8213453826743977,0.9228965059793681,-0.8899647764976578,0.3846152128790178
Baseline (p=2),gini,Iran,life_exp,0.0239927309834657,0.04163456512711265,0.5762695229364004,0.5711971460776502
Baseline (p=2),gini,Iran,"L(life_exp, 1)",0.04424199319794561,0.042017052283531524,1.0529532842856315,0.3055698856948446
Baseline (p=2),gini,Iran,"L(life_exp, 2)",0.009572561592614772,0.042532550871258824,0.22506436591564477,0.8243321246466094
Baseline (p=2),gini,Iran,"L(life_exp, 3)",-0.03275618798985924,0.03010354641347733,-1.0881172450563608,0.2901539633945674
Baseline (p=2),gini,Iran,gdp_x_debt,7.150857173523259,2.4462861971877103,2.923148232510161,0.00872308415662442
Baseline (p=2),gini,Iran,"L(gdp_x_debt, 1)",11.101517499440485,2.163398979448495,5.131516472412565,5.931598071699635e-5
Baseline (p=2),gini,Iran,"L(gdp_x_debt, 2)",3.5996967071143167,2.6820501075663867,1.3421437194477233,0.19536859418745484
Baseline (p=2),gini,Iran,"L(gdp_x_debt, 3)",1.4969244998183482,2.4894468666022247,0.6013080736531075,0.5547419281316011
Baseline (p=2),gini,Ireland,(Intercept),4.23525251798373,1.442835683782761,2.9353671839331956,0.007232015196353113
Baseline (p=2),gini,Ireland,"L(gini, 1)",1.144527715992767,0.16917800240471745,6.765227746659174,5.359313786119845e-7
Baseline (p=2),gini,Ireland,"L(gini, 2)",-0.1784416489835712,0.16597660560172214,-1.0751012068035672,0.29301940470160664
Baseline (p=2),gini,Ireland,public_debt,1.088227089672334,0.3428116798341534,3.1744166073886406,0.004085803897554607
Baseline (p=2),gini,Ireland,"L(public_debt, 1)",-0.626292889851086,0.31200732083757265,-2.007301906153435,0.05610580766880512
Baseline (p=2),gini,Ireland,growth,-1.2355998076987869,1.2029293760021607,-1.0271590604971372,0.31458728973084393
Baseline (p=2),gini,Ireland,"L(growth, 1)",1.6501892659546766,1.2973734431283879,1.2719462346751413,0.21557945803387255
Baseline (p=2),gini,Ireland,"L(growth, 2)",2.721301700028217,1.402775435971402,1.9399410841149742,0.06422577344347877
Baseline (p=2),gini,Ireland,life_exp,-0.07686363489853378,0.0985917268456157,-0.7796154642761676,0.4432378996182327
Baseline (p=2),gini,Ireland,"L(life_exp, 1)",0.034260156585597425,0.10598993484389864,0.3232397173944449,0.7493133021590538
Baseline (p=2),gini,Ireland,"L(life_exp, 2)",0.2673045513659458,0.10816244954029315,2.471324868307169,0.02094657051947978
Baseline (p=2),gini,Ireland,"L(life_exp, 3)",-0.27265975382086266,0.09562096347977417,-2.851464196745266,0.008807190817687527
Baseline (p=2),gini,Ireland,gdp_x_debt,3.1679181077053844,1.6671689837429804,1.9001781694576962,0.06948869901620441
Baseline (p=2),gini,Ireland,"L(gdp_x_debt, 1)",-1.879961859520725,1.7580912432355276,-1.0693198471661296,0.29556296445782515
Baseline (p=2),gini,Ireland,"L(gdp_x_debt, 2)",-3.287628812504083,1.8340000163165098,-1.7926002089722486,0.08565222835139841
Baseline (p=2),gini,Italy,(Intercept),9.615587621444666,3.1565949738566013,3.0461898663219142,0.005402440818701757
Baseline (p=2),gini,Italy,"L(gini, 1)",0.9407155840207484,0.08774743490916635,10.720718901863632,7.729407426902392e-11
Baseline (p=2),gini,Italy,public_debt,4.516831303293326,1.8298670043414835,2.4683932179643864,0.020761745510953274
Baseline (p=2),gini,Italy,"L(public_debt, 1)",-2.718095062944148,2.118811389416319,-1.2828395564236215,0.2113146911941378
Baseline (p=2),gini,Italy,growth,12.380263881336472,10.621060201649401,1.165633528695551,0.25476364813117863
Baseline (p=2),gini,Italy,"L(growth, 1)",1.2859240427102436,8.201506841436979,0.15679119307848288,0.8766687752988398
Baseline (p=2),gini,Italy,"L(growth, 2)",-15.895838971310333,6.636439414925992,-2.3952360561838413,0.024421593134615505
Baseline (p=2),gini,Italy,life_exp,0.034150520066748916,0.23183718147963883,0.14730389598765975,0.8840736996105545
Baseline (p=2),gini,Italy,"L(life_exp, 1)",-0.26154474277904205,0.20942006691620485,-1.2489001012672478,0.22327000495442004
Baseline (p=2),gini,Italy,"L(life_exp, 2)",-0.28366173527777994,0.193710352185285,-1.4643602268940998,0.15555817491148138
Baseline (p=2),gini,Italy,"L(life_exp, 3)",0.39165023938493465,0.2408620648912019,1.6260353807140373,0.11648323850139061
Baseline (p=2),gini,Italy,gdp_x_debt,-11.202638693936704,9.66309180521838,-1.1593223907783758,0.25727835861165904
Baseline (p=2),gini,Italy,"L(gdp_x_debt, 1)",0.42505827606057317,7.525192497846868,0.056484704701200955,0.9554047069319304
Baseline (p=2),gini,Italy,"L(gdp_x_debt, 2)",10.41503288428863,6.32728917048935,1.6460497700760428,0.11226918956562668
Baseline (p=2),gini,Jamaica,(Intercept),15.030947179092777,6.953028009104658,2.1617843563136048,0.04844117378285778
Baseline (p=2),gini,Jamaica,"L(gini, 1)",0.8542670485727439,0.22033364392517565,3.877152092409679,0.001675457719711531
Baseline (p=2),gini,Jamaica,"L(gini, 2)",0.020270032690011364,0.25546995515145177,0.07934409616972203,0.9378819192241363
Baseline (p=2),gini,Jamaica,public_debt,-0.054635999565212104,0.19422639296415836,-0.2813005932478722,0.7825947280576514
Baseline (p=2),gini,Jamaica,"L(public_debt, 1)",-0.006854669340782543,0.15616104212903217,-0.043894874466313384,0.9656081315782115
Baseline (p=2),gini,Jamaica,"L(public_debt, 2)",-0.201259843487704,0.18787879929185958,-1.0712216825223462,0.30219003886581347
Baseline (p=2),gini,Jamaica,growth,-0.7529464180169994,5.740176049904025,-0.13117131103140792,0.8975061084815197
Baseline (p=2),gini,Jamaica,"L(growth, 1)",13.063559781004955,5.254639047205192,2.486100313199082,0.02615939832341303
Baseline (p=2),gini,Jamaica,life_exp,-0.22555587121420287,0.13412748247892398,-1.6816529099444286,0.11479827218743617
Baseline (p=2),gini,Jamaica,"L(life_exp, 1)",0.07254389248013152,0.27987485762544106,0.25920117689605987,0.7992524442064418
Baseline (p=2),gini,Jamaica,"L(life_exp, 2)",0.5932421083324875,0.32608900259177565,1.8192643837031066,0.09031906518147394
Baseline (p=2),gini,Jamaica,"L(life_exp, 3)",-0.5683956011803131,0.1777897012105674,-3.197010835330258,0.006458823000313596
Baseline (p=2),gini,Jamaica,gdp_x_debt,0.8549411813250448,4.479064544976576,0.19087494112668918,0.8513638963111336
Baseline (p=2),gini,Jamaica,"L(gdp_x_debt, 1)",-10.986293376440436,4.199881861688129,-2.615857716536943,0.02033946752278081
Baseline (p=2),gini,Jamaica,"L(gdp_x_debt, 2)",-1.271166937921976,0.6029011567218683,-2.108416817167252,0.05349316302724995
Baseline (p=2),gini,Japan,(Intercept),-26.26786853895912,6.843861459098046,-3.8381648570690046,6.197021427040525e-4
Baseline (p=2),gini,Japan,"L(gini, 1)",1.038315183723865,0.17742895855667382,5.852005175311953,2.392301914972688e-6
Baseline (p=2),gini,Japan,"L(gini, 2)",-0.2148560406899706,0.16999152418816765,-1.2639220791510837,0.216323520802097
Baseline (p=2),gini,Japan,public_debt,-1.2986966441673216,0.32235751190009876,-4.0287463335732605,3.700024292727509e-4
Baseline (p=2),gini,Japan,growth,-3.6612581544758154,3.1826618737170818,-1.1503761001792419,0.2593869820198484
Baseline (p=2),gini,Japan,"L(growth, 1)",0.912623507443886,1.8504207487160682,0.4931978351826839,0.6255870138293917
Baseline (p=2),gini,Japan,"L(growth, 2)",-3.4188879530472454,1.3585151398454598,-2.5166358863223026,0.017633271620776523
Baseline (p=2),gini,Japan,life_exp,0.12320119768282839,0.18559883490905418,0.6638037234619418,0.5120591861049972
Baseline (p=2),gini,Japan,"L(life_exp, 1)",-0.019238062111909197,0.1956819981216189,-0.09831288670689314,0.9223602450283847
Baseline (p=2),gini,Japan,"L(life_exp, 2)",0.31022797818105297,0.17019068713270483,1.822825816192605,0.07865546346842937
Baseline (p=2),gini,Japan,gdp_x_debt,-0.2921360122411909,2.597828184078718,-0.11245393903707789,0.9112383018042534
Baseline (p=2),gini,Jordan,(Intercept),45.919132273391924,12.762481998021979,3.5979782208906386,0.0019172455851387267
Baseline (p=2),gini,Jordan,"L(gini, 1)",0.8533829138137942,0.21007608045123374,4.062256454808025,6.646325383493714e-4
Baseline (p=2),gini,Jordan,"L(gini, 2)",-0.3531155336664454,0.17287736152791264,-2.042578221610767,0.05521991539830878
Baseline (p=2),gini,Jordan,public_debt,-0.4090810409350506,0.5479910493443912,-0.7465104428703159,0.4644968037395071
Baseline (p=2),gini,Jordan,"L(public_debt, 1)",-0.2711574530541391,0.6358094105639742,-0.42647599822974874,0.6745540038336093
Baseline (p=2),gini,Jordan,"L(public_debt, 2)",0.6054982690915072,0.34706989261560944,1.744600387340757,0.09720957004120455
Baseline (p=2),gini,Jordan,growth,0.5819422171367341,0.995695360562716,0.5844580985170507,0.5657880977914274
Baseline (p=2),gini,Jordan,life_exp,-0.3651611048771572,0.10740955654649625,-3.399707778507432,0.003006453293300209
Baseline (p=2),gini,Jordan,gdp_x_debt,-1.0470156343575028,1.278688265256838,-0.8188200852435278,0.423040900883645
Baseline (p=2),gini,Jordan,"L(gdp_x_debt, 1)",-0.8485787049620761,0.7077518803137566,-1.1989776764505224,0.2452769008833126
Baseline (p=2),gini,Jordan,"L(gdp_x_debt, 2)",-0.7201261093379531,0.5944626326735694,-1.2113900348945699,0.2405977947499568
Baseline (p=2),gini,Kenya,(Intercept),0.7859177029356769,0.6081233680583084,1.2923655695801533,0.20469821057035037
Baseline (p=2),gini,Kenya,"L(gini, 1)",0.9879356449575409,0.00820154619096928,120.45724329948376,1.9999872990690125e-47
Baseline (p=2),gini,Kenya,public_debt,-0.5774765434780004,0.21716767508698057,-2.6591275301294632,0.011735428477872302
Baseline (p=2),gini,Kenya,growth,-1.608964960201133,0.9927871520372027,-1.620654494671422,0.1140679154191311
Baseline (p=2),gini,Kenya,life_exp,-0.0025527967023261165,0.005396861727216037,-0.47301502824364056,0.6391392162626028
Baseline (p=2),gini,Kenya,gdp_x_debt,2.8744229863901722,2.4027388996239734,1.196311004429161,0.23961670394554116
Baseline (p=2),gini,Lebanon,(Intercept),12.732271415926622,21.776577299399666,0.5846773457956418,0.6179352661954303
Baseline (p=2),gini,Lebanon,"L(gini, 1)",0.15905204741259643,0.4104064094037089,0.3875476692571338,0.7357065575416137
Baseline (p=2),gini,Lebanon,"L(gini, 2)",0.49261438263813445,0.5679241770975799,0.8673946320716227,0.477166929016291
Baseline (p=2),gini,Lebanon,"L(gini, 3)",0.034715975021712864,0.4449685509440709,0.0780189407724601,0.9449160376386827
Baseline (p=2),gini,Lebanon,public_debt,-0.13061721886808114,1.400629026612936,-0.09325611306510302,0.9342008737427236
Baseline (p=2),gini,Lebanon,"L(public_debt, 1)",-0.36891040187326307,1.299921778993221,-0.28379430811520157,0.8032495526741901
Baseline (p=2),gini,Lebanon,"L(public_debt, 2)",0.4498640471646672,0.5119343476722009,0.8787533972085064,0.472218519163795
Baseline (p=2),gini,Lebanon,"L(public_debt, 3)",-0.7676654066679541,0.7056234985423915,-1.087924946169909,0.39026516939063227
Baseline (p=2),gini,Lebanon,growth,-4.2668571422585595,6.6729472394979465,-0.6394261769376114,0.5880124373902329
Baseline (p=2),gini,Lebanon,"L(growth, 1)",-0.381241669833313,2.0327541962481717,-0.18754932127896518,0.8685336382867918
Baseline (p=2),gini,Lebanon,"L(growth, 2)",-5.57001589377434,2.636565361716603,-2.11260300034733,0.16900627920359212
Baseline (p=2),gini,Lebanon,"L(growth, 3)",0.8072469219728399,1.6752372923553516,0.4818701957367879,0.6774748231810479
Baseline (p=2),gini,Lebanon,life_exp,-0.2098291833113762,0.26005287280934963,-0.8068712375471679,0.5044402828464165
Baseline (p=2),gini,Lebanon,"L(life_exp, 1)",0.5776101799021058,0.3440635694676624,1.6787891284037666,0.2352002359041342
Baseline (p=2),gini,Lebanon,"L(life_exp, 2)",-0.5348566874676325,0.20737810259901582,-2.579137723628545,0.1231657647449709
Baseline (p=2),gini,Lebanon,"L(life_exp, 3)",0.1645745345235909,0.2566160528898798,0.6413259524111449,0.5869969263122914
Baseline (p=2),gini,Lebanon,gdp_x_debt,3.2468316113637083,4.022461740211928,0.8071752625775491,0.5042994336610342
Baseline (p=2),gini,Lebanon,"L(gdp_x_debt, 1)",0.29969345619077914,1.438786612498796,0.20829597216663698,0.8542845719280673
Baseline (p=2),gini,Lebanon,"L(gdp_x_debt, 2)",3.95227257757104,1.6816405702537014,2.350248113349679,0.14316153731503165
Baseline (p=2),gini,Lebanon,"L(gdp_x_debt, 3)",-1.1014602341910367,1.4047011943188499,-0.7841242241736279,0.5150896943728718
Baseline (p=2),gini,Luxembourg,(Intercept),-3.338829725898153,2.55028729456384,-1.3091974904220243,0.20531012433096424
Baseline (p=2),gini,Luxembourg,"L(gini, 1)",1.1018521577386953,0.18896423760551476,5.831008934288096,1.0514366444004634e-5
Baseline (p=2),gini,Luxembourg,"L(gini, 2)",-0.3872196601828152,0.17627401844260607,-2.196691625935174,0.039997240248660276
Baseline (p=2),gini,Luxembourg,public_debt,-0.7850796378424199,1.1324411823651295,-0.693263058663023,0.4961173417635337
Baseline (p=2),gini,Luxembourg,growth,-0.5897703095017434,1.1981603512302186,-0.4922298663081223,0.6279165859867442
Baseline (p=2),gini,Luxembourg,"L(growth, 1)",-2.081936866440514,1.1282242101956725,-1.8453219206131333,0.07985004289146184
Baseline (p=2),gini,Luxembourg,"L(growth, 2)",-1.8741346871074098,1.1817494161336568,-1.585898551351976,0.12844724968702542
Baseline (p=2),gini,Luxembourg,life_exp,0.14158630908374445,0.048981321359015235,2.890618406268961,0.009041318573756715
Baseline (p=2),gini,Luxembourg,gdp_x_debt,1.418872443080208,7.8087100269719105,0.1817038202442284,0.8576441127077402
Baseline (p=2),gini,Luxembourg,"L(gdp_x_debt, 1)",14.122449317436232,7.15631492320887,1.9734247959987439,0.062425591563015706
Baseline (p=2),gini,Luxembourg,"L(gdp_x_debt, 2)",16.1916817660676,7.841184005647565,2.0649536797511243,0.052135466046832925
Baseline (p=2),gini,Luxembourg,"L(gdp_x_debt, 3)",3.5140962749442175,3.4555444467247636,1.0169443134424014,0.32132504559711744
Baseline (p=2),gini,Malaysia,(Intercept),15.582790382413052,5.728000815767862,2.7204588273656025,0.01107650990508599
Baseline (p=2),gini,Malaysia,"L(gini, 1)",0.6327011852560931,0.16237074303332832,3.896645254165182,5.54014184801403e-4
Baseline (p=2),gini,Malaysia,"L(gini, 2)",0.21236336953839813,0.15664203834346704,1.3557239920023998,0.18602172631314318
Baseline (p=2),gini,Malaysia,public_debt,-0.6718764242357484,0.31185276282709873,-2.154466800758339,0.039954477888572
Baseline (p=2),gini,Malaysia,"L(public_debt, 1)",0.5622439840369972,0.34369156515384086,1.6358969525054516,0.11305445301379603
Baseline (p=2),gini,Malaysia,growth,-0.7070684535674666,0.6415918844154487,-1.1020533001468267,0.2798216136028832
Baseline (p=2),gini,Malaysia,"L(growth, 1)",0.5254824433198776,0.5737408787643173,0.9158880999583376,0.3675467795083768
Baseline (p=2),gini,Malaysia,"L(growth, 2)",-0.9513126833152116,0.5814272878188782,-1.6361679323374951,0.11299742522946139
Baseline (p=2),gini,Malaysia,life_exp,-0.1276759778133387,0.04889917298385384,-2.611004849826323,0.014342222249993777
Baseline (p=2),gini,Malaysia,gdp_x_debt,0.9101866260935801,1.2434879520717128,0.7319625610985325,0.4702740792318988
Baseline (p=2),gini,Malaysia,"L(gdp_x_debt, 1)",-1.2230897151996891,1.0965128794061354,-1.1154357948463924,0.2741458717447494
Baseline (p=2),gini,Malaysia,"L(gdp_x_debt, 2)",2.4807912605468214,1.0618740625715777,2.3362386821456043,0.026864251603706747
Baseline (p=2),gini,Mauritania,(Intercept),-6.492645995681607,7.767758055196691,-0.8358455489403375,0.4183401434455962
Baseline (p=2),gini,Mauritania,"L(gini, 1)",0.9560321390442443,0.18331445728709142,5.215257722673715,1.666112531432843e-4
Baseline (p=2),gini,Mauritania,"L(gini, 2)",0.05305009187803881,0.22645262971869756,0.23426573559308334,0.8184277730555336
Baseline (p=2),gini,Mauritania,public_debt,0.16324213593589662,0.15431220057647668,1.0578692762209316,0.30937687056763746
Baseline (p=2),gini,Mauritania,"L(public_debt, 1)",0.04496376635526968,0.14786623710690566,0.30408406432065604,0.7658765124074672
Baseline (p=2),gini,Mauritania,"L(public_debt, 2)",0.25435319691873626,0.16783178825875866,1.5155245591888775,0.15357164213953287
Baseline (p=2),gini,Mauritania,"L(public_debt, 3)",0.28340990159868634,0.13140213623914204,2.1568135017447627,0.05032599241770462
Baseline (p=2),gini,Mauritania,growth,0.8735076316387508,0.7992151332213931,1.0929568214229217,0.2942529096409422
Baseline (p=2),gini,Mauritania,"L(growth, 1)",0.05242637509189118,0.7853097513080362,0.0667588489822878,0.9477894815075385
Baseline (p=2),gini,Mauritania,"L(growth, 2)",0.8457681916797463,0.8339663772726019,1.01415142711837,0.32901458150281104
Baseline (p=2),gini,Mauritania,"L(growth, 3)",-0.8056689996041049,0.33033107882441876,-2.4389742632492144,0.02982428931630695
Baseline (p=2),gini,Mauritania,life_exp,-0.021776469588990092,0.19357305737339106,-0.11249742027365182,0.9121475945550985
Baseline (p=2),gini,Mauritania,"L(life_exp, 1)",-0.16450648916747845,0.2641940184540666,-0.622673026929563,0.5442679207793067
Baseline (p=2),gini,Mauritania,"L(life_exp, 2)",0.2766845356379394,0.14250385173913932,1.941593383345348,0.07417644661174126
Baseline (p=2),gini,Mauritania,gdp_x_debt,-1.2565508290248246,1.4218143037767836,-0.8837657812887607,0.3928737034384966
Baseline (p=2),gini,Mauritania,"L(gdp_x_debt, 1)",-0.3421314790781272,1.297273435715914,-0.2637311993437362,0.7961213569424068
Baseline (p=2),gini,Mauritania,"L(gdp_x_debt, 2)",-2.4820020252840505,1.4985828317808179,-1.6562327905055483,0.121599684912392
Baseline (p=2),gini,Mexico,(Intercept),4.47593412798933,2.5703396620179464,1.7413784622049997,0.09300188143161518
Baseline (p=2),gini,Mexico,"L(gini, 1)",1.7126118422648917,0.16090116854349762,10.643874483745023,3.661127971099934e-11
Baseline (p=2),gini,Mexico,"L(gini, 2)",-0.7523206202135522,0.18658479221337296,-4.032057550291774,4.0656379488933256e-4
Baseline (p=2),gini,Mexico,public_debt,-1.5876488035506404,1.0791283488241394,-1.471232597383439,0.15278820155819647
Baseline (p=2),gini,Mexico,"L(public_debt, 1)",2.1201288608833004,1.3234407166598239,1.6019824947158978,0.12079597604824545
Baseline (p=2),gini,Mexico,"L(public_debt, 2)",-2.739595505202523,1.3223462681517955,-2.0717686215665547,0.047964749326203406
Baseline (p=2),gini,Mexico,"L(public_debt, 3)",2.1993988973158722,0.9516258499178065,2.3112012956624053,0.02869262076883106
Baseline (p=2),gini,Mexico,growth,5.2958603673184035,3.832116934582815,1.3819673192970923,0.17830953516861248
Baseline (p=2),gini,Mexico,life_exp,-0.03656536812825306,0.01442310325546991,-2.535194228356216,0.017340913200592386
Baseline (p=2),gini,Mexico,gdp_x_debt,-10.980174595881843,13.74204431288631,-0.799020462012731,0.43125167909983964
Baseline (p=2),gini,Mexico,"L(gdp_x_debt, 1)",-4.091240292117782,3.8143317256111615,-1.0725968757901496,0.2929457044514738
Baseline (p=2),gini,Mexico,"L(gdp_x_debt, 2)",-5.105345748865351,3.339766035136452,-1.5286537126115671,0.1379823981620722
Baseline (p=2),gini,Netherlands,(Intercept),-0.7948636425267098,2.0328306377594694,-0.39101321465854477,0.6983006507114606
Baseline (p=2),gini,Netherlands,"L(gini, 1)",1.1894677387636927,0.14603279841080283,8.145209512575509,2.107150820376564e-9
Baseline (p=2),gini,Netherlands,"L(gini, 2)",-0.4595947830662476,0.13628735240607961,-3.3722482310526245,0.0019162138577353167
Baseline (p=2),gini,Netherlands,public_debt,-0.565849555819005,0.7196108164586847,-0.7863271964193611,0.4372862395461333
Baseline (p=2),gini,Netherlands,growth,-2.404942182845088,9.018306606983511,-0.26667336648132717,0.791380026999639
Baseline (p=2),gini,Netherlands,life_exp,0.10318242786054314,0.0313812428635322,3.288028721783047,0.0024013292532994415
Baseline (p=2),gini,Netherlands,gdp_x_debt,7.023497923210367,15.732765862773936,0.4464248679775377,0.6582062128698094
Baseline (p=2),gini,New Zealand,(Intercept),-0.8789580367909653,1.6019093644749607,-0.5486939874897674,0.5882841124334846
Baseline (p=2),gini,New Zealand,"L(gini, 1)",1.860634614778047,0.12889440288349535,14.435340659903062,2.496028885196703e-13
Baseline (p=2),gini,New Zealand,"L(gini, 2)",-0.9558716896156623,0.13785889880051908,-6.933695959655114,3.5998148590864714e-7
Baseline (p=2),gini,New Zealand,public_debt,-1.02747309045828,0.6428345967426108,-1.5983475308652024,0.12304946527305856
Baseline (p=2),gini,New Zealand,growth,-0.6803186282693949,4.017125575434819,-0.1693545833940619,0.8669370960786699
Baseline (p=2),gini,New Zealand,"L(growth, 1)",-5.876536868502714,4.2721746559705345,-1.3755375989345424,0.18166846791547217
Baseline (p=2),gini,New Zealand,"L(growth, 2)",4.9372068813623295,4.45289258615721,1.1087639743906503,0.27851960171782253
Baseline (p=2),gini,New Zealand,"L(growth, 3)",-3.2235394146381253,3.5748205943301614,-0.9017345988637345,0.3761587405578565
Baseline (p=2),gini,New Zealand,life_exp,0.2167839452849578,0.13960695465391107,1.5528162319876564,0.13355561366804097
Baseline (p=2),gini,New Zealand,"L(life_exp, 1)",0.12714409793201317,0.14522245444254306,0.8755126637962,0.38997341333083246
Baseline (p=2),gini,New Zealand,"L(life_exp, 2)",-0.29439441421203666,0.14940973183823883,-1.9703831242449998,0.060436205609397185
Baseline (p=2),gini,New Zealand,gdp_x_debt,8.178526233959818,8.554868273132607,0.9560084355296589,0.34859937774708005
Baseline (p=2),gini,New Zealand,"L(gdp_x_debt, 1)",23.57330286605911,7.907699834791231,2.981056863380736,0.006491139822810551
Baseline (p=2),gini,New Zealand,"L(gdp_x_debt, 2)",-12.097063157014222,8.91817275222053,-1.3564508664627721,0.18757989366625588
Baseline (p=2),gini,New Zealand,"L(gdp_x_debt, 3)",12.468052962492937,7.2457456391369695,1.720741188477324,0.0981671749145894
Baseline (p=2),gini,Norway,(Intercept),-2.6136804228478936,2.083593299187904,-1.254410073149398,0.22044417154688456
Baseline (p=2),gini,Norway,"L(gini, 1)",1.3987529953529836,0.1394759015577144,10.028635626163613,1.335308158011005e-10
Baseline (p=2),gini,Norway,"L(gini, 2)",-0.5807407199051287,0.14061162199293786,-4.13010469315471,3.1343047045149754e-4
Baseline (p=2),gini,Norway,public_debt,0.9046305375294819,1.2071777163421074,0.7493764383512814,0.46011008644941076
Baseline (p=2),gini,Norway,"L(public_debt, 1)",-2.5144218664311095,1.486981447689871,-1.6909571201022302,0.1023585920890879
Baseline (p=2),gini,Norway,"L(public_debt, 2)",2.7482511327783894,1.4892653003463645,1.8453737773513004,0.07597770120678717
Baseline (p=2),gini,Norway,"L(public_debt, 3)",-1.3932623661135592,1.1070088251940011,-1.258582889679667,0.21895539469719907
Baseline (p=2),gini,Norway,growth,5.737988745526403,4.277295253703356,1.3414993366563492,0.19093360382467223
Baseline (p=2),gini,Norway,"L(growth, 1)",-1.2020530661482436,0.7311797662101718,-1.643991151968944,0.11177362026364755
Baseline (p=2),gini,Norway,"L(growth, 2)",2.250614007378688,0.815458748780053,2.7599360614447557,0.010258819602827872
Baseline (p=2),gini,Norway,life_exp,0.09032758403651378,0.03591304015543083,2.5151750908744575,0.0181543147471472
Baseline (p=2),gini,Norway,gdp_x_debt,-15.316092314485847,11.74096853999749,-1.3044999023980963,0.20307386976124148
Baseline (p=2),gini,Pakistan,(Intercept),7.8200622146217755,3.5336898142010202,2.2130018835255125,0.033712474449844834
Baseline (p=2),gini,Pakistan,"L(gini, 1)",0.7734053187640129,0.09975366733613503,7.75315173283712,5.093178284009322e-9
Baseline (p=2),gini,Pakistan,public_debt,-0.24715805682629163,0.46226546275738006,-0.5346669321822394,0.5963596678912606
Baseline (p=2),gini,Pakistan,growth,-2.4524807360546514,4.398919505424944,-0.5575188936806283,0.5808253191304353
Baseline (p=2),gini,Pakistan,life_exp,0.004741584260297851,0.008163286396493517,0.5808425712387801,0.5651771704583934
Baseline (p=2),gini,Pakistan,gdp_x_debt,5.422996146738414,8.050263900367367,0.6736420338333181,0.5050929378342122
Baseline (p=2),gini,Pakistan,"L(gdp_x_debt, 1)",-2.8999035014617016,1.2339645903132224,-2.3500702728638325,0.02471341684398623
Baseline (p=2),gini,Panama,(Intercept),7.552658761900006,2.1576316150195627,3.500439421319625,0.001475085477464378
Baseline (p=2),gini,Panama,"L(gini, 1)",1.3758223168984456,0.15403193063750975,8.932059159449413,5.928903821668382e-10
Baseline (p=2),gini,Panama,"L(gini, 2)",-0.4223946755886862,0.1529190757455975,-2.7622104928975606,0.009707660599856258
Baseline (p=2),gini,Panama,public_debt,-0.3003473161585606,0.2701270649179849,-1.1118742072355878,0.2750235008173444
Baseline (p=2),gini,Panama,growth,0.5176099346057778,1.1470371726812492,0.4512582041224018,0.6550486890221756
Baseline (p=2),gini,Panama,"L(growth, 1)",-2.322847440496911,1.1735521167401488,-1.9793304509979783,0.05701999995336813
Baseline (p=2),gini,Panama,life_exp,-0.06781834631285777,0.023049165906773143,-2.9423340778213984,0.006227905506009269
Baseline (p=2),gini,Panama,gdp_x_debt,-1.6629838861323192,1.6511412757552895,-1.0071723786152778,0.32190689981022785
Baseline (p=2),gini,Panama,"L(gdp_x_debt, 1)",3.1897305023413693,1.641286269747543,1.9434333675575088,0.061397764247787194
Baseline (p=2),gini,Panama,"L(gdp_x_debt, 2)",-1.0139141056423335,0.6596995014695823,-1.5369332603460872,0.13479089822437207
Baseline (p=2),gini,Paraguay,(Intercept),40.6569404718338,10.275402397047642,3.956724895125807,0.0011303723551245868
Baseline (p=2),gini,Paraguay,"L(gini, 1)",1.0876390491249197,0.17316772060919094,6.280841748673989,1.095216551708246e-5
Baseline (p=2),gini,Paraguay,"L(gini, 2)",-0.31107181895435915,0.131859952179196,-2.3591076275503005,0.03136514124651472
Baseline (p=2),gini,Paraguay,public_debt,3.069692315665651,2.5712740025581304,1.1938409957910552,0.24994082298244502
Baseline (p=2),gini,Paraguay,"L(public_debt, 1)",-0.9103565901393595,1.6834801019809023,-0.5407587467580812,0.5961225882116143
Baseline (p=2),gini,Paraguay,growth,2.6613126337126767,3.012055742406106,0.8835535797842682,0.39002057162097614
Baseline (p=2),gini,Paraguay,life_exp,0.7258565847014863,0.7970403203102643,0.9106899189478039,0.37597501291226565
Baseline (p=2),gini,Paraguay,"L(life_exp, 1)",-0.41336437219050465,1.2431838418713999,-0.3325046210126537,0.7438247909164019
Baseline (p=2),gini,Paraguay,"L(life_exp, 2)",0.9546607579460883,1.440752112098166,0.6626127769861928,0.5170107572662426
Baseline (p=2),gini,Paraguay,"L(life_exp, 3)",-1.6989946980689585,1.0531239700009358,-1.6132903119349271,0.12622800425300593
Baseline (p=2),gini,Paraguay,gdp_x_debt,-8.16377568530136,9.669942274406937,-0.8442424425746687,0.4109797854015709
Baseline (p=2),gini,Portugal,(Intercept),4.376848413655689,2.083563588625289,2.10065506882057,0.04592170846135778
Baseline (p=2),gini,Portugal,"L(gini, 1)",1.6782256681805485,0.1256943658058811,13.351637978526053,7.052310245854609e-13
Baseline (p=2),gini,Portugal,"L(gini, 2)",-0.8273956580261571,0.13399623033215874,-6.174768170531021,1.860374893622058e-6
Baseline (p=2),gini,Portugal,public_debt,0.8495152537393894,0.6653795309930979,1.2767378829214415,0.21342709375049967
Baseline (p=2),gini,Portugal,"L(public_debt, 1)",-0.9541152849995184,1.123023110285073,-0.8495954146102316,0.4036130491698895
Baseline (p=2),gini,Portugal,"L(public_debt, 2)",0.40113802419071254,0.9212952010536591,0.4354066142230442,0.6670034175604743
Baseline (p=2),gini,Portugal,"L(public_debt, 3)",-0.43039324928118183,0.5429616042824578,-0.792677135706421,0.43542426174048154
Baseline (p=2),gini,Portugal,growth,-0.003483703353152894,2.0059606324090455,-0.0017366758334480187,0.9986281178465796
Baseline (p=2),gini,Portugal,life_exp,-0.12152516598494195,0.07551270239180018,-1.6093340873222173,0.12009984695855791
Baseline (p=2),gini,Portugal,"L(life_exp, 1)",0.12931564704051046,0.07620202136015117,1.697010718775163,0.10211210081669833
Baseline (p=2),gini,Portugal,gdp_x_debt,-0.051479457389038294,2.823553088994843,-0.01823215493616395,0.9855983831369177
Baseline (p=2),gini,Portugal,"L(gdp_x_debt, 1)",1.9612440237940232,1.078192142905717,1.8190116081800505,0.08090869300781314
Baseline (p=2),gini,Portugal,"L(gdp_x_debt, 2)",-2.25205951403412,1.008692168819317,-2.2326529179563037,0.03476431257844504
Baseline (p=2),gini,Portugal,"L(gdp_x_debt, 3)",1.3421935851735167,1.069414972686615,1.2550727448687384,0.221058247795191
Baseline (p=2),gini,Singapore,(Intercept),2.435813214712726,1.0495642654876707,2.32078520087662,0.0270476613411073
Baseline (p=2),gini,Singapore,"L(gini, 1)",1.0696724458655835,0.026632772953757027,40.163765437525996,2.6652755448322742e-28
Baseline (p=2),gini,Singapore,public_debt,0.18637072057515164,0.3530767084312292,0.527847677642696,0.601363282453066
Baseline (p=2),gini,Singapore,"L(public_debt, 1)",-0.3403631795010994,0.4470593783504069,-0.7613377461334038,0.4522085055054964
Baseline (p=2),gini,Singapore,"L(public_debt, 2)",1.1164364829890305,0.3405740228499783,3.2781022863884632,0.002581134309320053
Baseline (p=2),gini,Singapore,growth,0.2626666654190198,1.1558978717895243,0.22724037462960947,0.8217288291447592
Baseline (p=2),gini,Singapore,life_exp,0.254403761090646,0.1399984295354038,1.8171901065955212,0.07886669858238293
Baseline (p=2),gini,Singapore,"L(life_exp, 1)",-0.33115743120109203,0.13540960047324865,-2.4455978752150225,0.020337423240463302
Baseline (p=2),gini,Singapore,gdp_x_debt,-0.1421685078058876,1.3041174667965705,-0.10901510901093121,0.9138931202968803
Baseline (p=2),gini,South Africa,(Intercept),3.121228174098157,1.7326169014140949,1.8014531495974277,0.08106121532996505
Baseline (p=2),gini,South Africa,"L(gini, 1)",1.1031633351887855,0.16527795902128103,6.674594372542701,1.5632149354342167e-7
Baseline (p=2),gini,South Africa,"L(gini, 2)",-0.14218816577602153,0.16506262715703618,-0.8614195001315925,0.39541618988568306
Baseline (p=2),gini,South Africa,public_debt,-0.08339728299887349,0.4074858730088831,-0.20466300434679227,0.8391316466078323
Baseline (p=2),gini,South Africa,growth,0.7024542929634443,2.131192924308999,0.32960614919045983,0.7438454719961185
Baseline (p=2),gini,South Africa,life_exp,-0.0900021537924394,0.03170172730870315,-2.839029965655243,0.007797950484613007
Baseline (p=2),gini,South Africa,"L(life_exp, 1)",0.07990417838790503,0.03614051552340475,2.2109307858699125,0.03430724857448656
Baseline (p=2),gini,South Africa,gdp_x_debt,-2.891086536867402,6.120639626851635,-0.4723503936065802,0.6398822726899263
Baseline (p=2),gini,South Korea,(Intercept),12.575735456561782,4.588798710452264,2.7405288943960544,0.012999047528426849
Baseline (p=2),gini,South Korea,"L(gini, 1)",0.9492798503523133,0.20627323179984586,4.602050600891505,1.9455842494441806e-4
Baseline (p=2),gini,South Korea,"L(gini, 2)",0.21497916240395365,0.30127689044686284,0.7135600811767878,0.48417284526565274
Baseline (p=2),gini,South Korea,"L(gini, 3)",-0.5917163633419246,0.2347328199253248,-2.5208079702283066,0.020806186682306563
Baseline (p=2),gini,South Korea,public_debt,-7.2470386441742285,6.703677314419814,-1.0810542190904129,0.2932042064413357
Baseline (p=2),gini,South Korea,"L(public_debt, 1)",-8.850414070909672,9.774328277487564,-0.9054754270218374,0.3765531212673925
Baseline (p=2),gini,South Korea,"L(public_debt, 2)",13.477352126308645,8.786229444294621,1.5339176163968977,0.14153355994279432
Baseline (p=2),gini,South Korea,"L(public_debt, 3)",0.9909100946019308,5.7496248461074995,0.17234343476736186,0.8649900657714136
Baseline (p=2),gini,South Korea,growth,-6.397773933885902,3.6503784427925243,-1.7526330582293357,0.09578713653390747
Baseline (p=2),gini,South Korea,"L(growth, 1)",-6.801208222627981,3.913338280088969,-1.737955611257138,0.09839998182904167
Baseline (p=2),gini,South Korea,"L(growth, 2)",3.1877300213821074,4.289543756196479,0.7431396443449861,0.4664873448400765
Baseline (p=2),gini,South Korea,"L(growth, 3)",6.922631753096366,3.934941546590815,1.7592718141122194,0.09462515504316452
Baseline (p=2),gini,South Korea,life_exp,0.5846743008079573,0.7775108853331725,0.7519821417772403,0.46127652394203755
Baseline (p=2),gini,South Korea,"L(life_exp, 1)",-1.1425568154422636,0.8351511567197623,-1.3680838567354727,0.1872489954431956
Baseline (p=2),gini,South Korea,"L(life_exp, 2)",2.3955363651328483,1.3857613419766415,1.7286788803877802,0.10008292332106013
Baseline (p=2),gini,South Korea,"L(life_exp, 3)",-1.8194608212712495,1.0091014425706926,-1.8030504610479607,0.08726409557392951
Baseline (p=2),gini,South Korea,gdp_x_debt,41.51268732580659,21.480028809057238,1.9326178607499078,0.06832987061967445
Baseline (p=2),gini,South Korea,"L(gdp_x_debt, 1)",28.694667322104102,22.099454112151847,1.298433308645653,0.20967820874059487
Baseline (p=2),gini,South Korea,"L(gdp_x_debt, 2)",-19.938884690268086,22.8850945681902,-0.8712607514404906,0.3944877417798677
Baseline (p=2),gini,South Korea,"L(gdp_x_debt, 3)",-52.6268512231035,23.225109717689527,-2.2659462910101986,0.03532774234867809
Baseline (p=2),gini,Spain,(Intercept),6.813423945118753,4.501701874735132,1.5135218045774381,0.1413542270069581
Baseline (p=2),gini,Spain,"L(gini, 1)",1.2500168429390852,0.1279173786128078,9.772064253464357,1.59725697268357e-10
Baseline (p=2),gini,Spain,"L(gini, 2)",-0.6101192935275717,0.1308308043268113,-4.663422323717529,6.95850282959636e-5
Baseline (p=2),gini,Spain,public_debt,4.157154022072305,1.9647320858153354,2.1158884980224397,0.04337861218243995
Baseline (p=2),gini,Spain,"L(public_debt, 1)",-3.6774126030093175,1.991777386935403,-1.8462969943982916,0.07544556396420818
Baseline (p=2),gini,Spain,growth,1.9821420104239411,4.073544231286029,0.4865890482299179,0.6303367291809332
Baseline (p=2),gini,Spain,life_exp,-0.4944091964362706,0.3226118519558156,-1.5325202513142144,0.13661625446787057
Baseline (p=2),gini,Spain,"L(life_exp, 1)",0.34756603825425364,0.3392836142291476,1.0244115061198098,0.3144103856512851
Baseline (p=2),gini,Spain,"L(life_exp, 2)",0.6227971812415756,0.3582679675641516,1.7383557494016189,0.09313525267312883
Baseline (p=2),gini,Spain,"L(life_exp, 3)",-0.4185023572023718,0.31257044174775844,-1.338905735495295,0.19137082915354245
Baseline (p=2),gini,Spain,gdp_x_debt,-4.678425915612754,7.926797568995697,-0.5902037834183644,0.5597876430291412
Baseline (p=2),gini,Sweden,(Intercept),-26.28541559273119,7.141671439524117,-3.6805691518178705,0.0015885601524756358
Baseline (p=2),gini,Sweden,"L(gini, 1)",0.9052026196593088,0.17917884791442515,5.051950217313758,7.08011215886116e-5
Baseline (p=2),gini,Sweden,"L(gini, 2)",0.033921924931633374,0.22970277110178727,0.1476774736714068,0.8841532082982436
Baseline (p=2),gini,Sweden,"L(gini, 3)",-0.3548177714814234,0.14739118481812521,-2.4073201658515346,0.02639983220684677
Baseline (p=2),gini,Sweden,public_debt,-1.1357093457303726,2.6652934900061562,-0.4261104264835575,0.6748157378153712
Baseline (p=2),gini,Sweden,"L(public_debt, 1)",6.218277208716326,4.3845326474428905,1.4182303357560573,0.17231764040241593
Baseline (p=2),gini,Sweden,"L(public_debt, 2)",-2.7390048673150353,4.259622055191247,-0.6430159370540822,0.5278984514930136
Baseline (p=2),gini,Sweden,"L(public_debt, 3)",-4.2260468349765254,2.6032076039925576,-1.6233998504364415,0.1209789712723866
Baseline (p=2),gini,Sweden,growth,6.71245304654158,11.50844229936943,0.5832633880355267,0.5665756178995751
Baseline (p=2),gini,Sweden,"L(growth, 1)",9.455842100820647,14.94876237908223,0.632550164423791,0.5345665579992307
Baseline (p=2),gini,Sweden,"L(growth, 2)",-32.08368052756972,12.114962380823924,-2.6482691005589194,0.01585967201641204
Baseline (p=2),gini,Sweden,"L(growth, 3)",9.785530370356877,14.443524646341356,0.6775029371266119,0.50625370827351035
Baseline (p=2),gini,Sweden,life_exp,0.7854661261871001,0.42124780936781087,1.8646177112846976,0.07775880950383803
Baseline (p=2),gini,Sweden,"L(life_exp, 1)",-0.12009388513584522,0.4621801235092583,-0.25984216764665674,0.7977803696655463
Baseline (p=2),gini,Sweden,"L(life_exp, 2)",0.30026190479191284,0.431160356577278,0.6964042500927288,0.49460792512825735
Baseline (p=2),gini,Sweden,"L(life_exp, 3)",-0.5003622108331744,0.4490155770937911,-1.1143537916250466,0.27902570029862656
Baseline (p=2),gini,Sweden,gdp_x_debt,-20.894263594165515,22.694739050359694,-0.9206655140559705,0.3687676061400086
Baseline (p=2),gini,Sweden,"L(gdp_x_debt, 1)",-10.127172597943717,26.979641411366888,-0.3753634988520271,0.7115478225036602
Baseline (p=2),gini,Sweden,"L(gdp_x_debt, 2)",85.23901348748883,23.37022115436232,3.6473344828222984,0.0017135046087009983
Baseline (p=2),gini,Sweden,"L(gdp_x_debt, 3)",-15.67823764945125,27.727343751371038,-0.5654431881408043,0.578389188913326
Baseline (p=2),gini,Switzerland,(Intercept),2.4889844869159115,1.7500579146763489,1.4222297822505021,0.16838037943203646
Baseline (p=2),gini,Switzerland,"L(gini, 1)",1.6719999861799322,0.12238491264127467,13.661814598673377,1.593191418990904e-12
Baseline (p=2),gini,Switzerland,"L(gini, 2)",-0.831233354056009,0.11984566205738079,-6.935865176814023,4.530776651940588e-7
Baseline (p=2),gini,Switzerland,public_debt,-1.719643343982612,0.7915052127172721,-2.1726241550311474,0.04036265642259818
Baseline (p=2),gini,Switzerland,"L(public_debt, 1)",2.2915338944896253,0.8988877591005631,2.54929925487311,0.017926693255988262
Baseline (p=2),gini,Switzerland,"L(public_debt, 2)",0.32352022391763197,0.7705721123161802,0.4198441894622908,0.6784953035221681
Baseline (p=2),gini,Switzerland,"L(public_debt, 3)",-1.3677075998930777,0.6294886806639511,-2.1727278693089325,0.0403539432390713
Baseline (p=2),gini,Switzerland,growth,2.045965377806827,6.075481925599181,0.33675770957133544,0.7393530184865122
Baseline (p=2),gini,Switzerland,"L(growth, 1)",5.994488868401408,5.064196503615684,1.1836998947654427,0.24862196142757875
Baseline (p=2),gini,Switzerland,"L(growth, 2)",1.1340475161998038,5.907671144745331,0.19196185576587144,0.849456803434708
Baseline (p=2),gini,Switzerland,"L(growth, 3)",15.069842330664654,5.429002038831693,2.7758034023335245,0.010750564822248149
Baseline (p=2),gini,Switzerland,life_exp,0.029865149668579047,0.012618430691264282,2.366787946876361,0.026739656536193385
Baseline (p=2),gini,Switzerland,gdp_x_debt,-0.13870555180600536,13.965799174784609,-0.009931801973526845,0.9921613449223042
Baseline (p=2),gini,Switzerland,"L(gdp_x_debt, 1)",-12.904465830156292,11.81313005661859,-1.0923832860814273,0.2859753196213183
Baseline (p=2),gini,Switzerland,"L(gdp_x_debt, 2)",-1.6853859483258717,13.662401643328963,-0.12335942042435907,0.9028941612805977
Baseline (p=2),gini,Switzerland,"L(gdp_x_debt, 3)",-38.21370660860911,12.44466678588208,-3.0706894178927198,0.005410125186074454
Baseline (p=2),gini,Thailand,(Intercept),3.989568660650769,1.3000459983752113,3.0687903855993595,0.004438993199315709
Baseline (p=2),gini,Thailand,"L(gini, 1)",0.9932880982327008,0.020500483654544696,48.451934840693454,8.681307734116495e-31
Baseline (p=2),gini,Thailand,public_debt,0.23018507183847742,0.8594894913715292,0.2678160398112139,0.7906148882667392
Baseline (p=2),gini,Thailand,"L(public_debt, 1)",-1.2755365132880492,1.312053206102069,-0.9721682835389687,0.33849183727965726
Baseline (p=2),gini,Thailand,"L(public_debt, 2)",1.2174236418648472,0.7831056330395385,1.5546097365428864,0.1301901877412379
Baseline (p=2),gini,Thailand,growth,-0.19389287729437946,0.6821227881984598,-0.2842492299758316,0.7781094914777162
Baseline (p=2),gini,Thailand,life_exp,-0.05257422982114648,0.006789869955793347,-7.743039286973143,9.795039510972718e-9
Baseline (p=2),gini,Thailand,gdp_x_debt,2.773709991671337,3.7931819386127517,0.7312356845940646,0.4701267718595856
Baseline (p=2),gini,Thailand,"L(gdp_x_debt, 1)",-4.132529026769443,2.5131896446062494,-1.6443363260065083,0.11021156940171041
Baseline (p=2),gini,Trinidad and Tobago,(Intercept),1.1689331935408782,8.42069951186967,0.13881663772625666,0.8950128612795537
Baseline (p=2),gini,Trinidad and Tobago,"L(gini, 1)",-0.033586478371670725,0.43339880418087484,-0.07749554924395621,0.941234908656424
Baseline (p=2),gini,Trinidad and Tobago,"L(gini, 2)",0.2644304865379083,0.2600858946202197,1.0167044503664169,0.35593938997806396
Baseline (p=2),gini,Trinidad and Tobago,"L(gini, 3)",0.42385502698107735,0.21856655074501824,1.9392492837366984,0.11017675979153135
Baseline (p=2),gini,Trinidad and Tobago,public_debt,0.9399998002725265,0.847973185528054,1.1085253830133381,0.318087689579815
Baseline (p=2),gini,Trinidad and Tobago,"L(public_debt, 1)",-0.6027778857249765,0.7943032897324535,-0.7588762296679032,0.48214751386886934
Baseline (p=2),gini,Trinidad and Tobago,"L(public_debt, 2)",-0.05469627020027449,0.5009237889785638,-0.10919080188187094,0.9172979933662639
Baseline (p=2),gini,Trinidad and Tobago,"L(public_debt, 3)",0.22642268561859002,0.44262931403243205,0.5115401950129307,0.630755456632222
Baseline (p=2),gini,Trinidad and Tobago,growth,0.6190154520819318,0.7815418999108402,0.7920438458290595,0.4642369313301353
Baseline (p=2),gini,Trinidad and Tobago,"L(growth, 1)",0.4511093303238682,0.6743978081679164,0.6689068749338932,0.5331929619785387
Baseline (p=2),gini,Trinidad and Tobago,"L(growth, 2)",-0.7520239617655239,0.65348208029247,-1.150795078311789,0.30186039605315185
Baseline (p=2),gini,Trinidad and Tobago,"L(growth, 3)",1.7929321094467208,1.7140342887543496,1.0460304797926236,0.34345647037165494
Baseline (p=2),gini,Trinidad and Tobago,life_exp,-0.03734574311439519,0.057901597956531804,-0.6449863981721469,0.5473594192633799
Baseline (p=2),gini,Trinidad and Tobago,"L(life_exp, 1)",-0.0013172200856082046,0.0759873663163547,-0.01733472482944445,0.9868400358621068
Baseline (p=2),gini,Trinidad and Tobago,"L(life_exp, 2)",0.11432865568636347,0.08997121919017582,1.2707247574883067,0.2597390869748578
Baseline (p=2),gini,Trinidad and Tobago,"L(life_exp, 3)",0.12491073891607395,0.08954947334761221,1.394879659774176,0.2218496087855281
Baseline (p=2),gini,Trinidad and Tobago,gdp_x_debt,-2.555542754942723,2.1902563134566906,-1.16677794249091,0.29591622504987825
Baseline (p=2),gini,Trinidad and Tobago,"L(gdp_x_debt, 1)",-1.1371319497962105,1.7588344015882351,-0.6465258746186539,0.5464403036319239
Baseline (p=2),gini,Trinidad and Tobago,"L(gdp_x_debt, 2)",3.391012836121531,1.7876791672555332,1.8968799873231477,0.1163281596730179
Baseline (p=2),gini,Trinidad and Tobago,"L(gdp_x_debt, 3)",-3.6477985207300794,5.034435058220259,-0.724569584977351,0.5011903884772646
Baseline (p=2),gini,Turkey,(Intercept),7.979512319937607,2.522059198458054,3.1638877964546395,0.007469236733586922
Baseline (p=2),gini,Turkey,"L(gini, 1)",1.567374935557361,0.16199041467075148,9.675726423338563,2.6339376726011004e-7
Baseline (p=2),gini,Turkey,"L(gini, 2)",-0.7184423388360293,0.15263762592633662,-4.706849536448842,4.101148912520463e-4
Baseline (p=2),gini,Turkey,public_debt,0.29357119992399133,0.513658847569607,0.5715295303741631,0.577389145661703
Baseline (p=2),gini,Turkey,"L(public_debt, 1)",-1.274070796783002,0.6816557958012865,-1.8690823207706047,0.08430391536757473
Baseline (p=2),gini,Turkey,"L(public_debt, 2)",1.627043126763737,0.6878131181008955,2.3655308163591404,0.03422027112473908
Baseline (p=2),gini,Turkey,"L(public_debt, 3)",-0.8342301101311048,0.5752543388551201,-1.4501935123017102,0.17070070986125752
Baseline (p=2),gini,Turkey,growth,1.5683199219906434,1.5908059972084645,0.9858649796032455,0.3421935237076156
Baseline (p=2),gini,Turkey,"L(growth, 1)",-1.0059744790094447,1.1365022899832167,-0.8851495398432505,0.3921542280298179
Baseline (p=2),gini,Turkey,"L(growth, 2)",-1.4573595097299699,1.1830733234221709,-1.2318420852516527,0.23982565782836981
Baseline (p=2),gini,Turkey,"L(growth, 3)",1.5830476751076734,1.154703927423589,1.37095547829288,0.1935934642284591
Baseline (p=2),gini,Turkey,life_exp,0.042363461751199843,0.0680499955879169,0.6225343791017378,0.5443562665639743
Baseline (p=2),gini,Turkey,"L(life_exp, 1)",-0.06506119589491147,0.06632040616360002,-0.9810132304440006,0.34449148736424706
Baseline (p=2),gini,Turkey,gdp_x_debt,-6.4384815697087054,4.1633345312372265,-1.5464723099720188,0.14598079293615188
Baseline (p=2),gini,Turkey,"L(gdp_x_debt, 1)",1.51975111186406,2.700498368388148,0.5627669061585684,0.5831691135517265
Baseline (p=2),gini,Turkey,"L(gdp_x_debt, 2)",4.206982717644933,2.336068235757557,1.8008817778735227,0.09495366817268601
Baseline (p=2),gini,Turkey,"L(gdp_x_debt, 3)",-5.5426969485813595,2.4489817433243344,-2.263265932337048,0.04138065785210711
Baseline (p=2),gini,United Kingdom,(Intercept),2.6903345025371155,4.3458897871345545,0.6190526300279182,0.5410702589492529
Baseline (p=2),gini,United Kingdom,"L(gini, 1)",1.184516798181405,0.15586143981589268,7.599806594758685,3.562892649830328e-8
Baseline (p=2),gini,United Kingdom,"L(gini, 2)",-0.29696637575663665,0.14509014126190792,-2.046771566791509,0.050528422031276866
Baseline (p=2),gini,United Kingdom,public_debt,-0.8186716343003463,0.724300177222463,-1.130293295577778,0.26829383860011097
Baseline (p=2),gini,United Kingdom,growth,9.576414755995224,6.42265597045584,1.4910365431445567,0.14754360227795432
Baseline (p=2),gini,United Kingdom,"L(growth, 1)",2.123788143350147,1.9068735411136273,1.113754057392731,0.27520177068527435
Baseline (p=2),gini,United Kingdom,"L(growth, 2)",-2.670216176981619,2.0432972208808926,-1.3068173096376323,0.20229643619112617
Baseline (p=2),gini,United Kingdom,life_exp,-0.4321165564836511,0.31067004250367286,-1.3909180074179261,0.1756078993058068
Baseline (p=2),gini,United Kingdom,"L(life_exp, 1)",-0.18853245653718875,0.32133114618576575,-0.5867232566002042,0.5622636688615144
Baseline (p=2),gini,United Kingdom,"L(life_exp, 2)",-0.16127653422676055,0.34092614701213236,-0.47305416624739344,0.6399766440078474
Baseline (p=2),gini,United Kingdom,"L(life_exp, 3)",0.804283760422099,0.3069368466166547,2.620355846121662,0.014244062772568643
Baseline (p=2),gini,United Kingdom,gdp_x_debt,-14.758646381190957,11.227199348608675,-1.3145438967394762,0.1997209042960169
Baseline (p=2),gini,United States,(Intercept),8.856186118460599,6.775458140994031,1.3070977540068314,0.2067782583240533
Baseline (p=2),gini,United States,"L(gini, 1)",0.9087151202228738,0.15877417027636498,5.7233183372405545,1.623162492557584e-5
Baseline (p=2),gini,United States,"L(gini, 2)",-0.2717179457644618,0.21448761729134952,-1.266823461399981,0.22052802777773137
Baseline (p=2),gini,United States,"L(gini, 3)",0.36984785275750826,0.13886679580886901,2.6633281959393145,0.015355060703207688
Baseline (p=2),gini,United States,public_debt,-4.268475664356168,2.06500240507121,-2.067056025636431,0.052628617006431386
Baseline (p=2),gini,United States,"L(public_debt, 1)",2.8671643157828113,3.6124488751574697,0.7936899357939922,0.4371766958830997
Baseline (p=2),gini,United States,"L(public_debt, 2)",-1.9705073043077537,3.9281953507818446,-0.5016316981067542,0.6216895208407882
Baseline (p=2),gini,United States,"L(public_debt, 3)",-0.5063288507074134,2.4113925888049974,-0.2099736281259504,0.8359234514828708
Baseline (p=2),gini,United States,growth,-36.30183374808387,13.673230103131793,-2.654956690867734,0.015633665994809177
Baseline (p=2),gini,United States,"L(growth, 1)",-28.2997609831333,12.028010672398963,-2.352821406126086,0.029558926794564927
Baseline (p=2),gini,United States,"L(growth, 2)",-13.630748384023008,10.547968605754363,-1.2922628890445178,0.2117627457321313
Baseline (p=2),gini,United States,"L(growth, 3)",-16.362851482930008,9.212243385476807,-1.7762070321249008,0.0917161043529941
Baseline (p=2),gini,United States,life_exp,-0.853763728005868,0.313734539815914,-2.721293385506167,0.013551563190987402
Baseline (p=2),gini,United States,"L(life_exp, 1)",0.10289218865845393,0.36821967205046313,0.2794315363041031,0.7829327999568158
Baseline (p=2),gini,United States,"L(life_exp, 2)",0.5941499622676821,0.4468584202196058,1.3296156800082022,0.1993887088909079
Baseline (p=2),gini,United States,"L(life_exp, 3)",0.08527186160193019,0.37803411885555244,0.22556657547228623,0.8239470680220614
Baseline (p=2),gini,United States,gdp_x_debt,50.87536274772097,21.145660225440512,2.4059481806348337,0.026475344528797577
Baseline (p=2),gini,United States,"L(gdp_x_debt, 1)",46.7539629897752,19.072603350074534,2.451367657136984,0.024079702537695067
Baseline (p=2),gini,United States,"L(gdp_x_debt, 2)",4.377933426842404,18.18426007571639,0.24075400421097032,0.8123245578123659
Baseline (p=2),gini,United States,"L(gdp_x_debt, 3)",14.878517993851307,15.452551641703083,0.9628518537804084,0.34771709833985753
Baseline (p=2),gini,Uruguay,(Intercept),6.902910936740275,5.164669810953641,1.3365638442364765,0.19050772369734054
Baseline (p=2),gini,Uruguay,"L(gini, 1)",1.454994511463008,0.14370960324653828,10.12454615831706,1.1863892048475657e-11
Baseline (p=2),gini,Uruguay,"L(gini, 2)",-0.5359657362339016,0.14190964540372186,-3.776809777158705,6.309777040664404e-4
Baseline (p=2),gini,Uruguay,public_debt,0.6227668577298751,0.6253583333711265,0.9958560148590625,0.32656666176847526
Baseline (p=2),gini,Uruguay,growth,-3.2392204706085463,2.5763499351687766,-1.2572905669339305,0.21747411200042951
Baseline (p=2),gini,Uruguay,life_exp,-0.051926186641464776,0.05291569116233283,-0.9813003572450281,0.3335846326296801
Baseline (p=2),gini,Uruguay,gdp_x_debt,2.6225501152268524,7.164847040720671,0.36603016091227886,0.7166787337399008
Baseline (p=2),gini,Venezuela,(Intercept),7.013450100727585,3.892213522986244,1.8019181268726023,0.08593322889887117
Baseline (p=2),gini,Venezuela,"L(gini, 1)",1.5478220182703248,0.18309209081597996,8.453789627788955,3.362561430373459e-8
Baseline (p=2),gini,Venezuela,"L(gini, 2)",-0.5985075904498195,0.1882619475986659,-3.179121421423459,0.004516975117298157
Baseline (p=2),gini,Venezuela,public_debt,0.9814857958685971,0.4077053722448605,2.4073408463186365,0.025349094427343392
Baseline (p=2),gini,Venezuela,"L(public_debt, 1)",-1.3382430734260133,0.47857943244071,-2.796282043716546,0.010819454061316491
Baseline (p=2),gini,Venezuela,"L(public_debt, 2)",-0.4487584736934789,0.46857573018031584,-0.9577074628273834,0.34910713261230397
Baseline (p=2),gini,Venezuela,"L(public_debt, 3)",1.335739086439478,0.4569666241259042,2.9230561181454093,0.008128500167790409
Baseline (p=2),gini,Venezuela,growth,-0.7211908534316607,0.5959786139601676,-1.2100951888851865,0.23968789743474914
Baseline (p=2),gini,Venezuela,"L(growth, 1)",0.01222147401931017,0.6017269790804686,0.020310663214713195,0.9839872964872249
Baseline (p=2),gini,Venezuela,"L(growth, 2)",-1.0112518471531955,0.6307454954683143,-1.6032644773822187,0.12381174465860131
Baseline (p=2),gini,Venezuela,"L(growth, 3)",-2.6265324742577576,1.2534200468009362,-2.0954926331052164,0.048426844254541794
Baseline (p=2),gini,Venezuela,life_exp,-0.06684596205490716,0.12143407274713879,-0.5504712190136287,0.5878046628089231
Baseline (p=2),gini,Venezuela,"L(life_exp, 1)",-0.11723553494033463,0.09217025349414679,-1.2719454541565256,0.21729821277711153
Baseline (p=2),gini,Venezuela,"L(life_exp, 2)",0.11339751003533921,0.10273639598688707,1.1037715402223462,0.282180086808009
Baseline (p=2),gini,Venezuela,gdp_x_debt,1.2481115453087592,0.5786643558892582,2.1568834033171664,0.04275578160990394
Baseline (p=2),gini,Venezuela,"L(gdp_x_debt, 1)",0.7291317590843366,0.5612600349865872,1.299097946822031,0.20799330538049188
Baseline (p=2),gini,Venezuela,"L(gdp_x_debt, 2)",-2.1508139651798293,1.5271701257030907,-1.4083656620703082,0.17365636045898536
Baseline (p=2),gini,Venezuela,"L(gdp_x_debt, 3)",7.269851876666821,2.80155130022083,2.5949379817152667,0.01690229363737454
Baseline (p=2),gini,Zambia,(Intercept),2.6322566143639112,1.3941117593929666,1.8881245327921672,0.06782769800552102
Baseline (p=2),gini,Zambia,"L(gini, 1)",0.9589810650214251,0.026472920279582892,36.224982166438,3.7558585375140003e-28
Baseline (p=2),gini,Zambia,public_debt,0.04547934945625461,0.07234397437802186,0.6286542845795222,0.5339029056929303
Baseline (p=2),gini,Zambia,growth,0.15046017214302287,0.2274131689537308,0.661615916242895,0.5128110297335136
Baseline (p=2),gini,Zambia,life_exp,0.06312073905233032,0.03983031132341134,1.5847412926252826,0.12256273324305626
Baseline (p=2),gini,Zambia,"L(life_exp, 1)",-0.06982372445124635,0.04041346061316309,-1.7277343585989275,0.09338514899603734
Baseline (p=2),gini,Zambia,gdp_x_debt,-0.32979782603333785,0.40567452434719414,-0.8129616385550559,0.4220667531199328
Baseline (p=2),gini,Zambia,"L(gdp_x_debt, 1)",-0.3359131413081352,0.2567468546655374,-1.30834374483663,0.19979659120273827
Composition,p90p100,Algeria,(Intercept),0.30443966356971086,0.05992498856916414,5.080345792946345,3.0279099182713792e-5
Composition,p90p100,Algeria,"L(p90p100, 1)",0.9554106137770112,0.14281651408341514,6.689776878456664,5.201288806216484e-7
Composition,p90p100,Algeria,"L(p90p100, 2)",-0.5292618493886864,0.10687028832942524,-4.952375984588427,4.2159840635815726e-5
Composition,p90p100,Algeria,public_debt,0.0066790716669930875,0.005049045146985581,1.3228385709683497,0.19786243047224464
Composition,p90p100,Algeria,growth,-0.0750751233927445,0.02854988710932243,-2.6296119177378507,0.014415583928273886
Composition,p90p100,Algeria,"L(growth, 1)",-0.002350027232420848,0.032383111425905255,-0.07256953173872341,0.9427261569179699
Composition,p90p100,Algeria,"L(growth, 2)",0.05721786791548362,0.031902974850503134,1.7934963176194603,0.08500030979874491
Composition,p90p100,Algeria,life_exp,-0.0035070601440788263,0.0023625081052942166,-1.4844648093353618,0.1501860255576932
Composition,p90p100,Algeria,"L(life_exp, 1)",0.003481350845184741,0.002180371559921259,1.5966777906929153,0.12290223094171708
Composition,p90p100,Algeria,gdp_x_debt,0.057151031522217885,0.05642412526245508,1.0128828981642448,0.32081933740046303
Composition,p90p100,Algeria,"L(gdp_x_debt, 1)",0.01393810760769278,0.06359774856583458,0.21916039359890935,0.8283045668464161
Composition,p90p100,Algeria,"L(gdp_x_debt, 2)",-0.1006496042307606,0.05961754091527216,-1.6882548774328479,0.1038000132482527
Composition,p90p100,Algeria,military_exp,0.039806966635862376,0.26376032145861744,0.15092098165382267,0.8812492243978385
Composition,p90p100,Algeria,"L(military_exp, 1)",0.5830387159139837,0.2582112043966652,2.2579915433038957,0.03292666203485421
Composition,p90p100,Algeria,nonmil_g,-0.21812297538989914,0.05901501691489755,-3.696058847266668,0.001076620448587344
Composition,p90p100,Argentina,(Intercept),0.18617783224328605,0.3357457287222565,0.5545203298693353,0.5843538531256272
Composition,p90p100,Argentina,"L(p90p100, 1)",0.6312380411085959,0.1792369446146374,3.521807641085206,0.001745552467427169
Composition,p90p100,Argentina,"L(p90p100, 2)",0.230770013743161,0.19144988362563606,1.2053807992613468,0.23980697139256094
Composition,p90p100,Argentina,public_debt,-0.0018991393685419734,0.00912118024083234,-0.20821202063743785,0.8368202891534848
Composition,p90p100,Argentina,growth,0.10703281723013607,0.0525018816456751,2.038647261301596,0.052647114866819555
Composition,p90p100,Argentina,"L(growth, 1)",-0.0927821894100777,0.05197448589823368,-1.7851487668727635,0.08688299203305322
Composition,p90p100,Argentina,"L(growth, 2)",0.11280571716485194,0.05510245710632347,2.0471994006943572,0.051736951480924005
Composition,p90p100,Argentina,life_exp,-0.02328497639622497,0.008782100482131168,-2.651413115074534,0.013975240002955643
Composition,p90p100,Argentina,"L(life_exp, 1)",0.03158770191151437,0.011027298447008154,2.8645004996744703,0.008542697303525915
Composition,p90p100,Argentina,"L(life_exp, 2)",-0.009948824865868032,0.008881099648225936,-1.1202244384067215,0.27370352939502446
Composition,p90p100,Argentina,gdp_x_debt,-0.23944290126878623,0.07373184241052375,-3.2474829522856266,0.0034228466039528545
Composition,p90p100,Argentina,"L(gdp_x_debt, 1)",0.10361157593498048,0.07918261644690108,1.3085141737449553,0.2030919709416735
Composition,p90p100,Argentina,"L(gdp_x_debt, 2)",-0.20332149177680772,0.08267774460976106,-2.4592046231605025,0.021516147043606264
Composition,p90p100,Argentina,military_exp,0.2111124816965956,1.1306514850884035,0.1867175557462688,0.8534514695109716
Composition,p90p100,Argentina,nonmil_g,-0.16642665626087702,0.11799598540366488,-1.4104433781499477,0.17123895745996295
Composition,p90p100,Argentina,"L(nonmil_g, 1)",0.17213415644730296,0.10476700399340645,1.6430187929983784,0.11341797837212939
Composition,p90p100,Australia,(Intercept),-0.14101542987404314,0.13262842403762964,-1.0632368656814766,0.29675879145648093
Composition,p90p100,Australia,"L(p90p100, 1)",0.10229632319926416,0.22417562396349736,0.4563222414222927,0.6516782409234186
Composition,p90p100,Australia,public_debt,-0.13710787403147856,0.06495857186237144,-2.110697173607369,0.04385880498532453
Composition,p90p100,Australia,"L(public_debt, 1)",0.31219596053724324,0.11123532223210865,2.806626117248989,0.00901009349596171
Composition,p90p100,Australia,"L(public_debt, 2)",-0.24395095900944785,0.06949235385898195,-3.5104719506909747,0.0015341026695398698
Composition,p90p100,Australia,growth,0.05952971849823646,0.12093804283098461,0.4922331890340862,0.6263919709874101
Composition,p90p100,Australia,life_exp,-0.01337230461559096,0.011855429049009365,-1.1279477579690247,0.268914778452525
Composition,p90p100,Australia,"L(life_exp, 1)",0.003289478301477707,0.01495655293378641,0.21993559050941966,0.8275169518405596
Composition,p90p100,Australia,"L(life_exp, 2)",0.015993819916585328,0.012250952865581548,1.3055164028521553,0.20234292648233532
Composition,p90p100,Australia,gdp_x_debt,-0.19236007770940877,0.4287707857062458,-0.4486314929142494,0.6571503286816447
Composition,p90p100,Australia,military_exp,-3.816383406265395,1.3600291392950647,-2.806104145859343,0.009021440950645946
Composition,p90p100,Australia,nonmil_g,0.390856063823497,0.2094830000070324,1.8658128049072042,0.0725763006617971
Composition,p90p100,Austria,(Intercept),0.10649064965179131,0.22921039780595404,0.4645978134986033,0.6512800670219421
Composition,p90p100,Austria,"L(p90p100, 1)",-0.4433245432138001,0.26606048964453655,-1.6662547069882219,0.12385226255896656
Composition,p90p100,Austria,"L(p90p100, 2)",-0.3008283028425481,0.267839799703325,-1.1231650530494837,0.2852830215869659
Composition,p90p100,Austria,"L(p90p100, 3)",-0.3053595945806002,0.26608120777554006,-1.1476180416250759,0.2754733883089296
Composition,p90p100,Austria,public_debt,-0.07692911668518967,0.03899964462397429,-1.9725594278338363,0.07420672745898448
Composition,p90p100,Austria,"L(public_debt, 1)",-0.0413206034585626,0.0448459544841529,-0.9213897648931513,0.37661262344218394
Composition,p90p100,Austria,"L(public_debt, 2)",0.09757791618541091,0.041376849154370954,2.358273241671013,0.0379293346020499
Composition,p90p100,Austria,"L(public_debt, 3)",-0.10258934963229112,0.033059875518631744,-3.1031378074752354,0.010047727318511286
Composition,p90p100,Austria,growth,0.07679980484948642,0.3073439141309043,0.24988230226278618,0.8072835514905332
Composition,p90p100,Austria,"L(growth, 1)",0.5913648114691341,0.4121345254361012,1.4348829689611176,0.17913599389571663
Composition,p90p100,Austria,"L(growth, 2)",-0.2220999524593619,0.22969096034217285,-0.9669512118739781,0.35434734802666623
Composition,p90p100,Austria,"L(growth, 3)",0.2006884907054097,0.209590705738202,0.9575257166035217,0.35887419716865543
Composition,p90p100,Austria,life_exp,0.015086389433219966,0.0061018144704091375,2.472443157093958,0.030986749031678848
Composition,p90p100,Austria,"L(life_exp, 1)",0.0026789048113977526,0.007236470606359223,0.3701949413079354,0.7182663540905552
Composition,p90p100,Austria,"L(life_exp, 2)",-0.008601960572166577,0.008819807182069126,-0.97530029790839,0.35037196309432517
Composition,p90p100,Austria,"L(life_exp, 3)",-5.972765173986671e-4,0.006587368015959378,-0.090669978654848285,0.929384817209745
Composition,p90p100,Austria,gdp_x_debt,-0.34022760493053533,0.442863731752538,-0.7682444520443291,0.4585176785907089
Composition,p90p100,Austria,"L(gdp_x_debt, 1)",-0.9453966486547192,0.6061585705882181,-1.5596523657783201,0.14713138258755495
Composition,p90p100,Austria,"L(gdp_x_debt, 2)",0.18329072373493985,0.3297141181712451,0.5559080234463704,0.5894020028802079
Composition,p90p100,Austria,"L(gdp_x_debt, 3)",-0.43611279902666766,0.3178788317601626,-1.3719466521624561,0.19741115399563164
Composition,p90p100,Austria,military_exp,-3.489453987647677,2.56225414143169,-1.3618688057609707,0.20047773231202567
Composition,p90p100,Austria,"L(military_exp, 1)",4.167744787828929,4.349878433282991,0.9581290263055466,0.35858320369867014
Composition,p90p100,Austria,"L(military_exp, 2)",-5.789709720817211,3.9312812680323015,-1.4727284379006278,0.16885201607672717
Composition,p90p100,Austria,"L(military_exp, 3)",4.842173514179521,2.5160604696564426,1.9245060174729025,0.08053445975846327
Composition,p90p100,Austria,nonmil_g,-0.22102323127812998,0.17988611916553188,-1.2286841936633452,0.24482845668056058
Composition,p90p100,Austria,"L(nonmil_g, 1)",0.12373924516396964,0.24239861905468948,0.5104783420241014,0.6198043218575179
Composition,p90p100,Austria,"L(nonmil_g, 2)",-0.03400499907102222,0.27781522259078023,-0.1224014967715118,0.9047886623765424
Composition,p90p100,Austria,"L(nonmil_g, 3)",-0.10695278345670205,0.17316890868414933,-0.6176211669253983,0.5493973495696147
Composition,p90p100,Bahamas,(Intercept),0.1839757203658574,0.06972451444127624,2.638608842816775,0.012469405983182356
Composition,p90p100,Bahamas,"L(p90p100, 1)",0.5019091236539026,0.15467174686951568,3.244995507016053,0.002637864225346493
Composition,p90p100,Bahamas,public_debt,-0.04971081075422679,0.01501076540300014,-3.311677280912757,0.0022056692303028484
Composition,p90p100,Bahamas,growth,0.015213030507704563,0.012117432018166818,1.255466544800642,0.21786955069973632
Composition,p90p100,Bahamas,life_exp,0.0013604279079962463,5.819088492329609e-4,2.337871145608947,0.025415896934557237
Composition,p90p100,Bahamas,gdp_x_debt,-0.09124683702400689,0.05119276222909378,-1.7824167528930417,0.0836136939079763
Composition,p90p100,Bahamas,nonmil_g,0.033912544310095855,0.036994382622260354,0.9166944251068515,0.3657595834234063
Composition,p90p100,Bahrain,(Intercept),0.00564883731099607,0.1473109498644913,0.03834635046608778,0.9697573829028003
Composition,p90p100,Bahrain,"L(p90p100, 1)",1.3694930545976798,0.16321717834378768,8.390618368080647,2.6514095616903485e-8
Composition,p90p100,Bahrain,"L(p90p100, 2)",-0.5816873558176046,0.1540233257589874,-3.7766185930033562,0.0010383424280435045
Composition,p90p100,Bahrain,public_debt,0.04680911652285424,0.03299307064679466,1.4187559874000948,0.16998257815114226
Composition,p90p100,Bahrain,"L(public_debt, 1)",-0.004151688194433854,0.04798795408746862,-0.08651521560736862,0.9318394572822557
Composition,p90p100,Bahrain,"L(public_debt, 2)",-0.0675390710896055,0.03646521275162079,-1.852150748430874,0.07747078646132566
Composition,p90p100,Bahrain,growth,0.0010878329445121453,0.0354535273589881,0.030683348753910666,0.9757987325622441
Composition,p90p100,Bahrain,"L(growth, 1)",-0.048214644896056764,0.03059190601816294,-1.5760588721549715,0.12928428361522223
Composition,p90p100,Bahrain,life_exp,0.001118439122043525,0.0015678409317528951,0.7133626246082726,0.48312075927115183
Composition,p90p100,Bahrain,gdp_x_debt,0.08780490382106677,0.0979762978313281,0.896185156661339,0.37985576351978356
Composition,p90p100,Bahrain,"L(gdp_x_debt, 1)",0.17414905909124773,0.09129859456991522,1.9074670306987775,0.06959962989629434
Composition,p90p100,Bahrain,"L(gdp_x_debt, 2)",0.10319476766612574,0.04667154735681518,2.2110852009507416,0.03772746651034005
Composition,p90p100,Bahrain,military_exp,0.13691034146658415,0.2653441479570424,0.5159727189037125,0.611020584985297
Composition,p90p100,Bahrain,"L(military_exp, 1)",0.03140643552803931,0.22542853207614705,0.13931881310139835,0.8904657478343536
Composition,p90p100,Bahrain,"L(military_exp, 2)",0.32131514445860443,0.20868168420785474,1.5397381216195407,0.13788509268896088
Composition,p90p100,Bahrain,nonmil_g,0.10231962064592472,0.13486328342250606,0.758691454407001,0.4560891315628717
Composition,p90p100,Bahrain,"L(nonmil_g, 1)",-0.17393086111496597,0.13581621693616142,-1.2806339702181502,0.213659499700304
Composition,p90p100,Bahrain,"L(nonmil_g, 2)",0.12074905348719334,0.10927023167803963,1.1050498533120676,0.2810772371768465
Composition,p90p100,Bangladesh,(Intercept),0.14330920910027875,0.04639443045242674,3.0889313157369025,0.0045027127839575
Composition,p90p100,Bangladesh,"L(p90p100, 1)",1.4593124551572143,0.12264397058923003,11.898770466628742,1.8188254475918317e-12
Composition,p90p100,Bangladesh,"L(p90p100, 2)",-0.8324178763710273,0.1437887304962326,-5.789173278728109,3.2321041314080037e-6
Composition,p90p100,Bangladesh,public_debt,-0.05522427520685718,0.04375501671531392,-1.2621244225814479,0.2173160899896121
Composition,p90p100,Bangladesh,"L(public_debt, 1)",0.1449072162832103,0.04244436820047992,3.4140504954334983,0.0019697919156030923
Composition,p90p100,Bangladesh,growth,-0.14705769645705097,0.1308174416008067,-1.1241444157408451,0.2704972116315535
Composition,p90p100,Bangladesh,life_exp,0.00371364776218848,8.072029104178395e-4,4.600637230440797,8.258956024651071e-5
Composition,p90p100,Bangladesh,"L(life_exp, 1)",-0.003806170689523354,7.964035003703393e-4,-4.779198845501594,5.0719237653175026e-5
Composition,p90p100,Bangladesh,gdp_x_debt,0.41452557377440735,0.4266047894672597,0.9716852318795183,0.33952698856579744
Composition,p90p100,Bangladesh,military_exp,-0.5521532074357577,0.7661036352607531,-0.7207291311805685,0.47705088384273187
Composition,p90p100,Bangladesh,"L(military_exp, 1)",1.0118733477321515,0.6938225077456911,1.458403750866838,0.15585626301772806
Composition,p90p100,Bangladesh,nonmil_g,-0.15119857331879605,0.08780229108337247,-1.7220344874056395,0.09609447874731544
Composition,p90p100,Belgium,(Intercept),-0.2925109522644627,0.17540570544777773,-1.667625072501133,0.12357555025426646
Composition,p90p100,Belgium,"L(p90p100, 1)",0.4151198952574625,0.2762074138479377,1.50292814184199,0.1610117877781084
Composition,p90p100,Belgium,"L(p90p100, 2)",-0.1403708922989888,0.3768139668881067,-0.37252040697491273,0.7165831850271696
Composition,p90p100,Belgium,"L(p90p100, 3)",0.04352630767657277,0.3321822569572747,0.13103140449241732,0.898116187294979
Composition,p90p100,Belgium,public_debt,-0.12197145691848577,0.048767635204279194,-2.5010738455446613,0.029450108735060196
Composition,p90p100,Belgium,"L(public_debt, 1)",0.11857333770117576,0.0712833349483566,1.6634089550815747,0.12442865446160505
Composition,p90p100,Belgium,"L(public_debt, 2)",-0.03313568013829413,0.05675825628854518,-0.5838037019643518,0.5711294657138108
Composition,p90p100,Belgium,"L(public_debt, 3)",0.060434365043781295,0.03908312991232968,1.5463031026262786,0.1503008789435231
Composition,p90p100,Belgium,growth,-0.021665752320041528,0.300379287160887,-0.072127983672979,0.943794812268101
Composition,p90p100,Belgium,"L(growth, 1)",0.005337794577889773,0.3037766502396055,0.017571444591543025,0.9862954025234416
Composition,p90p100,Belgium,"L(growth, 2)",0.19292941853678194,0.23125897872542897,0.8342569858264606,0.4218839607623166
Composition,p90p100,Belgium,"L(growth, 3)",0.44338189468111067,0.2152501864123037,2.059844416728305,0.06388251777317616
Composition,p90p100,Belgium,life_exp,0.007984897553531779,0.0041399249298473585,1.92875418971092,0.07995552598901318
Composition,p90p100,Belgium,"L(life_exp, 1)",-0.0015041118304304436,0.0037820878421935718,-0.39769352093051186,0.6984650872422749
Composition,p90p100,Belgium,"L(life_exp, 2)",0.0044890916400339275,0.003930545680112121,1.142103922808467,0.27766224732729
Composition,p90p100,Belgium,"L(life_exp, 3)",-0.004761178582622079,0.004686870321093622,-1.015854558892749,0.33152201497298206
Composition,p90p100,Belgium,gdp_x_debt,0.014257303836329683,0.2771764707067098,0.051437641153227034,0.9598989841831455
Composition,p90p100,Belgium,"L(gdp_x_debt, 1)",0.007177366780116069,0.2843072964116152,0.025245102291447358,0.980311618768557
Composition,p90p100,Belgium,"L(gdp_x_debt, 2)",-0.14835236383887798,0.21679795215211087,-0.6842885846762531,0.5079533221065855
Composition,p90p100,Belgium,"L(gdp_x_debt, 3)",-0.442427985050431,0.19090102942651882,-2.317577785617596,0.04075130671774265
Composition,p90p100,Belgium,military_exp,1.9762561269417194,1.619039123914808,1.2206351889527949,0.24774430997587296
Composition,p90p100,Belgium,"L(military_exp, 1)",-2.6146906296686288,1.6280964152782218,-1.605980214152004,0.13657999202281562
Composition,p90p100,Belgium,"L(military_exp, 2)",1.9373865467680738,1.374521985316192,1.409498405602004,0.18632767040338172
Composition,p90p100,Belgium,"L(military_exp, 3)",1.013563554101718,1.2326394069811146,0.8222709320839091,0.4283869799645633
Composition,p90p100,Belgium,nonmil_g,-0.11789307204787307,0.13373883393608363,-0.8815171224254613,0.39689114168730877
Composition,p90p100,Belgium,"L(nonmil_g, 1)",0.06062570812657775,0.18374292040242252,0.32994853893580783,0.7476369917159239
Composition,p90p100,Belgium,"L(nonmil_g, 2)",-0.0884531517442728,0.18275235201774456,-0.4840055450322431,0.6378740568328041
Composition,p90p100,Belgium,"L(nonmil_g, 3)",-0.08862987191479833,0.2075508955321136,-0.4270271717574206,0.6775979127942613
Composition,p90p100,Belize,(Intercept),0.36918012363791675,0.1581447098996903,2.3344449768321955,0.026009679924468607
Composition,p90p100,Belize,"L(p90p100, 1)",0.6165435435349612,0.16341245291623144,3.772928761133119,6.598299797676504e-4
Composition,p90p100,Belize,public_debt,-0.015855108461203374,0.00926897540546985,-1.7105567517038491,0.096842844551571
Composition,p90p100,Belize,"L(public_debt, 1)",0.014880238383185132,0.0077192734427816495,1.9276734388907746,0.06281132480213884
Composition,p90p100,Belize,growth,0.005599872214817001,0.034735311531331775,0.16121554602341284,0.8729371773176362
Composition,p90p100,Belize,life_exp,-0.0022035580745124704,9.825559918441268e-4,-2.242679392119614,0.03197384730222941
Composition,p90p100,Belize,gdp_x_debt,3.915733818671231e-4,0.06717207763723489,0.005829407034003453,0.9953850230998708
Composition,p90p100,Belize,military_exp,-0.23635061997265105,0.46735252759243257,-0.5057223530815416,0.6165176815561952
Composition,p90p100,Belize,nonmil_g,-0.003673942042873374,0.02337417579033437,-0.1571795333374969,0.8760909241897104
Composition,p90p100,Bolivia,(Intercept),0.05022972412125394,0.05307964299941607,0.9463086276184359,0.35108263767642867
Composition,p90p100,Bolivia,"L(p90p100, 1)",0.8814794031142519,0.08419205568279386,10.469864359119073,7.285101129376582e-12
Composition,p90p100,Bolivia,public_debt,-3.852109188741577e-4,0.0042089956367278155,-0.09152086438693266,0.9276492590178261
Composition,p90p100,Bolivia,growth,0.012505688855770285,0.04405107350171251,0.28389067193298073,0.7783229966622369
Composition,p90p100,Bolivia,"L(growth, 1)",-0.033258052876616026,0.021998326980321316,-1.511844646475486,0.1403871455605044
Composition,p90p100,Bolivia,life_exp,1.4317624289640388e-4,3.48609455518158e-4,0.41070671099151024,0.6840248790233021
Composition,p90p100,Bolivia,gdp_x_debt,-0.0034054373028251234,0.053923847737915406,-0.06315271342238923,0.9500377378399751
Composition,p90p100,Bolivia,military_exp,0.0659641222666288,0.2053029181215271,0.3213014353141438,0.7500712175092377
Composition,p90p100,Bolivia,nonmil_g,0.030945970931286027,0.019821235311019553,1.5612533954471401,0.12830055702582527
Composition,p90p100,Brazil,(Intercept),0.28995918778265994,0.10827089189640725,2.6780899529311224,0.011450433678656969
Composition,p90p100,Brazil,"L(p90p100, 1)",0.5302917421675367,0.17851701618463425,2.9705389071654293,0.005507977182656459
Composition,p90p100,Brazil,public_debt,-0.0019205554474561407,0.008117433931778896,-0.23659637560305471,0.8144324347637838
Composition,p90p100,Brazil,growth,-0.006711113587247613,0.06837259383898317,-0.09815502397133306,0.9224029819180763
Composition,p90p100,Brazil,life_exp,-2.479796781053354e-4,3.2462291924723725e-4,-0.7639007087989086,0.4503540116673186
Composition,p90p100,Brazil,gdp_x_debt,0.017587930271489652,0.125153030413745,0.14053139754862898,0.8890944508678662
Composition,p90p100,Brazil,military_exp,0.1416893833485431,0.32054100274779374,0.4420320088036486,0.6613494620187264
Composition,p90p100,Brazil,nonmil_g,0.0061754196193168605,0.02160105529265987,0.28588508920743766,0.776753102320764
Composition,p90p100,Burkina Faso,(Intercept),0.3041868824143703,0.0884321081577265,3.4397787042668493,0.0019063821530744195
Composition,p90p100,Burkina Faso,"L(p90p100, 1)",1.561919207331352,0.14760537035448512,10.581723439874095,4.163491687104996e-11
Composition,p90p100,Burkina Faso,"L(p90p100, 2)",-0.9244354418766021,0.16643399935996264,-5.554366568318999,6.89730528904789e-6
Composition,p90p100,Burkina Faso,public_debt,0.02372229047151477,0.02476494308028884,0.9578980413807635,0.3466136170599179
Composition,p90p100,Burkina Faso,growth,-0.0872571678620434,0.08648926912047634,-1.0088785435392846,0.32198928146929945
Composition,p90p100,Burkina Faso,life_exp,0.00303886076813933,0.0058209501691666955,0.5220557949861924,0.6058884801740166
Composition,p90p100,Burkina Faso,"L(life_exp, 1)",-0.018913252969896436,0.009394613565594232,-2.0132018031228225,0.05416167583687556
Composition,p90p100,Burkina Faso,"L(life_exp, 2)",0.01386215626807072,0.005612513026272217,2.469866208449203,0.020127142213477937
Composition,p90p100,Burkina Faso,gdp_x_debt,0.2576873911537455,0.2110340890025355,1.2210699814978683,0.2326155616668861
Composition,p90p100,Burkina Faso,military_exp,-0.2041861645583558,0.46408721341091924,-0.43997369170686923,0.6634581153452643
Composition,p90p100,Burkina Faso,"L(military_exp, 1)",-0.060349835303736034,0.48636775014597766,-0.12408272399973627,0.9021689382588923
Composition,p90p100,Burkina Faso,"L(military_exp, 2)",0.6912416935173088,0.4718429883300626,1.4649824424937155,0.15447417433696803
Composition,p90p100,Burkina Faso,nonmil_g,-0.11313720920418528,0.13880888880128422,-0.8150573798350194,0.4221711407357993
Composition,p90p100,Canada,(Intercept),-0.1425209061997799,0.14144236167729984,-1.007625328859686,0.32143509048072594
Composition,p90p100,Canada,"L(p90p100, 1)",0.9825335231709076,0.07300663311237628,13.458140463189583,1.733329191798077e-14
Composition,p90p100,Canada,public_debt,-0.07914781170192652,0.035237643093660016,-2.2461153684869135,0.03196427290197205
Composition,p90p100,Canada,"L(public_debt, 1)",0.09276779998291228,0.03493841330718841,2.655180679422146,0.012402181814803206
Composition,p90p100,Canada,growth,-0.015293471250882155,0.1588703599579018,-0.09626384213477385,0.9239306679124685
Composition,p90p100,Canada,life_exp,-0.007173889451553984,0.006306854070369503,-1.137475097966502,0.264055448905169
Composition,p90p100,Canada,"L(life_exp, 1)",0.009166789662745263,0.0062786344531648285,1.4599973499213068,0.15435170257525352
Composition,p90p100,Canada,gdp_x_debt,0.03840380694119941,0.1962389776905968,0.19569917960818853,0.8461227749993027
Composition,p90p100,Canada,military_exp,1.7423763864863586,0.9458587843772258,1.8421104875962826,0.0750432270476623
Composition,p90p100,Canada,nonmil_g,-0.27838923065364746,0.16604119407139345,-1.6766274912112908,0.10367306846445233
Composition,p90p100,Chile,(Intercept),0.21454065910219977,0.16300662171513775,1.3161468954133675,0.21489142366259026
Composition,p90p100,Chile,"L(p90p100, 1)",1.784998428375468,0.22649692103252372,7.880894893574081,7.531408590036645e-6
Composition,p90p100,Chile,"L(p90p100, 2)",-1.1754380912225055,0.3546934483697091,-3.3139548999994672,0.006904920450223372
Composition,p90p100,Chile,"L(p90p100, 3)",0.519608852338384,0.22386484300658427,2.32108287018119,0.04050048366147727
Composition,p90p100,Chile,public_debt,0.1485005287825456,0.06732803919830099,2.2056268168625497,0.04959617929348844
Composition,p90p100,Chile,"L(public_debt, 1)",-0.19553945562927635,0.09913052596613557,-1.9725453257059835,0.07420851471706383
Composition,p90p100,Chile,"L(public_debt, 2)",0.13418588928946432,0.10705597747435641,1.2534180010789817,0.23604006307552822
Composition,p90p100,Chile,"L(public_debt, 3)",0.014905092133937566,0.07294318027865267,0.20433839156721886,0.8418206233640029
Composition,p90p100,Chile,growth,0.1364883330317823,0.04308349025583189,3.1679961911467207,0.008950509275277858
Composition,p90p100,Chile,"L(growth, 1)",-0.027067004012277057,0.05306315780123677,-0.5100903363811151,0.6200673224505614
Composition,p90p100,Chile,"L(growth, 2)",-0.033853430901960226,0.049800571368481074,-0.6797799698215141,0.510696153521947
Composition,p90p100,Chile,"L(growth, 3)",0.11821095277397306,0.04505183928853139,2.6238873848612303,0.023663934092939334
Composition,p90p100,Chile,life_exp,0.01007792963124883,0.005928466684874086,1.6999217785876577,0.11721147003075578
Composition,p90p100,Chile,"L(life_exp, 1)",-0.01639425942257719,0.004983314267613069,-3.289830530882771,0.007206893449213327
Composition,p90p100,Chile,"L(life_exp, 2)",0.010939475634179128,0.005510470619097018,1.9852162166090528,0.07261870970761226
Composition,p90p100,Chile,"L(life_exp, 3)",-0.00810414039966373,0.005346166458573305,-1.5158788007185298,0.15774680882864842
Composition,p90p100,Chile,gdp_x_debt,-0.3375428342068978,0.21876345991939963,-1.5429580165319234,0.1511043396091095
Composition,p90p100,Chile,"L(gdp_x_debt, 1)",0.12410723049560043,0.2389111464432304,0.5194702396402864,0.6137249806540408
Composition,p90p100,Chile,"L(gdp_x_debt, 2)",-0.04513039092050955,0.2551879609260278,-0.17685156759253093,0.8628391592042526
Composition,p90p100,Chile,"L(gdp_x_debt, 3)",-0.29701587810992486,0.2129747267396178,-1.3946062176337735,0.19065894768456537
Composition,p90p100,Chile,military_exp,1.0981815386460683,0.5638859385577065,1.9475242483523703,0.07744341626646606
Composition,p90p100,Chile,"L(military_exp, 1)",-1.0572167488598705,0.7819811736008959,-1.3519721248422896,0.20352766431217986
Composition,p90p100,Chile,"L(military_exp, 2)",-0.09051760754153232,0.9921704914857468,-0.0912319085462669,0.9289484958169618
Composition,p90p100,Chile,"L(military_exp, 3)",-0.8042647177853863,0.9137715463438614,-0.8801595114264299,0.3975946273940312
Composition,p90p100,Chile,nonmil_g,-0.17269816687275796,0.21206300252236152,-0.814371978226364,0.4327087501635384
Composition,p90p100,Chile,"L(nonmil_g, 1)",0.23770861720721861,0.30793214772507377,0.7719512852534263,0.4564078077884096
Composition,p90p100,Chile,"L(nonmil_g, 2)",-0.106465623529648,0.20234535826254055,-0.5261579729024977,0.6092230033674211
Composition,p90p100,Chile,"L(nonmil_g, 3)",-0.18667917978438803,0.17469289873739507,-1.0686134418377886,0.3081337503676128
Composition,p90p100,Colombia,(Intercept),0.2440221667197398,0.24960873353414037,0.9776187045408952,0.3372722365647284
Composition,p90p100,Colombia,"L(p90p100, 1)",0.4962073706241542,0.16010325677213613,3.0992959208217217,0.004618603623957219
Composition,p90p100,Colombia,"L(p90p100, 2)",0.428841783388088,0.18445721755244873,2.324884811114267,0.028152869770849118
Composition,p90p100,Colombia,public_debt,-0.008942455630497196,0.06062811508350743,-0.1474968439671943,0.8838777318168778
Composition,p90p100,Colombia,"L(public_debt, 1)",-0.23727063963829875,0.09312579171423936,-2.5478509795264266,0.01709412959287664
Composition,p90p100,Colombia,"L(public_debt, 2)",0.21864932144826132,0.06654874603507417,3.285551336054076,0.0029118818437074497
Composition,p90p100,Colombia,growth,0.23979915244044508,0.13866112382236812,1.729389938795245,0.09559677449465127
Composition,p90p100,Colombia,"L(growth, 1)",-0.013009141734553743,0.05400903704060477,-0.24086972194622322,0.8115454011702037
Composition,p90p100,Colombia,"L(growth, 2)",-0.12377205072613026,0.05196508126958146,-2.3818311778256005,0.024831927559634575
Composition,p90p100,Colombia,life_exp,-0.003467839233610161,0.0022319189875918575,-1.553747807554524,0.13233385341165702
Composition,p90p100,Colombia,gdp_x_debt,-0.6569439544018729,0.40557450254615507,-1.619786131222861,0.11734578507871343
Composition,p90p100,Colombia,military_exp,-0.07602011696266252,0.548697473744034,-0.1385465044042206,0.8908760294424825
Composition,p90p100,Colombia,"L(military_exp, 1)",1.3467580325815633,0.5387525109888386,2.4997712402485015,0.019067340949106507
Composition,p90p100,Colombia,nonmil_g,0.3069092208391616,0.11378530931900367,2.697265777770344,0.012107719238540182
Composition,p90p100,Costa Rica,(Intercept),0.5315138356012538,0.114284496933127,4.650795601018976,7.785108352627769e-5
Composition,p90p100,Costa Rica,"L(p90p100, 1)",0.16307667932230202,0.19554270278094182,0.8339696496114708,0.4116158999735794
Composition,p90p100,Costa Rica,"L(p90p100, 2)",-0.35793350315597094,0.2359155428854303,-1.5172103490010291,0.1408361376150919
Composition,p90p100,Costa Rica,public_debt,-0.0026173942149686985,0.018007734459793895,-0.1453483346732255,0.8855155023111767
Composition,p90p100,Costa Rica,growth,-0.1894359096349002,0.08751463208282088,-2.1646198484343104,0.03942460805461197
Composition,p90p100,Costa Rica,life_exp,0.004756522422247546,0.002915691700552368,1.6313530066798347,0.11442701808349837
Composition,p90p100,Costa Rica,"L(life_exp, 1)",-0.013546238286601122,0.003995906657810893,-3.390028708534012,0.0021646998333835466
Composition,p90p100,Costa Rica,"L(life_exp, 2)",0.009571798990988251,0.0028935017444473294,3.3080329083459747,0.0026659621530850702
Composition,p90p100,Costa Rica,gdp_x_debt,0.7747777203032247,0.2721532868859082,2.8468431491993194,0.008334433290853923
Composition,p90p100,Costa Rica,"L(gdp_x_debt, 1)",-0.13652221748257265,0.0838112394074665,-1.6289249323571067,0.11494274661217126
Composition,p90p100,Costa Rica,nonmil_g,0.4832576298176275,0.14061346563131727,3.436780593152502,0.0019210648873133921
Composition,p90p100,Costa Rica,"L(nonmil_g, 1)",-0.6979171247421697,0.21330991687980846,-3.271845655143253,0.0029212351473664254
Composition,p90p100,Costa Rica,"L(nonmil_g, 2)",0.3993386948634294,0.14487266597680123,2.756480611238122,0.010343366447136649
Composition,p90p100,Cote d'Ivoire,(Intercept),0.6396833909366099,2.7942313304537745,0.22893000445769365,0.8279924506192358
Composition,p90p100,Cote d'Ivoire,"L(p90p100, 1)",0.22040381713034837,0.3175055787359456,0.6941730536131707,0.5184983250248253
Composition,p90p100,Cote d'Ivoire,"L(p90p100, 2)",0.619333547020228,0.8121386421916111,0.7625958362834633,0.4801143738010454
Composition,p90p100,Cote d'Ivoire,"L(p90p100, 3)",0.112481873872973,0.9112512948618862,0.12343672322575006,0.9065697271405486
Composition,p90p100,Cote d'Ivoire,public_debt,-0.0011536482834850488,0.044565100799827256,-0.025886809695929613,0.9803490213818711
Composition,p90p100,Cote d'Ivoire,"L(public_debt, 1)",-0.02039166579982906,0.04717891921229669,-0.4322198587905377,0.6835871199414663
Composition,p90p100,Cote d'Ivoire,"L(public_debt, 2)",-0.09516491092015818,0.15270285955389334,-0.6232032012902264,0.5604726439649854
Composition,p90p100,Cote d'Ivoire,"L(public_debt, 3)",0.1253439784627352,0.07526059782714,1.665466154688642,0.15670017633315936
Composition,p90p100,Cote d'Ivoire,growth,-0.12894257533216574,0.48553413498801007,-0.2655685070120763,0.8011734540504011
Composition,p90p100,Cote d'Ivoire,"L(growth, 1)",0.3877175251493905,0.2922486893623088,1.3266698509252384,0.2419780347019904
Composition,p90p100,Cote d'Ivoire,"L(growth, 2)",0.1396478671467292,0.2590442399015881,0.5390888722319476,0.6129537271578027
Composition,p90p100,Cote d'Ivoire,"L(growth, 3)",0.26089291173824103,0.26014209539977395,1.0028861777918459,0.3619512270927673
Composition,p90p100,Cote d'Ivoire,life_exp,-0.024911552240189257,0.07872964324835409,-0.3164189651108327,0.764467993286742
Composition,p90p100,Cote d'Ivoire,"L(life_exp, 1)",-0.02867046120676552,0.03932655232463646,-0.7290357153633491,0.4986817157319756
Composition,p90p100,Cote d'Ivoire,"L(life_exp, 2)",0.07524047963247008,0.04695235757499728,1.6024856581969928,0.16995014642175432
Composition,p90p100,Cote d'Ivoire,"L(life_exp, 3)",-0.03514420774639091,0.03225194879447182,-1.0896770291417195,0.3255640581539573
Composition,p90p100,Cote d'Ivoire,gdp_x_debt,0.06890065350116949,0.6610271046910289,0.10423272058318152,0.9210366282745248
Composition,p90p100,Cote d'Ivoire,"L(gdp_x_debt, 1)",-0.5095728848145276,0.5475028621310608,-0.9307218647791222,0.39471716309668836
Composition,p90p100,Cote d'Ivoire,"L(gdp_x_debt, 2)",-0.15132019269845348,0.6394732953391159,-0.23663254400358913,0.822330674566238
Composition,p90p100,Cote d'Ivoire,"L(gdp_x_debt, 3)",-0.5009873228994718,0.2595537235847169,-1.930187384639667,0.11146350927748178
Composition,p90p100,Cote d'Ivoire,military_exp,-2.4676296430961426,4.7020641357234,-0.5247971043926445,0.6221523884553446
Composition,p90p100,Cote d'Ivoire,"L(military_exp, 1)",0.4704198575692896,11.3067788929314,0.04160511689703064,0.9684237694342626
Composition,p90p100,Cote d'Ivoire,"L(military_exp, 2)",-0.6586519218355281,5.59373858352323,-0.11774806991796792,0.9108511556062897
Composition,p90p100,Cote d'Ivoire,"L(military_exp, 3)",13.443873549783195,16.48360373098941,0.8155906784211586,0.45182170495313
Composition,p90p100,Cote d'Ivoire,nonmil_g,0.866229512177025,1.879146352125751,0.46096969041134994,0.664177109528336
Composition,p90p100,Cote d'Ivoire,"L(nonmil_g, 1)",-0.7278661350101981,0.6994554880599491,-1.0406182343769301,0.3457321710470073
Composition,p90p100,Cote d'Ivoire,"L(nonmil_g, 2)",0.1991607979292079,0.9740439701345851,0.20446797478936146,0.8460502677844
Composition,p90p100,Cote d'Ivoire,"L(nonmil_g, 3)",-0.3867139190790647,0.7228155269198847,-0.5350105312858439,0.615570576977787
Composition,p90p100,Cyprus,(Intercept),0.5604825790985105,0.267467977968004,2.0955128287004086,0.047330834610769375
Composition,p90p100,Cyprus,"L(p90p100, 1)",0.17239265254867686,0.1664784430662397,1.0355253771810202,0.311189165492479
Composition,p90p100,Cyprus,public_debt,0.26554294932256917,0.07156333530675751,3.7106005216821516,0.0011508785378385258
Composition,p90p100,Cyprus,"L(public_debt, 1)",-0.1787721685329542,0.06494811441316843,-2.7525382399201352,0.011338228836311531
Composition,p90p100,Cyprus,growth,0.23647127958776232,0.1647026790019978,1.4357464069233141,0.16453625707181732
Composition,p90p100,Cyprus,life_exp,-0.0036606585946052108,0.0034466029030426897,-1.0621062819199598,0.29921295435263234
Composition,p90p100,Cyprus,gdp_x_debt,-0.27294196278453725,0.20508350774356449,-1.3308820674445587,0.19627170483590675
Composition,p90p100,Cyprus,military_exp,0.19418486683673047,0.30846166425081417,0.6295267430018021,0.535208203223178
Composition,p90p100,Cyprus,"L(military_exp, 1)",-0.419875034612487,0.28180292316018657,-1.4899598269029148,0.14982151390130138
Composition,p90p100,Cyprus,nonmil_g,0.6719565437197209,0.3001250153152459,2.23892214720559,0.035127763333370435
Composition,p90p100,Cyprus,"L(nonmil_g, 1)",-0.9858018423171644,0.29285101716561024,-3.3662230435746903,0.002667984584791869
Composition,p90p100,Denmark,(Intercept),-0.18308408886065197,0.13660223637054228,-1.3402715337985003,0.1893124242963647
Composition,p90p100,Denmark,"L(p90p100, 1)",0.4484579606714538,0.13640480921251483,3.2876990427278048,0.002403441405721078
Composition,p90p100,Denmark,public_debt,0.030354328101889153,0.01421237654329572,2.1357672314281553,0.0402091349989711
Composition,p90p100,Denmark,growth,0.2778735462250309,0.17921199204827762,1.550529867165223,0.13055288371552887
Composition,p90p100,Denmark,life_exp,0.0044678395785249,0.0018468931318210268,2.4191110473834696,0.021233695144577264
Composition,p90p100,Denmark,gdp_x_debt,-0.3657251818030638,0.3331355248784634,-1.097827023811075,0.2802260463234465
Composition,p90p100,Denmark,military_exp,-1.1538771963765357,1.2663771262177168,-0.9111639593671562,0.36881711621322233
Composition,p90p100,Denmark,nonmil_g,0.016960286319807137,0.08671274466466669,0.19559162134004088,0.8461292061560568
Composition,p90p100,Egypt,(Intercept),0.19408641804870094,0.05091304655322203,3.812115581137193,7.616713996348767e-4
Composition,p90p100,Egypt,"L(p90p100, 1)",1.1526679457743911,0.17493003723305126,6.589308297229392,5.479562739213963e-7
Composition,p90p100,Egypt,"L(p90p100, 2)",-0.6274826577667416,0.14871146849305994,-4.219463798758903,2.6324893883858353e-4
Composition,p90p100,Egypt,public_debt,0.01331967811948482,0.008811642065956055,1.5115999968888485,0.1426958951750934
Composition,p90p100,Egypt,growth,0.14534015925815685,0.05766407261597096,2.5204629618530037,0.018193618982778752
Composition,p90p100,Egypt,life_exp,-0.006366465113500668,0.004609758079398852,-1.3810844308625636,0.17900909322114447
Composition,p90p100,Egypt,"L(life_exp, 1)",0.00695471975968381,0.004536009291853521,1.5332243194858945,0.1372999409112976
Composition,p90p100,Egypt,gdp_x_debt,-0.17584580998304158,0.06386362659895913,-2.753457943866714,0.010613505727491099
Composition,p90p100,Egypt,"L(gdp_x_debt, 1)",-0.03771312000791778,0.012580022171496723,-2.9978579921239374,0.005916135917070304
Composition,p90p100,Egypt,"L(gdp_x_debt, 2)",-0.022891956672498683,0.011099337316872748,-2.0624615703587357,0.04928710649645026
Composition,p90p100,Egypt,military_exp,0.5231360549493147,0.19859211740070362,2.6342236630357876,0.014017868943866654
Composition,p90p100,Egypt,"L(military_exp, 1)",-0.4442950854272446,0.19862436706945222,-2.236860924882845,0.03408808589484187
Composition,p90p100,Egypt,nonmil_g,0.025795273725271774,0.03705056997595264,0.6962179999393796,0.49246982688164687
Composition,p90p100,Egypt,"L(nonmil_g, 1)",-0.0716946748561055,0.03852385783218673,-1.8610460865164058,0.07408201027751268
Composition,p90p100,El Salvador,(Intercept),0.9290491931195258,0.24724472452704485,3.757609772652204,0.003167781162269456
Composition,p90p100,El Salvador,"L(p90p100, 1)",-0.1334984319750971,0.1908399546875332,-0.6995308303949099,0.4987462543281761
Composition,p90p100,El Salvador,"L(p90p100, 2)",0.15931650914062503,0.16738014318746067,0.9518244285536033,0.361632452686366
Composition,p90p100,El Salvador,"L(p90p100, 3)",0.07919105892591506,0.16346566411468716,0.4844507215310659,0.6375681040526419
Composition,p90p100,El Salvador,public_debt,-0.06959427690218414,0.07683393425677168,-0.9057752616130096,0.3844656787056667
Composition,p90p100,El Salvador,"L(public_debt, 1)",-0.019990158063742783,0.12487756371882654,-0.16007805940827358,0.8757212823705186
Composition,p90p100,El Salvador,"L(public_debt, 2)",0.043565381596820295,0.10758381007987107,0.4049436580139429,0.6932824257496247
Composition,p90p100,El Salvador,"L(public_debt, 3)",-0.09668085849748757,0.0631832116671756,-1.5301668900081316,0.15421114122908006
Composition,p90p100,El Salvador,growth,0.7054167744152665,0.31822289182133107,2.21673799259963,0.04864212786743055
Composition,p90p100,El Salvador,"L(growth, 1)",-0.08295202450457972,0.20846257927934217,-0.3979228540265881,0.6983009038595931
Composition,p90p100,El Salvador,"L(growth, 2)",-0.9539707997936071,0.23311730764531,-4.0922349757276795,0.0017827470476779344
Composition,p90p100,El Salvador,"L(growth, 3)",-0.7851199202991327,0.2255136771739819,-3.481473630060226,0.005135099203780813
Composition,p90p100,El Salvador,life_exp,0.002245884299662601,0.0040833462278252125,0.5500107447069844,0.5933040367556323
Composition,p90p100,El Salvador,"L(life_exp, 1)",-0.008946587431766304,0.005903013870421069,-1.515596545790961,0.15781735420422754
Composition,p90p100,El Salvador,"L(life_exp, 2)",0.010906988501432392,0.0038926766729287386,2.801925106517076,0.017215385895820615
Composition,p90p100,El Salvador,"L(life_exp, 3)",-0.007107457473348935,0.0029502190051169616,-2.4091287667191876,0.03466788373389919
Composition,p90p100,El Salvador,gdp_x_debt,-1.0923812586457222,0.5437537796338885,-2.0089630629900666,0.06972442267598403
Composition,p90p100,El Salvador,"L(gdp_x_debt, 1)",0.2169235521391355,0.377761730105105,0.574233795675334,0.5773633168095016
Composition,p90p100,El Salvador,"L(gdp_x_debt, 2)",2.299631399300687,0.4683680904385238,4.909880596578617,4.6426672323949826e-4
Composition,p90p100,El Salvador,"L(gdp_x_debt, 3)",1.5985221422488045,0.4467865558188529,3.577820597844749,0.004335193363698519
Composition,p90p100,El Salvador,military_exp,2.1013850206142775,1.1996831858339025,1.7516166313138746,0.10763409217441343
Composition,p90p100,El Salvador,"L(military_exp, 1)",-1.6840421186068653,1.633568011299946,-1.0308980752302768,0.32472291540883735
Composition,p90p100,El Salvador,"L(military_exp, 2)",0.07339536419109066,1.3223818895643396,0.05550239667549505,0.9567335002288585
Composition,p90p100,El Salvador,"L(military_exp, 3)",-0.23204834265552282,1.0050796089277905,-0.2308755849728857,0.8216494136821885
Composition,p90p100,El Salvador,nonmil_g,0.5396480600113425,0.35364999825913046,1.5259382515702018,0.155250326486503
Composition,p90p100,El Salvador,"L(nonmil_g, 1)",-1.2390391382698562,0.34050238421581186,-3.63885598370597,0.003895860757160946
Composition,p90p100,El Salvador,"L(nonmil_g, 2)",-1.040552089219102,0.42196936525827233,-2.4659422576381047,0.03134642278424591
Composition,p90p100,El Salvador,"L(nonmil_g, 3)",0.3302600734338071,0.41920158713143363,0.7878311618373228,0.4474399425250597
Composition,p90p100,Finland,(Intercept),-0.08990109323127049,0.11070576354317066,-0.8120723831710243,0.42275021211843766
Composition,p90p100,Finland,"L(p90p100, 1)",0.651526660950747,0.1332170725201191,4.890714445420276,2.729477984967444e-5
Composition,p90p100,Finland,public_debt,0.03633508105745509,0.015756465406787375,2.306042638332015,0.027738314332431388
Composition,p90p100,Finland,growth,0.2538712873561433,0.08106601340116273,3.131661182101524,0.0037007846100057225
Composition,p90p100,Finland,life_exp,0.0028399835898444583,0.0020723209281290427,1.3704361864494057,0.18008854668890617
Composition,p90p100,Finland,gdp_x_debt,-0.22198329490142718,0.17938747984705547,-1.2374514380306174,0.224923126535502
Composition,p90p100,Finland,military_exp,-0.2553782286109505,1.4373691385191545,-0.17767059398120458,0.8601015972624639
Composition,p90p100,Finland,nonmil_g,0.2779581972396866,0.2081935048204043,1.335095431913037,0.1912659288396624
Composition,p90p100,Finland,"L(nonmil_g, 1)",-0.4989908413337385,0.20042250704969816,-2.4896946389858563,0.01817218470764619
Composition,p90p100,France,(Intercept),0.07977321500614681,0.1499679695361905,0.5319350208772136,0.6009362321395342
Composition,p90p100,France,"L(p90p100, 1)",0.9276814624674126,0.17369139939271513,5.340975233724329,3.7333887810794706e-5
Composition,p90p100,France,"L(p90p100, 2)",-0.24169024543635093,0.10710948500657343,-2.256478456800704,0.03601559078217688
Composition,p90p100,France,public_debt,-0.11601212214151131,0.036122052901242326,-3.2116702353182527,0.004592420989101213
Composition,p90p100,France,"L(public_debt, 1)",0.09128624302038779,0.05134649625768034,1.7778475587169849,0.09143846809027269
Composition,p90p100,France,"L(public_debt, 2)",0.0317571054395649,0.053996278757943994,0.5881350746766555,0.5633679066347694
Composition,p90p100,France,"L(public_debt, 3)",-0.0265080107579733,0.033270480449420464,-0.7967426499377481,0.4354439961184201
Composition,p90p100,France,growth,0.0652639734514883,0.07222937128244082,0.903565575786123,0.37753969855595504
Composition,p90p100,France,"L(growth, 1)",0.1255392916317584,0.07512676265537178,1.6710328941983494,0.11110535858073123
Composition,p90p100,France,life_exp,-0.006041000680956277,0.0045475909630684685,-1.32839578801523,0.19978362387908125
Composition,p90p100,France,"L(life_exp, 1)",-0.004336378679113332,0.004872806217629159,-0.8899140424310115,0.3846417692589712
Composition,p90p100,France,"L(life_exp, 2)",0.0064287823362259335,0.004738073216674696,1.35683473898232,0.1907364871639805
Composition,p90p100,France,"L(life_exp, 3)",0.005931574748582318,0.005300640941303727,1.119029720040499,0.277075741832659
Composition,p90p100,France,gdp_x_debt,-0.06890353769926512,0.09328875718242464,-0.7386049485526468,0.4691732513521364
Composition,p90p100,France,"L(gdp_x_debt, 1)",-0.23194510672157143,0.15575036815742405,-1.4892106482029877,0.152844135801661
Composition,p90p100,France,"L(gdp_x_debt, 2)",-0.15485539559034037,0.06369180185348332,-2.4313238295027335,0.025110787642421636
Composition,p90p100,France,military_exp,-1.9340292720588208,0.7397505710864114,-2.6144343075240477,0.017051417850319942
Composition,p90p100,France,nonmil_g,-0.38054352986260803,0.17733053729783113,-2.1459559964197004,0.04500682705753101
Composition,p90p100,France,"L(nonmil_g, 1)",0.5851180977597076,0.2105096440908843,2.779531077004205,0.011944061297776781
Composition,p90p100,France,"L(nonmil_g, 2)",-0.59689889348324765,0.1692236490752954,-3.527278230583834,0.0022515091714610963
Composition,p90p100,Germany,(Intercept),-0.389467011866278,0.19750612819615407,-1.9719236837019922,0.05759784886536255
Composition,p90p100,Germany,"L(p90p100, 1)",0.6635668775630036,0.09892620084163663,6.707695958376658,1.667279301793313e-7
Composition,p90p100,Germany,public_debt,-0.01687004537477327,0.03855679001145975,-0.43753760024522786,0.6647548192433532
Composition,p90p100,Germany,"L(public_debt, 1)",0.06741567811764831,0.04488778023174385,1.5018715064456034,0.14324895206701022
Composition,p90p100,Germany,growth,0.08779468945214534,0.15740051031418337,0.5577789377995057,0.581001379161437
Composition,p90p100,Germany,life_exp,0.006099976250117561,0.0029288279877228733,2.0827362602677857,0.04561635517798531
Composition,p90p100,Germany,gdp_x_debt,-0.09306501271770547,0.2533685597690479,-0.36731081710586616,0.7158829319989395
Composition,p90p100,Germany,military_exp,1.8492963447784931,0.762592047348181,2.4250139392473224,0.021327297468568165
Composition,p90p100,Germany,nonmil_g,0.18598270304847656,0.2270905817585364,0.8189802571655327,0.41904944002323596
Composition,p90p100,Germany,"L(nonmil_g, 1)",-0.41062180988498115,0.2733860581391128,-1.5019851878329353,0.14321970793647032
Composition,p90p100,Ghana,(Intercept),0.03822017042053086,0.015112420433974188,2.5290568501262847,0.016929273644812882
Composition,p90p100,Ghana,"L(p90p100, 1)",1.5629601445559484,0.12065111059104228,12.954378429666857,8.053409891969859e-14
Composition,p90p100,Ghana,"L(p90p100, 2)",-0.691804658765782,0.11142925040435553,-6.208465517405481,7.796892139181308e-7
Composition,p90p100,Ghana,public_debt,0.004160560628022817,0.0039524857378707675,1.0526440584360313,0.3009092726986049
Composition,p90p100,Ghana,growth,0.02645229448928771,0.011449349002271913,2.3103754182040164,0.02792591067407697
Composition,p90p100,Ghana,life_exp,3.617735988053811e-4,3.494209387864767e-4,1.0353518025044655,0.30877877307502544
Composition,p90p100,Ghana,gdp_x_debt,-0.031150691274208157,0.027417306806015663,-1.1361688985211833,0.2648808961329093
Composition,p90p100,Ghana,military_exp,-1.016405559859765,0.3238967384217564,-3.138054321918705,0.003797053347440346
Composition,p90p100,Ghana,"L(military_exp, 1)",0.8757103235025752,0.35269827594726905,2.482888018521248,0.01884962795384107
Composition,p90p100,Ghana,nonmil_g,2.5872740992459712e-5,0.020700767792380968,0.0012498445106940582,0.9990110428369718
Composition,p90p100,Greece,(Intercept),2.7707909389057677,0.5041294932280117,5.496188927896294,4.881755379005951e-5
Composition,p90p100,Greece,"L(p90p100, 1)",0.933333604107714,0.15336955632117802,6.085520663261088,1.5765573936061114e-5
Composition,p90p100,Greece,"L(p90p100, 2)",-0.4175429656748689,0.21837405131083037,-1.9120539421624985,0.07394596207104079
Composition,p90p100,Greece,public_debt,0.02608039385039862,0.030078688285985634,0.8670721808886223,0.3987198541883087
Composition,p90p100,Greece,"L(public_debt, 1)",-0.008897931191105529,0.027299689599459838,-0.3259352513400587,0.7486973740645044
Composition,p90p100,Greece,"L(public_debt, 2)",-0.102088690872256,0.0288377525406949,-3.540105655882571,0.002722832009875792
Composition,p90p100,Greece,"L(public_debt, 3)",0.12673602966748682,0.02749675609394391,4.6091265905871746,2.902596596001339e-4
Composition,p90p100,Greece,growth,-0.22000167526039127,0.15019115765054492,-1.464811102743325,0.162345417871449
Composition,p90p100,Greece,"L(growth, 1)",-0.03316494623556109,0.04831219712824661,-0.6864714959562582,0.502243939914799
Composition,p90p100,Greece,"L(growth, 2)",-0.224304277347996,0.05463081237194214,-4.105819913876963,8.264078688502113e-4
Composition,p90p100,Greece,life_exp,-0.03178401525991115,0.007861300308868273,-4.043098979955752,9.426665068129419e-4
Composition,p90p100,Greece,"L(life_exp, 1)",-0.00575991367957008,0.010584537525228215,-0.5441818941868118,0.5938195227622884
Composition,p90p100,Greece,"L(life_exp, 2)",0.025344997547417942,0.009881040620167215,2.565012990199511,0.02076291199624977
Composition,p90p100,Greece,"L(life_exp, 3)",-0.021563170623426685,0.008920387816522735,-2.417290712796862,0.02794011047520915
Composition,p90p100,Greece,gdp_x_debt,0.3113920750532004,0.12120906559936442,2.5690493818544313,0.020593890420855347
Composition,p90p100,Greece,military_exp,-0.1593791201503417,0.6615399566883138,-0.24092138129977472,0.8126761047465701
Composition,p90p100,Greece,"L(military_exp, 1)",-0.8555325440809686,0.5646190648327075,-1.515238498605173,0.14921722177394206
Composition,p90p100,Greece,"L(military_exp, 2)",-1.0785992516095235,0.6401357903729836,-1.684953829844545,0.11139928692145439
Composition,p90p100,Greece,"L(military_exp, 3)",-0.8057043461084363,0.5460651778470474,-1.4754728534147872,0.15949271236203463
Composition,p90p100,Greece,nonmil_g,0.7132997064870875,0.2949984871290406,2.4179775070340286,0.027901870256308643
Composition,p90p100,Greece,"L(nonmil_g, 1)",0.18425584044574603,0.24334992039574457,0.7571641697934498,0.4599574084367193
Composition,p90p100,Greece,"L(nonmil_g, 2)",0.2884726494193081,0.28570855666617134,1.0096745186262182,0.32767760143299507
Composition,p90p100,Greece,"L(nonmil_g, 3)",-0.5148650261064863,0.22510847054188382,-2.2871863722724295,0.036143910531384174
Composition,p90p100,Guatemala,(Intercept),0.13986015335282367,0.07158644387838019,1.953723998225631,0.0595224582259095
Composition,p90p100,Guatemala,"L(p90p100, 1)",0.767401206517348,0.09997482199127558,7.675944715203555,9.491060911916114e-9
Composition,p90p100,Guatemala,public_debt,-0.01421037230802432,0.013126076321346119,-1.0826062533946172,0.28707387600311973
Composition,p90p100,Guatemala,growth,0.0222249022610928,0.07959031221759545,0.2792413001262159,0.7818565387691203
Composition,p90p100,Guatemala,life_exp,2.7438911877052844e-5,3.768369280391016e-4,0.07281375532868613,0.9424075533420858
Composition,p90p100,Guatemala,gdp_x_debt,-0.03616097291066442,0.197781296058512,-0.1828331274559273,0.8560824119586052
Composition,p90p100,Guatemala,military_exp,0.9516621879226408,0.4596134230526834,2.0705709193648945,0.04654720370565256
Composition,p90p100,Guatemala,nonmil_g,0.05771052549591387,0.148435596955802,0.38879168258472185,0.7000052564619006
Composition,p90p100,Guatemala,"L(nonmil_g, 1)",-0.2600743850115002,0.17341266484753914,-1.4997427393215614,0.14348340540070623
Composition,p90p100,Guyana,(Intercept),0.14632312277177847,0.09654607367219156,1.5155781815488198,0.13914721105699454
Composition,p90p100,Guyana,"L(p90p100, 1)",0.7844153977945747,0.11006098441744794,7.127097780802891,3.65334477512484e-8
Composition,p90p100,Guyana,public_debt,-0.0011878830133320742,0.0012929336241133684,-0.9187501904025949,0.3648931979200639
Composition,p90p100,Guyana,growth,0.00342014210800022,0.022102985366959097,0.15473665892720803,0.8779714671139496
Composition,p90p100,Guyana,life_exp,-3.225763489627193e-4,8.002439728602306e-4,-0.4030975051392983,0.6894763143576501
Composition,p90p100,Guyana,gdp_x_debt,6.764523440118612e-4,0.014756900956142292,0.04583972922379073,0.9637142737996948
Composition,p90p100,Guyana,military_exp,0.05480857833726546,0.06649880279555673,0.8242039861344335,0.4157412693857314
Composition,p90p100,Guyana,nonmil_g,-0.03752681098082357,0.02286988605769048,-1.640883163394878,0.11032018333947634
Composition,p90p100,Honduras,(Intercept),0.6115765419649242,0.2575229819926002,2.3748425761181093,0.07641691440803276
Composition,p90p100,Honduras,"L(p90p100, 1)",-0.31867701677153315,0.45389838991589493,-0.7020888900500009,0.5213275459623401
Composition,p90p100,Honduras,"L(p90p100, 2)",0.17902679214018868,0.24227452993200055,0.7389418614925651,0.5009553259566178
Composition,p90p100,Honduras,"L(p90p100, 3)",0.44247844107990625,0.2559448097837852,1.7288041177849993,0.15890467693178992
Composition,p90p100,Honduras,public_debt,0.01074077041551677,0.012100455901304675,0.8876335324158073,0.42488855144778515
Composition,p90p100,Honduras,"L(public_debt, 1)",0.008743019853574046,0.01843816667805712,0.4741805411694717,0.6600962821656992
Composition,p90p100,Honduras,"L(public_debt, 2)",-0.001367710720838809,0.02505253157447402,-0.05459371308536208,0.9590801195473856
Composition,p90p100,Honduras,"L(public_debt, 3)",-0.006974685851848705,0.014421428385998155,-0.4836334976790833,0.6539290094602879
Composition,p90p100,Honduras,growth,-0.011676846273903464,0.09351456264432378,-0.12486660840531914,0.9066530036752023
Composition,p90p100,Honduras,"L(growth, 1)",0.009147166180193463,0.09085528363294496,0.10067841752768043,0.924650215449021
Composition,p90p100,Honduras,"L(growth, 2)",-0.03464634836317432,0.13554102767593773,-0.2556152108128438,0.8108542395806174
Composition,p90p100,Honduras,"L(growth, 3)",-0.13934992434587892,0.09627992695648034,-1.4473414007560135,0.22135755765765538
Composition,p90p100,Honduras,life_exp,-0.012838900164167024,0.006546452463623353,-1.9611996322449283,0.1213875607436492
Composition,p90p100,Honduras,"L(life_exp, 1)",0.009869465780468859,0.005852462307930066,1.6863783585749483,0.16700066944881173
Composition,p90p100,Honduras,"L(life_exp, 2)",-0.004208129541586087,0.004643693212886555,-0.9062031767964883,0.4160800117051366
Composition,p90p100,Honduras,"L(life_exp, 3)",0.003973221515508543,0.002963931074044284,1.3405242619515716,0.2511463307738741
Composition,p90p100,Honduras,gdp_x_debt,-0.024386271329558694,0.16391790877797768,-0.1487712447734386,0.8889330850028294
Composition,p90p100,Honduras,"L(gdp_x_debt, 1)",-0.048337483914098686,0.2368868029769111,-0.2040530890984672,0.8482733792017235
Composition,p90p100,Honduras,"L(gdp_x_debt, 2)",0.23485842776303106,0.33925957210818297,0.6922676530645965,0.5268574152088553
Composition,p90p100,Honduras,"L(gdp_x_debt, 3)",0.46088826119738585,0.23703905401948674,1.9443558071215417,0.12375657667872351
Composition,p90p100,Honduras,military_exp,-0.20521149916815287,1.0283093138009691,-0.1995620348994251,0.8515574350528933
Composition,p90p100,Honduras,"L(military_exp, 1)",1.3411383972753943,1.3090929025315112,1.0244791600977392,0.3635196512333654
Composition,p90p100,Honduras,"L(military_exp, 2)",-0.06534574971542081,0.9942024630444495,-0.06572680328644417,0.9507492130047795
Composition,p90p100,Honduras,"L(military_exp, 3)",-2.1498153617180327,1.4784341425822303,-1.4541164193916472,0.2195916129132069
Composition,p90p100,Honduras,nonmil_g,0.24104220452298883,0.1777529600070887,1.3560517052057877,0.24658172100691111
Composition,p90p100,Honduras,"L(nonmil_g, 1)",-0.3161217751975788,0.3536038953473916,-0.8939996967143441,0.42185154935553987
Composition,p90p100,Honduras,"L(nonmil_g, 2)",0.16333371105958308,0.2235549191190611,0.7306200718070294,0.5055032300254981
Composition,p90p100,Honduras,"L(nonmil_g, 3)",-0.10174274126915878,0.17977336895185933,-0.5659500173043094,0.6016682169283757
Composition,p90p100,Iceland,(Intercept),-0.011689760756727835,0.22398289924518452,-0.05219041630464633,0.9587118351685251
Composition,p90p100,Iceland,"L(p90p100, 1)",0.8450204532552562,0.13873029231358106,6.091102665200199,9.471190849167069e-7
Composition,p90p100,Iceland,public_debt,-0.04134540426812554,0.01931413802285583,-2.14068079140775,0.040274004878613004
Composition,p90p100,Iceland,"L(public_debt, 1)",0.03896516845166441,0.02252704284633434,1.7297063230829217,0.09362959188870223
Composition,p90p100,Iceland,growth,0.08181194740797755,0.08349824581158356,0.9798043852632402,0.33476784397736736
Composition,p90p100,Iceland,life_exp,8.686201835739933e-4,0.0033541448867506,0.2589691897345221,0.797370929526561
Composition,p90p100,Iceland,gdp_x_debt,-0.16167495364336176,0.11633346925600514,-1.3897544247354774,0.17450415790537618
Composition,p90p100,Iceland,"L(gdp_x_debt, 1)",-0.08686450709678215,0.05356067185507803,-1.6217964429538165,0.1149752275092618
Composition,p90p100,Iceland,nonmil_g,0.30641729441620347,0.26951329947477315,1.1369282889317474,0.2642804982759791
Composition,p90p100,Iceland,"L(nonmil_g, 1)",-0.346261012254301,0.2737577953819759,-1.2648443919968047,0.2153532985828596
Composition,p90p100,India,(Intercept),-0.15140196297007968,0.20587566897880485,-0.7354048378862423,0.467803785649876
Composition,p90p100,India,"L(p90p100, 1)",0.59622634832471,0.16446161884546326,3.625322142091739,0.00105696438751702
Composition,p90p100,India,public_debt,-0.05648896975090278,0.04534407468335056,-1.2457850368626973,0.22248518752158666
Composition,p90p100,India,growth,0.11646600729944243,0.2599492393019852,0.4480336530784877,0.6573478867367173
Composition,p90p100,India,"L(growth, 1)",-0.5862444411117124,0.20589642035500086,-2.847278452441893,0.007883247613176186
Composition,p90p100,India,life_exp,0.034812350642834985,0.02345795292261076,1.484031908397254,0.1482321011385117
Composition,p90p100,India,"L(life_exp, 1)",-0.02875417499133458,0.02344134824214748,-1.2266433950089377,0.22949718011985215
Composition,p90p100,India,gdp_x_debt,-0.23299727470163,0.39524780594824893,-0.5894966934544783,0.5599418641636975
Composition,p90p100,India,"L(gdp_x_debt, 1)",0.8228200664435195,0.3191276112234114,2.578341821596529,0.015079507874060948
Composition,p90p100,India,military_exp,1.0135765909091035,0.7913178731544402,1.2808716007748826,0.21005266729480415
Composition,p90p100,India,nonmil_g,-0.43689611893887526,0.34727167114739704,-1.258081655481301,0.2180664288598478
Composition,p90p100,Indonesia,(Intercept),-0.95504874255864,0.30510579938923016,-3.130221531254027,0.00454518706133368
Composition,p90p100,Indonesia,"L(p90p100, 1)",0.18092506330203162,0.16983560260002264,1.0652952651401697,0.2973428720658163
Composition,p90p100,Indonesia,"L(p90p100, 2)",-0.48514685931074614,0.1765315291522357,-2.748216489374935,0.011193806218103647
Composition,p90p100,Indonesia,public_debt,-0.00945303864630035,0.03735432516960521,-0.25306409909372907,0.8023737512311673
Composition,p90p100,Indonesia,growth,0.25985921121078404,0.11848984435902751,2.193092687533654,0.03822925983538151
Composition,p90p100,Indonesia,"L(growth, 1)",0.05592404325699982,0.05789881414258364,0.9658927231096532,0.3437307496645037
Composition,p90p100,Indonesia,life_exp,0.003723339658102219,0.005276386495211272,0.7056609028700678,0.48719260471755144
Composition,p90p100,Indonesia,"L(life_exp, 1)",0.00578970325910117,0.0048878057681831484,1.1845199121431675,0.24780553892940235
Composition,p90p100,Indonesia,"L(life_exp, 2)",0.009971383507294082,0.004693203870092757,2.1246431613244634,0.04411216931691212
Composition,p90p100,Indonesia,gdp_x_debt,-0.18168231975544505,0.30274805870463883,-0.6001106019731556,0.5540571954801604
Composition,p90p100,Indonesia,military_exp,0.947751937929989,1.7174209638465612,0.551846028365276,0.5861562357915455
Composition,p90p100,Indonesia,"L(military_exp, 1)",3.641066169179823,1.9239002118891109,1.892544190535016,0.0705411408721738
Composition,p90p100,Indonesia,"L(military_exp, 2)",2.004480292027582,1.4539355021420424,1.3786583304929536,0.18071606134005622
Composition,p90p100,Indonesia,nonmil_g,1.0376337509896592,0.21753358497154204,4.769993337467423,7.452878419312144e-5
Composition,p90p100,Indonesia,"L(nonmil_g, 1)",-0.36975764315765686,0.41056912558662645,-0.9005977802869185,0.3767509222850498
Composition,p90p100,Indonesia,"L(nonmil_g, 2)",0.4308840847812735,0.2538371819120471,1.6974821479485693,0.10253751095972956
Composition,p90p100,Iran,(Intercept),0.7101908502435511,0.18116541006222667,3.9201238801579996,4.2184158787000127e-4
Composition,p90p100,Iran,"L(p90p100, 1)",0.2727067646380119,0.18015367074987174,1.513745257051367,0.13961020492680729
Composition,p90p100,Iran,public_debt,-0.01923110300754923,0.019616160499325443,-0.9803703945127563,0.33403644626096474
Composition,p90p100,Iran,growth,0.07046137320721295,0.07716020627925929,0.9131827998514955,0.3677702146468891
Composition,p90p100,Iran,life_exp,-0.0041823434583933995,0.0012577514058548218,-3.325254449269249,0.002173928028804972
Composition,p90p100,Iran,gdp_x_debt,-0.2019782957869334,0.21104218717604376,-0.9570517558105595,0.3455004717639706
Composition,p90p100,Iran,military_exp,-0.22358111718703608,0.2637270933190198,-0.8477745474431754,0.402670767239823
Composition,p90p100,Iran,nonmil_g,-0.14623790402051445,0.11034014839637614,-1.3253372063193392,0.19416245773337845
Composition,p90p100,Ireland,(Intercept),-0.1501192535874385,0.23452826190980522,-0.6400902491025636,0.5269727279712382
Composition,p90p100,Ireland,"L(p90p100, 1)",0.02587764253274791,0.17496635867785962,0.14790067489712516,0.8834107601134036
Composition,p90p100,Ireland,public_debt,-0.024524881098019993,0.012994389644758873,-1.8873438282583592,0.0688229595090554
Composition,p90p100,Ireland,growth,0.23846185084860022,0.09590535530188309,2.4864289392181425,0.018695543168392992
Composition,p90p100,Ireland,"L(growth, 1)",0.18374083113917414,0.11150913339478288,1.6477648560738498,0.10983687519469762
Composition,p90p100,Ireland,life_exp,0.006255815660968608,0.0029246946557901134,2.1389636858616217,0.04069623238899232
Composition,p90p100,Ireland,gdp_x_debt,-0.2822259302349824,0.13037434125764527,-2.1647352348055096,0.038491905420623675
Composition,p90p100,Ireland,"L(gdp_x_debt, 1)",-0.20643685136884637,0.14943478858608683,-1.38145108861262,0.1773433195663772
Composition,p90p100,Ireland,military_exp,-1.9729554258404274,3.1348932965151888,-0.6293532950654508,0.5338815585674861
Composition,p90p100,Ireland,"L(military_exp, 1)",7.653187486856309,3.3069848101499333,2.314249361946518,0.027684680904550826
Composition,p90p100,Ireland,nonmil_g,-0.35015808771563417,0.15907655702814408,-2.2011922702958904,0.035555680635827404
Composition,p90p100,Italy,(Intercept),-0.18413916146981127,0.07091466938336864,-2.5966300494802383,0.014629919709422201
Composition,p90p100,Italy,"L(p90p100, 1)",0.6125357518827818,0.0977950342056768,6.263464774648296,7.751316071239315e-7
Composition,p90p100,Italy,public_debt,-0.04651017961582205,0.018109489596487373,-2.568276668871079,0.015635592553547732
Composition,p90p100,Italy,"L(public_debt, 1)",0.06968596438825213,0.02054455928497549,3.3919425294858674,0.0020225108774540473
Composition,p90p100,Italy,growth,0.04474488831443287,0.06715166445742163,0.666325826410512,0.5104693544870521
Composition,p90p100,Italy,"L(growth, 1)",-0.09211250456903954,0.07324183806380591,-1.2576487292521812,0.21855228514358319
Composition,p90p100,Italy,life_exp,0.003136869451734109,0.0012083768570589585,2.595936386409175,0.014653790791385589
Composition,p90p100,Italy,gdp_x_debt,-0.002660243076295681,0.06578917438078427,-0.04043587871916943,0.9680227321312878
Composition,p90p100,Italy,"L(gdp_x_debt, 1)",0.10178397391468988,0.06837876486091775,1.4885319166223352,0.14740557781635744
Composition,p90p100,Italy,military_exp,1.7194866382617988,0.5430186498070646,3.1665333020748645,0.0036140494622328894
Composition,p90p100,Italy,nonmil_g,0.09442873945814362,0.0897592176753582,1.0520227549183214,0.3014766177361808
Composition,p90p100,Italy,"L(nonmil_g, 1)",-0.12302426837569969,0.07922592228129219,-1.552828478776191,0.13131051279665737
Composition,p90p100,Jamaica,(Intercept),0.313966938403464,0.10754275935645018,2.919461433594255,0.006274157921474421
Composition,p90p100,Jamaica,"L(p90p100, 1)",0.7932807385339197,0.09345125250660904,8.488711678613589,8.272422457187518e-10
Composition,p90p100,Jamaica,public_debt,-0.0010768188864294665,0.0018946427963172435,-0.5683492891232894,0.5736453218413338
Composition,p90p100,Jamaica,growth,0.03280564499696248,0.05243175910397746,0.6256827075342939,0.5358266912230027
Composition,p90p100,Jamaica,life_exp,-0.002647007020979942,9.08948360198307e-4,-2.912164361463218,0.006391478423682311
Composition,p90p100,Jamaica,gdp_x_debt,-0.013766047792497488,0.02931991905719621,-0.46951179386420516,0.6417914753823891
Composition,p90p100,Jamaica,military_exp,-0.6217928857772345,0.28171037330535137,-2.2072062114065676,0.03436386310594508
Composition,p90p100,Jamaica,nonmil_g,-0.027682866812980718,0.02147247858526703,-1.2892254940691774,0.20628352710393577
Composition,p90p100,Japan,(Intercept),0.1817036035435696,0.26642356260392513,0.6820102612834463,0.5004645665366216
Composition,p90p100,Japan,"L(p90p100, 1)",0.7773348569221268,0.10038755300540743,7.743339026106705,1.2229946075905792e-8
Composition,p90p100,Japan,public_debt,0.018155804945222027,0.0181570229093377,0.9999329204946342,0.32534054544828717
Composition,p90p100,Japan,growth,0.15812483689269644,0.12182276458141075,1.297990875810621,0.20418167743275611
Composition,p90p100,Japan,"L(growth, 1)",-0.1932154671120388,0.12166505309029935,-1.5880933941534963,0.12275034874734365
Composition,p90p100,Japan,life_exp,0.007260386269198109,0.006846700323887097,1.0604212139777354,0.2974161228986609
Composition,p90p100,Japan,"L(life_exp, 1)",-0.008109449566241113,0.006337690768453656,-1.2795590480063375,0.2105080490400475
Composition,p90p100,Japan,gdp_x_debt,0.016456086749453813,0.09142064074568679,0.18000406270648686,0.8583597683680511
Composition,p90p100,Japan,"L(gdp_x_debt, 1)",0.14120930300959372,0.08658862824925337,1.6308065604539859,0.11338684925851342
Composition,p90p100,Japan,military_exp,-3.953660743063923,6.466388337799783,-0.6114171522846049,0.5455291328895711
Composition,p90p100,Japan,nonmil_g,-0.08385657182325339,0.18695350049669968,-0.4485424001180107,0.6569849082603613
Composition,p90p100,Jordan,(Intercept),0.14620777596095003,0.09412419998127725,1.5533494679373956,0.13118619193429773
Composition,p90p100,Jordan,"L(p90p100, 1)",0.6490993573845629,0.06682448313402801,9.713496116126814,1.2709697936600734e-10
Composition,p90p100,Jordan,public_debt,-0.025591350693441164,0.010487889041433829,-2.4400859498359546,0.021030146861063168
Composition,p90p100,Jordan,"L(public_debt, 1)",0.0356817041357413,0.009584737704191758,3.7227627126547636,8.445432700902997e-4
Composition,p90p100,Jordan,growth,0.0211609133760861,0.026638996986170498,0.7943584883121418,0.4334395527463296
Composition,p90p100,Jordan,"L(growth, 1)",0.04705220283392273,0.023545954743784316,1.9983136528512873,0.055135977601921404
Composition,p90p100,Jordan,life_exp,3.7595071074795203e-4,0.0011892323433783667,0.31612889847912534,0.7541688536493106
Composition,p90p100,Jordan,gdp_x_debt,-0.06261683185840404,0.031101867155299966,-2.0132820819322967,0.053449185795944334
Composition,p90p100,Jordan,"L(gdp_x_debt, 1)",-0.039744881292032144,0.023644403518615752,-1.6809424378475073,0.10351534352211662
Composition,p90p100,Jordan,military_exp,0.041182911426952684,0.11705906596828275,0.3518130875750472,0.7275220633985503
Composition,p90p100,Jordan,"L(military_exp, 1)",0.3808662188648126,0.11719000437057908,3.2499889466718908,0.0029196412914405875
Composition,p90p100,Jordan,nonmil_g,-0.16391085220087737,0.02689324637157835,-6.094870434612298,1.2281810315739068e-6
Composition,p90p100,Kenya,(Intercept),0.14752283471691469,0.08345841529904295,1.7676208467213297,0.09506747590460463
Composition,p90p100,Kenya,"L(p90p100, 1)",1.4923609010597458,0.19930299053348907,7.487900191888907,8.876460569512328e-7
Composition,p90p100,Kenya,"L(p90p100, 2)",-0.7195112963294675,0.1802373432188276,-3.992021206481629,9.433754013483993e-4
Composition,p90p100,Kenya,public_debt,-0.0671420379578239,0.04698271212449909,-1.4290796533819672,0.17109965697847845
Composition,p90p100,Kenya,"L(public_debt, 1)",0.18926644561030267,0.04765385218293397,3.9716924643100247,9.858674993148847e-4
Composition,p90p100,Kenya,"L(public_debt, 2)",-0.1263680838019363,0.04295877517354611,-2.941612820464057,0.009120551869746104
Composition,p90p100,Kenya,growth,0.8533238364467979,0.23081944907942847,3.696932125304381,0.0017897162753353947
Composition,p90p100,Kenya,"L(growth, 1)",-0.7158196863731837,0.23232747728782602,-3.0810806140092013,0.006773531128669657
Composition,p90p100,Kenya,"L(growth, 2)",0.061729655880243,0.042426391182099725,1.4549824804869942,0.16389082969880317
Composition,p90p100,Kenya,"L(growth, 3)",0.044329570870462236,0.032943019639646555,1.3456438224355152,0.1960914688258956
Composition,p90p100,Kenya,life_exp,0.009992010245551367,0.0038457495200213236,2.5981957986426436,0.018749888478040676
Composition,p90p100,Kenya,"L(life_exp, 1)",-0.014788919604215007,0.006093355830709238,-2.427056619553046,0.026626123955623512
Composition,p90p100,Kenya,"L(life_exp, 2)",-0.001920816111088275,0.004190453618319456,-0.4583790410400966,0.6524855752928056
Composition,p90p100,Kenya,"L(life_exp, 3)",0.0059900295087670545,0.0031382465203923966,1.9087186012455388,0.07332880640619825
Composition,p90p100,Kenya,gdp_x_debt,-2.3439429864286336,0.4990320729551012,-4.696978638163648,2.0753228546184117e-4
Composition,p90p100,Kenya,"L(gdp_x_debt, 1)",1.7864485019216376,0.5819879008561067,3.0695629570542002,0.006942581800194829
Composition,p90p100,Kenya,military_exp,0.251442929098012,0.7172445314970868,0.35056792775147605,0.7302188889410447
Composition,p90p100,Kenya,"L(military_exp, 1)",-1.2931203926699364,0.9668483072107594,-1.3374594370449202,0.19869290733494804
Composition,p90p100,Kenya,"L(military_exp, 2)",2.2779213214441283,0.7585309654231553,3.0030696507865877,0.008002150482459018
Composition,p90p100,Kenya,nonmil_g,-0.00460704844614865,0.20757147478871774,-0.022194997895727528,0.9825508449594458
Composition,p90p100,Kenya,"L(nonmil_g, 1)",-0.5148193267459705,0.2877116615348097,-1.7893585682264168,0.09138765779002812
Composition,p90p100,Kenya,"L(nonmil_g, 2)",0.49334203720009173,0.1767048392913603,2.7918988476973357,0.012516918893278437
Composition,p90p100,Lebanon,(Intercept),0.14340474936246497,0.049801242411531915,2.879541602144013,0.007158942054357908
Composition,p90p100,Lebanon,"L(p90p100, 1)",0.744695435926933,0.08814827324855425,8.44821354386709,1.5269010644573123e-9
Composition,p90p100,Lebanon,public_debt,-0.010612141770574023,0.0069183455556745075,-1.5339132289901045,0.13519473008648136
Composition,p90p100,Lebanon,"L(public_debt, 1)",0.022413449156988233,0.008594152512466424,2.607988294887244,0.013886139652345855
Composition,p90p100,Lebanon,growth,-0.003178509123827894,0.017305878070081042,-0.1836664462188141,0.8554712286018921
Composition,p90p100,Lebanon,life_exp,-2.2012272034149102e-4,3.5660498494585367e-4,-0.6172732564995246,0.541562354864119
Composition,p90p100,Lebanon,gdp_x_debt,-0.008779165891518136,0.017184130873706686,-0.5108879789172854,0.6130488762754558
Composition,p90p100,Lebanon,"L(gdp_x_debt, 1)",-0.016916757431338303,0.006741056151633894,-2.509511425333258,0.01752575253929081
Composition,p90p100,Lebanon,military_exp,0.007350916862271062,0.0648079856959566,0.1134260968510504,0.9104241419951028
Composition,p90p100,Lebanon,nonmil_g,-0.018478207450866948,0.01557845086289408,-1.1861389565299927,0.24457921288450327
Composition,p90p100,Luxembourg,(Intercept),1.555247835596795,0.4665394022727395,3.333583032902321,0.006668768200186448
Composition,p90p100,Luxembourg,"L(p90p100, 1)",0.6258847597120019,0.22552403713632116,2.7752463447329876,0.01805677487467879
Composition,p90p100,Luxembourg,"L(p90p100, 2)",-0.08518944305738031,0.307007634371565,-0.2774831421757978,0.786554796386555
Composition,p90p100,Luxembourg,"L(p90p100, 3)",0.163025601560988,0.24156516098545563,0.674872158286118,0.5136918570690665
Composition,p90p100,Luxembourg,public_debt,-0.2706496437361231,0.24575580194192956,-1.101295031887287,0.2942827710732857
Composition,p90p100,Luxembourg,"L(public_debt, 1)",0.027635684745351694,0.34421391372686466,0.08028636741070479,0.9374515794719892
Composition,p90p100,Luxembourg,"L(public_debt, 2)",-0.41228211317849617,0.25038895501852493,-1.646566691202468,0.12788900396582487
Composition,p90p100,Luxembourg,"L(public_debt, 3)",0.18736108237667112,0.19318481654989156,0.969854079232379,0.3529614862447378
Composition,p90p100,Luxembourg,growth,-0.049250247048737296,0.11350195096629735,-0.4339154228578978,0.6727376420868592
Composition,p90p100,Luxembourg,"L(growth, 1)",0.04785346332114733,0.11513642213288441,0.4156240261306485,0.6856775225429929
Composition,p90p100,Luxembourg,"L(growth, 2)",-0.3312863745479778,0.09491078380731481,-3.4905029887915164,0.005054085758794348
Composition,p90p100,Luxembourg,"L(growth, 3)",-0.28536686709125075,0.09427616931553645,-3.0269247166391082,0.011512391548368046
Composition,p90p100,Luxembourg,life_exp,-0.007232866727685938,0.009629712744965073,-0.7510989080611638,0.4683575622425865
Composition,p90p100,Luxembourg,"L(life_exp, 1)",-0.022573018955942707,0.009509146567920476,-2.3738217509543684,0.03690184627353273
Composition,p90p100,Luxembourg,"L(life_exp, 2)",-0.007216038389112766,0.00813219133000744,-0.8873424266944988,0.3938823231911296
Composition,p90p100,Luxembourg,"L(life_exp, 3)",0.021485564948614165,0.008853446370836352,2.426802405376123,0.03359953315217219
Composition,p90p100,Luxembourg,gdp_x_debt,-0.326399348188179,0.7788117224513907,-0.41909917221174225,0.6832108260568865
Composition,p90p100,Luxembourg,"L(gdp_x_debt, 1)",-1.392341021034908,0.8032432215087262,-1.73339903002192,0.11092578148329588
Composition,p90p100,Luxembourg,"L(gdp_x_debt, 2)",2.544055509689323,0.7206751365828094,3.5301002914466406,0.004714007214505229
Composition,p90p100,Luxembourg,"L(gdp_x_debt, 3)",2.14294153912087,0.9650813023078064,2.2204777296963867,0.048324981928523095
Composition,p90p100,Luxembourg,military_exp,-3.5822683975557386,4.557788203412114,-0.7859664024918779,0.4484870772112458
Composition,p90p100,Luxembourg,"L(military_exp, 1)",-7.644913825393194,6.0569978261884145,-1.2621622204219995,0.232994582593407
Composition,p90p100,Luxembourg,"L(military_exp, 2)",-14.549442118056,5.077743756312998,-2.8653360264521304,0.015369225616401387
Composition,p90p100,Luxembourg,"L(military_exp, 3)",-4.739764298211857,4.487844399682411,-1.0561338308759711,0.3135508777694644
Composition,p90p100,Luxembourg,nonmil_g,-1.1467615274103953,0.41669518015398543,-2.752039337211967,0.01882189783010199
Composition,p90p100,Luxembourg,"L(nonmil_g, 1)",0.37907597841759416,0.4867257355550608,0.7788287134340592,0.45250981541937996
Composition,p90p100,Luxembourg,"L(nonmil_g, 2)",0.6252075406884134,0.5325803301084671,1.1739215764147384,0.26521664289247265
Composition,p90p100,Luxembourg,"L(nonmil_g, 3)",0.4468038163628464,0.4628213604204292,0.9653915194341238,0.3550935803708518
Composition,p90p100,Malaysia,(Intercept),0.23895172780509288,0.1463750608885835,1.632462021566475,0.1127003498998568
Composition,p90p100,Malaysia,"L(p90p100, 1)",0.8924525573859647,0.07558234942510982,11.807684785853931,5.259623809798902e-13
Composition,p90p100,Malaysia,public_debt,-0.01337929665554474,0.010862177722629362,-1.2317324386684838,0.22731109413330453
Composition,p90p100,Malaysia,growth,0.06341758235618743,0.05661722265927091,1.1201111495320404,0.27126973854489816
Composition,p90p100,Malaysia,life_exp,-0.022481543452601036,0.01068294176517588,-2.104433773652693,0.04354656474406545
Composition,p90p100,Malaysia,"L(life_exp, 1)",0.019645177550313194,0.009983109627431696,1.9678415126617426,0.05808740961858778
Composition,p90p100,Malaysia,gdp_x_debt,-0.06725995895350421,0.10032131497468352,-0.6704453482340968,0.5075383166581249
Composition,p90p100,Malaysia,"L(gdp_x_debt, 1)",0.06384791363523631,0.0375486737412862,1.7004039630042407,0.09906807244988848
Composition,p90p100,Malaysia,military_exp,0.04610278082572021,0.25497410038327234,0.18081358364013977,0.8576908483372375
Composition,p90p100,Malaysia,nonmil_g,0.13287938969706853,0.09610926140575358,1.3825867325738672,0.17667155438467533
Composition,p90p100,Malta,(Intercept),0.6522313313401493,0.15174255415013033,4.29827568801068,0.0026218591047861626
Composition,p90p100,Malta,"L(p90p100, 1)",-0.03313298391550582,0.14135716159840725,-0.23439197236879966,0.8205681496701343
Composition,p90p100,Malta,"L(p90p100, 2)",0.6845388704818104,0.16954238489417905,4.037567779343611,0.003748397398357923
Composition,p90p100,Malta,public_debt,-0.10882821235014233,0.028161417739035334,-3.864443663974079,0.004778766768026145
Composition,p90p100,Malta,"L(public_debt, 1)",0.07356907583376772,0.03257034608488431,2.2587747653044024,0.05382518638289267
Composition,p90p100,Malta,"L(public_debt, 2)",-0.027996466797332684,0.02806009533961749,-0.9977324188847295,0.34762691492472564
Composition,p90p100,Malta,"L(public_debt, 3)",-0.05650830645349051,0.023410400263540257,-2.41381205863009,0.042256103592931256
Composition,p90p100,Malta,growth,-0.0032476935524130054,0.05685535678117668,-0.05712203275608028,0.955848941624567
Composition,p90p100,Malta,"L(growth, 1)",-0.045920014673121574,0.05291208643400837,-0.8678549225306535,0.41074981735058846
Composition,p90p100,Malta,"L(growth, 2)",-0.07349447488011022,0.051474998346098144,-1.4277703203788676,0.19120736753079295
Composition,p90p100,Malta,"L(growth, 3)",-0.3023849578528698,0.07522820824994172,-4.019568787923432,0.0038434646872916
Composition,p90p100,Malta,life_exp,-0.007513081318528624,0.0024061354561997926,-3.1224681466581483,0.014175700364640194
Composition,p90p100,Malta,"L(life_exp, 1)",0.005743994773233869,0.002083507033804668,2.7568876322653093,0.02479368107693814
Composition,p90p100,Malta,"L(life_exp, 2)",-0.0021485121052958007,0.0019203618919352806,-1.1188058429604628,0.2956888324094451
Composition,p90p100,Malta,"L(life_exp, 3)",-0.002525103221355172,0.0019506315015448347,-1.2945055072448972,0.23160340189097717
Composition,p90p100,Malta,gdp_x_debt,-0.06681003237276383,0.09592820396407076,-0.6964587015283541,0.5058697784493692
Composition,p90p100,Malta,"L(gdp_x_debt, 1)",0.08661923958095728,0.09042880396631146,0.9578722241336577,0.36617580073682254
Composition,p90p100,Malta,"L(gdp_x_debt, 2)",0.05878337628280173,0.08855104096634873,0.6638360841533264,0.5254605425309749
Composition,p90p100,Malta,"L(gdp_x_debt, 3)",0.3994436336240147,0.12260672061801058,3.257926087661279,0.011563106957466417
Composition,p90p100,Malta,military_exp,-4.134133019364976,1.3841543488100698,-2.9867572376729576,0.017419891859381375
Composition,p90p100,Malta,"L(military_exp, 1)",-3.614679196987992,1.3466447475116456,-2.684211410371786,0.02774434750046992
Composition,p90p100,Malta,nonmil_g,0.04845534484762411,0.07755872325582713,0.6247568656822051,0.5495301732476402
Composition,p90p100,Malta,"L(nonmil_g, 1)",0.5056317659855386,0.07739480784060127,6.5331484125771615,1.8165765254465747e-4
Composition,p90p100,Malta,"L(nonmil_g, 2)",-0.10245265402248371,0.09776265657991949,-1.047973301939992,0.32527710882417504
Composition,p90p100,Mexico,(Intercept),-0.16701865420448878,0.28649850130688714,-0.5829651933347612,0.5716742078593133
Composition,p90p100,Mexico,"L(p90p100, 1)",1.1184793945594647,0.19576683221837965,5.713324274010783,1.3549835820908434e-4
Composition,p90p100,Mexico,"L(p90p100, 2)",-1.0467089552230253,0.22984826065093353,-4.553912882606685,8.248285095380064e-4
Composition,p90p100,Mexico,"L(p90p100, 3)",0.9632017526245045,0.20728625916650298,4.646722636114588,7.088500609791301e-4
Composition,p90p100,Mexico,public_debt,-0.08359959599843633,0.09300566176438284,-0.89886566486914,0.3879769952943011
Composition,p90p100,Mexico,"L(public_debt, 1)",0.08164044455154273,0.08063631015097962,1.0124526332948893,0.33307402204534975
Composition,p90p100,Mexico,"L(public_debt, 2)",-0.10132238764461184,0.10110777585548116,-1.0021226041945324,0.33781949122158883
Composition,p90p100,Mexico,"L(public_debt, 3)",0.05981524118240687,0.07716465832292298,0.7751636886939706,0.4545844041302656
Composition,p90p100,Mexico,growth,0.39359361745497484,0.2418682250608679,1.6273060149009824,0.13195052034520338
Composition,p90p100,Mexico,"L(growth, 1)",-0.09109408948648735,0.1487058222719083,-0.6125791720509907,0.5526078011480224
Composition,p90p100,Mexico,"L(growth, 2)",-0.12260173512371605,0.14039622405700022,-0.8732552171341895,0.4011855514117936
Composition,p90p100,Mexico,"L(growth, 3)",0.30573700467741105,0.16475274977030308,1.8557323328664745,0.09046149489822776
Composition,p90p100,Mexico,life_exp,-0.13363183943936252,0.08764685948508855,-1.5246620383711234,0.1555651433808512
Composition,p90p100,Mexico,"L(life_exp, 1)",0.32065173322385865,0.24575407191252469,1.3047667154747837,0.21860867146904572
Composition,p90p100,Mexico,"L(life_exp, 2)",-0.3296880099113833,0.2825578613987635,-1.1667982206522536,0.26796428726785737
Composition,p90p100,Mexico,"L(life_exp, 3)",0.1455266035407374,0.12397268421784409,1.1738602294439224,0.26524021103636236
Composition,p90p100,Mexico,gdp_x_debt,-1.4508116608551735,0.9804524201494723,-1.4797369367847486,0.1670039451183603
Composition,p90p100,Mexico,"L(gdp_x_debt, 1)",0.04508410028151944,0.6260242891403227,0.07201653524247505,0.9438814938743214
Composition,p90p100,Mexico,"L(gdp_x_debt, 2)",0.6030362662429254,0.523468123505192,1.1520018873449973,0.27374279827227455
Composition,p90p100,Mexico,"L(gdp_x_debt, 3)",-0.9646943313744981,0.5951275998696441,-1.6209873841942524,0.13330754404390804
Composition,p90p100,Mexico,military_exp,0.7944385447198528,4.811375852858316,0.1651167086121316,0.8718474437036381
Composition,p90p100,Mexico,"L(military_exp, 1)",6.0887999731723434,7.490681684762001,0.8128499153232674,0.4335448189214036
Composition,p90p100,Mexico,"L(military_exp, 2)",0.7967406795492986,6.221684017237747,0.12805868593484585,0.9004137343567826
Composition,p90p100,Mexico,"L(military_exp, 3)",4.9224884956341475,7.281633178422188,0.6760143466469937,0.5129937401869544
Composition,p90p100,Mexico,nonmil_g,-0.4347925540764933,0.3685572108110523,-1.1797152282536612,0.262998259113045
Composition,p90p100,Mexico,"L(nonmil_g, 1)",-0.017745610610464004,0.526052071207813,-0.03373356285760869,0.9736939547130576
Composition,p90p100,Mexico,"L(nonmil_g, 2)",0.5151829279209537,0.5357597143382296,0.9615932555834431,0.3569155842661058
Composition,p90p100,Mexico,"L(nonmil_g, 3)",-0.7279677917703126,0.37773915959565507,-1.9271705706910405,0.08017088719591992
Composition,p90p100,Netherlands,(Intercept),0.20056480376191785,0.06511021333368551,3.0803892890664724,0.006450009344273484
Composition,p90p100,Netherlands,"L(p90p100, 1)",0.09773022567469065,0.1564353367275657,0.6247324148052891,0.5399858305912285
Composition,p90p100,Netherlands,"L(p90p100, 2)",0.23691854893509579,0.14479648351064806,1.6362175599221183,0.11915881069924539
Composition,p90p100,Netherlands,public_debt,-0.056936368612739076,0.02044408703848821,-2.78497975994478,0.012223647835212788
Composition,p90p100,Netherlands,"L(public_debt, 1)",-0.023240651800096594,0.03452177511953393,-0.6732171714700157,0.509361304319506
Composition,p90p100,Netherlands,"L(public_debt, 2)",0.07848294042209537,0.02293780132974126,3.4215546335007283,0.0030426912841577357
Composition,p90p100,Netherlands,growth,0.08211928806917691,0.10001877085695791,0.8210387646796821,0.4223655391464586
Composition,p90p100,Netherlands,"L(growth, 1)",0.14939883481877522,0.1118244050726041,1.3360127847027239,0.19819171829141577
Composition,p90p100,Netherlands,"L(growth, 2)",0.436454189687127,0.12270082661948731,3.5570598969201197,0.0022523168554940205
Composition,p90p100,Netherlands,life_exp,0.008274719686869752,0.0029349298304995144,2.81939268219623,0.011354542485193303
Composition,p90p100,Netherlands,"L(life_exp, 1)",2.2624150500123326e-4,0.003141580156165835,0.07201519418729439,0.9433839773633328
Composition,p90p100,Netherlands,"L(life_exp, 2)",-0.009004657240305842,0.00269872075119576,-3.336639122931123,0.003671796326024379
Composition,p90p100,Netherlands,gdp_x_debt,-0.19071019407791123,0.17307345255769074,-1.1019032165799179,0.2850200960169249
Composition,p90p100,Netherlands,"L(gdp_x_debt, 1)",-0.33678865162328586,0.19269026192235758,-1.747823933930772,0.0975311860223209
Composition,p90p100,Netherlands,"L(gdp_x_debt, 2)",-0.7489224034605759,0.20669997496697154,-3.623234127533135,0.0019440620005403946
Composition,p90p100,Netherlands,military_exp,-1.070540335636248,0.5851787516422913,-1.8294244837697884,0.08395127612081121
Composition,p90p100,Netherlands,"L(military_exp, 1)",1.0771951344708357,0.6553241555486041,1.6437592378523918,0.11757817279598838
Composition,p90p100,Netherlands,nonmil_g,-0.170543265024994,0.09276785561846265,-1.8383874876488198,0.08256571852615485
Composition,p90p100,Netherlands,"L(nonmil_g, 1)",0.1529698295655144,0.10097067065679854,1.514992706005312,0.14713754157099013
Composition,p90p100,Netherlands,"L(nonmil_g, 2)",-0.021508054943443648,0.1020724284483254,-0.21071365960820843,0.8354777265293403
Composition,p90p100,Netherlands,"L(nonmil_g, 3)",0.21164146343849885,0.07479746654642283,2.829527164628553,0.011110130512556559
Composition,p90p100,New Zealand,(Intercept),0.13977635777690628,0.35791885809866536,0.39052526742911925,0.6994561027018739
Composition,p90p100,New Zealand,"L(p90p100, 1)",0.40371455323275474,0.14520199828253927,2.7803649950270826,0.010166927418660356
Composition,p90p100,New Zealand,"L(p90p100, 2)",-0.5034778610335575,0.12971246608983447,-3.881491704003729,6.712881296785863e-4
Composition,p90p100,New Zealand,public_debt,0.11982196909031813,0.08398677391654055,1.4266766480325555,0.1660434869308588
Composition,p90p100,New Zealand,"L(public_debt, 1)",-0.2579342430748876,0.08535151847760375,-3.0220228963187057,0.005726628164245018
Composition,p90p100,New Zealand,growth,-0.3938163757660668,0.27473416100092224,-1.4334452415065517,0.16411963616865965
Composition,p90p100,New Zealand,life_exp,0.014923386798147337,0.008693137774241345,1.7166858717420603,0.0984036085906387
Composition,p90p100,New Zealand,"L(life_exp, 1)",0.031119001271431954,0.010865728356997714,2.8639590691949137,0.008351631989870888
Composition,p90p100,New Zealand,"L(life_exp, 2)",-0.040746049940831724,0.01003844011161772,-4.0590021445339275,4.257217987863561e-4
Composition,p90p100,New Zealand,gdp_x_debt,1.202362669584848,0.6264386565702484,1.9193621865032777,0.06642177725784446
Composition,p90p100,New Zealand,"L(gdp_x_debt, 1)",-0.30153433376899597,0.2385238001720801,-1.2641687477369457,0.2178294258076826
Composition,p90p100,New Zealand,military_exp,1.7368708604754042,2.2036222891228507,0.7881890054609874,0.4379964387399846
Composition,p90p100,New Zealand,nonmil_g,-1.8214313397718704,0.46815296347365837,-3.8906756592054705,6.557016173536223e-4
Composition,p90p100,New Zealand,"L(nonmil_g, 1)",-0.22037868555182144,0.5797201393774187,-0.38014667868619095,0.7070471468615618
Composition,p90p100,New Zealand,"L(nonmil_g, 2)",1.1892321244177386,0.4721641972742273,2.518683397180678,0.018547334484709042
Composition,p90p100,Norway,(Intercept),0.5147103526183343,0.1810368776940767,2.843124335629077,0.00771872146185469
Composition,p90p100,Norway,"L(p90p100, 1)",0.16115256219200524,0.149474956195374,1.078124164032989,0.2890386379858462
Composition,p90p100,Norway,public_debt,0.03759039984987099,0.024981769802214043,1.5047132427959324,0.14220512998840434
Composition,p90p100,Norway,growth,-0.10004688140963222,0.11659866254362954,-0.8580448456876263,0.3972491027427746
Composition,p90p100,Norway,life_exp,-0.0020064725501680505,0.001678744599612394,-1.1952220430858427,0.24078326646234596
Composition,p90p100,Norway,gdp_x_debt,0.3547815533462368,0.2998861067322806,1.1830543175611778,0.2455028387371413
Composition,p90p100,Norway,military_exp,-5.925529645372734,1.4219484130906497,-4.16719030790534,2.184583484713643e-4
Composition,p90p100,Norway,nonmil_g,-0.4988524280016523,0.213236625605114,-2.3394312613324737,0.025716463734261258
Composition,p90p100,Norway,"L(nonmil_g, 1)",0.4909651129801369,0.20689139400147394,2.3730572039967943,0.02381605180989876
Composition,p90p100,Pakistan,(Intercept),0.3747108708677467,0.17134492650190905,2.186880455217749,0.05124643712500434
Composition,p90p100,Pakistan,"L(p90p100, 1)",1.4679585438900604,0.1901556763868614,7.719772408495334,9.153444142458953e-6
Composition,p90p100,Pakistan,"L(p90p100, 2)",-1.3791626826084353,0.2613705195735223,-5.276657386069447,2.6162528497510745e-4
Composition,p90p100,Pakistan,"L(p90p100, 3)",0.5055107644078425,0.2422186002163692,2.0870022531559487,0.060955855841945454
Composition,p90p100,Pakistan,public_debt,0.006798969350243223,0.03674826501286846,0.1850147033570801,0.8565846170513878
Composition,p90p100,Pakistan,"L(public_debt, 1)",-0.06235639198391018,0.08627499467527336,-0.7227632087212599,0.4849091896486345
Composition,p90p100,Pakistan,"L(public_debt, 2)",-0.03869713994278182,0.07558864446781696,-0.5119438272141225,0.6188114778131242
Composition,p90p100,Pakistan,"L(public_debt, 3)",0.01696191161590088,0.03790107342813903,0.44753116684309485,0.6631764735889303
Composition,p90p100,Pakistan,growth,-0.11999403066330272,0.35111231783583996,-0.341753976057898,0.7389757735988356
Composition,p90p100,Pakistan,"L(growth, 1)",0.03649020640891455,0.4427247198794299,0.08242188603982215,0.9357919195687687
Composition,p90p100,Pakistan,"L(growth, 2)",-0.888608784871399,0.48035184317366114,-1.8499123038654421,0.09135117710018731
Composition,p90p100,Pakistan,"L(growth, 3)",-0.10876317146851386,0.4142516416711194,-0.26255338670416806,0.7977470475057256
Composition,p90p100,Pakistan,life_exp,-0.01485441320810816,0.0036745099001515755,-4.042556316828921,0.0019400072910049548
Composition,p90p100,Pakistan,"L(life_exp, 1)",0.024642365385283055,0.00556566999811573,4.427564946111749,0.0010157063674852756
Composition,p90p100,Pakistan,"L(life_exp, 2)",-0.007044209127171341,0.005714423621241495,-1.2327068474564618,0.24338152530432086
Composition,p90p100,Pakistan,"L(life_exp, 3)",-0.0050607563681749155,0.005501543426360984,-0.9198793821977284,0.37736728294350297
Composition,p90p100,Pakistan,gdp_x_debt,0.3982700507416261,0.6573588391921722,0.6058639923836118,0.5568999021286278
Composition,p90p100,Pakistan,"L(gdp_x_debt, 1)",-0.04443063683042201,0.7800116544956178,-0.05696150381131469,0.955597387576855
Composition,p90p100,Pakistan,"L(gdp_x_debt, 2)",1.9398330461437727,0.8884986045084997,2.183270785458184,0.05157015343556134
Composition,p90p100,Pakistan,"L(gdp_x_debt, 3)",0.12394815829368827,0.8145056244152569,0.15217593909516844,0.8818034409090469
Composition,p90p100,Pakistan,military_exp,-0.7617098701877913,0.45461765603556387,-1.6754955732036159,0.1219969193130608
Composition,p90p100,Pakistan,"L(military_exp, 1)",2.031175599702541,0.6430101241229744,3.1588547730456615,0.009097483513044726
Composition,p90p100,Pakistan,"L(military_exp, 2)",-2.1189024357727866,0.7311424146687214,-2.898070735963055,0.014495056329163805
Composition,p90p100,Pakistan,"L(military_exp, 3)",0.6824485703342549,0.5677032596472487,1.2021219866842143,0.25455610231791276
Composition,p90p100,Pakistan,nonmil_g,0.04034663376129612,0.15029111510202883,0.26845654670873803,0.7933158460371504
Composition,p90p100,Pakistan,"L(nonmil_g, 1)",0.16853962111093146,0.09434378208168817,1.7864412194647905,0.10158611078088774
Composition,p90p100,Pakistan,"L(nonmil_g, 2)",-0.16038012528704848,0.10675003493959327,-1.5023894406948242,0.1611488514556776
Composition,p90p100,Pakistan,"L(nonmil_g, 3)",-0.16122730912965916,0.08748061367396036,-1.8430061514034666,0.09241728125195635
Composition,p90p100,Paraguay,(Intercept),0.8088276230660203,0.13562466390226016,5.9637207554587075,1.0733649403633556e-6
Composition,p90p100,Paraguay,"L(p90p100, 1)",-0.03605698878027817,0.17426638997103555,-0.20690730315966907,0.8373536793828367
Composition,p90p100,Paraguay,public_debt,0.004598675261067248,0.00718631374643456,0.6399213036515208,0.5266419770971831
Composition,p90p100,Paraguay,growth,0.02915569770599881,0.023552448134940566,1.237905186711597,0.22448640540317583
Composition,p90p100,Paraguay,life_exp,-0.003108991131890785,5.949230429506806e-4,-5.225871091613645,9.475037073264175e-6
Composition,p90p100,Paraguay,gdp_x_debt,-0.0661030354739845,0.06782882079872868,-0.9745567547183935,0.33687030029354403
Composition,p90p100,Paraguay,military_exp,-0.2528274508719649,0.109336169330106,-2.31238621602548,0.027136423863522437
Composition,p90p100,Paraguay,nonmil_g,-0.25335159326500667,0.04581514191264713,-5.529865950171154,3.859743326625001e-6
Composition,p90p100,Portugal,(Intercept),0.09241242162676938,0.20365466924451894,0.4537702080172489,0.6534918804381022
Composition,p90p100,Portugal,"L(p90p100, 1)",0.5994125697919263,0.16872805585825035,3.552536457217862,0.0013747723475156346
Composition,p90p100,Portugal,"L(p90p100, 2)",0.24433256336739878,0.17488740073242942,1.3970849949403594,0.17336261505716505
Composition,p90p100,Portugal,public_debt,-0.006962322755052305,0.019645584879064877,-0.3543963082754352,0.7256970875349256
Composition,p90p100,Portugal,growth,0.055138688291025806,0.14601718414222373,0.3776178031026786,0.7085619144183575
Composition,p90p100,Portugal,"L(growth, 1)",-0.20654528221220508,0.14309380499740093,-1.4434257459011357,0.15999645955677264
Composition,p90p100,Portugal,life_exp,0.01032521016104965,0.004614136673572801,2.237733923268179,0.03337540534683025
Composition,p90p100,Portugal,"L(life_exp, 1)",-0.010336190274399245,0.004836828881060859,-2.136976628400427,0.04147577521824194
Composition,p90p100,Portugal,gdp_x_debt,-0.08419306816271281,0.1887265846468492,-0.44611133254097396,0.6589477057591833
Composition,p90p100,Portugal,"L(gdp_x_debt, 1)",0.23625850787448321,0.18918061938858388,1.2488515400681697,0.22206011433507203
Composition,p90p100,Portugal,military_exp,-0.5744066928336323,1.7917298211783983,-0.32058778396390825,0.7509032182205495
Composition,p90p100,Portugal,nonmil_g,-0.11675268966157244,0.07640869097045823,-1.528002746529349,0.1377309982907614
Composition,p90p100,Singapore,(Intercept),-0.40816001188772916,0.16816351276171487,-2.4271615476187494,0.02165965933904078
Composition,p90p100,Singapore,"L(p90p100, 1)",0.8487404675965132,0.11263577908978509,7.535265210177654,2.632390662908597e-8
Composition,p90p100,Singapore,public_debt,0.07348106334332823,0.05133555132523916,1.4313874390436556,0.16300871512357568
Composition,p90p100,Singapore,"L(public_debt, 1)",-0.0977326558009696,0.0560797603217324,-1.742743821305092,0.09197486043741
Composition,p90p100,Singapore,growth,0.24244790187135015,0.1588947488237944,1.5258396118565984,0.1378832335508793
Composition,p90p100,Singapore,life_exp,-0.044412845023317486,0.021489946859836514,-2.0666800766419096,0.047795709712120035
Composition,p90p100,Singapore,"L(life_exp, 1)",0.050231599181073845,0.021586581353109244,2.3269825990227346,0.027154673846602185
Composition,p90p100,Singapore,gdp_x_debt,-0.23612595298862177,0.1812919126459145,-1.3024626942394553,0.20300752665818353
Composition,p90p100,Singapore,"L(gdp_x_debt, 1)",0.0511359919024897,0.022239838221801686,2.29929693698766,0.028882309525898306
Composition,p90p100,Singapore,military_exp,1.5585629509863406,0.5906078086986238,2.638913553175939,0.013241109193882937
Composition,p90p100,Singapore,nonmil_g,0.19749832082144375,0.19886464322722813,0.9931293849745669,0.3288616813764663
Composition,p90p100,Singapore,"L(nonmil_g, 1)",-0.40539865699872474,0.1962195887013581,-2.0660457994116608,0.04785963640211463
Composition,p90p100,South Africa,(Intercept),0.06312065232569403,0.12245687954267132,0.5154520722839341,0.6100149918877078
Composition,p90p100,South Africa,"L(p90p100, 1)",0.9223409793732603,0.1469901839330676,6.274847440106959,6.483803398485743e-7
Composition,p90p100,South Africa,public_debt,-0.04188037503186635,0.04793318534997093,-0.8737240124162069,0.3892092055966605
Composition,p90p100,South Africa,growth,0.27736420764392206,0.2750934733923748,1.0082544097595092,0.32139583897251645
Composition,p90p100,South Africa,"L(growth, 1)",-0.37783556749257163,0.28146996292843723,-1.3423654998975327,0.18954818642125149
Composition,p90p100,South Africa,life_exp,-1.3219113303932685e-5,0.0017996487338258168,-0.007345385271841681,0.9941879123591015
Composition,p90p100,South Africa,gdp_x_debt,-0.749407178246996,0.8020373525529503,-0.9343793974951065,0.3575686645172771
Composition,p90p100,South Africa,"L(gdp_x_debt, 1)",1.2218637082143249,0.8278587943973353,1.4759325098476694,0.15038194776738925
Composition,p90p100,South Africa,military_exp,-0.6114011170161263,0.4451740488113502,-1.3733979297504324,0.17980642486869694
Composition,p90p100,South Africa,nonmil_g,-0.3889169732980102,0.41820952842713854,-0.9299572268491924,0.3598164269621067
Composition,p90p100,South Africa,"L(nonmil_g, 1)",0.4810585908579302,0.37320151946236846,1.289004909602029,0.20724755788226643
Composition,p90p100,South Korea,(Intercept),0.21909211057332784,0.19700576716616963,1.1121101362912331,0.2746412229706495
Composition,p90p100,South Korea,"L(p90p100, 1)",1.019083429743218,0.09375233325290294,10.869952718874474,4.213467819814018e-12
Composition,p90p100,South Korea,public_debt,0.05246772661509521,0.05775234675864923,0.908495144523931,0.3706257697271713
Composition,p90p100,South Korea,growth,-0.17961795113313583,0.056946307109498634,-3.1541632855622974,0.003564078742255729
Composition,p90p100,South Korea,life_exp,-0.01775326511647514,0.009315854967705194,-1.905704326443412,0.06599882054221677
Composition,p90p100,South Korea,"L(life_exp, 1)",0.01566720519501776,0.00929240132570715,1.6860233050497837,0.10183239558908179
Composition,p90p100,South Korea,gdp_x_debt,1.2522697328639898,0.31233953308842943,4.0093219083779825,3.5595827362674016e-4
Composition,p90p100,South Korea,military_exp,0.635715254867695,0.6529036904050669,0.973673857584251,0.3377553952633511
Composition,p90p100,South Korea,"L(military_exp, 1)",-1.6489672198485028,0.5831966307912637,-2.8274635565216375,0.00814692807527896
Composition,p90p100,South Korea,nonmil_g,-0.42889092806620366,0.18559257863715659,-2.310927145986308,0.027655000483482933
Composition,p90p100,Spain,(Intercept),0.2317295076887965,0.14443119175178662,1.6044284124376478,0.11844523054897392
Composition,p90p100,Spain,"L(p90p100, 1)",0.4610451204024869,0.13133420264768125,3.510472604301655,0.0013538025975063186
Composition,p90p100,Spain,public_debt,0.006565574813215499,0.006798174846437442,0.9657849292676199,0.3413944594316273
Composition,p90p100,Spain,growth,0.07909260617735396,0.05090912396823696,1.5536037553249027,0.13011449799411645
Composition,p90p100,Spain,"L(growth, 1)",0.05089571879307805,0.031052202328954035,1.6390373299101333,0.11100177059461365
Composition,p90p100,Spain,life_exp,-0.0013439270189374633,0.0017008085424525612,-0.7901694902117109,0.43524559543802976
Composition,p90p100,Spain,gdp_x_debt,-0.06964326597509568,0.08727851678626294,-0.7979428218933375,0.43078562356338024
Composition,p90p100,Spain,military_exp,0.927724143987707,0.44423686628306636,2.0883546918336218,0.0448080638031031
Composition,p90p100,Spain,nonmil_g,0.27555586410983773,0.1252537651281306,2.1999806858336983,0.03514670873998544
Composition,p90p100,Sweden,(Intercept),0.92020870159509,0.3336106281316464,2.7583314918611217,0.009656882503500594
Composition,p90p100,Sweden,"L(p90p100, 1)",0.31444976247198253,0.16950137572058635,1.8551457835382739,0.07310725586409149
Composition,p90p100,Sweden,public_debt,0.007496636857030475,0.03443555491009648,0.21770048069800285,0.8290891221892257
Composition,p90p100,Sweden,"L(public_debt, 1)",0.045848768682986984,0.03594073342447684,1.2756770470288301,0.21154623687009647
Composition,p90p100,Sweden,growth,0.05228492842619109,0.1542473756116803,0.3389680259962351,0.7369192948004171
Composition,p90p100,Sweden,life_exp,-0.007893639551701019,0.0035571729381524606,-2.219076690660098,0.033934017029946875
Composition,p90p100,Sweden,gdp_x_debt,0.15063449362104217,0.31354722895340986,0.4804204270082228,0.6343014825528648
Composition,p90p100,Sweden,"L(gdp_x_debt, 1)",-0.16685368517320626,0.0873311762787808,-1.9105855695859595,0.06534522859369817
Composition,p90p100,Sweden,military_exp,-4.328136757327949,1.4121617968776978,-3.064901463060038,0.004483354152271313
Composition,p90p100,Sweden,nonmil_g,-0.16629736644402543,0.06788590160626198,-2.449659833768573,0.020147120028151232
Composition,p90p100,Switzerland,(Intercept),0.5547842110094725,0.19501950304570695,2.8447627152421116,0.007932232176908128
Composition,p90p100,Switzerland,"L(p90p100, 1)",0.7394539984738805,0.15903098974563498,4.649747823720482,6.252450204955379e-5
Composition,p90p100,Switzerland,public_debt,-0.02263866355012358,0.03103359636609599,-0.7294888830498607,0.47136036005411086
Composition,p90p100,Switzerland,"L(public_debt, 1)",0.04840526982281433,0.028526655704064305,1.6968434829855588,0.10007976586289798
Composition,p90p100,Switzerland,growth,0.038468109112040565,0.19544765520596746,0.19682051990596633,0.8452953449731576
Composition,p90p100,Switzerland,life_exp,-0.004899669853351652,0.0021239316299458575,-2.3068868057097265,0.028144772768755613
Composition,p90p100,Switzerland,gdp_x_debt,-0.21526084696103062,0.4985907403669642,-0.4317385573638973,0.6690185494693572
Composition,p90p100,Switzerland,"L(gdp_x_debt, 1)",-0.25815911799398417,0.10808552994908543,-2.3884706686972077,0.023413253328729948
Composition,p90p100,Switzerland,military_exp,-4.126737262679457,1.587292839992914,-2.599858802801555,0.014332090902460834
Composition,p90p100,Switzerland,nonmil_g,-1.6661872135217817,0.47156355991109916,-3.5333247841200817,0.0013515857979905929
Composition,p90p100,Switzerland,"L(nonmil_g, 1)",1.0595954633051146,0.4193566707481042,2.5267166047814795,0.01702210654175801
Composition,p90p100,Thailand,(Intercept),0.43564615827460995,0.14770606106492015,2.9494128753669333,0.00581351324679391
Composition,p90p100,Thailand,"L(p90p100, 1)",0.485381444862598,0.14483070914684237,3.3513710436263535,0.002026863910580498
Composition,p90p100,Thailand,public_debt,-0.05686563525874655,0.032357144816342644,-1.7574367448522648,0.08811814384944278
Composition,p90p100,Thailand,growth,0.07854844605257962,0.06411661795936512,1.225087170105586,0.22921505869568318
Composition,p90p100,Thailand,life_exp,-0.0024302486369166304,0.0012383350249161262,-1.962513042123826,0.0581797233780563
Composition,p90p100,Thailand,gdp_x_debt,0.3339001467633711,0.332131375276203,1.005325517607896,0.32205520835597456
Composition,p90p100,Thailand,military_exp,-0.5298150593504909,0.4438667877907259,-1.1936352841075548,0.2411312237026281
Composition,p90p100,Thailand,nonmil_g,0.21700335684166658,0.12848420836721702,1.6889496351291322,0.10065796112652539
Composition,p90p100,Togo,(Intercept),0.3735092275092803,0.5447133971262575,0.6856986251482,0.5637165395178639
Composition,p90p100,Togo,"L(p90p100, 1)",0.844039494936372,0.3656180307382413,2.308528092096884,0.14728509019585706
Composition,p90p100,Togo,"L(p90p100, 2)",-0.7488492127852613,0.5757608729925795,-1.300625394867554,0.3230706307384493
Composition,p90p100,Togo,"L(p90p100, 3)",0.5372068107993477,0.9221918881625971,0.5825325701679016,0.6191331715149083
Composition,p90p100,Togo,public_debt,-0.023938386942301625,0.048032695953633534,-0.4983769173691521,0.6676290135348142
Composition,p90p100,Togo,"L(public_debt, 1)",-0.060302170796747046,0.0312851308898421,-1.927502589299584,0.19373698683884916
Composition,p90p100,Togo,"L(public_debt, 2)",0.04259972978575249,0.03573647075258041,1.1920519538901728,0.35550520044827083
Composition,p90p100,Togo,"L(public_debt, 3)",-0.0634339874685112,0.04624972503449717,-1.371553829156746,0.30380309413243733
Composition,p90p100,Togo,growth,-0.00843839956134523,0.3294804087231416,-0.02561123313536956,0.9818930923718199
Composition,p90p100,Togo,"L(growth, 1)",-0.28330759644669057,0.40882554552651923,-0.6929791925840243,0.559977303683401
Composition,p90p100,Togo,"L(growth, 2)",-0.3187822085402229,0.4496751328295135,-0.7089166940015863,0.5518713561896854
Composition,p90p100,Togo,"L(growth, 3)",-0.5696396426505436,0.2935147663431042,-1.940752929563561,0.19181036510686844
Composition,p90p100,Togo,life_exp,-0.026453141879417486,0.021358794163946693,-1.2385128896494528,0.341171266737221
Composition,p90p100,Togo,"L(life_exp, 1)",-0.012926413831556925,0.010994379357357927,-1.1757292896125142,0.3607087687710282
Composition,p90p100,Togo,"L(life_exp, 2)",0.013513893399841867,0.011270440186021908,1.199056396803595,0.3532992956723122
Composition,p90p100,Togo,"L(life_exp, 3)",0.023885963489963778,0.009763060513839185,2.4465651376538444,0.13423344483216051
Composition,p90p100,Togo,gdp_x_debt,0.09235220975471888,0.6030671387515515,0.15313752618970947,0.8923447360168821
Composition,p90p100,Togo,"L(gdp_x_debt, 1)",0.6014116965795011,0.7632698453984883,0.7879411196514855,0.5132874078440961
Composition,p90p100,Togo,"L(gdp_x_debt, 2)",0.5514035426862955,0.783900777490761,0.703409868339867,0.5546598447024662
Composition,p90p100,Togo,"L(gdp_x_debt, 3)",1.0367757768791146,0.5403078129082357,1.9188613455330463,0.19500742136326613
Composition,p90p100,Togo,military_exp,-0.48636607588978475,0.5010542604349801,-0.9706854412684883,0.4340993541523156
Composition,p90p100,Togo,"L(military_exp, 1)",-0.026655391319897366,0.8440661202380261,-0.03157974319876808,0.9776753147338756
Composition,p90p100,Togo,"L(military_exp, 2)",-2.692548138846608,1.7014957361306147,-1.5824595276211233,0.25436749654738267
Composition,p90p100,Togo,"L(military_exp, 3)",0.6293537823595297,1.2532221990841774,0.5021885048153832,0.6653707216204456
Composition,p90p100,Togo,nonmil_g,0.10633638960200832,0.09665861415147675,1.1001232589096015,0.3859970095013706
Composition,p90p100,Togo,"L(nonmil_g, 1)",0.009962931196235507,0.17774176080631535,0.056052844030796356,0.9603957500324899
Composition,p90p100,Togo,"L(nonmil_g, 2)",0.2722121965662523,0.20144955260253572,1.3512673175469037,0.30916689720062696
Composition,p90p100,Togo,"L(nonmil_g, 3)",0.06405196187083144,0.143038267668387,0.4477959843538262,0.6981317674748706
Composition,p90p100,Turkey,(Intercept),0.17103249347343866,0.07582994310085046,2.2554743743638714,0.03155511099486366
Composition,p90p100,Turkey,"L(p90p100, 1)",0.8569892957117679,0.0690477529299114,12.41154504450964,2.3916596343647465e-13
Composition,p90p100,Turkey,public_debt,0.04992136513524445,0.023070612446559703,2.163850883927823,0.03856574539629386
Composition,p90p100,Turkey,"L(public_debt, 1)",-0.060239417962703455,0.02062093955688886,-2.921274163891296,0.006563553812190383
Composition,p90p100,Turkey,growth,0.16729916369704415,0.06519035246586889,2.5663178272373264,0.015512719358810712
Composition,p90p100,Turkey,"L(growth, 1)",0.14427938248795213,0.06663853377871554,2.165104396910294,0.03846111912626419
Composition,p90p100,Turkey,life_exp,-0.0011428473716433689,6.88102319204487e-4,-1.6608683617933613,0.10715746156205448
Composition,p90p100,Turkey,gdp_x_debt,-0.4427536145093636,0.15541998074892818,-2.8487560761225805,0.0078546091956319
Composition,p90p100,Turkey,"L(gdp_x_debt, 1)",-0.449599241846466,0.16485764570904599,-2.727196787948524,0.010567792271411363
Composition,p90p100,Turkey,military_exp,-0.4021958022301385,0.3492488336908535,-1.1516024204855393,0.25857991498685473
Composition,p90p100,Turkey,nonmil_g,0.03619429538563367,0.09644027381245289,0.37530270243757924,0.7100758501838922
Composition,p90p100,United Kingdom,(Intercept),-0.42636908806048823,0.20036834306571755,-2.1279264056230986,0.04139973344477392
Composition,p90p100,United Kingdom,"L(p90p100, 1)",0.31894570966383307,0.14290613631971272,2.231854543672504,0.03298997933872654
Composition,p90p100,United Kingdom,public_debt,0.062044311883024755,0.04324992291444119,1.434553120609334,0.16142647354375078
Composition,p90p100,United Kingdom,"L(public_debt, 1)",-0.14110647541909835,0.046604357462339444,-3.027752834767118,0.004928860110313416
Composition,p90p100,United Kingdom,growth,-0.3771104261977611,0.16470559864983256,-2.289602960003233,0.029011131372796612
Composition,p90p100,United Kingdom,life_exp,0.009306089892891481,0.0026663432451744275,3.490207012819422,0.0014711387556058423
Composition,p90p100,United Kingdom,gdp_x_debt,0.6855852052813378,0.3003906109568167,2.2823123635508558,0.02948837694495671
Composition,p90p100,United Kingdom,"L(gdp_x_debt, 1)",0.3985851052209806,0.11185443086465248,3.563427055502894,0.0012084193313363278
Composition,p90p100,United Kingdom,military_exp,-0.3517597939109207,0.45427778680212005,-0.77432752410618,0.44460301491592513
Composition,p90p100,United Kingdom,nonmil_g,-0.09924997356402236,0.08203339165485163,-1.2098728525282485,0.2354731565770245
Composition,p90p100,United States,(Intercept),-0.6020451720524761,0.1402500777095003,-4.292654819767666,1.528933934759251e-4
Composition,p90p100,United States,"L(p90p100, 1)",0.5422494300789271,0.10520085856732347,5.154420196408508,1.2681618503595783e-5
Composition,p90p100,United States,public_debt,-0.0532636049319702,0.034750736891771446,-1.5327331071526826,0.13516968063720924
Composition,p90p100,United States,"L(public_debt, 1)",0.05198993844690191,0.03645826209620752,1.4260125265902357,0.16354802646654792
Composition,p90p100,United States,growth,-0.052432828741112006,0.14997510661255326,-0.34961021149041316,0.7289216941383891
Composition,p90p100,United States,life_exp,0.010620689932582967,0.0023747808027346252,4.472282208258106,9.142543922252506e-5
Composition,p90p100,United States,gdp_x_debt,0.31684647747269,0.25529371506378773,1.2411056707507377,0.22358830506877445
Composition,p90p100,United States,military_exp,-0.017206198759305475,0.13192489187183368,-0.13042420209842934,0.8970472798185465
Composition,p90p100,United States,nonmil_g,-0.3710914148247852,0.1685189345318945,-2.20207548698067,0.03498471001850222
Composition,p90p100,Uruguay,(Intercept),0.476302750092052,0.21169415358291077,2.2499570348573954,0.03169290724265068
Composition,p90p100,Uruguay,"L(p90p100, 1)",0.7786257038337293,0.10087974677850738,7.718355058357631,1.0465131845073342e-8
Composition,p90p100,Uruguay,public_debt,0.01312831072533151,0.011838638539490048,1.108937542230005,0.2759863756026434
Composition,p90p100,Uruguay,growth,-0.11543483429341475,0.05606970717395959,-2.05877362503912,0.04800280130207885
Composition,p90p100,Uruguay,life_exp,-0.004763872212040531,0.0022310848511269345,-2.135226820097976,0.040752010135024934
Composition,p90p100,Uruguay,gdp_x_debt,0.27289966215481404,0.146364741715719,1.864517772216351,0.07174197128679746
Composition,p90p100,Uruguay,"L(gdp_x_debt, 1)",-0.16639856438175907,0.06504351411710121,-2.558265288099027,0.01562624046778491
Composition,p90p100,Uruguay,military_exp,-0.1658848886315179,0.341233377749605,-0.4861332432527841,0.6302915952180326
Composition,p90p100,Uruguay,"L(military_exp, 1)",-0.4792365985529492,0.338082707835566,-1.4175128968324417,0.16630645354382995
Composition,p90p100,Uruguay,nonmil_g,0.005602826681686117,0.04664555188089604,0.12011491891000196,0.9051672216810597
Composition,p90p100,Venezuela,(Intercept),0.08761785050687262,0.08806577321044727,0.994913770841434,0.3272423507598252
Composition,p90p100,Venezuela,"L(p90p100, 1)",0.8682757163594828,0.13031332807278884,6.6629847399376665,1.615756149870574e-7
Composition,p90p100,Venezuela,public_debt,-0.0018386310174297934,0.0025897238548166154,-0.7099718427546365,0.4828636096851937
Composition,p90p100,Venezuela,growth,0.004427389701187461,0.009851519987037111,0.44941183766699316,0.6561638879899503
Composition,p90p100,Venezuela,"L(growth, 1)",-0.004380243376722941,0.0032560473144644677,-1.345264043696298,0.18799635789635766
Composition,p90p100,Venezuela,life_exp,-2.5253272040070955e-4,6.680705207179318e-4,-0.3780030888495561,0.707924238551898
Composition,p90p100,Venezuela,gdp_x_debt,-6.89651841202317e-4,0.006926406283993228,-0.09956849380841075,0.9213080726794672
Composition,p90p100,Venezuela,military_exp,0.13375357258558904,0.15806410727409737,0.8461982602644149,0.40372585570001207
Composition,p90p100,Venezuela,nonmil_g,0.006618354621782297,0.011163322947801143,0.5928659999114264,0.5574378199008394
Composition,p99p100,Algeria,(Intercept),0.15659635919871387,0.103124717526296,1.5185143092273976,0.15708941642360938
Composition,p99p100,Algeria,"L(p99p100, 1)",1.6022319092192012,0.19197839185049484,8.34589712818803,4.358100269429028e-6
Composition,p99p100,Algeria,"L(p99p100, 2)",-0.8590250344603397,0.31354315628696044,-2.739734601874532,0.019240572080158076
Composition,p99p100,Algeria,"L(p99p100, 3)",-0.6359181530121738,0.38032331451014867,-1.672046200562876,0.12268655596063412
Composition,p99p100,Algeria,public_debt,-0.032427906851441195,0.020513394181937802,-1.580816249316469,0.14222586562139544
Composition,p99p100,Algeria,"L(public_debt, 1)",0.012772792981127941,0.02753493443439171,0.46387591775684256,0.6517812522419015
Composition,p99p100,Algeria,"L(public_debt, 2)",0.021076810571291068,0.025033748358973693,0.841935864699854,0.4177526671012076
Composition,p99p100,Algeria,"L(public_debt, 3)",-0.04943059628468537,0.01812044918432156,-2.7278902295344003,0.01965232003600864
Composition,p99p100,Algeria,growth,0.050471233355860554,0.04040152681544167,1.2492407424704104,0.23750623470196677
Composition,p99p100,Algeria,"L(growth, 1)",0.008950991891050473,0.05736773275027008,0.15602833617314837,0.8788372811880314
Composition,p99p100,Algeria,"L(growth, 2)",-0.29644681250986793,0.10341463733666809,-2.866584655175847,0.015334932828374542
Composition,p99p100,Algeria,"L(growth, 3)",-0.30882973283345505,0.08493240154577897,-3.636182743131246,0.00391410773378279
Composition,p99p100,Algeria,life_exp,0.007035977066072889,0.0039288516895195505,1.7908482228641471,0.1008431071950669
Composition,p99p100,Algeria,"L(life_exp, 1)",-0.008411101815876948,0.0062552238082977905,-1.3446524175073167,0.20580812871174903
Composition,p99p100,Algeria,"L(life_exp, 2)",-0.002353510304664593,0.006219241951374818,-0.37842398206494104,0.7123172560578885
Composition,p99p100,Algeria,"L(life_exp, 3)",0.006285302877737258,0.00434340205476782,1.447092117764641,0.17576164835891522
Composition,p99p100,Algeria,gdp_x_debt,-0.004966505345914733,0.09691462674062624,-0.05124618969236346,0.9600480978740857
Composition,p99p100,Algeria,"L(gdp_x_debt, 1)",0.01479081856331736,0.10703013787404057,0.1381930254142443,0.8925851758810494
Composition,p99p100,Algeria,"L(gdp_x_debt, 2)",0.5162274651279035,0.16396902623813195,3.148323052051228,0.009269847944983391
Composition,p99p100,Algeria,"L(gdp_x_debt, 3)",0.43248013484837255,0.13430114783062858,3.2202266461176263,0.008155779179141297
Composition,p99p100,Algeria,military_exp,1.130610801478965,0.4578733162494008,2.469265539953694,0.031162050055518534
Composition,p99p100,Algeria,"L(military_exp, 1)",0.9005991666055001,0.7401079415267112,1.216848402879888,0.24912567916053882
Composition,p99p100,Algeria,"L(military_exp, 2)",-0.6607654392852126,0.6918391728283474,-0.9550853221911381,0.36005299676810676
Composition,p99p100,Algeria,"L(military_exp, 3)",-0.9911990685346794,0.602747608031421,-1.644467859062841,0.12832614788103203
Composition,p99p100,Algeria,nonmil_g,-0.18766292607850238,0.17645128029764534,-1.0635396113983688,0.3103276185256411
Composition,p99p100,Algeria,"L(nonmil_g, 1)",-0.36565248982383125,0.160701167115183,-2.2753567779737955,0.04389271414140255
Composition,p99p100,Algeria,"L(nonmil_g, 2)",-0.03601142832624699,0.17998732087149505,-0.2000775840869255,0.8450707990520614
Composition,p99p100,Algeria,"L(nonmil_g, 3)",-0.09711913837523643,0.11451867533532649,-0.8480637598265801,0.4144753857971014
Composition,p99p100,Argentina,(Intercept),0.12282661387308302,0.18380460775855018,0.6682455645205087,0.5089222388735422
Composition,p99p100,Argentina,"L(p99p100, 1)",0.25574297392352624,0.1687808949847695,1.5152365079389112,0.13984364740424163
Composition,p99p100,Argentina,public_debt,0.016558923959825243,0.012591394768003323,1.3150984672408195,0.19812215959707408
Composition,p99p100,Argentina,"L(public_debt, 1)",-0.02714172464973909,0.015610360930470963,-1.7386993658012895,0.09201170639511082
Composition,p99p100,Argentina,growth,-0.03582968887113635,0.04742027078715452,-0.7555774835609353,0.45560567275278097
Composition,p99p100,Argentina,life_exp,2.482950536649496e-4,0.002410848522076724,0.10299073184866309,0.9186337007698404
Composition,p99p100,Argentina,gdp_x_debt,0.06236431412360153,0.08930578669185896,0.6983233274545088,0.4901807427971684
Composition,p99p100,Argentina,"L(gdp_x_debt, 1)",-0.09441054702333337,0.04074351877822523,-2.317191785452505,0.027267633845179478
Composition,p99p100,Argentina,military_exp,-0.5377120011692504,0.5605630429093761,-0.9592355542714223,0.34486230581092536
Composition,p99p100,Argentina,nonmil_g,-0.14143945324859347,0.06216352222731561,-2.2752805533024123,0.029955379144848256
Composition,p99p100,Australia,(Intercept),-0.23580250357074015,0.08291003176005972,-2.8440768694088643,0.0075900664424169055
Composition,p99p100,Australia,"L(p99p100, 1)",0.5390900212387159,0.15066143251702627,3.5781554192894935,0.0010943387081346185
Composition,p99p100,Australia,public_debt,-0.02941360012198865,0.014702045620474004,-2.0006467726523307,0.053713041897134876
Composition,p99p100,Australia,growth,0.04371210200714705,0.08605593846167423,0.5079498613174107,0.6148671305973568
Composition,p99p100,Australia,life_exp,0.0033161399846602805,0.001245892072182954,2.6616591105279297,0.011918620863244604
Composition,p99p100,Australia,gdp_x_debt,0.1100217330299252,0.30630634778485283,0.3591885503698526,0.7217422193543618
Composition,p99p100,Australia,military_exp,0.7007389841629532,0.5936890683572988,1.1803130990803905,0.2463139625332545
Composition,p99p100,Australia,nonmil_g,0.03341313064566277,0.1301713021810415,0.2566858446202834,0.7990149092426958
Composition,p99p100,Austria,(Intercept),0.2680036791352153,0.06938541882697775,3.8625360150022288,8.428423858171883e-4
Composition,p99p100,Austria,"L(p99p100, 1)",-0.0261224163343819,0.1383598064917658,-0.18880061339155257,0.8519799353671226
Composition,p99p100,Austria,"L(p99p100, 2)",-0.5535570807663426,0.1935237998105468,-2.8604082872920857,0.009093780678715937
Composition,p99p100,Austria,public_debt,-0.0502221547670698,0.017522985726685456,-2.866072914194488,0.008976758563502257
Composition,p99p100,Austria,"L(public_debt, 1)",0.059652249460125865,0.014804730468991353,4.029269535508806,5.616036916093536e-4
Composition,p99p100,Austria,"L(public_debt, 2)",-0.036225670242484916,0.015218949818785391,-2.3803002620962745,0.026388823451358963
Composition,p99p100,Austria,growth,0.4997600523883958,0.13656398981668408,3.659530254346303,0.0013785504893508375
Composition,p99p100,Austria,life_exp,0.007614090390069974,0.0027392354775090423,2.7796406890122283,0.010928749391916742
Composition,p99p100,Austria,"L(life_exp, 1)",0.0015777775648448944,0.002581117826616877,0.6112768462464649,0.5472812416246147
Composition,p99p100,Austria,"L(life_exp, 2)",-0.009939347950381679,0.002616035114281501,-3.799393936312487,9.825310398023288e-4
Composition,p99p100,Austria,gdp_x_debt,-0.80989848616113,0.1947410279298909,-4.158848778659539,4.0934345963966053e-4
Composition,p99p100,Austria,"L(gdp_x_debt, 1)",-0.012942254674398202,0.03071954367777157,-0.42130361082684703,0.6776211211488508
Composition,p99p100,Austria,"L(gdp_x_debt, 2)",-0.1297115270114175,0.03128119164039555,-4.146629978249042,4.217417234405865e-4
Composition,p99p100,Austria,military_exp,-2.3878375190113297,1.0015940140917028,-2.384037329912304,0.026178232074926783
Composition,p99p100,Austria,"L(military_exp, 1)",-1.3874018949650604,1.2875293660091485,-1.0775691270370622,0.2929004332190994
Composition,p99p100,Austria,nonmil_g,-0.1909792166645653,0.07099495028134692,-2.6900394451680154,0.013374042001195291
Composition,p99p100,Austria,"L(nonmil_g, 1)",0.22747386430653177,0.09617963210019434,2.3650939324613214,0.02726195899331574
Composition,p99p100,Austria,"L(nonmil_g, 2)",-0.09032614014023224,0.08263810825727404,-1.093032525127794,0.28620426569644386
Composition,p99p100,Bahamas,(Intercept),-0.011382141337593861,0.05595760560294511,-0.20340651132139947,0.8401907372025951
Composition,p99p100,Bahamas,"L(p99p100, 1)",0.5210183675957889,0.15373410759075865,3.3890876641554635,0.001979593702716166
Composition,p99p100,Bahamas,public_debt,0.1252258620103939,0.06883485670418066,1.8192216560943077,0.07887198774443475
Composition,p99p100,Bahamas,"L(public_debt, 1)",-0.14433457123045143,0.07416590722886338,-1.9461040338259397,0.06106227933952166
Composition,p99p100,Bahamas,growth,-0.007383258558944401,0.02524067556758615,-0.29251430054534344,0.7719070364313896
Composition,p99p100,Bahamas,life_exp,-0.004579770191841635,0.0022688973815492663,-2.018500364575519,0.05255663815419445
Composition,p99p100,Bahamas,"L(life_exp, 1)",0.006268349995746565,0.0024299597876466404,2.5796105876374673,0.015034454153312563
Composition,p99p100,Bahamas,gdp_x_debt,0.03199806803148357,0.10504019491915055,0.30462689122114145,0.7627536218259285
Composition,p99p100,Bahamas,"L(gdp_x_debt, 1)",0.10881000936773565,0.055590079450180505,1.9573638038285324,0.059665324293412196
Composition,p99p100,Bahamas,nonmil_g,-0.0997395829690495,0.10107531620225318,-0.9867847731435154,0.3316404617336083
Composition,p99p100,Bahamas,"L(nonmil_g, 1)",0.12970167282184977,0.10532480032420166,1.2314447539669038,0.2277229993469726
Composition,p99p100,Bahrain,(Intercept),-0.41859365588882713,0.1658524205513622,-2.523892352594242,0.019731221575562147
Composition,p99p100,Bahrain,"L(p99p100, 1)",1.2430105060138195,0.13209323589773359,9.410099597954861,5.557377207005104e-9
Composition,p99p100,Bahrain,"L(p99p100, 2)",-0.6646399476282651,0.114719025645414,-5.793633130066901,9.454089805128516e-6
Composition,p99p100,Bahrain,public_debt,0.0020142571877687296,0.014807232744498607,0.13603197994690094,0.8930915969430158
Composition,p99p100,Bahrain,growth,-0.03079812917308181,0.02638177870326126,-1.1674015432960405,0.25613304900944833
Composition,p99p100,Bahrain,"L(growth, 1)",0.05819053484386472,0.023610521158145284,2.464601880411684,0.022425283272353155
Composition,p99p100,Bahrain,life_exp,0.01353929159726172,0.00980742932785997,1.3805138068954161,0.18194714100580217
Composition,p99p100,Bahrain,"L(life_exp, 1)",0.0039612590764923055,0.012925639209993752,0.3064652364294346,0.7622683335938077
Composition,p99p100,Bahrain,"L(life_exp, 2)",0.007682700835647204,0.013236806059972506,0.5804044269319121,0.5678184648232094
Composition,p99p100,Bahrain,"L(life_exp, 3)",-0.019952451195304928,0.009548347840150913,-2.089623412272921,0.04900305915567333
Composition,p99p100,Bahrain,gdp_x_debt,0.08784731046291876,0.07093430659285989,1.2384319334667508,0.22922179162995648
Composition,p99p100,Bahrain,"L(gdp_x_debt, 1)",-0.0851955686671937,0.06530314859750447,-1.3046165536717997,0.2061405537614978
Composition,p99p100,Bahrain,military_exp,0.5760869479544826,0.22554470711824318,2.554202913094589,0.018473925952718778
Composition,p99p100,Bahrain,"L(military_exp, 1)",0.5628896285293283,0.1971091275893685,2.8557258378312107,0.009466002882912564
Composition,p99p100,Bahrain,"L(military_exp, 2)",0.42035180580802767,0.20202169822190377,2.0807260284799045,0.04988833443792244
Composition,p99p100,Bahrain,nonmil_g,0.05632569140483781,0.10364749168901503,0.5434351616905306,0.5925528310041341
Composition,p99p100,Bahrain,"L(nonmil_g, 1)",0.3250047652328828,0.11656753839688457,2.7881241184515657,0.011019002811292368
Composition,p99p100,Bahrain,"L(nonmil_g, 2)",-0.1606078353589785,0.08173841200988659,-1.9649003621400465,0.06279350168525413
Composition,p99p100,Bangladesh,(Intercept),0.02627078747963556,0.022141443360931226,1.186498416177809,0.2461546172675188
Composition,p99p100,Bangladesh,"L(p99p100, 1)",1.3251279348193907,0.1604455141778802,8.25905256129672,9.681441678948445e-9
Composition,p99p100,Bangladesh,"L(p99p100, 2)",-0.7370162520739238,0.16251563004513148,-4.535048424999186,1.1469025570769e-4
Composition,p99p100,Bangladesh,public_debt,0.05552670075676134,0.03903824842077391,1.4223666020633554,0.16680702658628657
Composition,p99p100,Bangladesh,"L(public_debt, 1)",-0.046485304114710385,0.04514456812173434,-1.0296987223216023,0.31263579165747735
Composition,p99p100,Bangladesh,"L(public_debt, 2)",0.0457865302316586,0.03264387106609825,1.4026072501925007,0.1725624063293859
Composition,p99p100,Bangladesh,growth,-0.048047121087029285,0.10066597167668309,-0.47729257748930337,0.6371415847237683
Composition,p99p100,Bangladesh,life_exp,-0.001212161266033452,7.881653080125503e-4,-1.5379530838398057,0.13614242687313038
Composition,p99p100,Bangladesh,"L(life_exp, 1)",0.0014459180156090122,7.194247618194573e-4,2.009825199722374,0.05493319855362565
Composition,p99p100,Bangladesh,gdp_x_debt,0.1140090575592888,0.33211902199814064,0.3432777107236185,0.7341498357089339
Composition,p99p100,Bangladesh,"L(gdp_x_debt, 1)",-0.07484419646487304,0.0627064788613368,-1.1935640116291084,0.24342587773495447
Composition,p99p100,Bangladesh,"L(gdp_x_debt, 2)",0.12804189694743578,0.05131149561271254,2.495384229566544,0.019257503662937284
Composition,p99p100,Bangladesh,military_exp,0.9931679804903193,0.43789119290014306,2.268070234326,0.03186497921258603
Composition,p99p100,Bangladesh,nonmil_g,-0.0651570911999651,0.05374423382408701,-1.212355011204255,0.23627838308910992
Composition,p99p100,Belgium,(Intercept),0.11155775038459402,0.06786132211078265,1.6439077064027365,0.1137966408536053
Composition,p99p100,Belgium,"L(p99p100, 1)",0.6699860171315254,0.15818996093541915,4.235325763845699,3.132136259869587e-4
Composition,p99p100,Belgium,"L(p99p100, 2)",-0.30065338082346077,0.15608657459056732,-1.9261962895406506,0.06652721941306153
Composition,p99p100,Belgium,public_debt,-4.141599740200654e-4,0.010477620299924491,-0.039528057150825566,0.9688104991184185
Composition,p99p100,Belgium,growth,-0.24844774585056711,0.15369041966865812,-1.616546733271968,0.11961107331770533
Composition,p99p100,Belgium,"L(growth, 1)",-0.03340561169041592,0.13134096362058326,-0.2543426724576027,0.8014910134012223
Composition,p99p100,Belgium,"L(growth, 2)",0.20560602267371572,0.12052113155319702,1.7059748777994417,0.10148254687317143
Composition,p99p100,Belgium,life_exp,-9.560318413401405e-4,0.0010848680865789223,-0.8812424783873397,0.3873031678610346
Composition,p99p100,Belgium,gdp_x_debt,0.2339143733113281,0.1405931400565225,1.663768041721579,0.10972633696609899
Composition,p99p100,Belgium,"L(gdp_x_debt, 1)",0.050235886182838294,0.11929743598718223,0.42109778611030524,0.6775927519242835
Composition,p99p100,Belgium,"L(gdp_x_debt, 2)",-0.22215629532978232,0.11092865514551682,-2.0026952912965226,0.05713469640794921
Composition,p99p100,Belgium,military_exp,-0.5636671401767098,0.3265110617770191,-1.7263339781169476,0.09769772329453387
Composition,p99p100,Belgium,nonmil_g,-0.039610555714372324,0.08604311356996126,-0.46035707066975395,0.6495827665883331
Composition,p99p100,Belgium,"L(nonmil_g, 1)",0.019584508795832702,0.12019088033211017,0.1629450482575466,0.8719849229795507
Composition,p99p100,Belgium,"L(nonmil_g, 2)",-0.014921600518231359,0.11922535276816282,-0.12515459314468833,0.9014886645930564
Composition,p99p100,Belgium,"L(nonmil_g, 3)",0.1784144756387281,0.07905806680831043,2.2567523194226844,0.033829331292470954
Composition,p99p100,Belize,(Intercept),0.12377822280745944,0.05457244390888136,2.2681451285951155,0.030206253552418735
Composition,p99p100,Belize,"L(p99p100, 1)",0.3163474204717869,0.14476082553496653,2.185310972790592,0.03630007971784366
Composition,p99p100,Belize,public_debt,-0.0017067314692041004,0.010531913750021394,-0.1620533086117073,0.8722828114804486
Composition,p99p100,Belize,growth,-0.06366654978851638,0.050318574305890096,-1.265269349673602,0.21491084464167048
Composition,p99p100,Belize,life_exp,0.00880383869154862,0.0029591148100315875,2.9751595516683054,0.00553418683800139
Composition,p99p100,Belize,"L(life_exp, 1)",-0.008186071548133608,0.0027555523333753617,-2.9707552453218096,0.005596525083511922
Composition,p99p100,Belize,gdp_x_debt,0.11415793527289823,0.09482449239582424,1.2038865949987978,0.2374635204740216
Composition,p99p100,Belize,military_exp,-0.6533785813452977,0.6026313795842885,-1.0842093582913257,0.2863734390280236
Composition,p99p100,Belize,nonmil_g,-0.018061117429884293,0.024236515700928912,-0.7452027202570238,0.4615878635321997
Composition,p99p100,Bolivia,(Intercept),0.20467020981043826,0.056730353749675666,3.607772493602834,0.0010390821600289397
Composition,p99p100,Bolivia,"L(p99p100, 1)",0.15105192534794987,0.17087361050023245,0.8839979731553947,0.38329105817936127
Composition,p99p100,Bolivia,public_debt,0.0030614615507104795,0.005747772998489325,0.5326343875297644,0.5979662588136361
Composition,p99p100,Bolivia,growth,0.029877360086903993,0.06119609840608568,0.4882232832662551,0.6287205915077307
Composition,p99p100,Bolivia,"L(growth, 1)",0.04782785538246519,0.03027541376701742,1.5797589341147078,0.12399745530625268
Composition,p99p100,Bolivia,life_exp,6.48804276727494e-6,4.766446246953162e-4,0.013611907973203868,0.9892241171452698
Composition,p99p100,Bolivia,gdp_x_debt,-0.040226834483931634,0.07458500988098112,-0.5393420815807831,0.5933840470002114
Composition,p99p100,Bolivia,military_exp,-0.11980592513416509,0.27857695249593967,-0.43006402382089126,0.6700315290685959
Composition,p99p100,Bolivia,nonmil_g,-0.07242044499553839,0.030003040977532966,-2.413770159157155,0.021686274439263985
Composition,p99p100,Brazil,(Intercept),0.09826191650310255,0.041155105559507625,2.387599671224805,0.02284185843056252
Composition,p99p100,Brazil,"L(p99p100, 1)",0.6029144770323375,0.12043440487884807,5.006164788532346,1.8114991824726908e-5
Composition,p99p100,Brazil,public_debt,-0.020723839133874992,0.013644926531664762,-1.5187944827539177,0.13833776750784196
Composition,p99p100,Brazil,growth,-0.2186180962624755,0.10712688433754428,-2.040739797618266,0.04934262801850687
Composition,p99p100,Brazil,life_exp,2.86077078332722e-4,5.377918814058216e-4,0.5319475585702385,0.5983256291988244
Composition,p99p100,Brazil,gdp_x_debt,0.5083010665229363,0.19752065927956333,2.5734070976520282,0.014751186760857198
Composition,p99p100,Brazil,military_exp,0.010022601556216154,0.49616661537935397,0.020200072406228252,0.9840054159021093
Composition,p99p100,Brazil,nonmil_g,0.011498289789275454,0.033698179377213165,0.3412139765939593,0.7351056071395066
Composition,p99p100,Burkina Faso,(Intercept),-0.031214311771527614,0.063083618025639,-0.494808521585449,0.6304695737169737
Composition,p99p100,Burkina Faso,"L(p99p100, 1)",0.9017377982157351,0.17121759234647357,5.266618843646573,2.6569707213800587e-4
Composition,p99p100,Burkina Faso,"L(p99p100, 2)",0.4901694962649783,0.24658322460497836,1.9878460793519936,0.07229274585388247
Composition,p99p100,Burkina Faso,"L(p99p100, 3)",-0.44800448265034426,0.1536187087740737,-2.916340634715413,0.014029009454407465
Composition,p99p100,Burkina Faso,public_debt,-0.01772184455239192,0.019061518671931753,-0.9297183953389552,0.37247033024101506
Composition,p99p100,Burkina Faso,"L(public_debt, 1)",-0.003237662110443229,0.021588040854258434,-0.14997480004326427,0.8834990647320115
Composition,p99p100,Burkina Faso,"L(public_debt, 2)",0.01888320770532547,0.02407562132372323,0.7843289878761572,0.4494078571394945
Composition,p99p100,Burkina Faso,"L(public_debt, 3)",0.054316421578121055,0.02220559015476928,2.4460697148575923,0.03247134910649095
Composition,p99p100,Burkina Faso,growth,-0.012053102587514136,0.058736558087697954,-0.20520614383835664,0.8411590702506089
Composition,p99p100,Burkina Faso,"L(growth, 1)",-0.04134215602862703,0.07862143699840637,-0.5258382141942409,0.6094378732443335
Composition,p99p100,Burkina Faso,"L(growth, 2)",0.17756675719599035,0.06444663627864645,2.755252522850828,0.01871406733429557
Composition,p99p100,Burkina Faso,"L(growth, 3)",0.23720490405318703,0.051551293367528964,4.601337591320206,7.632591855851507e-4
Composition,p99p100,Burkina Faso,life_exp,0.018464032928892808,0.006001395788458645,3.0766231023125,0.010534617115882734
Composition,p99p100,Burkina Faso,"L(life_exp, 1)",-0.022505925283967144,0.007924412938994867,-2.840074773642702,0.01607971982648546
Composition,p99p100,Burkina Faso,"L(life_exp, 2)",-0.010961030567161087,0.006410029028860078,-1.7099814240794995,0.11528992512467705
Composition,p99p100,Burkina Faso,"L(life_exp, 3)",0.015508519261844746,0.0055672871592525675,2.7856510394062073,0.01772386745224123
Composition,p99p100,Burkina Faso,gdp_x_debt,0.10771801741702279,0.18018252714500563,0.5978272095736258,0.562061000311347
Composition,p99p100,Burkina Faso,"L(gdp_x_debt, 1)",-0.04847689725615748,0.22500180002979492,-0.21545115305627835,0.8333583422008215
Composition,p99p100,Burkina Faso,"L(gdp_x_debt, 2)",-0.5896660219169232,0.17759137519647328,-3.3203528114164476,0.006827022110887783
Composition,p99p100,Burkina Faso,"L(gdp_x_debt, 3)",-0.8753418739907852,0.14600893601923692,-5.99512535229664,8.988850957921112e-5
Composition,p99p100,Burkina Faso,military_exp,-0.08685318165890377,0.29880550129479067,-0.2906679471514066,0.7767122599356628
Composition,p99p100,Burkina Faso,"L(military_exp, 1)",-1.2248791789048512,0.49840685843967925,-2.4575889319410216,0.03181457148149929
Composition,p99p100,Burkina Faso,"L(military_exp, 2)",0.48792863579049794,0.4271800440843523,1.1422084026335042,0.2776206482654257
Composition,p99p100,Burkina Faso,"L(military_exp, 3)",1.2375569055911841,0.518317183663216,2.38764398441265,0.036011121983119135
Composition,p99p100,Burkina Faso,nonmil_g,0.4562576946987563,0.16705257167419293,2.7312222142177363,0.019535612930778126
Composition,p99p100,Burkina Faso,"L(nonmil_g, 1)",-0.4928474321144881,0.17364821666394237,-2.8381946073669453,0.01613389553885119
Composition,p99p100,Burkina Faso,"L(nonmil_g, 2)",-0.026012617708573733,0.13361763923620681,-0.19467951879159534,0.849192802406522
Composition,p99p100,Burkina Faso,"L(nonmil_g, 3)",0.023697805282576992,0.12952394887706314,0.1829607998214262,0.8581573553546261
Composition,p99p100,Canada,(Intercept),0.2992201498688635,0.13747024977918978,2.1766174888711043,0.03699941681645818
Composition,p99p100,Canada,"L(p99p100, 1)",1.0034165059770193,0.0785412759336727,12.775658328041349,4.135032445336074e-14
Composition,p99p100,Canada,public_debt,0.010831003463496315,0.008825982320966898,1.2271725763336634,0.22870975860193096
Composition,p99p100,Canada,growth,-0.12986558012119712,0.16443963590143237,-0.7897462154382324,0.43548924937723155
Composition,p99p100,Canada,life_exp,0.010883112159763205,0.006518785026573533,1.669500085583232,0.10477406676809635
Composition,p99p100,Canada,"L(life_exp, 1)",-0.015112929693809351,0.006492075002542157,-2.327904358451104,0.02639888561643128
Composition,p99p100,Canada,gdp_x_debt,0.200186038229263,0.20501893430416654,0.9764270744489705,0.33617711624113256
Composition,p99p100,Canada,military_exp,-1.429192069565301,0.7927505379354919,-1.8028269943370232,0.08084051634690848
Composition,p99p100,Canada,nonmil_g,0.29660451002128235,0.17196024102518198,1.7248435350695244,0.09420357410905567
Composition,p99p100,Chile,(Intercept),0.17631004377291315,0.09565179118705444,1.8432487419720691,0.07718025066453221
Composition,p99p100,Chile,"L(p99p100, 1)",1.4403741247358481,0.1663460862482307,8.658899991109159,5.387894469039768e-9
Composition,p99p100,Chile,"L(p99p100, 2)",-0.9765811318061236,0.17470797079815745,-5.589791509480591,8.171752517938813e-6
Composition,p99p100,Chile,public_debt,-0.02679772695431922,0.01207161344838516,-2.219896045288295,0.03572421266085132
Composition,p99p100,Chile,growth,-0.0548026622667379,0.038724706676699236,-1.415185987702079,0.16935065132969626
Composition,p99p100,Chile,life_exp,-0.009405266673842729,0.004337639014248948,-2.1682917003805184,0.03985640294918612
Composition,p99p100,Chile,"L(life_exp, 1)",0.007184709257302623,0.004401454071744318,1.632349023797785,0.11513988120479614
Composition,p99p100,Chile,"L(life_exp, 2)",-0.011002913943156846,0.004343469574712193,-2.5332084762872826,0.0179497613807239
Composition,p99p100,Chile,"L(life_exp, 3)",0.013201251187012073,0.004023111178846,3.281353808074167,0.0030421386332695204
Composition,p99p100,Chile,gdp_x_debt,0.3154277120276391,0.12665367045921763,2.490474305908146,0.01976093001078122
Composition,p99p100,Chile,"L(gdp_x_debt, 1)",-0.11793519339535001,0.08213721324154012,-1.4358314427899947,0.16344566314221792
Composition,p99p100,Chile,military_exp,0.03796098924115612,0.20106198240684942,0.1888024219533555,0.8517720095635039
Composition,p99p100,Chile,nonmil_g,0.39261282870397807,0.13933015483727856,2.8178597028224384,0.00931084342581164
Composition,p99p100,Chile,"L(nonmil_g, 1)",-0.36348029072640436,0.13400151119673312,-2.7125088924763245,0.01190808714837239
Composition,p99p100,Colombia,(Intercept),0.40648910817048844,0.13868069791056248,2.931115247434363,0.006292492354192051
Composition,p99p100,Colombia,"L(p99p100, 1)",0.1798688355427672,0.16370266952233087,1.0987532217257525,0.28033626670818035
Composition,p99p100,Colombia,public_debt,-0.08279183374960536,0.03337980325578823,-2.480297235881665,0.01876343882757774
Composition,p99p100,Colombia,growth,0.03870474211091354,0.14940417092211095,0.2590606532068742,0.7973009994256657
Composition,p99p100,Colombia,"L(growth, 1)",-0.07605630789884012,0.057521256855474955,-1.3222295905309478,0.19576513521826008
Composition,p99p100,Colombia,life_exp,-0.0025106541897150954,0.0018424832273595487,-1.3626469714533567,0.18281173964457975
Composition,p99p100,Colombia,gdp_x_debt,-0.14367960747712813,0.4148480958694279,-0.34634269485076974,0.7314250075627297
Composition,p99p100,Colombia,military_exp,0.53543341781614,0.4714629182732166,1.1356851134278432,0.26479266625234155
Composition,p99p100,Colombia,"L(military_exp, 1)",0.6389622927243955,0.44835297367737814,1.425132273538068,0.1641102144856673
Composition,p99p100,Colombia,nonmil_g,-0.15507011649594044,0.10312321754523027,-1.503736211759743,0.1427698699230141
Composition,p99p100,Costa Rica,(Intercept),0.0890341363174606,0.06393493655644149,1.3925740934905229,0.17398479525377913
Composition,p99p100,Costa Rica,"L(p99p100, 1)",0.572490468988671,0.13668088521927665,4.188518885213734,2.2689979564592425e-4
Composition,p99p100,Costa Rica,public_debt,2.0012347430511794e-4,0.03318596996006161,0.006030363872020645,0.9952284178152135
Composition,p99p100,Costa Rica,growth,-0.05330886117586138,0.13302111729595856,-0.400754874560665,0.6914405671710724
Composition,p99p100,Costa Rica,"L(growth, 1)",-0.1592361919106175,0.1267656700527909,-1.2561460200092376,0.21875756766083404
Composition,p99p100,Costa Rica,life_exp,-0.011449473879383472,0.004001984374621212,-2.8609491711139343,0.007621998084119859
Composition,p99p100,Costa Rica,"L(life_exp, 1)",0.011324076012524309,0.003917167135894073,2.8908840546421177,0.00707812779442875
Composition,p99p100,Costa Rica,gdp_x_debt,-0.03360779678635633,0.41041991259135135,-0.08188636992333041,0.93528097521588
Composition,p99p100,Costa Rica,"L(gdp_x_debt, 1)",0.5511786129709797,0.39024375476336426,1.4123957302153445,0.1681237359537386
Composition,p99p100,Costa Rica,nonmil_g,-0.3685291743766474,0.176389800610782,-2.0892884571587906,0.04526421739152057
Composition,p99p100,Costa Rica,"L(nonmil_g, 1)",0.43337803877633146,0.18337212770068162,2.363380106946976,0.02478498973512597
Composition,p99p100,Cote d'Ivoire,(Intercept),-1.875502762779697,0.8593263009615257,-2.1825268942439457,0.0808548932159474
Composition,p99p100,Cote d'Ivoire,"L(p99p100, 1)",0.5710974816625283,0.41884105650474956,1.363518386732109,0.23090121114243817
Composition,p99p100,Cote d'Ivoire,"L(p99p100, 2)",0.4516657476787971,0.3267512298631006,1.3822924182046141,0.22544173549874574
Composition,p99p100,Cote d'Ivoire,"L(p99p100, 3)",1.0620788014474944,0.4677706061987812,2.2705120573483817,0.07239239433142529
Composition,p99p100,Cote d'Ivoire,public_debt,-0.012262439695597729,0.026375278851378553,-0.46492170811520384,0.6615316579986237
Composition,p99p100,Cote d'Ivoire,"L(public_debt, 1)",0.026907156057380588,0.036574671405243044,0.73567731502636,0.4949674182999071
Composition,p99p100,Cote d'Ivoire,"L(public_debt, 2)",0.18764897358524807,0.07027343686453745,2.6702689089615683,0.044334209380072084
Composition,p99p100,Cote d'Ivoire,"L(public_debt, 3)",-0.018867349368754217,0.053150453266214294,-0.3549800276256057,0.7370871127981984
Composition,p99p100,Cote d'Ivoire,growth,0.5738643672437631,0.23781055285666855,2.4131156517248353,0.060630366380680506
Composition,p99p100,Cote d'Ivoire,"L(growth, 1)",-0.29110064434855926,0.2356000571894286,-1.2355711956152315,0.2715013365696327
Composition,p99p100,Cote d'Ivoire,"L(growth, 2)",-0.20981996644211304,0.1646503780999288,-1.2743363778658932,0.25855731613257427
Composition,p99p100,Cote d'Ivoire,"L(growth, 3)",-0.41676060286788086,0.1899539876899896,-2.1940081802759845,0.07969312830464603
Composition,p99p100,Cote d'Ivoire,life_exp,0.04521836167950552,0.034858689058776995,1.2971905398754542,0.2511925617924968
Composition,p99p100,Cote d'Ivoire,"L(life_exp, 1)",0.06508889138241886,0.033444949941858614,1.9461500613865688,0.10920721412514049
Composition,p99p100,Cote d'Ivoire,"L(life_exp, 2)",-0.07586374286564823,0.036705504720696655,-2.066821950628891,0.09361723089593127
Composition,p99p100,Cote d'Ivoire,"L(life_exp, 3)",-0.004584425164815695,0.02186885177502119,-0.20963264152954153,0.8422283410283276
Composition,p99p100,Cote d'Ivoire,gdp_x_debt,-0.9480370690671396,0.2987349096855261,-3.1735061364777373,0.02471751286779464
Composition,p99p100,Cote d'Ivoire,"L(gdp_x_debt, 1)",-0.39451414867546386,0.21491367992293814,-1.8356865361801318,0.12584379665160536
Composition,p99p100,Cote d'Ivoire,"L(gdp_x_debt, 2)",-0.525158932602934,0.17393084359697544,-3.019354829439039,0.02943811318280949
Composition,p99p100,Cote d'Ivoire,"L(gdp_x_debt, 3)",0.3851905109134103,0.24770394449902408,1.5550439121688184,0.18065569083950261
Composition,p99p100,Cote d'Ivoire,military_exp,5.455846548863294,3.2469062797950397,1.680321536477392,0.15372770366712374
Composition,p99p100,Cote d'Ivoire,"L(military_exp, 1)",9.484381325188432,4.598262884375247,2.062600935108791,0.09412123223838877
Composition,p99p100,Cote d'Ivoire,"L(military_exp, 2)",2.4532515784855433,3.565920628033768,0.6879714481581871,0.5220793832099367
Composition,p99p100,Cote d'Ivoire,"L(military_exp, 3)",-18.931020568457217,10.06576718611497,-1.8807330050879034,0.11876483077796957
Composition,p99p100,Cote d'Ivoire,nonmil_g,-1.7017473716185028,0.8580397037715846,-1.9832967683643674,0.10413830229364276
Composition,p99p100,Cote d'Ivoire,"L(nonmil_g, 1)",0.9236376853596799,0.597338014969875,1.546256327594119,0.18270994985542666
Composition,p99p100,Cote d'Ivoire,"L(nonmil_g, 2)",0.22088248673510458,0.42316157338288035,0.5219814383647925,0.6239739769076258
Composition,p99p100,Cote d'Ivoire,"L(nonmil_g, 3)",0.5236581563745059,0.443978426892496,1.179467570169357,0.2912706928837223
Composition,p99p100,Cyprus,(Intercept),-1.3245562334830108,0.6777258140381511,-1.954413135882777,0.12233606007077542
Composition,p99p100,Cyprus,"L(p99p100, 1)",0.5607706301029944,0.4670985051332082,1.2005404083729032,0.29616354528843897
Composition,p99p100,Cyprus,"L(p99p100, 2)",0.6564967755371699,0.5182311152301777,1.2668030850397318,0.27396540129390257
Composition,p99p100,Cyprus,"L(p99p100, 3)",0.5390662286321964,0.8145910066250165,0.6617630494911009,0.5443010098463701
Composition,p99p100,Cyprus,public_debt,-0.07851417186931166,0.16864851744387085,-0.46554913769368017,0.6657562200727516
Composition,p99p100,Cyprus,"L(public_debt, 1)",0.09081436978366232,0.18233918398487406,0.4980518602693529,0.6445863043802454
Composition,p99p100,Cyprus,"L(public_debt, 2)",0.0030281397429722592,0.22947071246800727,0.013196192709753501,0.9901032145104017
Composition,p99p100,Cyprus,"L(public_debt, 3)",-0.21911831766822024,0.16985015834500888,-1.290068374402897,0.26655554355223515
Composition,p99p100,Cyprus,growth,0.04458077936210377,0.25626970112687497,0.17396039861939258,0.8703457861037525
Composition,p99p100,Cyprus,"L(growth, 1)",-0.32147193576394245,0.31265061230449354,-1.0282146367615546,0.3619579398290295
Composition,p99p100,Cyprus,"L(growth, 2)",-0.38963382640074595,0.29712720777307877,-1.3113367480581453,0.2599512854782957
Composition,p99p100,Cyprus,"L(growth, 3)",-0.285357092352143,0.3946543445551278,-0.7230557481226019,0.5096637226238875
Composition,p99p100,Cyprus,life_exp,0.033887277649215675,0.041664899434310745,0.8133291597797484,0.461668838024948
Composition,p99p100,Cyprus,"L(life_exp, 1)",0.09459300825170014,0.04761947949346163,1.98643515758479,0.11793031841336589
Composition,p99p100,Cyprus,"L(life_exp, 2)",-0.02251412879795089,0.03497459608897505,-0.6437280573784226,0.5548031467833932
Composition,p99p100,Cyprus,"L(life_exp, 3)",-0.09097812163721948,0.0562283118636456,-1.61801268118884,0.1809697424122704
Composition,p99p100,Cyprus,gdp_x_debt,0.29993994946502833,0.3643187884972223,0.823289819068212,0.45659550863471704
Composition,p99p100,Cyprus,"L(gdp_x_debt, 1)",0.8689569504382056,0.48448830868717063,1.7935560773238033,0.14733930058699746
Composition,p99p100,Cyprus,"L(gdp_x_debt, 2)",0.7804162935674274,0.39821930202270306,1.9597651083295171,0.12158738378683143
Composition,p99p100,Cyprus,"L(gdp_x_debt, 3)",0.46931322352376925,0.4933545403178342,0.9512696958690665,0.3953349906465116
Composition,p99p100,Cyprus,military_exp,0.6925389551188911,0.8845091325814841,0.7829641657827563,0.47740801762774493
Composition,p99p100,Cyprus,"L(military_exp, 1)",0.8418635587506805,0.5263954512786028,1.5992986958869284,0.18500191725988038
Composition,p99p100,Cyprus,"L(military_exp, 2)",-0.3982587411042744,0.46308563297907446,-0.8600110060470622,0.4382744055124556
Composition,p99p100,Cyprus,"L(military_exp, 3)",0.7105136119868978,0.5879170317471725,1.2085270091179237,0.2934004026579871
Composition,p99p100,Cyprus,nonmil_g,-0.9702510247745543,0.6474354383108631,-1.4986066059434526,0.20834272695084907
Composition,p99p100,Cyprus,"L(nonmil_g, 1)",0.6433952078876285,0.7238936809908614,0.8887979337061666,0.4243317269441032
Composition,p99p100,Cyprus,"L(nonmil_g, 2)",-0.2140383139107579,0.9723053225648154,-0.2201348783591481,0.8365447220361808
Composition,p99p100,Cyprus,"L(nonmil_g, 3)",1.1931689568641588,1.0536243343068876,1.1324424825942054,0.3207305196151637
Composition,p99p100,Denmark,(Intercept),-0.06731715407408703,0.14331542640146283,-0.4697132455616789,0.6419563015336063
Composition,p99p100,Denmark,"L(p99p100, 1)",0.7034293010195352,0.17934057280595775,3.9223098823300235,4.7252197121371915e-4
Composition,p99p100,Denmark,public_debt,0.04012611400862402,0.028441571929668095,1.4108261705031675,0.1685820905264492
Composition,p99p100,Denmark,"L(public_debt, 1)",-0.036288039871022554,0.028819083364942284,-1.2591670391281797,0.21767960345386395
Composition,p99p100,Denmark,growth,-0.19880049715056036,0.17737014148905694,-1.1208227917144984,0.27125566640470433
Composition,p99p100,Denmark,life_exp,0.00870658908859714,0.005612854523376238,1.5511873775342324,0.13134344493199906
Composition,p99p100,Denmark,"L(life_exp, 1)",-0.0071742458336001465,0.005644520355045707,-1.271010711687309,0.2134922125011397
Composition,p99p100,Denmark,gdp_x_debt,0.20037286745900118,0.32099161972732954,0.6242308370206378,0.5371945325497236
Composition,p99p100,Denmark,military_exp,-0.5266146310681729,1.2554197399073972,-0.41947295739273405,0.6778592185773676
Composition,p99p100,Denmark,nonmil_g,-0.23729709498098653,0.15373485223335906,-1.5435478132231568,0.13318209104949003
Composition,p99p100,Denmark,"L(nonmil_g, 1)",0.17694383066158414,0.1343933418868852,1.3166115834109728,0.1979390875802383
Composition,p99p100,Egypt,(Intercept),0.10924537269593221,0.074394265625742,1.4684649653713495,0.15679856115026203
Composition,p99p100,Egypt,"L(p99p100, 1)",1.1708119860704793,0.19420464246024222,6.028753850774547,5.538198926597498e-6
Composition,p99p100,Egypt,"L(p99p100, 2)",-0.7245053469395243,0.18034414886709696,-4.01734878281769,6.233334548971089e-4
Composition,p99p100,Egypt,public_debt,0.01202584267650989,0.012969227720554248,0.9272597363257615,0.3643270233992876
Composition,p99p100,Egypt,"L(public_debt, 1)",0.03093335427774959,0.01624366552744018,1.9043333677053582,0.0706576038101706
Composition,p99p100,Egypt,growth,0.08680923025289297,0.07220506840031887,1.2022595113629115,0.24264486500194227
Composition,p99p100,Egypt,"L(growth, 1)",0.16342402507825837,0.09309790358851515,1.7553996253296822,0.09376937863225787
Composition,p99p100,Egypt,"L(growth, 2)",0.1152885369033202,0.05052978364126874,2.281595696546019,0.03304997323748362
Composition,p99p100,Egypt,life_exp,0.007885404050598474,0.005612164702500502,1.4050557081985011,0.174625526437204
Composition,p99p100,Egypt,"L(life_exp, 1)",-0.00820314158192106,0.005456089325688689,-1.5034837394062694,0.1476052388734725
Composition,p99p100,Egypt,gdp_x_debt,-0.12385018113715396,0.08475241218765701,-1.4613174768752006,0.15873107460423863
Composition,p99p100,Egypt,"L(gdp_x_debt, 1)",-0.22198399274297556,0.10911150299172667,-2.0344692049545627,0.0547263832903694
Composition,p99p100,Egypt,"L(gdp_x_debt, 2)",-0.13843316928109314,0.058839211565639704,-2.3527366461506745,0.028463029323876957
Composition,p99p100,Egypt,military_exp,-0.00627229011014012,0.3282329462632507,-0.019109264263525796,0.9849343416381056
Composition,p99p100,Egypt,"L(military_exp, 1)",0.09307990229849038,0.4039203659598869,0.23044122095030506,0.8199790029765364
Composition,p99p100,Egypt,"L(military_exp, 2)",-0.5030703323003093,0.2592172344465516,-1.9407287226653833,0.06583403699440431
Composition,p99p100,Egypt,nonmil_g,-0.0322050625576175,0.0508639164523629,-0.6331612821788796,0.533463580792016
Composition,p99p100,Egypt,"L(nonmil_g, 1)",0.058946140449737006,0.07443250803863351,0.7919408065511048,0.43725005914786164
Composition,p99p100,Egypt,"L(nonmil_g, 2)",-0.07261721172876008,0.047656999047569704,-1.5237470503813277,0.14249044571129754
Composition,p99p100,El Salvador,(Intercept),0.5520536311436492,0.17471436979818145,3.159749434355888,0.003372079061804683
Composition,p99p100,El Salvador,"L(p99p100, 1)",-0.06442294192844808,0.1641255342774576,-0.3925223592542265,0.6971962600119576
Composition,p99p100,El Salvador,public_debt,0.04151162184424934,0.043311463222929156,0.9584442259681734,0.34480861565463805
Composition,p99p100,El Salvador,growth,4.4394128945669754e-4,0.31150058251139684,0.0014251700137365075,0.998871459941625
Composition,p99p100,El Salvador,life_exp,-0.0025997356091272614,0.0017363765198707868,-1.4972188228626369,0.14384095829866134
Composition,p99p100,El Salvador,gdp_x_debt,-0.27971671170185763,0.5223244384618474,-0.5355229261827641,0.595879324605928
Composition,p99p100,El Salvador,military_exp,-0.7583696299459703,0.7454337714429705,-1.0173534645176583,0.31638646727713615
Composition,p99p100,El Salvador,nonmil_g,-1.065372908040582,0.4211905340674844,-2.5294322209764686,0.01638337107125741
Composition,p99p100,Finland,(Intercept),0.1891652389300889,0.10380557334247455,1.8223033006715006,0.0774821629691674
Composition,p99p100,Finland,"L(p99p100, 1)",1.0120863807019964,0.13113758969398265,7.717744264354409,6.881842781482076e-9
Composition,p99p100,Finland,public_debt,0.061805173486930015,0.013613348496319495,4.540041967164777,7.104701515808743e-5
Composition,p99p100,Finland,growth,0.020711531632951054,0.07419957866787265,0.2791327390908602,0.7818849081365102
Composition,p99p100,Finland,life_exp,-0.0029444024005953733,0.0016546936989944336,-1.7794244350991986,0.0843824496376617
Composition,p99p100,Finland,gdp_x_debt,-0.14765545153431844,0.17354371875983993,-0.8508256742997008,0.4009978591968215
Composition,p99p100,Finland,military_exp,1.6341038409205773,1.2941617787112962,1.2626735449935707,0.21555644692672057
Composition,p99p100,Finland,nonmil_g,-0.051440381600763085,0.11721379692770026,-0.43885944273686917,0.6636234419003817
Composition,p99p100,France,(Intercept),0.5151312275847415,0.18777554199698135,2.7433350590090306,0.013860245390553838
Composition,p99p100,France,"L(p99p100, 1)",0.9212578208456215,0.21076755798278046,4.370965957298265,4.163436586206524e-4
Composition,p99p100,France,"L(p99p100, 2)",-0.032182450539044026,0.2140747429888541,-0.15033277671957604,0.8822713648613362
Composition,p99p100,France,public_debt,0.02675002163612182,0.023531277539440495,1.1367857776224188,0.2713986663688957
Composition,p99p100,France,growth,0.09226655120547811,0.09162419655676225,1.0070107534129145,0.32804890037782963
Composition,p99p100,France,"L(growth, 1)",0.2929415225399815,0.10190482467536308,2.8746580299137126,0.010511782155567626
Composition,p99p100,France,"L(growth, 2)",-0.10796957720818923,0.08877384566776181,-1.2162318349062842,0.24051496574727593
Composition,p99p100,France,"L(growth, 3)",-0.07559402902940375,0.09014541732226226,-0.838578723965096,0.4133420971355457
Composition,p99p100,France,life_exp,-0.013047878208562225,0.0056139694653418145,-2.3241804732131346,0.03276396052425896
Composition,p99p100,France,"L(life_exp, 1)",-0.0027108960878855794,0.006056351870596134,-0.4476120519098476,0.6600844850210684
Composition,p99p100,France,"L(life_exp, 2)",-0.0010889280128680288,0.005438543914008953,-0.20022418317945315,0.8436809421672414
Composition,p99p100,France,"L(life_exp, 3)",0.011817774554627482,0.006301785012700922,1.8753058904436393,0.07803423869648962
Composition,p99p100,France,gdp_x_debt,-0.13925231019830675,0.11188103198474675,-1.2446462794273443,0.23014810260993993
Composition,p99p100,France,"L(gdp_x_debt, 1)",-0.7097956109126021,0.20304912311384413,-3.4956841971419843,0.0027698410042080865
Composition,p99p100,France,"L(gdp_x_debt, 2)",0.27871027171030266,0.1594141818462348,1.7483405082437182,0.09843886257262535
Composition,p99p100,France,"L(gdp_x_debt, 3)",-0.17099684500967716,0.17209687470014226,-0.9936080786337244,0.3343468943259281
Composition,p99p100,France,military_exp,-3.570685008374673,1.7254884100673789,-2.0693764081760717,0.05406342495857797
Composition,p99p100,France,"L(military_exp, 1)",1.5282746109074474,1.7756321639687909,0.8606932459995182,0.40138337381409583
Composition,p99p100,France,"L(military_exp, 2)",1.7252537297190174,1.8694093705532462,0.9228870663082391,0.3689799061160298
Composition,p99p100,France,"L(military_exp, 3)",-2.3402796144021782,1.5915620819150078,-1.4704293605602206,0.15971189023739327
Composition,p99p100,France,nonmil_g,0.16506142622929687,0.20575133615080463,0.8022374450502511,0.433487868114141
Composition,p99p100,France,"L(nonmil_g, 1)",-0.437247340725492,0.15995513053130275,-2.7335624638806064,0.014146836237996382
Composition,p99p100,Germany,(Intercept),-0.26244627079388644,0.11945917239756586,-2.196953699967489,0.03678706599990919
Composition,p99p100,Germany,"L(p99p100, 1)",1.3626979524512854,0.13644804053277443,9.986936764577203,1.4602154259452312e-10
Composition,p99p100,Germany,"L(p99p100, 2)",-0.7999640694656225,0.12983673137912094,-6.161307828442951,1.3846000210255614e-6
Composition,p99p100,Germany,public_debt,0.07724771742076289,0.026590468954394778,2.905090450012378,0.0072412283496672706
Composition,p99p100,Germany,"L(public_debt, 1)",-0.0603357057959381,0.03055409745727637,-1.974717331457923,0.05860836628253701
Composition,p99p100,Germany,growth,-0.003615861936707786,0.1139075771787178,-0.03174382272247438,0.9749098460355026
Composition,p99p100,Germany,life_exp,5.835755239997925e-4,0.004086731903115911,0.14279760401088407,0.8875103592042135
Composition,p99p100,Germany,"L(life_exp, 1)",-0.006464747948323692,0.004068468959268535,-1.58898790012791,0.12370592864802692
Composition,p99p100,Germany,"L(life_exp, 2)",0.009524455692577658,0.00424790711079305,2.2421525339803203,0.03336605123353985
Composition,p99p100,Germany,gdp_x_debt,-0.001956991641644004,0.17797124622837315,-0.01099611135572309,0.9913073981650267
Composition,p99p100,Germany,"L(gdp_x_debt, 1)",0.14001998287577122,0.05184346059857071,2.700822461678638,0.011798588400308223
Composition,p99p100,Germany,military_exp,1.0362569493088587,0.4227236203963808,2.4513817049948097,0.020987311943778345
Composition,p99p100,Germany,nonmil_g,0.013516773527385095,0.0976106701302333,0.1384763930966856,0.8908915720612562
Composition,p99p100,Ghana,(Intercept),0.015661517267424374,0.010708424799760387,1.4625416492418957,0.1551366158740315
Composition,p99p100,Ghana,"L(p99p100, 1)",1.0842179025859164,0.07640700881511385,14.190032032394527,4.894312604323345e-14
Composition,p99p100,Ghana,public_debt,0.013012649430149814,0.00418019271578862,3.1129305070077122,0.004348392607305056
Composition,p99p100,Ghana,growth,-0.002012484122543349,0.011417742013916333,-0.17625937948943535,0.8614055763145849
Composition,p99p100,Ghana,"L(growth, 1)",-0.019944719361510817,0.012555017831699619,-1.5885855065178214,0.12379695364590598
Composition,p99p100,Ghana,life_exp,0.00487297826763755,0.001965791331761423,2.4788888774228024,0.01971917855665881
Composition,p99p100,Ghana,"L(life_exp, 1)",0.0024517410911814347,0.0027911912218999313,0.8783852112835763,0.38748489104593953
Composition,p99p100,Ghana,"L(life_exp, 2)",-0.007997761293439107,0.0019463931783055988,-4.10901629875287,3.314943889062699e-4
Composition,p99p100,Ghana,gdp_x_debt,0.004102720361020816,0.028748003257485968,0.14271322861188523,0.8875763598429485
Composition,p99p100,Ghana,"L(gdp_x_debt, 1)",0.06481766808373811,0.030749346800007425,2.1079364223672696,0.044459764419347014
Composition,p99p100,Ghana,"L(gdp_x_debt, 2)",0.026816873189534532,0.01510420977368345,1.775456881978588,0.08709699910884712
Composition,p99p100,Ghana,military_exp,0.33069478818485903,0.30309491920584136,1.0910601505671356,0.2848876417414107
Composition,p99p100,Ghana,nonmil_g,0.014211894343476616,0.022198123038608714,0.6402295508840173,0.5274196840373784
Composition,p99p100,Greece,(Intercept),1.0190134719548416,0.24179171710756991,4.214426714631817,2.667525272174507e-4
Composition,p99p100,Greece,"L(p99p100, 1)",0.8956395521424528,0.13627870334281322,6.572116773737157,5.722149992096528e-7
Composition,p99p100,Greece,"L(p99p100, 2)",-0.43076804579202127,0.12444410727452596,-3.4615383180960038,0.0018700635126721692
Composition,p99p100,Greece,public_debt,-0.011501534415014272,0.01579161843018638,-0.7283315808231903,0.4729199660131781
Composition,p99p100,Greece,"L(public_debt, 1)",-0.007903142032881269,0.01847106514973284,-0.42786606883878475,0.6722719243176685
Composition,p99p100,Greece,"L(public_debt, 2)",0.06104674667869299,0.016083723889751912,3.795560474498709,7.949901231288832e-4
Composition,p99p100,Greece,growth,0.018601392906862364,0.08681497836020478,0.2142647876923169,0.8320121372345067
Composition,p99p100,Greece,life_exp,-6.993613830223784e-4,0.004696269552845674,-0.1489184926786421,0.8827670073766767
Composition,p99p100,Greece,"L(life_exp, 1)",-0.0037114814702262785,0.004818708840062763,-0.7702232264728277,0.44810985849507723
Composition,p99p100,Greece,"L(life_exp, 2)",-0.008464034821269891,0.005409013556795891,-1.5648019241208349,0.1297206755183721
Composition,p99p100,Greece,gdp_x_debt,-0.020671824369263268,0.06999669555208622,-0.29532571796736984,0.7700906736608522
Composition,p99p100,Greece,military_exp,0.06387312202232166,0.3669729288551968,0.1740540432276007,0.8631711400001616
Composition,p99p100,Greece,"L(military_exp, 1)",-0.6539153638691708,0.351468075744746,-1.8605256323310497,0.07415806804544048
Composition,p99p100,Greece,nonmil_g,0.13814450879840548,0.10297543693198409,1.341528746215962,0.19134966586661956
Composition,p99p100,Guatemala,(Intercept),0.09163861765113498,0.05045535521204602,1.816231741229653,0.07842904723611609
Composition,p99p100,Guatemala,"L(p99p100, 1)",0.433295334746237,0.15229965751746505,2.845018444618292,0.007572141104516096
Composition,p99p100,Guatemala,public_debt,-0.01379446695156303,0.019723712701188695,-0.6993849059022075,0.4892122818011154
Composition,p99p100,Guatemala,growth,-0.14794716799146676,0.12106798456696376,-1.2220172700540488,0.23035849518293128
Composition,p99p100,Guatemala,life_exp,5.690082919349531e-4,5.514344471213132e-4,1.031869327180015,0.30963688479222257
Composition,p99p100,Guatemala,gdp_x_debt,0.23159891746136652,0.3002583236693186,0.7713322136455798,0.44599827214858156
Composition,p99p100,Guatemala,military_exp,-0.27675007025904225,0.6358702158786107,-0.4352304343688187,0.6662285613003733
Composition,p99p100,Guatemala,nonmil_g,0.11419851336287222,0.10412290974443594,1.0967664430735398,0.28068272521047644
Composition,p99p100,Guyana,(Intercept),0.13433811697729056,0.07254648954165904,1.8517521361271152,0.07302656850851241
Composition,p99p100,Guyana,"L(p99p100, 1)",0.44237192651106605,0.15693344891870206,2.8188504717068494,0.008085380370665059
Composition,p99p100,Guyana,public_debt,-0.001534724992812164,0.001973113887461283,-0.777818757733658,0.4422169817922257
Composition,p99p100,Guyana,growth,0.007296747456946377,0.03287122959524395,0.22197975393053512,0.8256976901947316
Composition,p99p100,Guyana,life_exp,-1.1966447201903291e-4,0.001131076016438993,-0.10579702007631357,0.9163839036466992
Composition,p99p100,Guyana,gdp_x_debt,-0.0036642908206108737,0.02278729998970755,-0.16080408044243688,0.8732280955657238
Composition,p99p100,Guyana,military_exp,-0.08384940848152377,0.10330532567864073,-0.8116658839289672,0.4227995816945491
Composition,p99p100,Guyana,nonmil_g,0.02495296980793655,0.03444520198612281,0.7244251265528806,0.4739099292301828
Composition,p99p100,Honduras,(Intercept),-0.31827332949922477,0.2251095274762973,-1.4138598799765907,0.23029592130007184
Composition,p99p100,Honduras,"L(p99p100, 1)",0.24616842962858498,0.28126260523476104,0.8752263011398759,0.4308591366293675
Composition,p99p100,Honduras,"L(p99p100, 2)",-0.5601491114759528,0.26988329999630506,-2.0755234261757645,0.10656149687824555
Composition,p99p100,Honduras,"L(p99p100, 3)",0.2865109253847281,0.31351247112896735,0.9138740935982358,0.41248581136446955
Composition,p99p100,Honduras,public_debt,0.01935483840946204,0.028374097223809888,0.6821305452220904,0.5326093159156876
Composition,p99p100,Honduras,"L(public_debt, 1)",0.02430679824216065,0.03728327253246476,0.65194916087356,0.5499985142593793
Composition,p99p100,Honduras,"L(public_debt, 2)",0.07738435213829815,0.03595907051550051,2.1520120244749057,0.09776069244952895
Composition,p99p100,Honduras,"L(public_debt, 3)",0.044385182343996216,0.02796935487712301,1.5869219200440055,0.1877196706229378
Composition,p99p100,Honduras,growth,0.10912252201792894,0.15024082557403995,0.7263173747947254,0.5078666813306998
Composition,p99p100,Honduras,"L(growth, 1)",0.18735214157123173,0.21129280505582199,0.8866943742913285,0.42533810125327526
Composition,p99p100,Honduras,"L(growth, 2)",0.46863499455182733,0.20778004423524843,2.2554379381170944,0.08711908588733545
Composition,p99p100,Honduras,"L(growth, 3)",0.4164844702061153,0.15202015429858012,2.739666145767129,0.0519233602234229
Composition,p99p100,Honduras,life_exp,0.014053827396079218,0.011166728503268013,1.2585447377865664,0.2766429186015823
Composition,p99p100,Honduras,"L(life_exp, 1)",-0.006379363719926411,0.01020582158999015,-0.625071060049029,0.5658137516548318
Composition,p99p100,Honduras,"L(life_exp, 2)",0.012904684423974886,0.008283476470961384,1.5578826678887352,0.19425917467691065
Composition,p99p100,Honduras,"L(life_exp, 3)",-0.015739650001317412,0.006824992098949212,-2.3061784941466406,0.08237747854802371
Composition,p99p100,Honduras,gdp_x_debt,-0.23256227666486579,0.3619665010524623,-0.642496684054083,0.5555252846830108
Composition,p99p100,Honduras,"L(gdp_x_debt, 1)",-0.23479410855215876,0.4998976884033811,-0.4696843254107968,0.6630412282077103
Composition,p99p100,Honduras,"L(gdp_x_debt, 2)",-1.0464221599726882,0.5253412965767396,-1.99189016129409,0.11719721476374899
Composition,p99p100,Honduras,"L(gdp_x_debt, 3)",-0.82346277581707,0.39905603496178116,-2.0635266821511307,0.1080197007829469
Composition,p99p100,Honduras,military_exp,0.2848768828376684,1.5045957762129791,0.18933781906173805,0.8590473029109662
Composition,p99p100,Honduras,"L(military_exp, 1)",-2.183386657340651,1.6759086772139522,-1.3028076571393707,0.2625804761082571
Composition,p99p100,Honduras,"L(military_exp, 2)",2.054712059596967,2.212008354204205,0.9288898279663924,0.4055253073947918
Composition,p99p100,Honduras,"L(military_exp, 3)",-1.7021935524589717,1.5883084697544785,-1.0717021188724742,0.3442097629419771
Composition,p99p100,Honduras,nonmil_g,0.026797536832406623,0.4275184793033858,0.06268158718208276,0.953027250403756
Composition,p99p100,Honduras,"L(nonmil_g, 1)",0.9748597524634522,0.5820566964936851,1.6748535981735395,0.1692740605438764
Composition,p99p100,Honduras,"L(nonmil_g, 2)",0.24705276247563615,0.4012297728936001,0.6157388587938879,0.57137656948912
Composition,p99p100,Honduras,"L(nonmil_g, 3)",0.17987440563515764,0.30954864152347983,0.5810860766498109,0.5923513008820344
Composition,p99p100,Iceland,(Intercept),-0.3086116221181791,0.2242226538304757,-1.3763623650244812,0.17770711617413332
Composition,p99p100,Iceland,"L(p99p100, 1)",0.5335153259797835,0.14744531096914115,3.6183946608613615,9.520554853407007e-4
Composition,p99p100,Iceland,public_debt,-0.002638263160503898,0.013019257825806771,-0.20264313033837714,0.8406217604408204
Composition,p99p100,Iceland,growth,-0.09942756514180505,0.08943745430087761,-1.1116994095932067,0.2740668561588111
Composition,p99p100,Iceland,life_exp,0.005389630474597133,0.003448552569156074,1.562867425250263,0.12734483927842344
Composition,p99p100,Iceland,gdp_x_debt,0.023541605446323607,0.1147289652883877,0.20519321678835337,0.8386447338044744
Composition,p99p100,Iceland,nonmil_g,-0.3699438538336938,0.2692756063870817,-1.3738483734092952,0.17847937507926817
Composition,p99p100,India,(Intercept),-0.4684050577108818,0.2915049375000795,-1.6068511968540982,0.13638815139169952
Composition,p99p100,India,"L(p99p100, 1)",0.4738268969001624,0.21790471494665503,2.1744683083895606,0.05236774857474986
Composition,p99p100,India,"L(p99p100, 2)",0.2052069790705871,0.2452579961651832,0.8366984248390359,0.42056749264886684
Composition,p99p100,India,"L(p99p100, 3)",-0.24099706956470043,0.1402846993516214,-1.7179141465787728,0.11379461138719321
Composition,p99p100,India,public_debt,0.0036730323111798966,0.036655877895108706,0.10020309216683689,0.9219860480919652
Composition,p99p100,India,"L(public_debt, 1)",0.10126528560710919,0.03302421533506855,3.0663949038503016,0.010728751662721437
Composition,p99p100,India,"L(public_debt, 2)",-0.037180486048473745,0.03624264191044281,-1.0258768149504218,0.3269807445434545
Composition,p99p100,India,"L(public_debt, 3)",-0.05135645634397702,0.0250127309097386,-2.05321268314535,0.0646170094557862
Composition,p99p100,India,growth,0.20317798492066394,0.3960689617242811,0.5129863850884231,0.6181056435020302
Composition,p99p100,India,"L(growth, 1)",0.1252522620801228,0.3300959661681264,0.3794419651172853,0.7115826930693385
Composition,p99p100,India,"L(growth, 2)",0.49259412043813444,0.16685986655451604,2.952142600912337,0.013158880301392641
Composition,p99p100,India,"L(growth, 3)",-0.707443423833729,0.24521440296565475,-2.884999475062707,0.014837984433514825
Composition,p99p100,India,life_exp,0.03908224265875263,0.02057248554332317,1.8997336309436286,0.08398829108826099
Composition,p99p100,India,"L(life_exp, 1)",-0.02084974906380035,0.04155243786694441,-0.5017695744005105,0.6257206619122235
Composition,p99p100,India,"L(life_exp, 2)",-0.011921899772907238,0.0484584972983677,-0.24602289459167404,0.810194805817168
Composition,p99p100,India,"L(life_exp, 3)",0.0015103793404654972,0.02631521127478287,0.0573956760101277,0.9552593454391642
Composition,p99p100,India,gdp_x_debt,-0.20932508874719732,0.5458594611834751,-0.38347798954214457,0.7086733645941328
Composition,p99p100,India,"L(gdp_x_debt, 1)",-0.05694954639386147,0.4454706109436296,-0.12784130983012915,0.9005817770915989
Composition,p99p100,India,"L(gdp_x_debt, 2)",-0.6170297376043027,0.24736773403392437,-2.494382462668645,0.029802429778281576
Composition,p99p100,India,"L(gdp_x_debt, 3)",1.078200335029672,0.352533270363433,3.0584356872704115,0.010882317430025726
Composition,p99p100,India,military_exp,1.0513892272796561,0.850700403902797,1.235910107079002,0.24223423419769893
Composition,p99p100,India,"L(military_exp, 1)",-0.6145120170333909,0.8427150688149088,-0.7292049706641242,0.48111486942907145
Composition,p99p100,India,"L(military_exp, 2)",-0.4216347826683352,0.9130568708527246,-0.46178370277698133,0.6532348127398657
Composition,p99p100,India,"L(military_exp, 3)",-1.3578925765602656,0.9998440642116485,-1.358104353633313,0.20163334174969494
Composition,p99p100,India,nonmil_g,0.15071485216623304,0.35460816078004015,0.42501800250367033,0.6790184626146221
Composition,p99p100,India,"L(nonmil_g, 1)",-0.4992299832499124,0.3256005803879718,-1.5332588862558267,0.15345510330387566
Composition,p99p100,India,"L(nonmil_g, 2)",0.488308489716044,0.37112614229595975,1.3157480275982163,0.21502082724419244
Composition,p99p100,India,"L(nonmil_g, 3)",0.4053364071893379,0.4980980994080957,0.8137682269235936,0.4330402631123855
Composition,p99p100,Indonesia,(Intercept),-0.5581553174973346,0.26080734245592635,-2.140105843038744,0.040596208177594864
Composition,p99p100,Indonesia,"L(p99p100, 1)",0.1722681413689685,0.19402032673782196,0.8878870800055553,0.3816650818420556
Composition,p99p100,Indonesia,public_debt,0.020368035376348636,0.027525295054567564,0.7399751877671064,0.4650668939475098
Composition,p99p100,Indonesia,growth,0.1631934431174257,0.08210479875116167,1.9876236906934353,0.05604826199935373
Composition,p99p100,Indonesia,life_exp,0.0023220633021878725,0.00482578902857633,0.48117795627566234,0.63388114393751
Composition,p99p100,Indonesia,"L(life_exp, 1)",0.006732883662827825,0.004136784392859724,1.6275645582228275,0.11407621551887642
Composition,p99p100,Indonesia,gdp_x_debt,-0.04195829546819124,0.16443585609325176,-0.25516512313711337,0.8003368169950511
Composition,p99p100,Indonesia,military_exp,0.8471271419514581,1.731036413056105,0.48937569167356487,0.6281349596059926
Composition,p99p100,Indonesia,"L(military_exp, 1)",2.4181600162090024,1.3994728769238487,1.7279077401802228,0.09428726411787264
Composition,p99p100,Indonesia,nonmil_g,0.5863038075142821,0.22515539871598722,2.6039962215334236,0.014192365395234614
Composition,p99p100,Indonesia,"L(nonmil_g, 1)",-0.2733919886024518,0.1779723515840428,-1.536148655502535,0.13498277428886435
Composition,p99p100,Iran,(Intercept),0.4127716333033681,0.0971010337337065,4.2509499377253634,1.6416243421511612e-4
Composition,p99p100,Iran,"L(p99p100, 1)",0.20612237907218894,0.17426603039645186,1.1828029742989181,0.24533916810056017
Composition,p99p100,Iran,public_debt,-0.015415386065239234,0.013034862912174235,-1.1826274023059844,0.2454078122350268
Composition,p99p100,Iran,growth,0.06352839766622624,0.0484253141614996,1.3118840582914442,0.19861262301743735
Composition,p99p100,Iran,life_exp,-0.0035602311313500273,8.763662923008341e-4,-4.062492091067203,2.8166730750268573e-4
Composition,p99p100,Iran,gdp_x_debt,-0.14215005027980968,0.13368851261616535,-1.0632929299463323,0.2953683603587799
Composition,p99p100,Iran,military_exp,-0.0652693760286924,0.1756388414277826,-0.3716112876748233,0.712557748684917
Composition,p99p100,Iran,nonmil_g,-0.057177439726307434,0.07464158753162808,-0.7660265760301451,0.4491054347230766
Composition,p99p100,Ireland,(Intercept),0.08148554149556404,0.13125000935100664,0.6208421766862074,0.5391007460994061
Composition,p99p100,Ireland,"L(p99p100, 1)",0.47617566180403353,0.21727825297466918,2.1915477287068725,0.035805662982507376
Composition,p99p100,Ireland,public_debt,-0.03655570901545954,0.0191305608578997,-1.910854014526415,0.06501738962221086
Composition,p99p100,Ireland,"L(public_debt, 1)",0.03281805351267345,0.01652947414901091,1.9854263491278226,0.055722754719072114
Composition,p99p100,Ireland,growth,0.030801741654601315,0.06784435234423457,0.45400597972130036,0.6528889329735168
Composition,p99p100,Ireland,life_exp,-9.868797846047075e-5,0.001566971631987488,-0.06298006705794579,0.9501741378854289
Composition,p99p100,Ireland,gdp_x_debt,-0.06016726763784521,0.09374426014304543,-0.6418234838702156,0.5255591019588558
Composition,p99p100,Ireland,military_exp,-0.7321248811636468,1.7705950618323183,-0.4134908635778075,0.6820050638489055
Composition,p99p100,Ireland,nonmil_g,-0.05979724092229582,0.09754760970800444,-0.6130057015368265,0.5442051235701891
Composition,p99p100,Italy,(Intercept),-0.07950184779519476,0.06465144999200335,-1.2296993772765843,0.22777453068743678
Composition,p99p100,Italy,"L(p99p100, 1)",0.5553516244793726,0.16297322373797324,3.4076249566754693,0.0017859886512287062
Composition,p99p100,Italy,public_debt,-0.0168990652052019,0.019011150748572868,-0.888902803870012,0.38068890970755487
Composition,p99p100,Italy,"L(public_debt, 1)",0.03561703105618025,0.021814161210152897,1.632748136087081,0.11232492367009705
Composition,p99p100,Italy,growth,-0.0329788989821156,0.052238215433462756,-0.6313174887094243,0.5323169880742121
Composition,p99p100,Italy,life_exp,0.0010770548308321312,9.165601359726377e-4,1.175105471600267,0.24862249527035132
Composition,p99p100,Italy,gdp_x_debt,0.018960415771279326,0.051874319509843336,0.36550678544672804,0.7171381806647978
Composition,p99p100,Italy,military_exp,0.8041880823575203,0.4990684983619422,1.6113781675201917,0.11691846739763713
Composition,p99p100,Italy,nonmil_g,-0.03590279515541742,0.054914967986839654,-0.6537888752666033,0.5179188117409099
Composition,p99p100,Jamaica,(Intercept),-0.11367748499551697,0.07698918012638319,-1.4765384539607687,0.14957345850256248
Composition,p99p100,Jamaica,"L(p99p100, 1)",0.30639260013850333,0.14747107654904099,2.0776453750007957,0.04584836216003405
Composition,p99p100,Jamaica,public_debt,0.0053407568002538375,0.0028942054741828587,1.8453274475136325,0.07426132964258274
Composition,p99p100,Jamaica,growth,0.0655177104572976,0.07542520169512748,0.8686448161202608,0.39150986214188643
Composition,p99p100,Jamaica,life_exp,0.0032899828998569866,0.001246708878074083,2.6389343636818845,0.012740473715274186
Composition,p99p100,Jamaica,gdp_x_debt,-0.025951255465393345,0.04222588530252147,-0.6145816785005025,0.5431765742312171
Composition,p99p100,Jamaica,military_exp,0.8103358125993385,0.37365409776631114,2.1686790468604324,0.03764848293578513
Composition,p99p100,Jamaica,nonmil_g,0.03609557008606537,0.06906260129693588,0.5226500219832703,0.6048178608767936
Composition,p99p100,Jamaica,"L(nonmil_g, 1)",0.08717010520675496,0.06210956669165969,1.4034891861266277,0.1701010556293671
Composition,p99p100,Japan,(Intercept),0.16510608009092728,0.23050510103627636,0.7162795068250714,0.4791803798540948
Composition,p99p100,Japan,"L(p99p100, 1)",0.6903626207713809,0.13371415045663929,5.162973540300442,1.3460272688833922e-5
Composition,p99p100,Japan,public_debt,0.01436213696044214,0.01527709263623428,0.9401093062941804,0.3544297289352
Composition,p99p100,Japan,growth,0.15734178643622007,0.10897727832078791,1.4438035970495182,0.15882520786123164
Composition,p99p100,Japan,"L(growth, 1)",-0.14705363109605155,0.10252857621152171,-1.4342697083071978,0.16150669977643964
Composition,p99p100,Japan,life_exp,-0.0022434058164576528,0.002784226568931798,-0.8057554803517166,0.4265216845150077
Composition,p99p100,Japan,gdp_x_debt,-0.05219573296331174,0.0791142743396172,-0.659751143507288,0.5142856407581742
Composition,p99p100,Japan,"L(gdp_x_debt, 1)",0.09833612648803014,0.07410216641014619,1.3270344343747256,0.19418920274651258
Composition,p99p100,Japan,military_exp,4.39811437794425,5.4435716207619285,0.8079464521362635,0.4252781400576585
Composition,p99p100,Japan,nonmil_g,-0.05724179358938902,0.16063038817833356,-0.35635718893886115,0.72398711671694
Composition,p99p100,Jordan,(Intercept),0.2513637017093037,0.11045378764551463,2.2757363696392106,0.030430282472588003
Composition,p99p100,Jordan,"L(p99p100, 1)",0.4365360394045782,0.09351126019656662,4.6682724464086105,6.372688259880324e-5
Composition,p99p100,Jordan,public_debt,-0.010743401757704793,0.01201397993992161,-0.8942416927137713,0.37855452308276993
Composition,p99p100,Jordan,"L(public_debt, 1)",0.02810889112453553,0.01154662349440439,2.434381889922832,0.021305880219275337
Composition,p99p100,Jordan,growth,0.04174709975860947,0.034278219996679946,1.2178899535230514,0.2330825158223429
Composition,p99p100,Jordan,"L(growth, 1)",0.06285485568127666,0.02804637092161898,2.2411047709857628,0.03284189457004401
Composition,p99p100,Jordan,life_exp,-0.0018370497244406725,0.0013115027361974162,-1.4007212289674915,0.17190737150138694
Composition,p99p100,Jordan,gdp_x_debt,-0.05398982133519603,0.04039357055705599,-1.3365944280398614,0.19174750896604442
Composition,p99p100,Jordan,"L(gdp_x_debt, 1)",-0.06371817753235687,0.02660919162388217,-2.3945927570068983,0.02332324126001811
Composition,p99p100,Jordan,military_exp,0.26734754121334797,0.11835151402379895,2.258927935299483,0.031580041435036184
Composition,p99p100,Jordan,nonmil_g,-0.12581181982936157,0.058807582425252566,-2.139380920636804,0.04095102183084181
Composition,p99p100,Jordan,"L(nonmil_g, 1)",-0.09960876029408781,0.07206695272746254,-1.3821697258489734,0.17747364123853027
Composition,p99p100,Kenya,(Intercept),0.5066906411655144,0.1883112316397099,2.6907085506983996,0.021002540172353416
Composition,p99p100,Kenya,"L(p99p100, 1)",2.7591554925266886,0.4263454599513521,6.4716427210026355,4.603193127896079e-5
Composition,p99p100,Kenya,"L(p99p100, 2)",-3.1886144045315636,0.8736339806313232,-3.649828732883469,0.0038218767756147075
Composition,p99p100,Kenya,"L(p99p100, 3)",0.9261965157143339,0.6825682871948519,1.3569287250667914,0.2019953685866606
Composition,p99p100,Kenya,public_debt,0.4299783139516292,0.12621633097289933,3.4066773343613708,0.005859545310242919
Composition,p99p100,Kenya,"L(public_debt, 1)",-0.024569883553645696,0.19719683026955842,-0.12459573270046921,0.9030913728346688
Composition,p99p100,Kenya,"L(public_debt, 2)",0.14294917763920983,0.1321492075536449,1.0817255758509243,0.30251846525351817
Composition,p99p100,Kenya,"L(public_debt, 3)",0.0014088923650329391,0.08335104244345312,0.016903116310617923,0.9868166004057197
Composition,p99p100,Kenya,growth,-0.5043722206535376,0.5711427280816803,-0.8830931321625901,0.3960755615984527
Composition,p99p100,Kenya,"L(growth, 1)",2.390081523427423,0.6486545702527802,3.6846753773676646,0.0035963833417261516
Composition,p99p100,Kenya,"L(growth, 2)",1.7294297820098952,0.8191704170836388,2.111196578810679,0.058455502883341615
Composition,p99p100,Kenya,"L(growth, 3)",0.2576812758843691,0.541819037723864,0.47558549615913537,0.643674045293101
Composition,p99p100,Kenya,life_exp,-0.015210602201392866,0.007916074288794907,-1.9214830036301278,0.0809487900215549
Composition,p99p100,Kenya,"L(life_exp, 1)",-0.005594630367877455,0.01319281243156028,-0.4240665435744236,0.6796916306419871
Composition,p99p100,Kenya,"L(life_exp, 2)",0.020098958835268965,0.011786393692359662,1.705267901266338,0.11618673925636416
Composition,p99p100,Kenya,"L(life_exp, 3)",-0.012324726134101634,0.008403841986772607,-1.4665585280518578,0.1704934103610261
Composition,p99p100,Kenya,gdp_x_debt,2.0935502924016536,1.4102651529091872,1.4845082771016083,0.16575572660719057
Composition,p99p100,Kenya,"L(gdp_x_debt, 1)",-5.151168514952382,1.5183289572617553,-3.3926564400393877,0.00600659149773356
Composition,p99p100,Kenya,"L(gdp_x_debt, 2)",-3.7616253995840063,1.6733366438092176,-2.2479788591857797,0.046052794005139557
Composition,p99p100,Kenya,"L(gdp_x_debt, 3)",-0.6371148317582943,1.1826105503816235,-0.5387359613464466,0.6008015785087236
Composition,p99p100,Kenya,military_exp,0.6763184249054633,1.5041158334738975,0.4496451734993322,0.6616975321076297
Composition,p99p100,Kenya,"L(military_exp, 1)",5.882253182986576,1.9020576639382765,3.0925735294518706,0.010238932006072633
Composition,p99p100,Kenya,"L(military_exp, 2)",0.035056345667310564,2.4755826701011374,0.014160846289119632,0.9889552326825922
Composition,p99p100,Kenya,"L(military_exp, 3)",-0.7494210940999841,1.487781281483081,-0.5037172489177513,0.6243950896743766
Composition,p99p100,Kenya,nonmil_g,-1.124458592007342,0.4108180828719156,-2.737120489308949,0.019330703560886467
Composition,p99p100,Kenya,"L(nonmil_g, 1)",1.0231248431504731,0.5441136156813262,1.8803514811320066,0.0867852960993553
Composition,p99p100,Kenya,"L(nonmil_g, 2)",0.0851605747930617,0.5126431987748955,0.16612055908783485,0.8710760740134017
Composition,p99p100,Kenya,"L(nonmil_g, 3)",-0.034234850776514815,0.39779586425675756,-0.08606135420859456,0.9329641742373305
Composition,p99p100,Lebanon,(Intercept),0.6937771912159267,0.1745404235008791,3.9748797287204503,0.0021778194833112097
Composition,p99p100,Lebanon,"L(p99p100, 1)",-0.16202076994456469,0.21864801677291726,-0.7410118433081224,0.47420847084244444
Composition,p99p100,Lebanon,"L(p99p100, 2)",-0.5296504793991608,0.2560165182770596,-2.0688136959427594,0.06290161800529907
Composition,p99p100,Lebanon,"L(p99p100, 3)",-0.3765488719426803,0.21461095788817858,-1.7545649842301074,0.10710972160705715
Composition,p99p100,Lebanon,public_debt,-0.026003052779252068,0.0109422946560509,-2.3763802380219063,0.03673537859249412
Composition,p99p100,Lebanon,"L(public_debt, 1)",0.043270857308609884,0.01710445563925261,2.529800317603129,0.027983345032627543
Composition,p99p100,Lebanon,"L(public_debt, 2)",-0.003562075474985624,0.014869936589660479,-0.23954880059558853,0.8150851042700187
Composition,p99p100,Lebanon,"L(public_debt, 3)",6.627439442537143e-7,0.00753074180185226,8.800513438008271e-5,0.9999313577981435
Composition,p99p100,Lebanon,growth,0.05004806236510959,0.01927708707818117,2.596246111361744,0.024859837743523114
Composition,p99p100,Lebanon,"L(growth, 1)",0.033520912608358704,0.019533537161673966,1.7160697691828621,0.11414071497560759
Composition,p99p100,Lebanon,"L(growth, 2)",0.04217361450075989,0.0206516100685553,2.0421465619755512,0.06586032085020686
Composition,p99p100,Lebanon,"L(growth, 3)",0.06223137614828633,0.016540902027535925,3.7622722173608603,0.0031422448946683435
Composition,p99p100,Lebanon,life_exp,-0.0015153892014654875,6.384235839389487e-4,-2.373642264459957,0.03691355194524851
Composition,p99p100,Lebanon,"L(life_exp, 1)",-1.256344291988576e-4,6.808756212466985e-4,-0.18451891252739838,0.8569642003908456
Composition,p99p100,Lebanon,"L(life_exp, 2)",-7.813748645386072e-4,7.910631926954282e-4,-0.987752775952311,0.3445028978133885
Composition,p99p100,Lebanon,"L(life_exp, 3)",-5.548677536236376e-4,7.077795091986316e-4,-0.7839556619149302,0.4496179635570856
Composition,p99p100,Lebanon,gdp_x_debt,-0.050472334024360965,0.012850878008570741,-3.927539736249853,0.0023620360083219543
Composition,p99p100,Lebanon,"L(gdp_x_debt, 1)",-0.017614949468975113,0.015996775395051236,-1.1011562664325758,0.29434056084491733
Composition,p99p100,Lebanon,"L(gdp_x_debt, 2)",-0.0290535055218018,0.02129333504509411,-1.364441289270729,0.1996912071031468
Composition,p99p100,Lebanon,"L(gdp_x_debt, 3)",-0.04457955224797293,0.017495848076682096,-2.548007507414695,0.02709102776987034
Composition,p99p100,Lebanon,military_exp,0.057894427605854996,0.09377672702716644,0.6173645577231908,0.5495604897333339
Composition,p99p100,Lebanon,"L(military_exp, 1)",-0.18559022907288947,0.12204713664440328,-1.520643860852102,0.1565599585343109
Composition,p99p100,Lebanon,"L(military_exp, 2)",-0.2583571313394277,0.08533974757050965,-3.027395073157056,0.011502721124576381
Composition,p99p100,Lebanon,"L(military_exp, 3)",-0.18340430960279358,0.08145817731229925,-2.2515150185554376,0.04576816601528177
Composition,p99p100,Lebanon,nonmil_g,-0.08963967098264934,0.03614703322776713,-2.4798624666599385,0.03058118568893042
Composition,p99p100,Lebanon,"L(nonmil_g, 1)",0.011846290312862691,0.025091635427846898,0.47212109178485767,0.6460676758261724
Composition,p99p100,Lebanon,"L(nonmil_g, 2)",-0.01210825642494604,0.020510527125899593,-0.5903435026619274,0.5668905430258008
Composition,p99p100,Lebanon,"L(nonmil_g, 3)",-0.06898047420610232,0.016150807840766487,-4.2710231516709465,0.0013184068715034957
Composition,p99p100,Luxembourg,(Intercept),1.4778055253418476,0.6574945163608574,2.2476317118525944,0.04608082743258119
Composition,p99p100,Luxembourg,"L(p99p100, 1)",-0.048230184423781436,0.34033656447005284,-0.14171320233805013,0.8898686635399169
Composition,p99p100,Luxembourg,"L(p99p100, 2)",-0.14890831332645987,0.32118112258518433,-0.46362722730370337,0.6519539503297266
Composition,p99p100,Luxembourg,"L(p99p100, 3)",0.20500419203395626,0.28283874396562253,0.7248094414493418,0.48370191811197016
Composition,p99p100,Luxembourg,public_debt,-0.2685745667479619,0.2500645824976023,-1.0740208152049564,0.3058085675144684
Composition,p99p100,Luxembourg,"L(public_debt, 1)",-0.37861151789014147,0.2975764770215134,-1.2723166887373614,0.22949790490221766
Composition,p99p100,Luxembourg,"L(public_debt, 2)",0.16550965155097105,0.28223509028188687,0.5864247829200316,0.569428484936754
Composition,p99p100,Luxembourg,"L(public_debt, 3)",-0.005939304889001702,0.2078977762024972,-0.02856839066530795,0.9777205465856116
Composition,p99p100,Luxembourg,growth,0.029970288189873368,0.11636782197037626,0.25754790011883955,0.8015102555683412
Composition,p99p100,Luxembourg,"L(growth, 1)",-0.18150367186148372,0.1071419898668643,-1.6940479833072168,0.1183466581464476
Composition,p99p100,Luxembourg,"L(growth, 2)",-0.24536560158921716,0.1398231553063691,-1.7548280973318908,0.10706303865163426
Composition,p99p100,Luxembourg,"L(growth, 3)",-0.2696945881090578,0.12570636781605002,-2.145432986367963,0.05508266368389896
Composition,p99p100,Luxembourg,life_exp,-0.008441022810392681,0.010147056002161196,-0.8318691459468489,0.4231741911742368
Composition,p99p100,Luxembourg,"L(life_exp, 1)",-0.007875505987246298,0.011698925817198742,-0.6731819750210242,0.5147259484505247
Composition,p99p100,Luxembourg,"L(life_exp, 2)",0.0032090620986214317,0.008789306536899882,0.36510981670157056,0.7219523918672762
Composition,p99p100,Luxembourg,"L(life_exp, 3)",-9.078568629875692e-4,0.010896577122825551,-0.08331578373229154,0.9350973036412811
Composition,p99p100,Luxembourg,gdp_x_debt,-0.6776220770794787,0.8118902096192627,-0.8346227963473667,0.4216865336708415
Composition,p99p100,Luxembourg,"L(gdp_x_debt, 1)",0.5811346760672282,0.8646847714236999,0.6720769178233501,0.5154027137680821
Composition,p99p100,Luxembourg,"L(gdp_x_debt, 2)",1.5330926905748392,1.0639732724792983,1.4409127843995428,0.1774626739911371
Composition,p99p100,Luxembourg,"L(gdp_x_debt, 3)",1.504148240271085,1.1802159642806624,1.2744686445483375,0.22876237399424829
Composition,p99p100,Luxembourg,military_exp,-5.334828155255467,4.834200395681674,-1.1035595793713884,0.2933409115248702
Composition,p99p100,Luxembourg,"L(military_exp, 1)",-11.031411396314526,5.8653451885218955,-1.8807778641745232,0.08672285422776611
Composition,p99p100,Luxembourg,"L(military_exp, 2)",-0.8630714844305747,6.908775493366346,-0.12492394422995462,0.9028375372708862
Composition,p99p100,Luxembourg,"L(military_exp, 3)",-10.612145207231183,4.742777756005172,-2.2375379478396145,0.046903123492246804
Composition,p99p100,Luxembourg,nonmil_g,0.026367373365061193,0.53567321060613,0.04922287103965071,0.961624074169913
Composition,p99p100,Luxembourg,"L(nonmil_g, 1)",-0.5523434753759601,0.4836987977866683,-1.1419161633301536,0.2777370166854817
Composition,p99p100,Luxembourg,"L(nonmil_g, 2)",0.7832221773962176,0.56635138136564,1.3829262241890152,0.1941148461331155
Composition,p99p100,Luxembourg,"L(nonmil_g, 3)",-0.19085112958340594,0.4939937275944632,-0.3863432244631299,0.7066109254263565
Composition,p99p100,Malaysia,(Intercept),0.11953029014753742,0.10311963945745962,1.1591418548049497,0.2547174298324193
Composition,p99p100,Malaysia,"L(p99p100, 1)",0.927767834950916,0.07527223452623902,12.32549878172551,6.756902975570256e-14
Composition,p99p100,Malaysia,public_debt,-0.005184710470802666,0.00804308397054446,-0.64461722515769,0.5236313750764088
Composition,p99p100,Malaysia,growth,0.010692746229845979,0.0408815378615748,0.2615544030180983,0.7952906156942026
Composition,p99p100,Malaysia,life_exp,-0.0014536926090804032,0.001275163480795852,-1.1400048942533454,0.26249121315531543
Composition,p99p100,Malaysia,gdp_x_debt,0.021287302320700068,0.07219296181983116,0.29486672639676237,0.769942831704175
Composition,p99p100,Malaysia,military_exp,-0.04480813043733068,0.19340980837722418,-0.2316745505995096,0.8182214099941096
Composition,p99p100,Malaysia,nonmil_g,-0.001725861053837508,0.06669732593522125,-0.02587601571184014,0.9795120771565284
Composition,p99p100,Malta,(Intercept),-0.7114743645049711,0.12456799159146269,-5.711534363003508,0.004647477569389061
Composition,p99p100,Malta,"L(p99p100, 1)",1.8855839665814342,0.2737205276817495,6.888719609563857,0.002327670282555476
Composition,p99p100,Malta,"L(p99p100, 2)",0.4639507436888463,0.126535985561281,3.666551784702829,0.02145614866961302
Composition,p99p100,Malta,"L(p99p100, 3)",-1.2189305488058608,0.23581004352426002,-5.169120579380487,0.006656012295223724
Composition,p99p100,Malta,public_debt,0.0983175102605956,0.021417457724317582,4.590531309837254,0.010102772890039488
Composition,p99p100,Malta,"L(public_debt, 1)",-0.14213271617704137,0.028025811066064787,-5.07149341162667,0.007122971368842307
Composition,p99p100,Malta,"L(public_debt, 2)",0.08080608432025088,0.02066992332263755,3.909355785164072,0.01740329881145754
Composition,p99p100,Malta,"L(public_debt, 3)",0.06786022070640375,0.022638037111502977,2.997619465511089,0.04003585907714392
Composition,p99p100,Malta,growth,0.04299305117386454,0.03209465028096068,1.3395706386421993,0.25142935152782037
Composition,p99p100,Malta,"L(growth, 1)",-0.002839877055012786,0.035425685269521875,-0.08016435062319162,0.9399570955451905
Composition,p99p100,Malta,"L(growth, 2)",-0.05379292765719959,0.037622436448714616,-1.4298097820040958,0.2259937065143374
Composition,p99p100,Malta,"L(growth, 3)",0.39327532453133274,0.07170248080203243,5.48482172628238,0.005381515127834562
Composition,p99p100,Malta,life_exp,0.016684525395911365,0.002192122955730297,7.6111266260395425,0.001599403998694229
Composition,p99p100,Malta,"L(life_exp, 1)",-0.007839108808273544,0.0017658708217904169,-4.43923117792131,0.011340695447656977
Composition,p99p100,Malta,"L(life_exp, 2)",6.183611689798941e-6,0.001254196630523888,0.004930336710612909,0.9963022661931256
Composition,p99p100,Malta,"L(life_exp, 3)",-3.709481579726564e-4,0.0010995481234233417,-0.33736418631477766,0.7528024457182483
Composition,p99p100,Malta,gdp_x_debt,0.10548666181450134,0.060776175171258426,1.7356581179591388,0.157636106496094
Composition,p99p100,Malta,"L(gdp_x_debt, 1)",-0.03970994011687676,0.06111992210316027,-0.649705345662139,0.5513069865646149
Composition,p99p100,Malta,"L(gdp_x_debt, 2)",0.11159089789949915,0.061249691741431994,1.8219013798564825,0.1425618745162567
Composition,p99p100,Malta,"L(gdp_x_debt, 3)",-0.5807060318925215,0.11489692480813592,-5.0541477316493095,0.007210067573055127
Composition,p99p100,Malta,military_exp,4.929856461991299,1.1781114193327993,4.184541785345929,0.013867400106188053
Composition,p99p100,Malta,"L(military_exp, 1)",0.7806663302046025,0.9188375693596291,0.8496238685023262,0.44339583057778426
Composition,p99p100,Malta,"L(military_exp, 2)",-0.10949002706904122,0.6042880343646153,-0.18118847444028177,0.8650301239430903
Composition,p99p100,Malta,"L(military_exp, 3)",2.124864695350093,0.6385406770732679,3.327688856235983,0.029168453550184874
Composition,p99p100,Malta,nonmil_g,0.12981990900051563,0.0542768481008531,2.391810017399945,0.07502015961214319
Composition,p99p100,Malta,"L(nonmil_g, 1)",-0.6561494139207711,0.10082876408553437,-6.50756180413112,0.002877564711687666
Composition,p99p100,Malta,"L(nonmil_g, 2)",0.17806632347454163,0.05324704076183826,3.344154359131266,0.02872452567980216
Composition,p99p100,Malta,"L(nonmil_g, 3)",-0.09988469570974282,0.054743119790799925,-1.8246072947879257,0.14211455614710763
Composition,p99p100,Mexico,(Intercept),-0.8409728926258238,0.5429793688958751,-1.5488118716847485,0.1497007333211567
Composition,p99p100,Mexico,"L(p99p100, 1)",1.298300909600017,0.23693729973912725,5.479512558932142,1.9207815958322376e-4
Composition,p99p100,Mexico,"L(p99p100, 2)",-0.8129998771293958,0.30226979015898253,-2.689649788362206,0.02104230584412793
Composition,p99p100,Mexico,"L(p99p100, 3)",0.7577571393842881,0.23258496837135256,3.257979845775884,0.0076263089092667114
Composition,p99p100,Mexico,public_debt,0.19090803306745452,0.1868071764772945,1.0219523503726766,0.3287534773615376
Composition,p99p100,Mexico,"L(public_debt, 1)",-0.2653241617340256,0.16660474897707578,-1.592536607528116,0.13957127621698023
Composition,p99p100,Mexico,"L(public_debt, 2)",0.1723186352823907,0.2082436535025351,0.8274856514668906,0.4255495936790413
Composition,p99p100,Mexico,"L(public_debt, 3)",-0.1455824843409289,0.15416416123843973,-0.9443341641236715,0.36527919960457245
Composition,p99p100,Mexico,growth,-0.7895740148697828,0.5083095157689,-1.5533331373413795,0.14862442082841104
Composition,p99p100,Mexico,"L(growth, 1)",-0.23510139654904988,0.29866310347863234,-0.7871792458149088,0.4478058382332055
Composition,p99p100,Mexico,"L(growth, 2)",0.2849824452929128,0.2928735761351436,0.9730561870880782,0.3514373054172547
Composition,p99p100,Mexico,"L(growth, 3)",-0.22498299056716867,0.386456273067488,-0.582169332590648,0.5721915042718582
Composition,p99p100,Mexico,life_exp,0.181911095733801,0.2093897198674157,0.8687680362196673,0.40353121418412696
Composition,p99p100,Mexico,"L(life_exp, 1)",-0.4761958689027796,0.5844337816578333,-0.8147986715483475,0.4324745588476271
Composition,p99p100,Mexico,"L(life_exp, 2)",0.5331376241128303,0.6716004230768263,0.7938315787091801,0.44408125237487095
Composition,p99p100,Mexico,"L(life_exp, 3)",-0.2257593800232254,0.29340466827028183,-0.769447130320564,0.45783244997955364
Composition,p99p100,Mexico,gdp_x_debt,2.797894613261343,2.0406909638634874,1.3710525811141432,0.19768161932813108
Composition,p99p100,Mexico,"L(gdp_x_debt, 1)",1.5494445878681622,1.2334167671200462,1.2562214404511638,0.23506018690536554
Composition,p99p100,Mexico,"L(gdp_x_debt, 2)",-0.7181736807479421,1.1319949896087054,-0.6344318546817879,0.5387695609039584
Composition,p99p100,Mexico,"L(gdp_x_debt, 3)",0.7171722207593306,1.3347182066079155,0.5373210743726716,0.6017458972873891
Composition,p99p100,Mexico,military_exp,-3.043456488892631,9.548483955671548,-0.31873714225438876,0.7558962109051703
Composition,p99p100,Mexico,"L(military_exp, 1)",-11.554756976105114,16.484482557257053,-0.7009475084201718,0.49789567596879847
Composition,p99p100,Mexico,"L(military_exp, 2)",2.172039776444387,12.154847339526032,0.17869741312021148,0.861424008574085
Composition,p99p100,Mexico,"L(military_exp, 3)",4.821873215958022,14.167068865834477,0.3403578581866378,0.7399981135260492
Composition,p99p100,Mexico,nonmil_g,0.5605564512791115,0.732657836165129,0.7650999192381138,0.46031238135772823
Composition,p99p100,Mexico,"L(nonmil_g, 1)",0.5856447826944713,1.099550995812665,0.5326217564485295,0.6048877708061637
Composition,p99p100,Mexico,"L(nonmil_g, 2)",-1.3114397115120386,1.1700359033709777,-1.1208542470651233,0.28622381142118025
Composition,p99p100,Mexico,"L(nonmil_g, 3)",-0.8837505963366531,0.8736392661086688,-1.0115738046814469,0.33347582459488234
Composition,p99p100,Netherlands,(Intercept),0.130205264103442,0.03919758087851025,3.3217678536592024,0.003240756847808172
Composition,p99p100,Netherlands,"L(p99p100, 1)",-0.13668519136310708,0.20015651934586956,-0.6828915281391145,0.5021401950982352
Composition,p99p100,Netherlands,"L(p99p100, 2)",0.34137322938054876,0.1780083998872031,1.9177366326356706,0.06884618976143586
Composition,p99p100,Netherlands,public_debt,-0.06697665945756567,0.014503321752775671,-4.6180220365550095,1.48378303314161e-4
Composition,p99p100,Netherlands,"L(public_debt, 1)",0.06793322924718868,0.01479633866842683,4.591218866336712,1.581669324344538e-4
Composition,p99p100,Netherlands,growth,0.087010598401086,0.0747328276634808,1.1642888556671716,0.25736417328042765
Composition,p99p100,Netherlands,"L(growth, 1)",0.30198921784945265,0.08283983047100678,3.6454591484846923,0.0015116378238628956
Composition,p99p100,Netherlands,"L(growth, 2)",0.1276011327643985,0.07330025235175879,1.7408007294716605,0.09635213058520731
Composition,p99p100,Netherlands,life_exp,0.001510444675194214,0.001888490081101441,0.7998160489745669,0.4327722031304916
Composition,p99p100,Netherlands,"L(life_exp, 1)",-0.0027262096197127835,0.0017868930756512573,-1.5256702579807018,0.14201266773143292
Composition,p99p100,Netherlands,gdp_x_debt,-0.2102959729176937,0.130915665376199,-1.6063468975495605,0.12313093431663502
Composition,p99p100,Netherlands,"L(gdp_x_debt, 1)",-0.49255634190450626,0.13789524836242112,-3.5719602216455817,0.00179905573822877
Composition,p99p100,Netherlands,"L(gdp_x_debt, 2)",-0.20181471614395302,0.12138013185052293,-1.6626668060674343,0.11123411552468651
Composition,p99p100,Netherlands,military_exp,0.011065544684366834,0.47819647839553653,0.023140163477352198,0.9817569411838776
Composition,p99p100,Netherlands,"L(military_exp, 1)",0.7567745594166969,0.4821408298886514,1.5696130933185457,0.1314511407445759
Composition,p99p100,Netherlands,"L(military_exp, 2)",-0.947520147862084,0.5089831762597953,-1.8615942374064849,0.0767163374816672
Composition,p99p100,Netherlands,nonmil_g,-0.1388994708640928,0.06410645851376565,-2.166700112349316,0.04190689777001238
Composition,p99p100,Netherlands,"L(nonmil_g, 1)",0.06146699986987849,0.07198817228561827,0.8538485964889306,0.4028240647145752
Composition,p99p100,Netherlands,"L(nonmil_g, 2)",0.20107607505066555,0.049148393660046974,4.091203396014985,5.224584475467373e-4
Composition,p99p100,New Zealand,(Intercept),-0.009677215895378039,0.4437195412575387,-0.021809307446663248,0.9827314107630198
Composition,p99p100,New Zealand,"L(p99p100, 1)",0.546269973598168,0.14519161366529887,3.76240720664108,6.568767716086138e-4
Composition,p99p100,New Zealand,public_debt,-0.06952957629846078,0.05803031777598472,-1.1981594959873703,0.23938955884854862
Composition,p99p100,New Zealand,growth,-0.0850756999692376,0.49028118204845333,-0.17352430214388642,0.8632993804818186
Composition,p99p100,New Zealand,life_exp,0.001436195217863185,0.0052944800917422334,0.27126274780090487,0.7878786679001465
Composition,p99p100,New Zealand,gdp_x_debt,0.15909617761436443,1.0308901868304252,0.15432892818925895,0.8782903881302739
Composition,p99p100,New Zealand,military_exp,0.4210967527319917,2.7806911287307066,0.1514360039420158,0.8805537814126136
Composition,p99p100,New Zealand,nonmil_g,-0.14767678942580997,0.19780834091519472,-0.7465650272509117,0.4606121976747477
Composition,p99p100,Norway,(Intercept),0.03270011427317755,0.22494873584248753,0.14536696172444669,0.885332947125899
Composition,p99p100,Norway,"L(p99p100, 1)",0.8813212301689861,0.2673944493945744,3.2959593296137757,0.002404903106349052
Composition,p99p100,Norway,public_debt,0.02700946264443309,0.036921698445260706,0.7315335908632894,0.4697768456464898
Composition,p99p100,Norway,growth,0.19810656600342774,0.16317439929026048,1.2140787210806805,0.2336019930283106
Composition,p99p100,Norway,life_exp,0.021276281087070626,0.014217569298714034,1.496478099740653,0.1443279910309874
Composition,p99p100,Norway,"L(life_exp, 1)",-0.021624179069833528,0.014348381111127986,-1.5070814541622921,0.14159932125005645
Composition,p99p100,Norway,gdp_x_debt,-0.6650799670161528,0.45787260109984274,-1.4525437106710102,0.15608641438553073
Composition,p99p100,Norway,military_exp,-0.2388422583260592,1.6176683392133984,-0.14764599920537344,0.8835485392208313
Composition,p99p100,Norway,nonmil_g,-0.0021260713458262975,0.1314864440003682,-0.016169509807568785,0.9871995562369953
Composition,p99p100,Pakistan,(Intercept),0.08778772797221959,0.0694037265064563,1.2648849332903342,0.21565032806529982
Composition,p99p100,Pakistan,"L(p99p100, 1)",0.7789698724977084,0.15132852243500916,5.147541652845065,1.5357754672863598e-5
Composition,p99p100,Pakistan,public_debt,-0.024258386371959907,0.03315555918513695,-0.7316536643675282,0.4700571145317326
Composition,p99p100,Pakistan,growth,-0.07479613612450994,0.25305137878797374,-0.29557687645393155,0.769589453845601
Composition,p99p100,Pakistan,"L(growth, 1)",-0.4806711079229549,0.24030576135183945,-2.000247955849834,0.054596857627835296
Composition,p99p100,Pakistan,life_exp,-5.733840562595871e-4,9.211654105123956e-4,-0.6224550441387544,0.5383455641661437
Composition,p99p100,Pakistan,gdp_x_debt,0.13725863895087717,0.4685376703632131,0.29295112780253824,0.7715763391640096
Composition,p99p100,Pakistan,"L(gdp_x_debt, 1)",0.9381824959881649,0.47763348287231305,1.964231004799493,0.0588270766639272
Composition,p99p100,Pakistan,military_exp,0.561688675588113,0.3922933388857746,1.4318078333511082,0.1625358019357672
Composition,p99p100,Pakistan,"L(military_exp, 1)",-0.5752070049439433,0.3977310534862122,-1.4462210076435067,0.15848285537509202
Composition,p99p100,Pakistan,nonmil_g,-0.00474007545488866,0.056019175370258044,-0.08461523083050027,0.9331294427497732
Composition,p99p100,Paraguay,(Intercept),0.044853677945646424,0.06406565363082196,0.7001205076922423,0.49119011863114725
Composition,p99p100,Paraguay,"L(p99p100, 1)",0.4429031968289325,0.17114491621468897,2.5878840378369308,0.016789791295785013
Composition,p99p100,Paraguay,"L(p99p100, 2)",0.06257113177220217,0.17049567495153067,0.3669954196198243,0.7171288558276716
Composition,p99p100,Paraguay,public_debt,0.029261685868480537,0.021986813607400773,1.330874331814549,0.19685996360480848
Composition,p99p100,Paraguay,"L(public_debt, 1)",-0.0309736879318083,0.020326248074696254,-1.5238271134930619,0.14179872640961097
Composition,p99p100,Paraguay,"L(public_debt, 2)",0.032656972769711905,0.01759564219375426,1.8559693593510218,0.07690349022978923
Composition,p99p100,Paraguay,growth,0.05512959759368677,0.050300592434993394,1.096002947975895,0.2849307299334791
Composition,p99p100,Paraguay,"L(growth, 1)",-0.06465393041489988,0.04514808583268021,-1.4320414525326446,0.16618756638239487
Composition,p99p100,Paraguay,"L(growth, 2)",0.18584734830492625,0.04597134006486197,4.042678504535873,5.435353160136076e-4
Composition,p99p100,Paraguay,life_exp,0.009119441920652489,0.011564136840756993,0.7885968530320095,0.43876345062057576
Composition,p99p100,Paraguay,"L(life_exp, 1)",-0.026143467426875233,0.01631864521983967,-1.602061143843661,0.12340437821336916
Composition,p99p100,Paraguay,"L(life_exp, 2)",0.017959650005749308,0.011159580822393845,1.60934808319232,0.12179717628514608
Composition,p99p100,Paraguay,gdp_x_debt,-0.12447450866362272,0.13965650972588467,-0.891290416092591,0.38241798314305775
Composition,p99p100,Paraguay,"L(gdp_x_debt, 1)",0.21047404744336806,0.12644131515517282,1.6645986890049949,0.11017231446787461
Composition,p99p100,Paraguay,"L(gdp_x_debt, 2)",-0.5296084672178277,0.1283952155818737,-4.124830234660205,4.447981385505291e-4
Composition,p99p100,Paraguay,military_exp,0.27808327736248994,0.3313939620285609,0.8391319976388815,0.4104210987007736
Composition,p99p100,Paraguay,"L(military_exp, 1)",-0.37741563450133914,0.3388697133155066,-1.113748498821859,0.27740789019171974
Composition,p99p100,Paraguay,nonmil_g,-0.04338628826668284,0.04104936320333693,-1.0569296301082678,0.3020121659533891
Composition,p99p100,Portugal,(Intercept),0.2977740719001863,0.14441688439587005,2.061906217862583,0.05316450088138938
Composition,p99p100,Portugal,"L(p99p100, 1)",0.10450501221962406,0.19716283301749846,0.5300441803367124,0.6022212514247676
Composition,p99p100,Portugal,"L(p99p100, 2)",0.14844790010820563,0.18593471590888097,0.7983872155480308,0.4345123285759358
Composition,p99p100,Portugal,public_debt,0.04061141162305272,0.022246914268560927,1.8254851496615996,0.0836889263545571
Composition,p99p100,Portugal,"L(public_debt, 1)",-0.03307734793892439,0.03767259058425346,-0.8780215914524921,0.39090019752388583
Composition,p99p100,Portugal,"L(public_debt, 2)",0.04455009769387015,0.03224526022826635,1.3816014316056697,0.18312572480154576
Composition,p99p100,Portugal,"L(public_debt, 3)",-0.03659591408524642,0.018263277316448334,-2.003797754978362,0.05956089391919115
Composition,p99p100,Portugal,growth,0.11935718293907803,0.06931762751381709,1.7218878836452753,0.10133057612302501
Composition,p99p100,Portugal,life_exp,-0.007515997220399419,0.0026016523655904324,-2.8889321724171633,0.00940454356494951
Composition,p99p100,Portugal,"L(life_exp, 1)",-0.0016192646991844844,0.003178456651257768,-0.5094499868493455,0.616302966406546
Composition,p99p100,Portugal,"L(life_exp, 2)",0.0028585643817024015,0.003114785594239355,0.9177403372447779,0.3702584076321145
Composition,p99p100,Portugal,"L(life_exp, 3)",0.004501103532128886,0.002487591868146586,1.8094220317107303,0.08623542807437223
Composition,p99p100,Portugal,gdp_x_debt,-0.1462196478527059,0.09960936018348415,-1.4679308007135459,0.1584833400302703
Composition,p99p100,Portugal,"L(gdp_x_debt, 1)",0.05766515977769063,0.03308251233971275,1.7430707554960538,0.0974824965610115
Composition,p99p100,Portugal,"L(gdp_x_debt, 2)",-0.06696832716095273,0.031901895073463575,-2.0991958943736195,0.04939298991804774
Composition,p99p100,Portugal,military_exp,-0.07742987456079786,0.9209992634141358,-0.08407159227659534,0.9338790077573047
Composition,p99p100,Portugal,"L(military_exp, 1)",1.0016132157972184,1.0233674741002012,0.9787424763307918,0.34000591731660634
Composition,p99p100,Portugal,"L(military_exp, 2)",-3.492532480603211,0.9687148444854703,-3.605325654381046,0.0018854606888951179
Composition,p99p100,Portugal,"L(military_exp, 3)",-1.527273359980334,1.1614312686152075,-1.3149924590900035,0.2041634076336197
Composition,p99p100,Portugal,nonmil_g,-0.1703697258327946,0.04949068364263519,-3.4424605459687903,0.002729144284104056
Composition,p99p100,Singapore,(Intercept),-0.2085593082526629,0.06759862826604228,-3.0852594734889207,0.0040967499924977405
Composition,p99p100,Singapore,"L(p99p100, 1)",0.779901177334344,0.09130304677820134,8.541896517746284,7.166952496222389e-10
Composition,p99p100,Singapore,public_debt,-0.02302019510985361,0.014735962340387682,-1.5621779275833831,0.12778624365306746
Composition,p99p100,Singapore,growth,0.012439819404712974,0.06216182239332097,0.20011992772672607,0.8426149546033785
Composition,p99p100,Singapore,life_exp,0.0030340122870039336,9.511528586651514e-4,3.1898261771108682,0.0031155414056267014
Composition,p99p100,Singapore,gdp_x_debt,0.009901762277382962,0.06949828068353282,0.1424749242714593,0.8875712312180422
Composition,p99p100,Singapore,military_exp,0.6197244549405772,0.2106420975000669,2.9420731292346742,0.005923353823236833
Composition,p99p100,Singapore,nonmil_g,-0.07753163882595637,0.051949700194082925,-1.4924366942696472,0.1450841816926233
Composition,p99p100,South Africa,(Intercept),0.10677782240336053,0.03785469705403292,2.8207284884871315,0.008161511113496441
Composition,p99p100,South Africa,"L(p99p100, 1)",0.8665156642173552,0.0822338266714376,10.537216852129337,6.205494501621792e-12
Composition,p99p100,South Africa,public_debt,0.043841339997072064,0.015786237659221273,2.777187379506026,0.009091268341064931
Composition,p99p100,South Africa,growth,-0.15728174514751067,0.0916624305859421,-1.7158801500473448,0.09585227310274333
Composition,p99p100,South Africa,life_exp,-0.0018938576216793062,6.441521409840198e-4,-2.9400781293472242,0.006049474085204623
Composition,p99p100,South Africa,gdp_x_debt,0.48373085066513194,0.2648871830411845,1.8261768844811253,0.07716697548490682
Composition,p99p100,South Africa,military_exp,0.04236721857687805,0.18263725886026438,0.23197467395901497,0.8180348092747813
Composition,p99p100,South Africa,nonmil_g,-0.13250650599456312,0.11863001669703839,-1.1169728343962304,0.272322656026832
Composition,p99p100,South Africa,"L(nonmil_g, 1)",0.24892611033723108,0.1365934259349679,1.8223871949426376,0.07775333119769941
Composition,p99p100,South Korea,(Intercept),0.01633878486314068,0.2549406535964031,0.0640885815292787,0.9495691703526491
Composition,p99p100,South Korea,"L(p99p100, 1)",1.136874924555291,0.19845585564292728,5.728603577214769,1.6047693844073986e-5
Composition,p99p100,South Korea,"L(p99p100, 2)",-0.6837237687544687,0.2182533226866554,-3.1327072611677287,0.005480250676834403
Composition,p99p100,South Korea,public_debt,0.42672289287826554,0.14744682995607544,2.894079804939765,0.00929884116850803
Composition,p99p100,South Korea,"L(public_debt, 1)",-0.16589912235385948,0.14772500214291587,-1.1230267046695397,0.27541688461346553
Composition,p99p100,South Korea,"L(public_debt, 2)",0.1913989478537296,0.11825122361432512,1.618579004966366,0.12201842107898074
Composition,p99p100,South Korea,growth,0.0215618114746742,0.06835353668501709,0.3154454402854694,0.7558619868756796
Composition,p99p100,South Korea,"L(growth, 1)",0.1465045206037163,0.05902367830744081,2.482131320935436,0.022573976521648224
Composition,p99p100,South Korea,"L(growth, 2)",0.07744672348242664,0.035390506370298606,2.1883474249304213,0.04134005436889095
Composition,p99p100,South Korea,life_exp,0.013544232246493757,0.01364345837879239,0.9927272008647843,0.3333182607729983
Composition,p99p100,South Korea,"L(life_exp, 1)",-0.052694848264270615,0.015572325212691187,-3.3838779722712946,0.0031160145002290048
Composition,p99p100,South Korea,"L(life_exp, 2)",0.0941939370014232,0.021942524570350314,4.2927575037879695,3.928063202383292e-4
Composition,p99p100,South Korea,"L(life_exp, 3)",-0.05391190901961636,0.015798124720046703,-3.4125511714188432,0.00292035385838677
Composition,p99p100,South Korea,gdp_x_debt,-0.07901536933534811,0.4617685798124341,-0.1711146509089973,0.8659427919109325
Composition,p99p100,South Korea,"L(gdp_x_debt, 1)",-1.1904469731682972,0.32862815005472973,-3.6224741336676125,0.0018132927574819012
Composition,p99p100,South Korea,military_exp,-0.8718020062782837,0.9281224116160665,-0.939317912558844,0.35935655234802855
Composition,p99p100,South Korea,nonmil_g,-0.32002332178675136,0.3449265780992606,-0.9278012832477561,0.3651478483887255
Composition,p99p100,South Korea,"L(nonmil_g, 1)",-0.7740498219751264,0.4300938463440809,-1.7997230803341373,0.08780552792897182
Composition,p99p100,South Korea,"L(nonmil_g, 2)",0.5418823615721778,0.45229574259501487,1.1980708871217007,0.24562142046875846
Composition,p99p100,South Korea,"L(nonmil_g, 3)",-0.9103110720391456,0.4051290511100279,-2.246965675616081,0.03671910087590005
Composition,p99p100,Spain,(Intercept),-0.13090851347087318,0.08454544673466619,-1.54838040990795,0.1316803698743165
Composition,p99p100,Spain,"L(p99p100, 1)",0.4615889996046399,0.13101895316431564,3.5230704295564346,0.0013470261022974575
Composition,p99p100,Spain,public_debt,0.001971228275100183,0.004672071827401868,0.4219173736882337,0.6759970272797461
Composition,p99p100,Spain,growth,-0.006487141313152973,0.036401302097464505,-0.1782117929678353,0.8597161560718586
Composition,p99p100,Spain,"L(growth, 1)",0.10063232300608696,0.041323282387556975,2.4352451497509495,0.020829907940863236
Composition,p99p100,Spain,life_exp,0.0021379686216708447,0.001133774650212915,1.885708611732807,0.06873551572909997
Composition,p99p100,Spain,gdp_x_debt,0.030181981522911832,0.0621937475090998,0.4852896429580127,0.6308830128327152
Composition,p99p100,Spain,"L(gdp_x_debt, 1)",-0.1439597113245629,0.0674383422347883,-2.1346863898783797,0.04079964885323481
Composition,p99p100,Spain,military_exp,0.8920609330853049,0.3218707408160479,2.7714881160792615,0.009350727784723683
Composition,p99p100,Spain,nonmil_g,0.035781525043645596,0.08224597191819577,0.4350550453611873,0.6665363740745784
Composition,p99p100,Sweden,(Intercept),0.7352641878831889,0.395824678598977,1.857550141859925,0.07307355821430155
Composition,p99p100,Sweden,"L(p99p100, 1)",0.601245755124418,0.17074466135440242,3.521315104994442,0.0013954808617158232
Composition,p99p100,Sweden,public_debt,0.07372188581085029,0.017969521871722408,4.1026069773654985,2.878058821031252e-4
Composition,p99p100,Sweden,growth,0.09392374070208985,0.1577595185699092,0.5953602137830352,0.5560676479482607
Composition,p99p100,Sweden,life_exp,0.002829872153672145,0.005890170389384349,0.48043977790053854,0.6343997158180458
Composition,p99p100,Sweden,"L(life_exp, 1)",-0.011325629237896866,0.006329078310870251,-1.7894594886659867,0.08364162818308915
Composition,p99p100,Sweden,gdp_x_debt,-0.48203014923832044,0.3229752526310552,-1.4924677519765226,0.14601924316044765
Composition,p99p100,Sweden,military_exp,-0.5235612386087856,1.8654515059268266,-0.28066193998897904,0.7808962120640727
Composition,p99p100,Sweden,"L(military_exp, 1)",-2.9207722322146386,2.0430304398388675,-1.4296273688633823,0.16315603608739498
Composition,p99p100,Sweden,nonmil_g,-0.30720526603315434,0.14079703789225287,-2.1819014848043037,0.03708337816452062
Composition,p99p100,Sweden,"L(nonmil_g, 1)",0.36505859863391776,0.13847267710487407,2.6363222425275703,0.01314337472493043
Composition,p99p100,Switzerland,(Intercept),0.4598064166172423,0.2812777106459652,1.6347061968091217,0.11464166841562765
Composition,p99p100,Switzerland,"L(p99p100, 1)",0.8526652013216017,0.1690740640694672,5.043146067461112,3.333541220860632e-5
Composition,p99p100,Switzerland,"L(p99p100, 2)",-0.5376833715637783,0.1958101516794628,-2.7459422657715673,0.011017807516072191
Composition,p99p100,Switzerland,public_debt,0.013687289872765305,0.020172883875622327,0.6784994132299319,0.5036879043221387
Composition,p99p100,Switzerland,growth,-0.2545087147622315,0.24980402394844503,-1.018833526936129,0.31804096592935815
Composition,p99p100,Switzerland,"L(growth, 1)",0.43366717143038697,0.21873492944542094,1.9826150881795777,0.05850174637070703
Composition,p99p100,Switzerland,life_exp,0.0051801834484198755,0.007335780165379599,0.7061530378005569,0.4866222514620905
Composition,p99p100,Switzerland,"L(life_exp, 1)",0.004652243461525066,0.005561834834776234,0.8364583990226018,0.4108213833443205
Composition,p99p100,Switzerland,"L(life_exp, 2)",-0.014185683519747054,0.007020037330956459,-2.020741892239239,0.054140255916695135
Composition,p99p100,Switzerland,gdp_x_debt,0.5552338734930917,0.6289328258791789,0.8828190398822575,0.3857445284231711
Composition,p99p100,Switzerland,"L(gdp_x_debt, 1)",-0.9515751394462536,0.5319488738771039,-1.7888469854456275,0.08576469222389761
Composition,p99p100,Switzerland,military_exp,-0.8470625715333342,1.6120008722413146,-0.5254727749344108,0.6038845404082436
Composition,p99p100,Switzerland,"L(military_exp, 1)",1.413070629652109,2.2108779511377037,0.6391445664944787,0.5285421551608473
Composition,p99p100,Switzerland,"L(military_exp, 2)",-4.009444910198196,1.7453798985111793,-2.2971760552635443,0.030258009339252243
Composition,p99p100,Switzerland,nonmil_g,-0.11812380895887106,0.37538866897684714,-0.31467068327029496,0.7556229563310385
Composition,p99p100,Thailand,(Intercept),0.17585038664145386,0.09386433002122097,1.873452743994416,0.07228880963649266
Composition,p99p100,Thailand,"L(p99p100, 1)",0.2056512119240842,0.19672683736611762,1.0453642963890988,0.3054766752975737
Composition,p99p100,Thailand,"L(p99p100, 2)",0.8978422728782564,0.2343201066208923,3.8316911247009626,7.240393063443153e-4
Composition,p99p100,Thailand,public_debt,-0.10019446157129111,0.06377600634902743,-1.5710369354731328,0.1282655245082512
Composition,p99p100,Thailand,"L(public_debt, 1)",0.11045945460366051,0.05719727646514766,1.9312012989109262,0.06442892532571509
Composition,p99p100,Thailand,growth,0.027649830724072465,0.04739584472104598,0.583380903680669,0.5646636378713907
Composition,p99p100,Thailand,"L(growth, 1)",-0.11226884398782595,0.043155819640953656,-2.601476345991723,0.015117821435593393
Composition,p99p100,Thailand,"L(growth, 2)",-0.059001747108029835,0.030671806575058313,-1.9236476000735103,0.0654127143983141
Composition,p99p100,Thailand,life_exp,-0.002878811675258179,0.0010126948340186835,-2.842723768851641,0.00859146566568632
Composition,p99p100,Thailand,gdp_x_debt,-0.14289628926383097,0.2443719175763982,-0.5847492243831871,0.5637568026353728
Composition,p99p100,Thailand,military_exp,1.3783262335235742,1.0361926207212828,1.3301834098800431,0.19500887624780205
Composition,p99p100,Thailand,"L(military_exp, 1)",-1.2094500002516249,1.4246920062327975,-0.8489203245055608,0.4036743825324457
Composition,p99p100,Thailand,"L(military_exp, 2)",-1.2067572917474458,1.0243682105897034,-1.1780503136198903,0.249446991426926
Composition,p99p100,Thailand,nonmil_g,0.22471747473002923,0.16612259449663117,1.3527207145478717,0.18779253217459715
Composition,p99p100,Togo,(Intercept),0.31644106488841406,0.12668269093208923,2.4979029302278444,0.1297888844567555
Composition,p99p100,Togo,"L(p99p100, 1)",0.3869825056692895,0.4986163915617487,0.7761126834543014,0.5188928038116414
Composition,p99p100,Togo,"L(p99p100, 2)",1.1496264102818134,1.0337086112990046,1.1121377898140379,0.38184515155340415
Composition,p99p100,Togo,"L(p99p100, 3)",-2.254288443707594,1.0336290699650954,-2.1809452822217152,0.1609590417533667
Composition,p99p100,Togo,public_debt,0.04183626948869104,0.02828167879352859,1.4792710784291918,0.2771772139840046
Composition,p99p100,Togo,"L(public_debt, 1)",-0.025328414436207414,0.02850905366689654,-0.8884340649166358,0.46804313953798793
Composition,p99p100,Togo,"L(public_debt, 2)",0.040115424573240244,0.03311012021981491,1.2115759262400074,0.34939658792706674
Composition,p99p100,Togo,"L(public_debt, 3)",-0.03817330066855852,0.03726724247973711,-1.0243124558870718,0.413404997915079
Composition,p99p100,Togo,growth,0.3262692815104412,0.15768753089229645,2.0690873886108934,0.17441803397038452
Composition,p99p100,Togo,"L(growth, 1)",0.35778196359845316,0.18810046012098117,1.9020791515785629,0.19750675376922316
Composition,p99p100,Togo,"L(growth, 2)",0.2520734679140923,0.18039172439626144,1.3973671395278067,0.29714267636632496
Composition,p99p100,Togo,"L(growth, 3)",-0.19504163384660256,0.18684174747291907,-1.0438867998431238,0.406124684726509
Composition,p99p100,Togo,life_exp,0.01085064340903081,0.007354000295046403,1.4754749760262746,0.2780647661301331
Composition,p99p100,Togo,"L(life_exp, 1)",-0.014891047707309002,0.006583332984071397,-2.2619314173137544,0.15208702844725805
Composition,p99p100,Togo,"L(life_exp, 2)",-0.004830693621612446,0.00437028985957783,-1.1053485642435377,0.384184990894469
Composition,p99p100,Togo,"L(life_exp, 3)",0.007818300363698528,0.005708514835868821,1.3695857133580707,0.30431843133257686
Composition,p99p100,Togo,gdp_x_debt,-0.47116518786567924,0.25316912699932553,-1.861068896710042,0.2037968351878994
Composition,p99p100,Togo,"L(gdp_x_debt, 1)",-0.6237461828906519,0.3314352802370479,-1.881954698499624,0.2005605723515472
Composition,p99p100,Togo,"L(gdp_x_debt, 2)",-0.4394102175417076,0.305888029211712,-1.4365067461910448,0.2873852969042486
Composition,p99p100,Togo,"L(gdp_x_debt, 3)",0.3728478753847345,0.3299131536492001,1.130139466282655,0.3757198007337933
Composition,p99p100,Togo,military_exp,0.4407754746938451,0.3983741299676224,1.1064359895299145,0.38380911935553363
Composition,p99p100,Togo,"L(military_exp, 1)",-0.35712681859513495,0.525577236127043,-0.6794944568505055,0.5669208919742037
Composition,p99p100,Togo,"L(military_exp, 2)",0.3721440859711901,0.7361531936382145,0.5055253297645569,0.6633984374464498
Composition,p99p100,Togo,"L(military_exp, 3)",-0.6936495471301789,0.404274733902569,-1.715787530015046,0.228337333996559
Composition,p99p100,Togo,nonmil_g,0.14304395105405368,0.09438493431863776,1.5155379625645133,0.268875303191086
Composition,p99p100,Togo,"L(nonmil_g, 1)",-0.1781275764213937,0.09378406435597397,-1.8993373516558105,0.19791914471091357
Composition,p99p100,Togo,"L(nonmil_g, 2)",0.027797045674207148,0.08910906909641031,0.31194406984694817,0.784600092189754
Composition,p99p100,Togo,"L(nonmil_g, 3)",-0.1416535355666185,0.11043721361870186,-1.2826612599598433,0.32818435814885816
Composition,p99p100,Turkey,(Intercept),0.1644175521630454,0.08352714548472098,1.9684325521829442,0.05773240863279345
Composition,p99p100,Turkey,"L(p99p100, 1)",0.7870357923379928,0.09146904853085623,8.604394655668617,7.830411756891558e-10
Composition,p99p100,Turkey,public_debt,0.022921969354644293,0.025687474938485562,0.8923403101914885,0.37887200703737145
Composition,p99p100,Turkey,"L(public_debt, 1)",-0.04147964279043502,0.023363672055171644,-1.7753905590047576,0.08534597120904805
Composition,p99p100,Turkey,growth,0.13780947749479483,0.07513379673827308,1.8341875890400041,0.07593993772596846
Composition,p99p100,Turkey,life_exp,-0.0017098102698494184,9.292073548332978e-4,-1.8400739737538592,0.07504895166222714
Composition,p99p100,Turkey,gdp_x_debt,-0.3899750901970096,0.18176017657728746,-2.1455474875773226,0.03959798253401481
Composition,p99p100,Turkey,military_exp,-0.04325508295446719,0.3958532991481259,-0.109270487444596,0.9136703178247028
Composition,p99p100,Turkey,nonmil_g,0.09106545793085334,0.11086112766497766,0.821437232769751,0.4174754774613967
Composition,p99p100,United Kingdom,(Intercept),-0.24633968586107666,0.14690499707867374,-1.6768638968023089,0.10362641788548561
Composition,p99p100,United Kingdom,"L(p99p100, 1)",0.5447892160946198,0.1304953833007121,4.174777699523774,2.242238239832223e-4
Composition,p99p100,United Kingdom,public_debt,-0.006523902531346116,0.028894171937422657,-0.22578610473680336,0.8228497938289715
Composition,p99p100,United Kingdom,"L(public_debt, 1)",-0.03663048748705105,0.02659384914137177,-1.3774045002784265,0.17825164381313074
Composition,p99p100,United Kingdom,growth,0.03861224870176691,0.11787579100385091,0.32756725000899867,0.7454408549163829
Composition,p99p100,United Kingdom,life_exp,0.004129322222336383,0.0019266198726535753,2.143298883681179,0.04004632225377687
Composition,p99p100,United Kingdom,gdp_x_debt,0.11174122223833992,0.20281734621592015,0.5509450957877132,0.5856204655841724
Composition,p99p100,United Kingdom,military_exp,-0.5095729480791839,0.32659421862665916,-1.5602632227292847,0.12884966739183593
Composition,p99p100,United Kingdom,nonmil_g,-0.11386762123839117,0.1385380406710353,-0.8219231388494577,0.4173977064023502
Composition,p99p100,United Kingdom,"L(nonmil_g, 1)",0.201817397728561,0.14617430631139874,1.3806625994764388,0.17725695006967815
Composition,p99p100,United States,(Intercept),-0.8393893028687454,0.38818404509218435,-2.162348796868791,0.053485130883730844
Composition,p99p100,United States,"L(p99p100, 1)",0.3739521233853275,0.2625896750067033,1.4240930203207014,0.18216366671916626
Composition,p99p100,United States,"L(p99p100, 2)",-0.1813415000070351,0.23353398097203917,-0.7765101217914278,0.4538215452159392
Composition,p99p100,United States,"L(p99p100, 3)",-0.2746214488928208,0.22099756069061766,-1.2426447062792387,0.23983629851280294
Composition,p99p100,United States,public_debt,-0.006063592974095752,0.04682770872070876,-0.12948728732939757,0.8993094803210568
Composition,p99p100,United States,"L(public_debt, 1)",0.11475593087956154,0.0714774285750458,1.6054848805742452,0.13668919887892453
Composition,p99p100,United States,"L(public_debt, 2)",-0.08339908939496285,0.11843933413542504,-0.7041502724053081,0.49597597592703246
Composition,p99p100,United States,"L(public_debt, 3)",-0.04615204575448618,0.07915163351631237,-0.5830839327526285,0.5715970509504715
Composition,p99p100,United States,growth,-0.43744513508764177,0.3449503834775319,-1.2681392920270067,0.23093120095150146
Composition,p99p100,United States,"L(growth, 1)",-0.435747866630962,0.2885643686878242,-1.5100543030049716,0.15920808219337962
Composition,p99p100,United States,"L(growth, 2)",-0.11825792984308668,0.19368868828908187,-0.610556718039134,0.5538985301236148
Composition,p99p100,United States,"L(growth, 3)",-0.07775489571336928,0.18704661136056666,-0.41569796505686196,0.685624999927199
Composition,p99p100,United States,life_exp,0.01953472803275243,0.007947123004940361,2.4580880427556724,0.031786409032123146
Composition,p99p100,United States,"L(life_exp, 1)",-0.018815128741524627,0.008631075572147802,-2.179928629317119,0.05187161519057913
Composition,p99p100,United States,"L(life_exp, 2)",0.01535468937535923,0.011372132550013627,1.3502031661898657,0.20407685585851734
Composition,p99p100,United States,"L(life_exp, 3)",-0.00152839610655542,0.008064633545405563,-0.189518357895648,0.8531383118507251
Composition,p99p100,United States,gdp_x_debt,0.5948064416183398,0.47962452573422304,1.2401501793674812,0.24072227158661555
Composition,p99p100,United States,"L(gdp_x_debt, 1)",0.9325386898684134,0.3953431954508501,2.358807994165536,0.03789354118600664
Composition,p99p100,United States,"L(gdp_x_debt, 2)",0.3782058207700267,0.38490616174249015,0.9825922740697871,0.34692640012864784
Composition,p99p100,United States,"L(gdp_x_debt, 3)",0.33979997313642457,0.3256897449874458,1.043324140124592,0.31918531751574786
Composition,p99p100,United States,military_exp,-0.2907669346103432,0.7926752771864681,-0.36681721125754685,0.7207139306861974
Composition,p99p100,United States,"L(military_exp, 1)",0.38577677149564593,1.0782796069764102,0.3577706273954281,0.7272853223931047
Composition,p99p100,United States,"L(military_exp, 2)",0.5491881028857422,0.8847944854922088,0.6206956664973226,0.5474448476106297
Composition,p99p100,United States,"L(military_exp, 3)",-1.1726314715120199,0.5960336395905506,-1.967391424949718,0.07486439264435561
Composition,p99p100,United States,nonmil_g,0.31882540988469293,0.47616849169928455,0.6695642728205571,0.5169434823196482
Composition,p99p100,United States,"L(nonmil_g, 1)",-0.5117463561241608,0.7837767953552226,-0.652923586353724,0.5272160707727135
Composition,p99p100,United States,"L(nonmil_g, 2)",0.11697881504757875,0.8536969199182658,0.13702616504552748,0.8934859587377647
Composition,p99p100,United States,"L(nonmil_g, 3)",-1.1595765033983167,0.6527798707818109,-1.7763668202720986,0.10330329728524752
Composition,p99p100,Uruguay,(Intercept),0.7671898348528171,1.010936232199965,0.758890432864677,0.46386951479596383
Composition,p99p100,Uruguay,"L(p99p100, 1)",0.24163018784606838,0.2623082881195145,0.9211687117411073,0.37672300578468143
Composition,p99p100,Uruguay,"L(p99p100, 2)",0.11735039605549812,0.22158097139492422,0.5296050257237309,0.6069091154080561
Composition,p99p100,Uruguay,"L(p99p100, 3)",-0.4218483236000074,0.18602082306626852,-2.267747860946337,0.04448308483228917
Composition,p99p100,Uruguay,public_debt,0.03347754695508087,0.04991999225244765,0.6706240414818858,0.5162932941251314
Composition,p99p100,Uruguay,"L(public_debt, 1)",0.016126546964857522,0.07106112240460598,0.2269390972047501,0.8246334815834657
Composition,p99p100,Uruguay,"L(public_debt, 2)",-0.037688872248191646,0.04710992029755349,-0.8000198686421659,0.44063465007665437
Composition,p99p100,Uruguay,"L(public_debt, 3)",0.0374113521523958,0.06461308898151413,0.5790057826069764,0.5742502664872697
Composition,p99p100,Uruguay,growth,-0.06904740552460885,0.17884762933133583,-0.3860683296880082,0.7068086925489316
Composition,p99p100,Uruguay,"L(growth, 1)",-0.11533011714020049,0.18564089988110005,-0.6212538142945199,0.5470908088732926
Composition,p99p100,Uruguay,"L(growth, 2)",-0.1728014983108944,0.22208595083349428,-0.77808387996794,0.45293093398624673
Composition,p99p100,Uruguay,"L(growth, 3)",-0.011351111187585349,0.12825295434349107,-0.08850565077186798,0.9310655767916696
Composition,p99p100,Uruguay,life_exp,0.6067089553949269,0.2575904261889446,2.3553241646873206,0.03812731828988793
Composition,p99p100,Uruguay,"L(life_exp, 1)",-1.7670289513659598,0.764124092076505,-2.3124895153666256,0.04111809000539113
Composition,p99p100,Uruguay,"L(life_exp, 2)",1.6958263921288543,0.9159581202745384,1.8514235035337288,0.09111939952249262
Composition,p99p100,Uruguay,"L(life_exp, 3)",-0.542641697515622,0.41243998680279026,-1.3156864389462997,0.2150408139861648
Composition,p99p100,Uruguay,gdp_x_debt,0.11950151704136122,0.5048767902568334,0.2366944160387531,0.817243832829893
Composition,p99p100,Uruguay,"L(gdp_x_debt, 1)",0.17017780379205252,0.6249653717474023,0.27229957288071116,0.7904351592297261
Composition,p99p100,Uruguay,"L(gdp_x_debt, 2)",0.5739587458514582,0.5891799261774194,0.9741654804420854,0.3509104004307717
Composition,p99p100,Uruguay,"L(gdp_x_debt, 3)",-0.2893203851748505,0.3184418977747209,-0.908549996707807,0.3830618729210198
Composition,p99p100,Uruguay,military_exp,0.28527346257400704,0.979327458703893,0.29129527620062534,0.7762449575278855
Composition,p99p100,Uruguay,"L(military_exp, 1)",-0.009502722830658256,0.9645295417872202,-0.009852184322991531,0.9923156336745208
Composition,p99p100,Uruguay,"L(military_exp, 2)",-1.1296031284848491,0.9062152180793847,-1.2465064655158944,0.2384699026537037
Composition,p99p100,Uruguay,"L(military_exp, 3)",-0.16247339118955612,1.0391714471151998,-0.1563489755618206,0.878590491159111
Composition,p99p100,Uruguay,nonmil_g,-0.12698416833610554,0.35681760174344346,-0.35587977643381175,0.7286617459345169
Composition,p99p100,Uruguay,"L(nonmil_g, 1)",0.23575898675652301,0.5310245547841093,0.44397002856557555,0.6656712049510186
Composition,p99p100,Uruguay,"L(nonmil_g, 2)",-0.31415201146881805,0.4430672371268649,-0.7090391370528394,0.4930543531644491
Composition,p99p100,Uruguay,"L(nonmil_g, 3)",0.13568694454635152,0.33248683437026083,0.40809719519675514,0.691033245132403
Composition,p99p100,Venezuela,(Intercept),0.09741922970645854,0.13553963113716627,0.7187508840707273,0.4872818500708459
Composition,p99p100,Venezuela,"L(p99p100, 1)",0.08559103726459356,0.2163254031534672,0.39565874380399474,0.6999225225681098
Composition,p99p100,Venezuela,"L(p99p100, 2)",-0.4587915864049649,0.20087729652299405,-2.2839394712405836,0.04323582551432531
Composition,p99p100,Venezuela,"L(p99p100, 3)",0.6067574860390765,0.2114552837821989,2.8694363895112827,0.015256898608992752
Composition,p99p100,Venezuela,public_debt,0.01605678197767885,0.009565105335322094,1.6786832360731296,0.1213626788747426
Composition,p99p100,Venezuela,"L(public_debt, 1)",0.017344674397941528,0.01332668819191586,1.3014992283276374,0.2196856560835993
Composition,p99p100,Venezuela,"L(public_debt, 2)",0.0046653246815629235,0.012855770760770536,0.36289731423954685,0.7235584715793945
Composition,p99p100,Venezuela,"L(public_debt, 3)",-0.04059336435196942,0.016936991334238854,-2.39672817626754,0.03543711921456618
Composition,p99p100,Venezuela,growth,-0.012636766269825628,0.020851620686184652,-0.6060328096318279,0.5567917733744854
Composition,p99p100,Venezuela,"L(growth, 1)",0.03603481370273783,0.016627403773299174,2.1671942411480805,0.05303570143917114
Composition,p99p100,Venezuela,"L(growth, 2)",0.051052752213332456,0.020362640050133156,2.507177462629587,0.02913229174373547
Composition,p99p100,Venezuela,"L(growth, 3)",0.012829482846526952,0.041781843532041056,0.3070588026277123,0.7645333918726896
Composition,p99p100,Venezuela,life_exp,0.005068322934311941,0.002544090252338087,1.9921946281795688,0.07175674767836474
Composition,p99p100,Venezuela,"L(life_exp, 1)",0.0010706803448454862,0.002778137206801466,0.3853950561636174,0.7072931600778425
Composition,p99p100,Venezuela,"L(life_exp, 2)",-0.004083153551242498,0.0022308019700288586,-1.8303523154902344,0.09440023081098457
Composition,p99p100,Venezuela,"L(life_exp, 3)",-8.802745156779309e-4,0.002503700826871938,-0.3515893377635395,0.731788621307538
Composition,p99p100,Venezuela,gdp_x_debt,0.01824260013140486,0.024829324596033712,0.7347199502284879,0.4778811398477366
Composition,p99p100,Venezuela,"L(gdp_x_debt, 1)",-0.011232647303705845,0.015918403133462638,-0.7056390775839381,0.4950851395074608
Composition,p99p100,Venezuela,"L(gdp_x_debt, 2)",-0.05267745194396665,0.050414906055227755,-1.044878510459989,0.31849760931149007
Composition,p99p100,Venezuela,"L(gdp_x_debt, 3)",0.02667208741596032,0.10371589766811415,0.25716489000856657,0.8017984269467255
Composition,p99p100,Venezuela,military_exp,0.0354024395499503,0.2378341350292237,0.14885348373394866,0.8843630935864282
Composition,p99p100,Venezuela,"L(military_exp, 1)",-0.1957919420468001,0.2243722793284555,-0.8726209076843354,0.401516567282022
Composition,p99p100,Venezuela,"L(military_exp, 2)",-0.14566728977622154,0.24888768455099833,-0.5852731927616674,0.5701754827442842
Composition,p99p100,Venezuela,"L(military_exp, 3)",-0.298371997117117,0.2492000517724644,-1.197319161833681,0.25634734522699215
Composition,p99p100,Venezuela,nonmil_g,-0.14191375793364547,0.07939701353618313,-1.7873941551840857,0.10142502990228706
Composition,p99p100,Venezuela,"L(nonmil_g, 1)",0.12153888806397437,0.09391469504878569,1.2941413268800883,0.2221267660350941
Composition,p99p100,Venezuela,"L(nonmil_g, 2)",-0.04576644918338109,0.07527314570004413,-0.6080050030824506,0.5555294337615342
Composition,p99p100,Venezuela,"L(nonmil_g, 3)",0.06022792484631895,0.06910344623916272,0.8715618123859389,0.4020696753902179
Composition,gini,Argentina,(Intercept),-0.1669769970294731,4.951318374210999,-0.03372374475032242,0.9733652600201105
Composition,gini,Argentina,"L(gini, 1)",1.8151810400186053,0.11701527458696093,15.512342695650709,2.4499908061357554e-14
Composition,gini,Argentina,"L(gini, 2)",-0.8258636126855267,0.12489733535274616,-6.6123397296911834,6.287947482659898e-7
Composition,gini,Argentina,public_debt,-0.30121731343056823,0.1327924342422119,-2.268331890664428,0.03220241136743659
Composition,gini,Argentina,growth,-0.14616838386878342,0.8316119540235097,-0.17576513079398476,0.8618944143768867
Composition,gini,Argentina,"L(growth, 1)",1.083781103932324,0.7481250314613979,1.4486630688125097,0.15985929633437396
Composition,gini,Argentina,life_exp,0.00645576761890709,0.06389723953013059,0.10103359184809367,0.9203297308731955
Composition,gini,Argentina,gdp_x_debt,-0.33575841353551605,1.2103697650706735,-0.27740152077899194,0.7837528176954655
Composition,gini,Argentina,"L(gdp_x_debt, 1)",-1.0935230436429313,1.084590591673283,-1.0082357822741828,0.323000762016059
Composition,gini,Argentina,"L(gdp_x_debt, 2)",0.9487276116420995,0.6497766444153663,1.4600826603974248,0.15672092021909056
Composition,gini,Argentina,military_exp,26.543959984250638,19.25187683566437,1.378772584659257,0.18017780969480454
Composition,gini,Argentina,"L(military_exp, 1)",-12.577820523839991,11.088144682282215,-1.1343485212578561,0.2674084911989053
Composition,gini,Argentina,nonmil_g,0.2737819990652689,1.6155122021297534,0.16947070947798357,0.866790265815235
Composition,gini,Argentina,"L(nonmil_g, 1)",-1.9920007638953383,2.1802556073539807,-0.9136546913014875,0.3696262417090307
Composition,gini,Argentina,"L(nonmil_g, 2)",2.4244508900881923,1.820293855090869,1.3319008265108734,0.19490895434594802
Composition,gini,Australia,(Intercept),-2.19540554492475,5.363123916373167,-0.40935200811272715,0.6855106967424135
Composition,gini,Australia,"L(gini, 1)",0.7026166697619154,0.13571516124969238,5.177142062036993,1.892639733844162e-5
Composition,gini,Australia,public_debt,-5.727074058572001,2.289941960788051,-2.5009690885794806,0.01875276463176687
Composition,gini,Australia,"L(public_debt, 1)",5.703176313360722,2.1808239083244194,2.615147555743101,0.014417609712915261
Composition,gini,Australia,growth,13.997529812276872,5.106313507509926,2.741220215266946,0.010724640526623246
Composition,gini,Australia,life_exp,-0.8035443220702789,0.4951500744874699,-1.6228298519434297,0.11624586802707602
Composition,gini,Australia,"L(life_exp, 1)",-0.0365461147298094,0.6213167088115977,-0.058820427990278465,0.9535283300115694
Composition,gini,Australia,"L(life_exp, 2)",0.9729115491046739,0.46496711814742053,2.0924308647481746,0.04593347385118374
Composition,gini,Australia,gdp_x_debt,-34.63097070179559,17.27200380105164,-2.005034916660163,0.055079675809569274
Composition,gini,Australia,military_exp,120.3880207945406,93.67484267536935,1.285169180499677,0.20964861618757769
Composition,gini,Australia,"L(military_exp, 1)",-217.36863898566358,131.83293444795356,-1.6488189381195846,0.11077364078133824
Composition,gini,Australia,"L(military_exp, 2)",104.02988526344822,74.5147643989018,1.3960976204197917,0.17405929936992864
Composition,gini,Australia,nonmil_g,8.00875844578616,8.260872403617716,0.9694809524329239,0.3409103906953733
Composition,gini,Bangladesh,(Intercept),-0.9061996476064884,4.1559681823795955,-0.21804778281233686,0.8313841577479923
Composition,gini,Bangladesh,"L(gini, 1)",0.9800780730381424,0.3003610387177536,3.2630000123255414,0.007558587796928886
Composition,gini,Bangladesh,"L(gini, 2)",-0.34474042765147,0.42268097867639964,-0.8156043092618082,0.4320326116509622
Composition,gini,Bangladesh,"L(gini, 3)",0.37831281967103536,0.28703571814018236,1.317999105206395,0.2142913548517788
Composition,gini,Bangladesh,public_debt,-0.12048351177979115,2.154289198132701,-0.055927269135557144,0.9564026689650751
Composition,gini,Bangladesh,"L(public_debt, 1)",1.0723032088877353,1.8618667191014442,0.5759290919627371,0.5762563358608482
Composition,gini,Bangladesh,"L(public_debt, 2)",-0.9176989830590558,1.7967740545629578,-0.5107481270271761,0.6196214870864916
Composition,gini,Bangladesh,"L(public_debt, 3)",3.028970472667446,1.5757126541601074,1.9222860619101645,0.08083853205057814
Composition,gini,Bangladesh,growth,1.1493125711993488,6.9170553442495315,0.1661563358973014,0.8710485852996919
Composition,gini,Bangladesh,"L(growth, 1)",5.658459332984437,5.501387192792747,1.0285513698067765,0.32577667638202046
Composition,gini,Bangladesh,"L(growth, 2)",-6.629639488082372,4.259493142463343,-1.5564385870212551,0.14788905847264538
Composition,gini,Bangladesh,"L(growth, 3)",10.291005148645,4.248289206250384,2.4223880835382268,0.03386333398271754
Composition,gini,Bangladesh,life_exp,-0.03248477000872882,0.029356693063189266,-1.1065541319250938,0.29209897693497827
Composition,gini,Bangladesh,"L(life_exp, 1)",0.06156527470499369,0.031075237322633696,1.9811682873344472,0.07312311714878673
Composition,gini,Bangladesh,"L(life_exp, 2)",-0.0034409924669829826,0.030515944233043376,-0.11276047828325088,0.9122519696837309
Composition,gini,Bangladesh,"L(life_exp, 3)",-0.03816725740409154,0.025645354042460735,-1.488271807084372,0.16477681098878036
Composition,gini,Bangladesh,gdp_x_debt,-3.6369825993650946,22.03950314309752,-0.1650210794567821,0.8719209334650183
Composition,gini,Bangladesh,"L(gdp_x_debt, 1)",-18.15788325165856,17.9820538979418,-1.0097780461962071,0.33429795874472845
Composition,gini,Bangladesh,"L(gdp_x_debt, 2)",22.963519351618345,13.702165910508011,1.6759043425395925,0.1219154228901256
Composition,gini,Bangladesh,"L(gdp_x_debt, 3)",-36.55896373000247,15.063424797794964,-2.427002107472538,0.033587646310618335
Composition,gini,Bangladesh,military_exp,37.78313628762363,44.63981114277763,0.8464000030550451,0.41536346609452823
Composition,gini,Bangladesh,"L(military_exp, 1)",-56.352440958761825,47.98824203250217,-1.1742968396423987,0.2650725109084215
Composition,gini,Bangladesh,"L(military_exp, 2)",30.734009956286137,37.008101804461305,0.8304670722825662,0.4239330058765358
Composition,gini,Bangladesh,"L(military_exp, 3)",6.750016553150726,21.558481722217657,0.3131025941494906,0.7600592038487053
Composition,gini,Bangladesh,nonmil_g,5.001239385401982,3.2662257795093037,1.5311983074707516,0.15395858679258104
Composition,gini,Bangladesh,"L(nonmil_g, 1)",-10.841752728440584,4.067477784264262,-2.665473126954441,0.021970915068404734
Composition,gini,Bangladesh,"L(nonmil_g, 2)",6.04477482058003,5.948299669045107,1.0162189460690723,0.3313560930249141
Composition,gini,Bangladesh,"L(nonmil_g, 3)",2.237199710419946,4.40566164915999,0.5078010724782971,0.6216201750354402
Composition,gini,Belgium,(Intercept),27.767087671117064,3.933745519032028,7.0586893678749405,4.417136733529832e-7
Composition,gini,Belgium,"L(gini, 1)",0.6951820558779076,0.07390142406819353,9.406883083016357,3.62854965896841e-9
Composition,gini,Belgium,public_debt,-0.23989960587523332,0.7593252738326965,-0.31593786502632704,0.755027509639429
Composition,gini,Belgium,"L(public_debt, 1)",2.459490291552164,1.2286258409077928,2.0018220435075045,0.05778555010058988
Composition,gini,Belgium,"L(public_debt, 2)",-1.4488395118265383,1.1993715174626631,-1.20799893171687,0.2398735230017221
Composition,gini,Belgium,"L(public_debt, 3)",-1.3278860541745467,0.700630247094063,-1.8952736620808088,0.07127176475990862
Composition,gini,Belgium,growth,-12.099018059933265,4.906392314223053,-2.4659703678524925,0.021934261625820843
Composition,gini,Belgium,life_exp,0.1907153854987444,0.11438198932738441,1.6673550322059738,0.10961775608235426
Composition,gini,Belgium,"L(life_exp, 1)",-0.037896527941876146,0.09877296957605987,-0.3836730646504864,0.7049036099856774
Composition,gini,Belgium,"L(life_exp, 2)",-0.15790960928859168,0.10843572727092501,-1.4562507511390312,0.15944757655432412
Composition,gini,Belgium,"L(life_exp, 3)",-0.2228742647219322,0.12366671520770996,-1.8022170666342496,0.08523066030338725
Composition,gini,Belgium,gdp_x_debt,12.228240270346173,4.487146924717219,2.7251704647751867,0.012359266749560671
Composition,gini,Belgium,"L(gdp_x_debt, 1)",0.9942023933499707,0.5075198373042569,1.9589429225678698,0.06291444761699375
Composition,gini,Belgium,military_exp,24.826765673523745,24.740538529450205,1.0034852573629671,0.3265370915702561
Composition,gini,Belgium,"L(military_exp, 1)",-154.57771287499276,28.124719927164083,-5.496151189249527,1.598842127397548e-5
Composition,gini,Belgium,nonmil_g,-7.350489654296668,3.2113183555130913,-2.288932095965377,0.032049235458453625
Composition,gini,Belgium,"L(nonmil_g, 1)",9.000112767174821,3.059711595268483,2.9414905578331414,0.007549479016974269
Composition,gini,Brazil,(Intercept),42.37335282938798,7.214394874234954,5.873445183977601,9.572130324131607e-6
Composition,gini,Brazil,"L(gini, 1)",0.8514885506998964,0.10477297043968475,8.126986828058651,9.13131742974547e-8
Composition,gini,Brazil,"L(gini, 2)",-0.22887228259402084,0.08570824659028566,-2.670364774676906,0.014699529982659072
Composition,gini,Brazil,public_debt,1.2087071631326314,0.48007865415539114,2.517727361278177,0.020443904985352205
Composition,gini,Brazil,"L(public_debt, 1)",2.790691303578193,0.5044295787966885,5.532370465339004,2.0476178321252572e-5
Composition,gini,Brazil,growth,7.205847392121634,5.598148668726375,1.2871839993061536,0.2127281324067123
Composition,gini,Brazil,"L(growth, 1)",12.918024942217057,5.403949802688123,2.390478337861532,0.026779952152880593
Composition,gini,Brazil,"L(growth, 2)",-5.578823963862381,4.4125625127106725,-1.264304799714954,0.22065688303201386
Composition,gini,Brazil,"L(growth, 3)",4.802152393362091,4.069769814959388,1.1799567571882468,0.251862431602485
Composition,gini,Brazil,life_exp,-0.4228316314936736,0.06925566900732172,-6.1053721313264875,5.751951378554943e-6
Composition,gini,Brazil,gdp_x_debt,-12.846204023182121,9.36999781028101,-1.370993279111221,0.18556677395156623
Composition,gini,Brazil,"L(gdp_x_debt, 1)",-24.75268605429234,9.667987065599382,-2.5602729799222956,0.018659746978633283
Composition,gini,Brazil,"L(gdp_x_debt, 2)",12.470715170471358,7.842397234089987,1.590166220637564,0.12748080318142435
Composition,gini,Brazil,"L(gdp_x_debt, 3)",-12.682920159916137,7.753432625053927,-1.6357813078730306,0.11752637611156917
Composition,gini,Brazil,military_exp,155.48892461457976,32.61977444702213,4.7667075340177405,1.1773757558666153e-4
Composition,gini,Brazil,nonmil_g,3.786644369095012,4.985695885716552,0.7595016735664352,0.4564120118807574
Composition,gini,Brazil,"L(nonmil_g, 1)",6.382961376856241,5.493859201239304,1.1618356319390883,0.25898040092227453
Composition,gini,Brazil,"L(nonmil_g, 2)",6.122746113332925,5.352768775517572,1.1438465530842776,0.2661938126070185
Composition,gini,Brazil,"L(nonmil_g, 3)",-6.419140319061062,3.6034575881027147,-1.7813836189593826,0.0900430643785719
Composition,gini,Canada,(Intercept),-1.6563237131444744,11.180762121166707,-0.14814050197963052,0.8837152792165
Composition,gini,Canada,"L(gini, 1)",0.5621670572462645,0.09748035691161429,5.766977830784749,1.2119348149252424e-5
Composition,gini,Canada,public_debt,0.6019050263372002,2.3104067727004716,0.2605190711216951,0.7971268646102041
Composition,gini,Canada,"L(public_debt, 1)",0.8408466033189406,3.6774259888024217,0.22865085684369352,0.8214620218447027
Composition,gini,Canada,"L(public_debt, 2)",3.2375146540595914,4.516439969179954,0.7168288909300888,0.48176777882619926
Composition,gini,Canada,"L(public_debt, 3)",-3.2529346874951295,2.249482617201387,-1.4460812733650512,0.16364437456238798
Composition,gini,Canada,growth,14.002396836843976,10.131680320216228,1.3820409245349285,0.18220150143475344
Composition,gini,Canada,life_exp,0.5370023451594105,0.4096540875666887,1.3108677820088648,0.20475563432471597
Composition,gini,Canada,"L(life_exp, 1)",0.7638200747937004,0.515208824579133,1.482544627254113,0.15378201821651616
Composition,gini,Canada,"L(life_exp, 2)",-1.0427924363621048,0.4200090470254687,-2.4827856536596733,0.022027599087001203
Composition,gini,Canada,gdp_x_debt,-17.09110128037799,12.20816648732039,-1.3999728213183444,0.1768430893564536
Composition,gini,Canada,"L(gdp_x_debt, 1)",4.431234526352135,3.965476369477754,1.1174532675214808,0.27704492399333197
Composition,gini,Canada,military_exp,-28.806289946367745,88.04723018869046,-0.32716861035417183,0.7469399426354331
Composition,gini,Canada,"L(military_exp, 1)",180.87854398193525,115.6605215239694,1.5638745321103376,0.1335326162841584
Composition,gini,Canada,"L(military_exp, 2)",-111.49219969399098,86.16807717686011,-1.2938921622348967,0.2104458799093455
Composition,gini,Canada,"L(military_exp, 3)",-66.61142956297662,60.716157262874376,-1.097095609568608,0.2856336942217664
Composition,gini,Canada,nonmil_g,-3.2489916172077264,14.518422456828093,-0.2237840665450335,0.8251954067211313
Composition,gini,Canada,"L(nonmil_g, 1)",-16.732769174686634,18.620933454875217,-0.898599912578806,0.3795572667524618
Composition,gini,Canada,"L(nonmil_g, 2)",-23.489271151680438,17.767494807270836,-1.3220361906096143,0.20107811090662905
Composition,gini,Chile,(Intercept),44.21924432165973,14.777420249654595,2.9923520868057674,0.012246102144643155
Composition,gini,Chile,"L(gini, 1)",1.3283642439743133,0.2451767459312452,5.417986273244796,2.1082086911520186e-4
Composition,gini,Chile,"L(gini, 2)",-0.16123510989338408,0.3689659348223213,-0.4369918593461161,0.6705719579196496
Composition,gini,Chile,"L(gini, 3)",-0.4120472056301345,0.2481845858208163,-1.6602449514234674,0.1250723047326671
Composition,gini,Chile,public_debt,3.1870362958392,1.7209433757057402,1.8519123527421295,0.0910445385121515
Composition,gini,Chile,"L(public_debt, 1)",0.3779344210090551,2.257417102544884,0.1674189588547873,0.8700785771341558
Composition,gini,Chile,"L(public_debt, 2)",-2.0261212476755337,2.4982495788575876,-0.8110163471345601,0.43455341188230334
Composition,gini,Chile,"L(public_debt, 3)",2.165383706027606,1.5397612763222304,1.4063113154785234,0.18724757937774983
Composition,gini,Chile,growth,0.005009101779186946,0.9153752581043144,0.005472183932041692,0.9957318318736186
Composition,gini,Chile,"L(growth, 1)",2.562847881806315,1.0237931352033904,2.503286839579336,0.029334487339659744
Composition,gini,Chile,"L(growth, 2)",-0.9815346171727013,1.0949103728622849,-0.896452021553874,0.3892087997257281
Composition,gini,Chile,"L(growth, 3)",2.1897522055495484,1.0159336085725972,2.155408765958816,0.05413515014031997
Composition,gini,Chile,life_exp,-0.24002693579747608,0.14468085292261743,-1.659009681991953,0.12532439622298505
Composition,gini,Chile,"L(life_exp, 1)",-0.09174574762751632,0.11462015143357779,-0.8004329647102486,0.4404051983249797
Composition,gini,Chile,"L(life_exp, 2)",-0.21242123707804378,0.11768042950297755,-1.8050685060821356,0.09847915398036647
Composition,gini,Chile,"L(life_exp, 3)",0.1595501120120896,0.10736046738726936,1.486116034094397,0.1653369311305331
Composition,gini,Chile,gdp_x_debt,-5.394520592735784,5.064284750081056,-1.0652087824740586,0.3096045922344859
Composition,gini,Chile,"L(gdp_x_debt, 1)",-9.60566927194567,5.999919571470042,-1.6009663392191409,0.1376889576032934
Composition,gini,Chile,"L(gdp_x_debt, 2)",-3.818196761588085,6.766330848508839,-0.5642935361976185,0.5838769404918334
Composition,gini,Chile,"L(gdp_x_debt, 3)",-11.863195949363977,4.792651553094632,-2.4752886409411237,0.03083058846347539
Composition,gini,Chile,military_exp,-9.182103260990553,12.604853557961123,-0.728457749926909,0.4815540491585748
Composition,gini,Chile,"L(military_exp, 1)",-24.500330970929742,17.65125131832634,-1.3880223293570337,0.19260060143168545
Composition,gini,Chile,"L(military_exp, 2)",-35.39962163104337,21.658429074356672,-1.6344501029835126,0.13043092317583296
Composition,gini,Chile,"L(military_exp, 3)",-7.515615944655656,23.4867650770974,-0.319993661110203,0.7549689492523494
Composition,gini,Chile,nonmil_g,-10.724094106431796,5.467762664591377,-1.9613313094000653,0.07564249012405523
Composition,gini,Chile,"L(nonmil_g, 1)",11.294226112657368,6.692033053634085,1.6877122426232007,0.11958212845804059
Composition,gini,Chile,"L(nonmil_g, 2)",-11.050703544160317,5.273484147016648,-2.095522283955665,0.06006405533097431
Composition,gini,Chile,"L(nonmil_g, 3)",2.3713384011380767,4.123801411646045,0.5750370021313757,0.5768387030336419
Composition,gini,Colombia,(Intercept),8.837926400665495,10.424329908111737,0.8478172197704741,0.40458402585207265
Composition,gini,Colombia,"L(gini, 1)",1.0425249673965815,0.19213245561506115,5.42607423643868,1.2427170436548585e-5
Composition,gini,Colombia,"L(gini, 2)",0.08165710518491678,0.22419632698404196,0.3642214227297713,0.7187551924005131
Composition,gini,Colombia,public_debt,-3.1971753760558155,2.7063749967686803,-1.181349731605241,0.2485803501751524
Composition,gini,Colombia,growth,-10.868589386870893,10.850103113186272,-1.0017037878342514,0.3260842867501902
Composition,gini,Colombia,"L(growth, 1)",-3.421293109265214,3.4526601067414933,-0.9909151215275915,0.33122156182802975
Composition,gini,Colombia,"L(growth, 2)",2.716065671404483,3.634465786334856,0.7473080862713183,0.46184918794651253
Composition,gini,Colombia,"L(growth, 3)",-7.724445907105987,3.6145317183244217,-2.1370530151791796,0.04256216875892789
Composition,gini,Colombia,life_exp,-0.1979403259704229,0.21077440797082939,-0.9391098657376721,0.3566598444783883
Composition,gini,Colombia,gdp_x_debt,64.75357265926748,32.58075838874036,1.9874789864205795,0.05792863005227103
Composition,gini,Colombia,military_exp,37.140134557222325,30.755431047460682,1.2075959689821611,0.23850362083597712
Composition,gini,Colombia,"L(military_exp, 1)",-69.51743445033287,41.44850039542535,-1.677200231302107,0.10596460730852136
Composition,gini,Colombia,nonmil_g,42.05765939641702,22.808150464069644,1.8439750063325695,0.0770708569281866
Composition,gini,Colombia,"L(nonmil_g, 1)",-29.24903388994788,23.34346835930607,-1.2529857791371224,0.2218041696932329
Composition,gini,Costa Rica,(Intercept),4.394979370650802,10.258243798459864,0.4284338973607401,0.6744237726385771
Composition,gini,Costa Rica,"L(gini, 1)",1.161559024091001,0.20281892314308075,5.727074210287404,4.003108240810376e-5
Composition,gini,Costa Rica,"L(gini, 2)",-0.5363006962612057,0.3615371890604606,-1.4833901255218285,0.15867693342781886
Composition,gini,Costa Rica,"L(gini, 3)",0.23473991745676226,0.20296537809001755,1.156551524529727,0.26554366044744027
Composition,gini,Costa Rica,public_debt,1.3254863790571436,1.933106900439658,0.6856767097337868,0.5033774304739237
Composition,gini,Costa Rica,"L(public_debt, 1)",-1.7374993922449147,1.9606901626432915,-0.8861672411833373,0.3895137518180717
Composition,gini,Costa Rica,"L(public_debt, 2)",-3.4945683510062064,2.003803011654101,-1.7439680101695763,0.10161591478940614
Composition,gini,Costa Rica,"L(public_debt, 3)",-2.234634096724395,1.4470788901356038,-1.5442379209297916,0.1433632421347026
Composition,gini,Costa Rica,growth,-0.7675449124235267,6.357190479385705,-0.12073649750033832,0.9055021915306007
Composition,gini,Costa Rica,"L(growth, 1)",-4.4347677179091285,8.471463762559608,-0.5234948578200831,0.6082778124187789
Composition,gini,Costa Rica,"L(growth, 2)",-15.049577911472648,8.016292122842037,-1.877373938081623,0.08005288085962978
Composition,gini,Costa Rica,"L(growth, 3)",-15.186890028390629,6.8321312750539915,-2.22286273740702,0.04201868707772499
Composition,gini,Costa Rica,life_exp,0.03021728220976549,0.18870372412640493,0.16013082068016934,0.8749145074268564
Composition,gini,Costa Rica,"L(life_exp, 1)",0.19221343310122763,0.1930607739458501,0.9956110149809089,0.3352297869574271
Composition,gini,Costa Rica,"L(life_exp, 2)",0.03956361655032938,0.27930814600518317,0.14164863114874993,0.8892424761856172
Composition,gini,Costa Rica,"L(life_exp, 3)",-0.18624515773370356,0.24749070241404922,-0.7525339575064822,0.4633769620324468
Composition,gini,Costa Rica,gdp_x_debt,6.2700514116940775,20.767486875794248,0.30191671477602805,0.7668611981217632
Composition,gini,Costa Rica,"L(gdp_x_debt, 1)",14.761515975298469,27.088880451589343,0.5449289793160275,0.5938125379814457
Composition,gini,Costa Rica,"L(gdp_x_debt, 2)",53.71061144926829,26.630770920160487,2.016862809202694,0.061976323722913174
Composition,gini,Costa Rica,"L(gdp_x_debt, 3)",50.14774863983545,21.437765198268902,2.339224642869252,0.03357370906669747
Composition,gini,Costa Rica,nonmil_g,15.100326393612484,9.21742742846836,1.6382365373417074,0.12217313581095188
Composition,gini,Costa Rica,"L(nonmil_g, 1)",-19.068879418906967,13.58969064255128,-1.4031871600667314,0.1809217089333394
Composition,gini,Costa Rica,"L(nonmil_g, 2)",11.05156989420626,13.156051118863004,0.8400370137176374,0.41407711157389504
Composition,gini,Costa Rica,"L(nonmil_g, 3)",-21.634896670558078,10.798292238639107,-2.0035479863327623,0.06352612404479928
Composition,gini,Cyprus,(Intercept),-4.53000967043588,4.8549566309344545,-0.9330690292003637,0.3600771866835307
Composition,gini,Cyprus,"L(gini, 1)",1.0473163254431188,0.12857656705123466,8.145468100931552,2.2907150476563328e-8
Composition,gini,Cyprus,public_debt,0.10796896572658925,0.5634045955364224,0.19163664368727956,0.8496389455350202
Composition,gini,Cyprus,"L(public_debt, 1)",-0.6875624781080903,0.4631701458873841,-1.4844706296663286,0.150700547053454
Composition,gini,Cyprus,growth,1.841439936373291,1.165325114032257,1.5801941571494518,0.12715312887477284
Composition,gini,Cyprus,life_exp,0.04211515313045034,0.02449000368503206,1.7196874966658549,0.09836168706321682
Composition,gini,Cyprus,gdp_x_debt,-2.5379509313403354,1.4495035104844354,-1.7509105103802973,0.09273497677991992
Composition,gini,Cyprus,military_exp,2.5451230540956855,1.9638517973540857,1.2959852966118683,0.20730586895683703
Composition,gini,Cyprus,nonmil_g,-1.6453068689830008,1.982493273876535,-0.8299180081281157,0.41476441808758524
Composition,gini,Cyprus,"L(nonmil_g, 1)",2.8021048358897365,1.723433362230738,1.6258852226597333,0.11703486500262038
Composition,gini,Denmark,(Intercept),-66.4886613437693,21.553214401137105,-3.084860573755601,0.006718932915747103
Composition,gini,Denmark,"L(gini, 1)",0.7065572896572795,0.21974364586449308,3.2153707420190183,0.005076796434064752
Composition,gini,Denmark,"L(gini, 2)",-0.21876251911931374,0.24057991340491408,-0.9093133172390829,0.37589678095524925
Composition,gini,Denmark,public_debt,-2.2005018969105103,2.108732732141994,-1.0435186324799444,0.311321047744189
Composition,gini,Denmark,"L(public_debt, 1)",-2.26833429875234,2.9849623197752697,-0.7599205804792595,0.4577119711265133
Composition,gini,Denmark,"L(public_debt, 2)",0.28812697132695536,2.359638535589488,0.12210640188369999,0.9042465835583731
Composition,gini,Denmark,"L(public_debt, 3)",2.929061413020742,1.399087596383186,2.0935511261716044,0.051599588595632274
Composition,gini,Denmark,growth,-13.802349533800022,10.059236553201185,-1.372107064070151,0.18786588360411657
Composition,gini,Denmark,life_exp,1.0672427139163505,0.38065959310068864,2.803666933028148,0.012210791746219442
Composition,gini,Denmark,"L(life_exp, 1)",-0.3041476988849496,0.513217685486596,-0.592629029524925,0.5612305596993162
Composition,gini,Denmark,"L(life_exp, 2)",-0.49172586404662516,0.5431406548425478,-0.9053379813543374,0.37793894810302286
Composition,gini,Denmark,"L(life_exp, 3)",0.6829432868588952,0.4551489538381318,1.500483042089504,0.15183300973547106
Composition,gini,Denmark,gdp_x_debt,31.44614358138036,19.105597201056423,1.6459126218593982,0.11814253456818236
Composition,gini,Denmark,"L(gdp_x_debt, 1)",2.54367039505251,5.378830063756397,0.47290402650796787,0.6422965381517762
Composition,gini,Denmark,"L(gdp_x_debt, 2)",-15.081030412219407,6.66686818450186,-2.2620861842262814,0.037083157560177764
Composition,gini,Denmark,military_exp,386.9411370370213,161.41644492695264,2.397160569433477,0.028288462158073936
Composition,gini,Denmark,"L(military_exp, 1)",-216.3042208299178,151.9718462763013,-1.423317713970871,0.17273793393060813
Composition,gini,Denmark,"L(military_exp, 2)",69.92286866628544,184.75154606092238,0.3784697349337914,0.7097664463164157
Composition,gini,Denmark,"L(military_exp, 3)",203.2567941822904,164.58910402870163,1.2349346901289757,0.2336517204203793
Composition,gini,Denmark,nonmil_g,-4.397511304303389,10.252655810536803,-0.42891435990507,0.6733714443334408
Composition,gini,Denmark,"L(nonmil_g, 1)",14.343480781442134,14.43257096679647,0.9938271437875277,0.3342432754500584
Composition,gini,Denmark,"L(nonmil_g, 2)",-16.01953212654824,10.156895835597453,-1.5772074840428774,0.13317342049261402
Composition,gini,Egypt,(Intercept),21.959362100294232,7.232606611059596,3.03616155021006,0.007103579596775395
Composition,gini,Egypt,"L(gini, 1)",1.101749574976577,0.1807099260004877,6.096785048617661,9.249138531605443e-6
Composition,gini,Egypt,"L(gini, 2)",-0.4979443554242302,0.17908743689595907,-2.7804538612806837,0.012342597215183316
Composition,gini,Egypt,public_debt,-1.9419124604933233,1.2118045534242534,-1.602496421560696,0.12644882041211644
Composition,gini,Egypt,"L(public_debt, 1)",1.9036566092964247,1.2908318654564517,1.4747517939706825,0.15755583271562762
Composition,gini,Egypt,"L(public_debt, 2)",-2.232671956834576,1.0975616746113046,-2.034210931814164,0.05693696225487728
Composition,gini,Egypt,"L(public_debt, 3)",-0.584035653852603,0.751213909121024,-0.7774558574613828,0.4469883017142098
Composition,gini,Egypt,growth,-4.169280051797028,6.1599354418008,-0.6768382706585927,0.5071142745419954
Composition,gini,Egypt,"L(growth, 1)",2.4369046177796143,5.544074991761612,0.43955116433324,0.6654939284680674
Composition,gini,Egypt,"L(growth, 2)",-6.056319421082781,4.061875196559137,-1.4910156339153804,0.1532742274605106
Composition,gini,Egypt,"L(growth, 3)",1.4891458583888075,0.747652982361529,1.9917607413070255,0.06179189524789444
Composition,gini,Egypt,life_exp,0.5220229196626963,0.3998501172694352,1.305546496341118,0.2081481500139452
Composition,gini,Egypt,"L(life_exp, 1)",-0.5731605267041314,0.39469406929186923,-1.4521640209402018,0.16366481989858303
Composition,gini,Egypt,gdp_x_debt,5.375631780904532,7.026004365252124,0.7651051011995252,0.45412433757325943
Composition,gini,Egypt,"L(gdp_x_debt, 1)",-0.6451866082819788,6.2461221250523105,-0.10329394708666147,0.918871823385953
Composition,gini,Egypt,"L(gdp_x_debt, 2)",4.580907574602564,4.54762517853461,1.0073186322006156,0.32713188953063144
Composition,gini,Egypt,military_exp,1.6040498964868528,15.314860808739507,0.10473813092519216,0.9177418855252051
Composition,gini,Egypt,"L(military_exp, 1)",20.853462515519972,15.93837883953375,1.308380402139444,0.20720571975136595
Composition,gini,Egypt,nonmil_g,-0.9661487766703206,3.40394582248268,-0.2838320076333226,0.7797781318691444
Composition,gini,Egypt,"L(nonmil_g, 1)",-0.6535899005549799,5.078732819371563,-0.1286915307027028,0.8990287544669466
Composition,gini,Egypt,"L(nonmil_g, 2)",-5.06032344603216,3.5701880262735166,-1.4173828965848652,0.17344883126764601
Composition,gini,Finland,(Intercept),-8.30316296603298,4.471409942892822,-1.856945140811931,0.07889153610415607
Composition,gini,Finland,"L(gini, 1)",0.7309666278017148,0.13855141366375115,5.275778921864265,4.310033096140982e-5
Composition,gini,Finland,"L(gini, 2)",0.09824583446840536,0.1285728288386718,0.7641259460167935,0.4541778220451749
Composition,gini,Finland,public_debt,-1.3410468763343248,1.2888892396000058,-1.0404671209377974,0.31118273794182194
Composition,gini,Finland,"L(public_debt, 1)",4.243584592640327,2.363320430585264,1.7956027196825888,0.08848004744790576
Composition,gini,Finland,"L(public_debt, 2)",-6.997194815321697,2.3470572816435755,-2.9812629074062333,0.007673345703411358
Composition,gini,Finland,"L(public_debt, 3)",5.229194248756332,1.2405857768809814,4.215100919424781,4.688834755145318e-4
Composition,gini,Finland,growth,-2.9785455982550633,2.193222147644006,-1.358068356848696,0.1903515317159624
Composition,gini,Finland,life_exp,0.004366894209247032,0.15034736325116194,0.029045366109626686,0.9771313318992767
Composition,gini,Finland,"L(life_exp, 1)",0.15346280944605867,0.13656793015324148,1.1237104441273995,0.2751338490148072
Composition,gini,Finland,gdp_x_debt,4.342217321689625,4.042285213815162,1.074198650518127,0.2961870279461074
Composition,gini,Finland,"L(gdp_x_debt, 1)",-0.13081447778228844,2.594123053315725,-0.0504272446193659,0.9603082888922924
Composition,gini,Finland,"L(gdp_x_debt, 2)",3.981832875935786,2.1858922054657697,1.821605322521994,0.08429790329127378
Composition,gini,Finland,military_exp,23.822595412767008,33.694880957643285,0.7070093360090395,0.48814206802589033
Composition,gini,Finland,"L(military_exp, 1)",59.736283255401744,31.97275380544671,1.8683496460422306,0.07721304005822857
Composition,gini,Finland,"L(military_exp, 2)",36.74214402859285,29.296857107106135,1.2541326154634114,0.22500459867783412
Composition,gini,Finland,nonmil_g,-15.949156982105455,4.762086939731033,-3.34919483494484,0.003369966365492035
Composition,gini,Finland,"L(nonmil_g, 1)",3.2437710521376855,6.507256202296947,0.49848522192697614,0.623863563625227
Composition,gini,Finland,"L(nonmil_g, 2)",13.33657760260963,6.198669191877798,2.151522720406621,0.044508971458752614
Composition,gini,Finland,"L(nonmil_g, 3)",-11.82696932531797,4.7027027907145715,-2.514930211764642,0.021066184443429743
Composition,gini,France,(Intercept),2.2087637491295506,9.466842980082134,0.2333157689186039,0.8184749601200492
Composition,gini,France,"L(gini, 1)",1.2645830067608854,0.15828036694971415,7.989512730676477,5.64060757987775e-7
Composition,gini,France,"L(gini, 2)",-0.5825687595608555,0.1837953670273978,-3.169659654554915,0.005944757791664553
Composition,gini,France,public_debt,-4.033656273678282,2.2704919892006585,-1.7765560472637287,0.09465672570107127
Composition,gini,France,"L(public_debt, 1)",6.307082094736977,2.9608222671433366,2.1301792291714228,0.04902463451512859
Composition,gini,France,"L(public_debt, 2)",-1.9297014465792282,2.9929375012484893,-0.6447516681435087,0.5282250310141945
Composition,gini,France,"L(public_debt, 3)",0.9395591174066127,2.094200759051513,0.4486480645877282,0.6597021059941219
Composition,gini,France,growth,5.08993456057194,4.239378515661336,1.2006322487526027,0.24736814043814476
Composition,gini,France,"L(growth, 1)",-2.9630338207802915,2.29278144373003,-1.292331560377537,0.21459578945531066
Composition,gini,France,"L(growth, 2)",3.8202844709021937,2.3389919224522173,1.6333038324035671,0.12192576332103121
Composition,gini,France,life_exp,0.3602579809478043,0.2967781579809985,1.2138965461564397,0.24240199107172572
Composition,gini,France,"L(life_exp, 1)",0.8093097558769683,0.28534290124774814,2.8362708598602473,0.011914580086843493
Composition,gini,France,"L(life_exp, 2)",-0.7213009503323704,0.3068735927172953,-2.3504823075371712,0.031905276353234494
Composition,gini,France,"L(life_exp, 3)",-0.39083671103151735,0.30719143521580367,-1.2722903903780793,0.22145011551902546
Composition,gini,France,gdp_x_debt,-10.34204129746325,5.720198737427948,-1.8079863606475823,0.08944298620050287
Composition,gini,France,military_exp,142.60782164125067,79.43680691633995,1.7952360772939957,0.09152674631619176
Composition,gini,France,"L(military_exp, 1)",-12.577533506944839,95.71862637702709,-0.1314011074229488,0.8970961080713604
Composition,gini,France,"L(military_exp, 2)",169.03520290136768,100.7653320062179,1.6775134814316601,0.11286558669416875
Composition,gini,France,"L(military_exp, 3)",-226.89726203524694,77.22141553960519,-2.938268619524026,0.009643013906712974
Composition,gini,France,nonmil_g,17.010375040210835,11.181219190490058,1.5213345477279114,0.14769195454538267
Composition,gini,France,"L(nonmil_g, 1)",-16.2567995049725,14.952746502271864,-1.0872116037346384,0.293050947531034
Composition,gini,France,"L(nonmil_g, 2)",17.40971531550843,15.006474326086893,1.1601469430593567,0.2630082560109166
Composition,gini,France,"L(nonmil_g, 3)",-18.536154217495742,10.70176231391127,-1.7320655863754804,0.10249207286371946
Composition,gini,Germany,(Intercept),-12.76338329070711,6.274514482901774,-2.0341626950559575,0.05475979562079054
Composition,gini,Germany,"L(gini, 1)",1.367516581642004,0.15642552053845774,8.742285638140457,1.929598283857734e-8
Composition,gini,Germany,"L(gini, 2)",-0.5928086400152949,0.15198444386705517,-3.900456026498609,8.24032289502094e-4
Composition,gini,Germany,public_debt,-0.27838878157151614,0.6970086243529762,-0.3994050745497457,0.6936277220131052
Composition,gini,Germany,growth,-5.940079071638883,6.967234450184754,-0.8525734441850693,0.4035151563891828
Composition,gini,Germany,life_exp,0.12233043570716697,0.21879009097996505,0.559122376883005,0.5819925666704744
Composition,gini,Germany,"L(life_exp, 1)",0.004087897517225068,0.21067974332219433,0.019403372401937152,0.9847024983511377
Composition,gini,Germany,"L(life_exp, 2)",-0.02853481278527665,0.21832828143470287,-0.1306968231406648,0.8972590824839217
Composition,gini,Germany,"L(life_exp, 3)",0.13474317694543547,0.20238055878094258,0.665791110357008,0.5127922442754387
Composition,gini,Germany,gdp_x_debt,10.60307163808049,11.289681079964016,0.939182565298318,0.35831487487430225
Composition,gini,Germany,"L(gdp_x_debt, 1)",0.8384138545396475,2.739720842098393,0.306021636093951,0.7626013581564148
Composition,gini,Germany,"L(gdp_x_debt, 2)",4.903215650844685,2.5916530879909634,1.8919259192385327,0.07237165685197999
Composition,gini,Germany,military_exp,-44.22799904031199,50.407498344909854,-0.8774091254774228,0.3901922336387481
Composition,gini,Germany,"L(military_exp, 1)",86.40995468732044,39.35192797063558,2.195825189347764,0.03947760455418816
Composition,gini,Germany,nonmil_g,5.4905078710543345,8.870429445535757,0.6189675375657889,0.5425946862557665
Composition,gini,Germany,"L(nonmil_g, 1)",-14.134903763927724,17.261423590059337,-0.8188724232494856,0.4220551828607164
Composition,gini,Germany,"L(nonmil_g, 2)",28.961079892740006,14.421003391482536,2.0082569226663702,0.0576504847383181
Composition,gini,Germany,"L(nonmil_g, 3)",-18.668426899070262,8.70502811836854,-2.14455676021056,0.04384376654095771
Composition,gini,Greece,(Intercept),21.299441484435594,15.846277887618308,1.3441289895009467,0.19324875476879944
Composition,gini,Greece,"L(gini, 1)",1.34346672819633,0.16254434868904022,8.26523185230195,4.8626538320684656e-8
Composition,gini,Greece,"L(gini, 2)",-0.504039333566022,0.1984945794759468,-2.5393103171721654,0.019081987927717762
Composition,gini,Greece,public_debt,1.1365742725453611,0.518831220122296,2.19064356280922,0.039900207286672464
Composition,gini,Greece,"L(public_debt, 1)",0.004862365551076148,0.617626511356277,0.007872663270879736,0.9937928989706798
Composition,gini,Greece,"L(public_debt, 2)",0.11775403431321256,0.5605056130062805,0.21008537930893675,0.8356259444286217
Composition,gini,Greece,"L(public_debt, 3)",-1.5280839870414353,0.5003494173678104,-3.054033709243095,0.006027683905708467
Composition,gini,Greece,growth,-4.3718769634972645,3.376113194451,-1.2949438338391344,0.20939648213333736
Composition,gini,Greece,life_exp,-0.47796123428949233,0.1691546747530591,-2.8255869072920707,0.010130659499208206
Composition,gini,Greece,"L(life_exp, 1)",0.27448056555657036,0.18816030115750756,1.4587591743212867,0.15942746151130177
Composition,gini,Greece,gdp_x_debt,5.644434934751813,2.611481455523145,2.1613919267219504,0.0423639972039628
Composition,gini,Greece,military_exp,21.90940827102772,15.868240961670516,1.3807080648667704,0.18188824266545012
Composition,gini,Greece,"L(military_exp, 1)",-30.66082380611998,13.326044626494792,-2.300819535390137,0.031747736273471126
Composition,gini,Greece,"L(military_exp, 2)",-16.250633763086842,12.479249142123686,-1.3022124631066827,0.20694608853378288
Composition,gini,Greece,nonmil_g,-2.526697718235913,4.700762912123364,-0.5375080099699365,0.5965672627182205
Composition,gini,Greece,"L(nonmil_g, 1)",6.6078274723576955,5.498019615909964,1.2018559288577675,0.24279790779697424
Composition,gini,Greece,"L(nonmil_g, 2)",10.092657421344745,5.618882988735667,1.7962035232941813,0.08686429134448401
Composition,gini,Greece,"L(nonmil_g, 3)",-7.8934913555976784,5.024704124182263,-1.57093654880272,0.1311434517380603
Composition,gini,Guatemala,(Intercept),27.030497144235387,4.3654470413016435,6.191919610637566,6.792948689717435e-5
Composition,gini,Guatemala,"L(gini, 1)",1.0649994835680672,0.1771709171331602,6.011141674948956,8.784516296455983e-5
Composition,gini,Guatemala,"L(gini, 2)",-0.7616009365257448,0.2681896962992509,-2.8397844773124197,0.01608807263694673
Composition,gini,Guatemala,"L(gini, 3)",0.4983692018596914,0.1710962817814731,2.912799721131383,0.014118145513069244
Composition,gini,Guatemala,public_debt,-8.264863046269475,2.4773783590816345,-3.3361327372429557,0.006638702706561807
Composition,gini,Guatemala,"L(public_debt, 1)",3.5543640974790023,1.8287918824120595,1.9435585490411427,0.07796799244625466
Composition,gini,Guatemala,"L(public_debt, 2)",0.6789474885230138,1.5033596495257147,0.4516201354328025,0.6603172249770204
Composition,gini,Guatemala,"L(public_debt, 3)",-0.6218558722130818,1.05003141732545,-0.5922259676734434,0.5656735760373972
Composition,gini,Guatemala,growth,-17.302166154453214,6.584397363363349,-2.6277524273861816,0.023501298974284067
Composition,gini,Guatemala,"L(growth, 1)",-9.781165124751997,5.810630284711671,-1.68332257354029,0.1204448540726084
Composition,gini,Guatemala,"L(growth, 2)",-8.256294522426472,5.7335415429611505,-1.4399990757130572,0.17771537918852087
Composition,gini,Guatemala,"L(growth, 3)",-9.643840037531179,6.047093344617615,-1.5947893455481301,0.13906605217773338
Composition,gini,Guatemala,life_exp,7.663770080563137e-4,0.03227649668160274,0.0237441199277721,0.9814819710758068
Composition,gini,Guatemala,"L(life_exp, 1)",-0.01673037946667319,0.025395923255178154,-0.6587820926440198,0.5235859930094472
Composition,gini,Guatemala,"L(life_exp, 2)",0.002554667323328536,0.039659233558499006,0.06441544866368373,0.9497951441317518
Composition,gini,Guatemala,"L(life_exp, 3)",-0.16429409898207395,0.05086106749440431,-3.2302526682152206,0.008011625103633386
Composition,gini,Guatemala,gdp_x_debt,48.19432658702284,18.35199310440308,2.62610858193162,0.023570334248257913
Composition,gini,Guatemala,"L(gdp_x_debt, 1)",28.42305636545714,13.330003188474846,2.1322617829552946,0.05635780842053642
Composition,gini,Guatemala,"L(gdp_x_debt, 2)",13.862744199978009,11.338006400700435,1.222679165106275,0.2470012390963942
Composition,gini,Guatemala,"L(gdp_x_debt, 3)",19.469886591266533,13.643906331204267,1.4270023641790892,0.18134306794288255
Composition,gini,Guatemala,military_exp,66.881178145843,43.98353487882936,1.5205957940873684,0.15657189205595037
Composition,gini,Guatemala,"L(military_exp, 1)",13.094665843232033,36.2048555936997,0.361682587280109,0.724440846984358
Composition,gini,Guatemala,"L(military_exp, 2)",-20.722132100693436,32.241373180359616,-0.642718657942171,0.533574157980414
Composition,gini,Guatemala,"L(military_exp, 3)",-52.73654365249335,32.02898863983131,-1.6465254100127935,0.12789758925802483
Composition,gini,Guatemala,nonmil_g,21.058566605182005,11.981354753145256,1.7576114754179921,0.10657032035880361
Composition,gini,Guatemala,"L(nonmil_g, 1)",-46.58114476821096,17.770436996329625,-2.6212717660140834,0.023774624927871305
Composition,gini,Guatemala,"L(nonmil_g, 2)",38.06880339062285,17.976508243611367,2.1176973233470986,0.05780039456642403
Composition,gini,Guatemala,"L(nonmil_g, 3)",-50.22388782754361,11.64596542834936,-4.312556836660821,0.0012298687423941686
Composition,gini,India,(Intercept),-52.4511813129339,28.97679982946683,-1.8101095228464708,0.09765331897383281
Composition,gini,India,"L(gini, 1)",1.6346997008013293,0.31985711056737437,5.110718651530487,3.3833486191358887e-4
Composition,gini,India,"L(gini, 2)",-0.4868722296476896,0.504122316116868,-0.9657819423626163,0.35490667704420964
Composition,gini,India,"L(gini, 3)",0.6763121973040056,0.2843041051987326,2.3788337380188507,0.03657642570348394
Composition,gini,India,public_debt,0.8365817926620239,4.157919367792959,0.20120202405610502,0.8442127727187009
Composition,gini,India,"L(public_debt, 1)",2.023320256770571,3.4729282118783504,0.5825977772446521,0.5719129907430598
Composition,gini,India,"L(public_debt, 2)",0.09828969907464588,2.5994478180950518,0.03781176078644092,0.97051526567384
Composition,gini,India,"L(public_debt, 3)",4.484048612235298,2.8332487791775955,1.5826526230911775,0.1418070390040594
Composition,gini,India,growth,32.76762657868858,44.30084902592725,0.7396613676525972,0.4749952688031528
Composition,gini,India,"L(growth, 1)",15.679235090499956,37.620058826967046,0.41677859044868554,0.6848575741956731
Composition,gini,India,"L(growth, 2)",3.226056757590762,16.830152186528284,0.19168316018990386,0.8514828860868073
Composition,gini,India,"L(growth, 3)",8.013213055551597,19.986282685438752,0.40093564079275834,0.6961454986300701
Composition,gini,India,life_exp,-11.08704547456395,4.261125975819109,-2.6019051155681234,0.024610246996812465
Composition,gini,India,"L(life_exp, 1)",11.375852154127484,5.377836002141848,2.1153215065682156,0.058039006440520374
Composition,gini,India,"L(life_exp, 2)",-1.0396601247458421,5.120732199410051,-0.2030295833212327,0.8428186677721783
Composition,gini,India,"L(life_exp, 3)",0.9497708712839561,2.70239560154651,0.3514551573205741,0.7318864945259023
Composition,gini,India,gdp_x_debt,-59.98020470546555,59.60683627171173,-1.0062638525563052,0.3359111374519377
Composition,gini,India,"L(gdp_x_debt, 1)",-26.667241401060327,49.59888507686751,-0.5376580816228407,0.6015209038050583
Composition,gini,India,"L(gdp_x_debt, 2)",-28.35285393570438,22.361299378614163,-1.2679430410390375,0.23099871416135567
Composition,gini,India,"L(gdp_x_debt, 3)",-17.661370137446507,29.522783892172995,-0.5982284801444095,0.5618026858972205
Composition,gini,India,military_exp,30.117115275195452,75.99029695295445,0.3963284324818594,0.6994427097800306
Composition,gini,India,"L(military_exp, 1)",33.37687203730121,105.2784943939823,0.31703409351956907,0.7571536347276198
Composition,gini,India,"L(military_exp, 2)",-19.33493492025873,90.2424865101207,-0.2142553432200731,0.8342679055923259
Composition,gini,India,"L(military_exp, 3)",-109.87368436216794,91.93011726501956,-1.1951870358809615,0.2571457282835501
Composition,gini,India,nonmil_g,18.879016368912467,34.20220684732868,0.5519824043280116,0.5919979526087105
Composition,gini,India,"L(nonmil_g, 1)",-14.04197171069306,33.54404384127639,-0.41861296679484505,0.6835557086018211
Composition,gini,India,"L(nonmil_g, 2)",9.371314202988081,36.721026947173456,0.255202944527384,0.8032750486858162
Composition,gini,India,"L(nonmil_g, 3)",58.154805998199016,48.913706712343604,1.1889265792143162,0.25950135505628114
Composition,gini,Indonesia,(Intercept),14.420339412430165,4.084555507299309,3.5304549997325982,0.002235323006339479
Composition,gini,Indonesia,"L(gini, 1)",0.9806254882572918,0.03518405811041903,27.871301405306053,7.11323481943691e-17
Composition,gini,Indonesia,public_debt,-0.0714676394940542,0.4782085996914816,-0.1494486706014109,0.8827745611979785
Composition,gini,Indonesia,"L(public_debt, 1)",-0.9329305930564549,0.6236794585926768,-1.495849478771673,0.15111893955661523
Composition,gini,Indonesia,growth,-1.0959470436902883,0.9253186735329149,-1.1843995750198204,0.2508601111693941
Composition,gini,Indonesia,"L(growth, 1)",1.4077048736176427,1.1485308597923465,1.225656987459749,0.23530383701686267
Composition,gini,Indonesia,"L(growth, 2)",-1.172242595750808,1.0542437974237935,-1.1119274295142763,0.2800415088106916
Composition,gini,Indonesia,"L(growth, 3)",2.892020134081713,0.828542432035739,3.490491279940828,0.0024475885430539275
Composition,gini,Indonesia,life_exp,-0.07845862946284696,0.046519181208780735,-1.68658663854637,0.10803366982639825
Composition,gini,Indonesia,"L(life_exp, 1)",-0.0937534590416097,0.047953841309870585,-1.9550771425335627,0.06544635731486419
Composition,gini,Indonesia,gdp_x_debt,4.683918536230024,2.6321617000203865,1.7794949817079044,0.09116039915551312
Composition,gini,Indonesia,"L(gdp_x_debt, 1)",-1.883168576013106,2.5446021042632174,-0.7400640645773467,0.46830800772769066
Composition,gini,Indonesia,"L(gdp_x_debt, 2)",2.2874097746804605,2.701008826108038,0.8468723806343335,0.40760716454880563
Composition,gini,Indonesia,"L(gdp_x_debt, 3)",-3.218744983939374,2.36779147166211,-1.3593870163236645,0.18994072239040938
Composition,gini,Indonesia,military_exp,-61.21339323953409,18.784839183348637,-3.258659424340199,0.004132490480425065
Composition,gini,Indonesia,"L(military_exp, 1)",-19.959953668026493,21.769773748198322,-0.9168654621262837,0.3707050680566738
Composition,gini,Indonesia,"L(military_exp, 2)",-27.541339304619026,15.484715012632966,-1.7786145422857216,0.09130891726990782
Composition,gini,Indonesia,nonmil_g,0.684117522680714,2.1186632085638757,0.3229005534789266,0.750297073067763
Composition,gini,Indonesia,"L(nonmil_g, 1)",0.5865020229816239,3.686558817778424,0.15909200204624943,0.8752753236721649
Composition,gini,Indonesia,"L(nonmil_g, 2)",-5.869989346977801,2.7200199074952702,-2.1580685239848774,0.043929973355138395
Composition,gini,Iran,(Intercept),-2.7147383437922246,4.936429981320753,-0.5499396029245188,0.5933511912672322
Composition,gini,Iran,"L(gini, 1)",1.0157988293526385,0.29295962808452114,3.4673679646383655,0.005264333702557391
Composition,gini,Iran,"L(gini, 2)",0.4321463331198415,0.42581884066839326,1.0148595878038562,0.3319753823265411
Composition,gini,Iran,"L(gini, 3)",-0.40929224845616297,0.2825129809494464,-1.448755547729691,0.17530611970659676
Composition,gini,Iran,public_debt,0.7924248513446331,0.49454111670474515,1.6023437173935386,0.13738352431865594
Composition,gini,Iran,"L(public_debt, 1)",-1.1399452933761558,0.6388623845855126,-1.784336221509959,0.10194275496882646
Composition,gini,Iran,"L(public_debt, 2)",0.6358997594349028,0.46384006281621726,1.3709461739333608,0.19771382912916777
Composition,gini,Iran,"L(public_debt, 3)",-0.03459248057541773,0.4145963053999221,-0.08343653844683833,0.9350034737818871
Composition,gini,Iran,growth,-1.9354718925674963,0.9691802986731957,-1.9970194351011368,0.07116638667176414
Composition,gini,Iran,"L(growth, 1)",-3.3649618377283796,0.8385092571080945,-4.013028847568934,0.002040258559444798
Composition,gini,Iran,"L(growth, 2)",-0.36072104199471877,1.0712431519024554,-0.3367312466400393,0.7426562311268732
Composition,gini,Iran,"L(growth, 3)",-1.0599978085981376,1.200945191881783,-0.8826362899519233,0.3963118570876808
Composition,gini,Iran,life_exp,0.060127876924915016,0.06288149678368114,0.9562093779631413,0.3595096925936543
Composition,gini,Iran,"L(life_exp, 1)",0.040975670393178044,0.05539517200634292,0.7396975026720055,0.4749742056082681
Composition,gini,Iran,"L(life_exp, 2)",0.0035417342658067273,0.0533583945820903,0.06637632735291303,0.948269262081296
Composition,gini,Iran,"L(life_exp, 3)",-0.07715216049880402,0.03906538467355108,-1.974949463406649,0.07390440024978942
Composition,gini,Iran,gdp_x_debt,6.499879066840018,3.2325033329143107,2.010788047967752,0.0695065107179025
Composition,gini,Iran,"L(gdp_x_debt, 1)",8.591905949761504,2.7207252147939873,3.157946970551409,0.009112211971139948
Composition,gini,Iran,"L(gdp_x_debt, 2)",2.447116850630354,3.209264719227759,0.7625163595788386,0.4617902668846776
Composition,gini,Iran,"L(gdp_x_debt, 3)",0.6640056460693327,2.8766913097519384,0.23082269683172607,0.8216894863181015
Composition,gini,Iran,military_exp,5.370060529085563,7.357737239318227,0.7298521752569622,0.4807346754774928
Composition,gini,Iran,"L(military_exp, 1)",-13.15134261520174,9.598622235891506,-1.3701281592295378,0.1979615910783308
Composition,gini,Iran,"L(military_exp, 2)",9.690734604702792,8.029969748632288,1.206820811043949,0.25281327081549027
Composition,gini,Iran,"L(military_exp, 3)",-13.83565646489513,6.713445250154695,-2.060887658922417,0.06376769145810197
Composition,gini,Iran,nonmil_g,-4.815972503491569,2.785710500031423,-1.728812991672051,0.11176856978591077
Composition,gini,Iran,"L(nonmil_g, 1)",3.0462211085307076,3.1242234026709745,0.975033061312587,0.3504987051217868
Composition,gini,Iran,"L(nonmil_g, 2)",1.4304159045441942,2.8387476318588045,0.5038897746636116,0.624277736754081
Composition,gini,Iran,"L(nonmil_g, 3)",-2.938527837747046,2.24921892377748,-1.3064659054228023,0.2180503191277757
Composition,gini,Ireland,(Intercept),-0.3035024629707693,7.641674645617433,-0.039716747577683204,0.9686941200251302
Composition,gini,Ireland,"L(gini, 1)",0.9546969475069601,0.20436348321562248,4.671563297341463,1.3061303720279075e-4
Composition,gini,Ireland,"L(gini, 2)",0.021682793316118953,0.20955156990315857,0.10347234967573549,0.9185698916931796
Composition,gini,Ireland,public_debt,1.3071994990732057,0.38970857424722677,3.3543000730693007,0.0030032249783684944
Composition,gini,Ireland,"L(public_debt, 1)",-0.7457831476870439,0.3352951988139942,-2.2242583559950373,0.03723033406791137
Composition,gini,Ireland,growth,-1.4304072249074873,1.3987010618081144,-1.022668291291912,0.31810198132919576
Composition,gini,Ireland,"L(growth, 1)",3.040120372941392,1.6463125897985469,1.8466240201160098,0.07894350662053534
Composition,gini,Ireland,"L(growth, 2)",3.788194062391928,1.5568402213763108,2.4332580892874214,0.023984412495429572
Composition,gini,Ireland,life_exp,-0.029797326769800108,0.10269245661870946,-0.29016081366556146,0.7745390878377629
Composition,gini,Ireland,"L(life_exp, 1)",0.014822295901958878,0.11094772472121449,0.13359711467002877,0.8949931737598289
Composition,gini,Ireland,"L(life_exp, 2)",0.2523713456259044,0.11121098692933531,2.269302274839661,0.03390824523952871
Composition,gini,Ireland,"L(life_exp, 3)",-0.23480552794790718,0.10045481924203538,-2.337424224338783,0.029397670977933776
Composition,gini,Ireland,gdp_x_debt,2.995699058618327,1.8380902361983078,1.6297888969881495,0.11805529515396387
Composition,gini,Ireland,"L(gdp_x_debt, 1)",-3.648967418062151,2.11594135652893,-1.724512547005582,0.09930554274905094
Composition,gini,Ireland,"L(gdp_x_debt, 2)",-4.5901881910687425,2.049181391322703,-2.2400106747533335,0.03603616490045072
Composition,gini,Ireland,military_exp,64.20615901754233,45.99931250164425,1.3958069267936837,0.17735656679263317
Composition,gini,Ireland,nonmil_g,-9.297778717843473,5.71071216265738,-1.6281294614430215,0.11840871700319025
Composition,gini,Ireland,"L(nonmil_g, 1)",6.8519382682951395,5.091967125827722,1.3456367841694041,0.19276966337924206
Composition,gini,Italy,(Intercept),20.797755402826354,4.61787017548334,4.503754894029586,2.4310434983981923e-4
Composition,gini,Italy,"L(gini, 1)",0.653497161230637,0.1878851802666532,3.4781730006761093,0.002516941034209945
Composition,gini,Italy,"L(gini, 2)",-0.22066107899236267,0.16988970074511758,-1.2988490651556122,0.2095383338669663
Composition,gini,Italy,public_debt,0.9744327381219856,2.0369008579877304,0.4783898707198911,0.6378313060698749
Composition,gini,Italy,"L(public_debt, 1)",3.015802023928743,2.2099851006558486,1.3646255004315437,0.18831571353803528
Composition,gini,Italy,growth,15.02318361570123,10.785913680707914,1.3928522015313598,0.17974959595533319
Composition,gini,Italy,"L(growth, 1)",7.852541445839693,7.079171949032693,1.1092457567601073,0.28116735975362533
Composition,gini,Italy,life_exp,0.09518439255864444,0.2269517652561591,0.4194036228412253,0.6796250418822303
Composition,gini,Italy,"L(life_exp, 1)",-0.4418351485671068,0.2005886216771402,-2.2026929786589182,0.040162398209446164
Composition,gini,Italy,"L(life_exp, 2)",-0.21197657433126593,0.17444753645599367,-1.2151307988504576,0.2392010345823431
Composition,gini,Italy,"L(life_exp, 3)",0.5296062570840254,0.22357183237899064,2.3688415998051875,0.028595602568957986
Composition,gini,Italy,gdp_x_debt,-17.371060843370195,9.5607640771521325,-1.816911358045404,0.08503984096995054
Composition,gini,Italy,"L(gdp_x_debt, 1)",-6.153279678072819,6.730799475864054,-0.9141974441725442,0.37206943399115766
Composition,gini,Italy,"L(gdp_x_debt, 2)",-5.334321722485208,1.5886765488008003,-3.3577141467290983,0.0033057649184529115
Composition,gini,Italy,"L(gdp_x_debt, 3)",-2.513398227724028,1.846934581481025,-1.3608485394802545,0.18948623061448286
Composition,gini,Italy,military_exp,50.44469993123207,54.209998101968125,0.9305423666746199,0.36376377426740636
Composition,gini,Italy,nonmil_g,2.031675399584765,7.58447320500688,0.26787297478268596,0.7916835718332046
Composition,gini,Italy,"L(nonmil_g, 1)",-18.628148692387217,9.954670149297918,-1.8712974325624463,0.07678433235527493
Composition,gini,Italy,"L(nonmil_g, 2)",2.082734900164881,10.886046937798072,0.19132150651797183,0.8503034093609172
Composition,gini,Italy,"L(nonmil_g, 3)",-20.851285266269585,8.041594542211039,-2.5929291954250306,0.017852449514826636
Composition,gini,Japan,(Intercept),-22.57731977673848,7.975511258025011,-2.8308304065173298,0.00866125256480193
Composition,gini,Japan,"L(gini, 1)",1.112762360380943,0.18829680400184476,5.909618945895869,2.685483724876899e-6
Composition,gini,Japan,"L(gini, 2)",-0.29923727888966406,0.191288788275969,-1.5643220995156268,0.12938836221701616
Composition,gini,Japan,public_debt,-1.162547608608002,0.547242838721854,-2.124372447382336,0.042943753140786495
Composition,gini,Japan,growth,-2.413939380412396,3.4750122696201986,-0.6946563617964513,0.4932055453981109
Composition,gini,Japan,"L(growth, 1)",0.80554997507507,1.8656007529474075,0.431791193159847,0.6693217908647859
Composition,gini,Japan,"L(growth, 2)",-3.9184602770016395,1.424483845234385,-2.7507930610170552,0.010483954410488609
Composition,gini,Japan,life_exp,0.0769817982090246,0.19404085482733138,0.39672984474082734,0.6946851549278437
Composition,gini,Japan,"L(life_exp, 1)",-0.02226553213767273,0.19774241087733563,-0.11259866833263489,0.9111817382073655
Composition,gini,Japan,"L(life_exp, 2)",0.3442519497233866,0.17362235986192476,1.9827627616463515,0.05765312276536636
Composition,gini,Japan,gdp_x_debt,-1.1426644649615223,2.731471940818045,-0.41833285851704827,0.6790125347158804
Composition,gini,Japan,military_exp,-239.125719613745,190.784313718537,-1.2533824975072416,0.22081196399806136
Composition,gini,Japan,nonmil_g,-0.8329402915400939,6.585212908688425,-0.1264864633975806,0.9002841029595159
Composition,gini,Kenya,(Intercept),2.616376886679448,1.1899557010896704,2.1987178886437286,0.03524468912254326
Composition,gini,Kenya,"L(gini, 1)",0.9618977694541434,0.01735900309416397,55.41203974884536,2.307358809187365e-33
Composition,gini,Kenya,public_debt,-0.5545326074954877,0.251937100513767,-2.2010756111928242,0.03506195066213164
Composition,gini,Kenya,growth,-1.6440046410534306,1.081558269838079,-1.5200333508610275,0.13832276806888355
Composition,gini,Kenya,life_exp,-0.015369380067667634,0.009308801961571122,-1.6510588721422987,0.10850847541037263
Composition,gini,Kenya,gdp_x_debt,3.087123433389201,2.5564281528556845,1.2075924879565647,0.23605402520870453
Composition,gini,Kenya,military_exp,2.582911552857957,3.199674324319797,0.8072420162345882,0.425486822219733
Composition,gini,Kenya,nonmil_g,-1.9278703670339965,1.1214602808795096,-1.719071464146779,0.0952625196216825
Composition,gini,Kenya,"L(nonmil_g, 1)",2.5133719425871552,1.206768633775436,2.0827289276851233,0.04535192021591909
Composition,gini,Luxembourg,(Intercept),-6.349978982306701,9.532998769187293,-0.6661050878167741,0.541793459417204
Composition,gini,Luxembourg,"L(gini, 1)",1.275799385705331,0.47971491683898976,2.6594949227595874,0.056420061508274624
Composition,gini,Luxembourg,"L(gini, 2)",-0.19270346724346293,0.8004340756562993,-0.24074870511410915,0.8215860846562124
Composition,gini,Luxembourg,"L(gini, 3)",-0.7480514076438142,0.8532536536292719,-0.8767046053210729,0.43014416250941473
Composition,gini,Luxembourg,public_debt,-0.8751503477519837,5.201742589494607,-0.16824176373498942,0.8745572732990754
Composition,gini,Luxembourg,"L(public_debt, 1)",-1.8335545725631093,6.27875538201696,-0.29202516438442716,0.784787141396144
Composition,gini,Luxembourg,"L(public_debt, 2)",-0.9053649701218734,7.996514137090838,-0.11321995492041344,0.9153110451049433
Composition,gini,Luxembourg,"L(public_debt, 3)",-1.1926982913094868,6.351219824387865,-0.18779042834097462,0.860182451251484
Composition,gini,Luxembourg,growth,-0.41555834935055724,3.2336725019146435,-0.12850972048174542,0.9039478886621011
Composition,gini,Luxembourg,"L(growth, 1)",2.7082899330273262,3.3681064110446757,0.8040986840992663,0.46640978504450153
Composition,gini,Luxembourg,"L(growth, 2)",-1.112108231254424,3.7423285459346465,-0.2971701221856979,0.7811300370935816
Composition,gini,Luxembourg,"L(growth, 3)",0.3636360326456072,2.5744003687019212,0.14125076933117509,0.8944999734411622
Composition,gini,Luxembourg,life_exp,0.18908814177473876,0.241585321064699,0.7826971479119753,0.47754824551694586
Composition,gini,Luxembourg,"L(life_exp, 1)",-0.029808219076203093,0.16910436371361448,-0.17627114062345897,0.8686455051767813
Composition,gini,Luxembourg,"L(life_exp, 2)",-0.10907995281245454,0.23855490155738945,-0.45725303525659494,0.671221769737579
Composition,gini,Luxembourg,"L(life_exp, 3)",0.23190800250758153,0.19304623781994412,1.2013080655002668,0.2958968971865724
Composition,gini,Luxembourg,gdp_x_debt,4.058351196062326,16.437589280830494,0.24689454923874835,0.8171436166675398
Composition,gini,Luxembourg,"L(gdp_x_debt, 1)",3.503465406681313,17.6005528539813,0.19905428174597473,0.8519289571921845
Composition,gini,Luxembourg,"L(gdp_x_debt, 2)",11.781959897440785,21.522107390938356,0.5474352340794214,0.6131909800087549
Composition,gini,Luxembourg,"L(gdp_x_debt, 3)",7.308634793936074,18.04629081506931,0.4049937390919744,0.7062058495856234
Composition,gini,Luxembourg,military_exp,200.26971577166518,151.03397310849707,1.325991177016836,0.255493521294966
Composition,gini,Luxembourg,"L(military_exp, 1)",28.765913744992968,145.30653076413054,0.19796710852375496,0.8527245961961474
Composition,gini,Luxembourg,"L(military_exp, 2)",-217.63037221454894,120.48661950457355,-1.806261750138055,0.14517700047665683
Composition,gini,Luxembourg,"L(military_exp, 3)",-15.18403863386177,157.7800492530875,-0.0962354791099461,0.9279623127203636
Composition,gini,Luxembourg,nonmil_g,4.308832367169098,13.866786884789512,0.3107304095006651,0.7715241982312809
Composition,gini,Luxembourg,"L(nonmil_g, 1)",16.004489861267558,12.984243738702524,1.2326085510519567,0.2852154598214757
Composition,gini,Luxembourg,"L(nonmil_g, 2)",-12.165426285085088,12.472496406302104,-0.9753802197079119,0.3846013848138575
Composition,gini,Luxembourg,"L(nonmil_g, 3)",10.2884092541836,11.232382532476812,0.9159596572175271,0.41151311314268074
Composition,gini,Malaysia,(Intercept),11.622824917485294,6.096050176480331,1.9066156906529845,0.06726487355052728
Composition,gini,Malaysia,"L(gini, 1)",0.909839111896957,0.06075468651658649,14.975620220648558,1.3386514540464385e-14
Composition,gini,Malaysia,public_debt,-0.6091140692435565,0.4392050572002743,-1.3868557733063736,0.17683000380090164
Composition,gini,Malaysia,"L(public_debt, 1)",1.590397843616713,0.7244118845666818,2.1954331196098944,0.0369074574237137
Composition,gini,Malaysia,"L(public_debt, 2)",-1.0040522122107554,0.45022291275713333,-2.2301224210514086,0.034247367597383525
Composition,gini,Malaysia,growth,0.22115103537304848,0.5528735915425026,0.40000289172076925,0.692301519862983
Composition,gini,Malaysia,life_exp,-0.10619574977265815,0.05135499600495469,-2.0678757284376474,0.04835625850970879
Composition,gini,Malaysia,gdp_x_debt,-0.8317121165009146,1.2172933190329591,-0.6832470888459673,0.500272265556883
Composition,gini,Malaysia,"L(gdp_x_debt, 1)",1.0842528876799975,0.5931118665738412,1.8280748519554537,0.07860860032714666
Composition,gini,Malaysia,"L(gdp_x_debt, 2)",0.7975820639601148,0.3815621067085601,2.0903073180936014,0.04613865145659816
Composition,gini,Malaysia,military_exp,0.4165165086029645,3.153026049722321,0.13210056055186922,0.8958842740553095
Composition,gini,Malaysia,"L(military_exp, 1)",-8.05425820796374,3.002729633311931,-2.6823121597798023,0.012323607719112754
Composition,gini,Malaysia,nonmil_g,-1.1141765367584422,0.9688196666315307,-1.1500350118121567,0.26021413554077144
Composition,gini,Mexico,(Intercept),-15.644973818009749,5.365412273738461,-2.9158940673740235,0.008545182578290556
Composition,gini,Mexico,"L(gini, 1)",1.5546186187836444,0.17133154636641137,9.073744163021335,1.58011357807609e-8
Composition,gini,Mexico,"L(gini, 2)",-0.5053686068404378,0.21118058253217026,-2.393063797726064,0.026634767463619476
Composition,gini,Mexico,public_debt,-0.15104237487610986,1.1020500247657339,-0.1370558245831149,0.8923570048135198
Composition,gini,Mexico,"L(public_debt, 1)",1.5739880745105563,0.961979056858903,1.6361978603255798,0.11743858355550019
Composition,gini,Mexico,growth,1.3531645305615372,3.4240384170337457,0.3951954872439158,0.696882039112263
Composition,gini,Mexico,"L(growth, 1)",-4.5960842141910865,2.8575572843968224,-1.6083961778429352,0.12342078858540104
Composition,gini,Mexico,life_exp,-3.6906049760187933,1.6210223808223396,-2.27671438697013,0.03394377005045495
Composition,gini,Mexico,"L(life_exp, 1)",11.3794580573143,4.707938068981194,2.4170789612312884,0.025320734442730374
Composition,gini,Mexico,"L(life_exp, 2)",-13.7293207647584,5.453143531173131,-2.5176892348925244,0.020445573334154345
Composition,gini,Mexico,"L(life_exp, 3)",6.2300229037511015,2.3799925680294423,2.6176648563694305,0.016484226846067977
Composition,gini,Mexico,gdp_x_debt,12.444992610316012,12.4549484273096,0.999200653695863,0.3296340924324276
Composition,gini,Mexico,"L(gdp_x_debt, 1)",22.654051297417638,10.750410323720043,2.1072731751859766,0.047914937868462966
Composition,gini,Mexico,"L(gdp_x_debt, 2)",5.482321338633042,4.19262249466579,1.3076114879429561,0.20583771922881242
Composition,gini,Mexico,"L(gdp_x_debt, 3)",5.460499892243197,3.395106386824179,1.6083442667465306,0.1234321937962237
Composition,gini,Mexico,military_exp,275.7593573931636,111.00497423118226,2.484207210560303,0.02196098820754118
Composition,gini,Mexico,"L(military_exp, 1)",391.55385170325474,153.56474943053237,2.5497638823705486,0.01908631034514348
Composition,gini,Mexico,nonmil_g,-11.328200444688559,8.01565883347587,-1.4132588075453625,0.17295503775360976
Composition,gini,Mexico,"L(nonmil_g, 1)",-16.66489045652726,8.57248316390241,-1.9439980385964366,0.06609885893388451
Composition,gini,Netherlands,(Intercept),-13.21263966239283,7.835653910901354,-1.6862204243108216,0.1111513206785073
Composition,gini,Netherlands,"L(gini, 1)",0.8704692608054189,0.1880465448228649,4.629009597732194,2.786283879600324e-4
Composition,gini,Netherlands,"L(gini, 2)",0.06995292256068578,0.20158844037327767,0.3470086004492877,0.7331070071804935
Composition,gini,Netherlands,public_debt,-4.304849988063821,2.1369925907184526,-2.014443104183407,0.061090235957453685
Composition,gini,Netherlands,"L(public_debt, 1)",6.222369154134441,2.6659192469114004,2.334042623887938,0.032959010913109474
Composition,gini,Netherlands,growth,-6.342188198965165,13.000682726327204,-0.48783501085845543,0.6322840488070267
Composition,gini,Netherlands,"L(growth, 1)",59.72159767133408,15.07970219755886,3.9603963585568662,0.0011216730081024997
Composition,gini,Netherlands,"L(growth, 2)",22.804190125711457,12.31899588531731,1.8511403314040535,0.08269780779046948
Composition,gini,Netherlands,"L(growth, 3)",-23.434794029032727,13.315157668037374,-1.7600087519269283,0.09750742028748813
Composition,gini,Netherlands,life_exp,0.6661711022786834,0.36834026596550234,1.808575287126157,0.08934775745667535
Composition,gini,Netherlands,"L(life_exp, 1)",-0.6552039745370817,0.3664133551234571,-1.7881552770267373,0.09270231126377435
Composition,gini,Netherlands,"L(life_exp, 2)",-0.6441444664654122,0.3614502195539459,-1.7821111500785094,0.09371624777923575
Composition,gini,Netherlands,"L(life_exp, 3)",0.7334393341079195,0.28777404650986904,2.5486639361787153,0.02146114662597865
Composition,gini,Netherlands,gdp_x_debt,10.739206505175687,21.496870103245744,0.4995707027859004,0.6241771738443886
Composition,gini,Netherlands,"L(gdp_x_debt, 1)",-90.07428369911435,23.753685418490413,-3.792012991339797,0.00159946053875014
Composition,gini,Netherlands,"L(gdp_x_debt, 2)",-28.84509758902145,20.084630019739066,-1.4361776921293867,0.17021584370656284
Composition,gini,Netherlands,"L(gdp_x_debt, 3)",51.54189863545049,23.630220424901903,2.1811856897083706,0.04443632813605111
Composition,gini,Netherlands,military_exp,67.33437843987775,72.07486497208083,0.9342282981169736,0.3640721482879147
Composition,gini,Netherlands,"L(military_exp, 1)",246.1849875581995,80.31126746596138,3.065385410117466,0.007396892099908403
Composition,gini,Netherlands,"L(military_exp, 2)",-231.7103746047616,82.75710152555182,-2.7998850894170024,0.012844410851334004
Composition,gini,Netherlands,nonmil_g,-37.21145706061254,11.92135779255136,-3.1214109758422657,0.0065780269339312915
Composition,gini,Netherlands,"L(nonmil_g, 1)",37.89925600386683,12.775064499951512,2.9666586813718774,0.009089750649111489
Composition,gini,Netherlands,"L(nonmil_g, 2)",22.65423191522894,9.793050553510364,2.313296739503548,0.0343353114469443
Composition,gini,New Zealand,(Intercept),-0.9574026477334808,12.014899558931097,-0.07968461517614683,0.9379192993294825
Composition,gini,New Zealand,"L(gini, 1)",1.0333869069233428,0.26758595895193743,3.861887637792516,0.0026446801885865313
Composition,gini,New Zealand,"L(gini, 2)",0.42588080399614797,0.4468032044676757,0.9531731190324501,0.36097859698879986
Composition,gini,New Zealand,"L(gini, 3)",-0.9155180154866005,0.2947899449849471,-3.1056622895782615,0.010002573471964551
Composition,gini,New Zealand,public_debt,-0.9658494201924285,1.7269347161163695,-0.5592854270510506,0.5871733834728776
Composition,gini,New Zealand,"L(public_debt, 1)",-2.2899173225370806,2.3168058186856415,-0.9883941520123533,0.34420255419259616
Composition,gini,New Zealand,"L(public_debt, 2)",2.681657992970513,2.8606039857158203,0.9374446817389409,0.3686565100905329
Composition,gini,New Zealand,"L(public_debt, 3)",-0.6103407278665316,1.9717630211289339,-0.3095406097620599,0.762695025993815
Composition,gini,New Zealand,growth,-3.6490891671700547,5.1917150785075705,-0.7028677637331044,0.4967441555225469
Composition,gini,New Zealand,"L(growth, 1)",3.66131415967772,6.9046793963959034,0.5302656284937499,0.6064661875157513
Composition,gini,New Zealand,"L(growth, 2)",8.044606373485436,9.74385557598909,0.8256081292203303,0.42656972958341555
Composition,gini,New Zealand,"L(growth, 3)",1.6951274901806153,6.869929826537848,0.24674596873355362,0.8096491419404264
Composition,gini,New Zealand,life_exp,0.29809635440181825,0.1427387661169341,2.088405010854672,0.06080817364536075
Composition,gini,New Zealand,"L(life_exp, 1)",0.5347741745141402,0.17249094105096036,3.1003029565253963,0.01009867840589775
Composition,gini,New Zealand,"L(life_exp, 2)",-0.3542384521478917,0.2054861511591708,-1.7239042638620277,0.1126770331647736
Composition,gini,New Zealand,"L(life_exp, 3)",-0.2389300210690841,0.2272720928179961,-1.051295027500028,0.3156704340711599
Composition,gini,New Zealand,gdp_x_debt,15.368456820204006,11.044688569697705,1.3914794177509926,0.19157901474021774
Composition,gini,New Zealand,"L(gdp_x_debt, 1)",10.102736734676444,17.385927655937685,0.5810870109784526,0.5728954026337233
Composition,gini,New Zealand,"L(gdp_x_debt, 2)",-12.415512009182738,22.955986827750447,-0.5408398298161676,0.5993988365723821
Composition,gini,New Zealand,"L(gdp_x_debt, 3)",-0.6340866544550363,16.27776077400494,-0.03895416963417059,0.969624925938124
Composition,gini,New Zealand,military_exp,-3.5819367463979783,64.29233664752292,-0.05571327677878052,0.9565692952233484
Composition,gini,New Zealand,"L(military_exp, 1)",62.202788126729466,81.88386047166158,0.7596465013793121,0.4634354651912247
Composition,gini,New Zealand,"L(military_exp, 2)",-61.40203968186054,25.37269254149795,-2.4200048765591315,0.03400659139785385
Composition,gini,New Zealand,"L(military_exp, 3)",-29.907914786669686,26.639679120543445,-1.1226829967184517,0.2854790823072276
Composition,gini,New Zealand,nonmil_g,-24.99031439539845,8.204792221513198,-3.0458192871567347,0.01113030000861047
Composition,gini,New Zealand,"L(nonmil_g, 1)",6.861183790156417,14.492052481531973,0.4734445861895687,0.6451527496673924
Composition,gini,New Zealand,"L(nonmil_g, 2)",4.682228524308746,9.475543900174737,0.4941382335026068,0.6309277778454032
Composition,gini,New Zealand,"L(nonmil_g, 3)",-5.720442825888114,10.546663183388194,-0.5423936202777625,0.5983639439121398
Composition,gini,Norway,(Intercept),-4.8460212794872515,6.835453207727123,-0.7089539101824408,0.48491243541991846
Composition,gini,Norway,"L(gini, 1)",0.8200350151555872,0.08528976030452319,9.61469480307706,7.043551758817776e-10
Composition,gini,Norway,public_debt,-0.6665515765332577,0.8704026073528377,-0.765796851827508,0.4509673849842839
Composition,gini,Norway,growth,8.116798603237086,4.186381033635224,1.9388580585529986,0.0638861138937054
Composition,gini,Norway,"L(growth, 1)",-0.8821960141938691,0.8398115225087607,-1.0504690523398554,0.3035514545050375
Composition,gini,Norway,"L(growth, 2)",2.312975677484185,0.8240994518243719,2.8066705691452336,0.009558906694659326
Composition,gini,Norway,"L(growth, 3)",1.3129170050377983,0.8269768739903038,1.5876103024535024,0.12494311065665831
Composition,gini,Norway,life_exp,1.2464781731519097,0.36260821049023734,3.4375343334523563,0.002064243453163275
Composition,gini,Norway,"L(life_exp, 1)",-0.04513506324156333,0.45534346992967634,-0.09912311523548153,0.9218310689924613
Composition,gini,Norway,"L(life_exp, 2)",-0.32748137729191373,0.4302362114697841,-0.7611664675392231,0.4536781213964568
Composition,gini,Norway,"L(life_exp, 3)",-0.7805216159856905,0.3858020501792943,-2.0231142256060006,0.05387863245072056
Composition,gini,Norway,gdp_x_debt,-18.990452319412444,11.492361901646298,-1.6524412024208908,0.11095061807377672
Composition,gini,Norway,military_exp,2.4611052218754774,35.88920712536219,0.06857507922308663,0.945873402250782
Composition,gini,Norway,nonmil_g,10.55833121066283,4.064152357803659,2.5979171746328777,0.01549873894848239
Composition,gini,Pakistan,(Intercept),9.575150040555608,3.7728438826988717,2.5379131335023875,0.019139986932906874
Composition,gini,Pakistan,"L(gini, 1)",0.9793526493523863,0.1501285098187468,6.523428831304451,1.8368815841743078e-6
Composition,gini,Pakistan,"L(gini, 2)",-0.3449114580991372,0.1311866810269825,-2.629165212497416,0.015679857361357644
Composition,gini,Pakistan,public_debt,-0.22750212831548255,0.5088199556353914,-0.4471171497811798,0.6593679473130574
Composition,gini,Pakistan,"L(public_debt, 1)",0.5673821377751348,0.41759223358955005,1.3586989702802106,0.1886583434198913
Composition,gini,Pakistan,growth,1.0409460016450574,4.042409544894065,0.2575063189626266,0.7992944138309774
Composition,gini,Pakistan,life_exp,0.07610283415881443,0.042992087743560586,1.7701590723565923,0.0912189723979818
Composition,gini,Pakistan,"L(life_exp, 1)",-0.0062131022385982886,0.05480181544193013,-0.11337402216504859,0.9108109040439332
Composition,gini,Pakistan,"L(life_exp, 2)",-0.10405451947507952,0.05190775231064881,-2.0046046080429663,0.058068788719108005
Composition,gini,Pakistan,"L(life_exp, 3)",0.07696606574989216,0.049929916660420195,1.5414819590697157,0.13813443972812137
Composition,gini,Pakistan,gdp_x_debt,-0.7955046594836294,7.5975755841856705,-0.1047050668557309,0.9176034599447644
Composition,gini,Pakistan,"L(gdp_x_debt, 1)",-1.522521781678917,1.1247371752984516,-1.3536689416128815,0.1902332611898799
Composition,gini,Pakistan,military_exp,15.175244983748287,5.557765162023036,2.730458114251174,0.01253270680948563
Composition,gini,Pakistan,"L(military_exp, 1)",-9.667919437838957,5.8399509315516696,-1.6554795667213251,0.11269609185356949
Composition,gini,Pakistan,nonmil_g,-0.39559561797901827,1.3497687099769455,-0.2930840039889317,0.772334530074886
Composition,gini,Pakistan,"L(nonmil_g, 1)",0.9665706236459022,1.0914746994808422,0.8855639293385816,0.38588086850952086
Composition,gini,Pakistan,"L(nonmil_g, 2)",4.14506352531967,1.244511324189983,3.330675619217506,0.0031739528541404835
Composition,gini,Pakistan,"L(nonmil_g, 3)",-3.6064823390453924,1.329334899939389,-2.71299755931318,0.013028671275911409
Composition,gini,Portugal,(Intercept),-0.2964737302219976,2.402011232524714,-0.12342728718648788,0.9029424562892513
Composition,gini,Portugal,"L(gini, 1)",1.2363536572295677,0.13130528960478483,9.415870913889782,5.499252870451043e-9
Composition,gini,Portugal,"L(gini, 2)",-0.5182340452689671,0.1140132644751617,-4.545383799460164,1.7643696883225114e-4
Composition,gini,Portugal,public_debt,-0.5522893043949779,0.5733481016792153,-0.9632704857266281,0.34637378067900293
Composition,gini,Portugal,"L(public_debt, 1)",0.02728051032793429,0.8707757865640032,0.031328972106103845,0.9753030363085581
Composition,gini,Portugal,"L(public_debt, 2)",-0.8640418146478827,0.5376980783923987,-1.606927473557617,0.12300305466887679
Composition,gini,Portugal,growth,0.21973855026606173,1.6870350123673552,0.13025132771708786,0.8976072145428072
Composition,gini,Portugal,"L(growth, 1)",3.2177113976876104,1.692765852243141,1.900860295252124,0.07113376521894854
Composition,gini,Portugal,life_exp,-0.08047356133836057,0.056151048783378336,-1.433162213030331,0.16653233721851005
Composition,gini,Portugal,"L(life_exp, 1)",0.2001911807758559,0.0651754247709723,3.071574623093468,0.005789629788885085
Composition,gini,Portugal,gdp_x_debt,-2.1573162607697753,2.1782350472014618,-0.9903964512651826,0.33325554911340727
Composition,gini,Portugal,"L(gdp_x_debt, 1)",-3.5762584358992764,2.3581644682755885,-1.5165432623596526,0.14429184008859108
Composition,gini,Portugal,"L(gdp_x_debt, 2)",-2.855768179967701,0.8518725045112622,-3.3523422400000076,0.0030170259301931183
Composition,gini,Portugal,military_exp,12.95294720454061,25.497125135034356,0.5080159875256915,0.6167369113811081
Composition,gini,Portugal,nonmil_g,-2.8808659571714688,2.519371701376677,-1.143485876100481,0.26570531495608324
Composition,gini,Portugal,"L(nonmil_g, 1)",6.099988008493893,3.9205738278725524,1.5558916312523494,0.13467672403530434
Composition,gini,Portugal,"L(nonmil_g, 2)",-1.7148514126214796,3.952669516157904,-0.43384639307977335,0.6688244271951975
Composition,gini,Portugal,"L(nonmil_g, 3)",6.010823529457473,3.050341917225218,1.9705409074027,0.06210214325224988
Composition,gini,Singapore,(Intercept),3.523810854109618,1.1171576408250046,3.154264649264123,0.003923375451838607
Composition,gini,Singapore,"L(gini, 1)",1.0475057808545927,0.032530511125727794,32.20071694557972,4.443823893123281e-23
Composition,gini,Singapore,public_debt,0.26781438413947223,0.3874181246603512,0.6912799559242734,0.4952909361988538
Composition,gini,Singapore,"L(public_debt, 1)",-0.2058868362174483,0.4338148589184381,-0.4745960909009741,0.6388911323571396
Composition,gini,Singapore,"L(public_debt, 2)",0.9008714118831403,0.3305214315342777,2.7256066503805907,0.01112836310083113
Composition,gini,Singapore,growth,0.2615863051296581,1.0860085171520604,0.24086947846011356,0.8114759821634011
Composition,gini,Singapore,life_exp,0.2032486988998037,0.1385398868325474,1.4670771251998322,0.15390748012895147
Composition,gini,Singapore,"L(life_exp, 1)",-0.2850495345204771,0.13782830567567925,-2.068149449585638,0.04832863794848815
Composition,gini,Singapore,gdp_x_debt,-0.2133892684323248,1.2170910022183317,-0.17532729109277015,0.8621307160344145
Composition,gini,Singapore,military_exp,-2.432258188177523,4.5543430065729105,-0.5340524823596386,0.597675342939139
Composition,gini,Singapore,nonmil_g,1.252471702080402,1.2832729077833769,0.9759979303574806,0.3377295990344239
Composition,gini,Singapore,"L(nonmil_g, 1)",-1.1077885336313795,1.4412342075904807,-0.7686388012420476,0.448779268737164
Composition,gini,Singapore,"L(nonmil_g, 2)",2.72750092437167,1.0948262822564412,2.4912636539472546,0.01917204069043509
Composition,gini,South Africa,(Intercept),8.34554354731618,3.1933329691025705,2.613427296202546,0.017088155534194023
Composition,gini,South Africa,"L(gini, 1)",0.9532386282814796,0.15831378117649042,6.021198035935961,8.584385385301548e-6
Composition,gini,South Africa,"L(gini, 2)",-0.04724975139181229,0.15966201267890703,-0.2959360877332499,0.7704890573617718
Composition,gini,South Africa,public_debt,0.5327905917686514,0.9784052354722415,0.544550021251156,0.5923974937922047
Composition,gini,South Africa,"L(public_debt, 1)",1.2305409393274764,1.664108473323937,0.7394595719289616,0.46866635094700226
Composition,gini,South Africa,"L(public_debt, 2)",0.10190633707605498,1.312375640630473,0.07765028085030486,0.9389181539570788
Composition,gini,South Africa,"L(public_debt, 3)",-0.7052019352794745,1.0034193167073864,-0.7027988434521268,0.49070326921305596
Composition,gini,South Africa,growth,7.272796176329887,3.1681527766940722,2.295595158740722,0.033251279848237204
Composition,gini,South Africa,life_exp,-0.04905408900675623,0.0256238985000179,-1.9143882031347401,0.07075270638187191
Composition,gini,South Africa,gdp_x_debt,-21.555518753828448,8.439502909172464,-2.5541218464894246,0.019388737006904536
Composition,gini,South Africa,"L(gdp_x_debt, 1)",1.0040146846383557,2.0112812931812023,0.4991915790408046,0.6233752002948418
Composition,gini,South Africa,"L(gdp_x_debt, 2)",-8.456463812463653,2.615160159475324,-3.2336313253411837,0.004371553989435767
Composition,gini,South Africa,military_exp,-21.889066311835048,10.484990893788577,-2.087657159988796,0.05053332273932349
Composition,gini,South Africa,"L(military_exp, 1)",49.72295958869258,14.46655472436812,3.4370975353887805,0.002762498231960794
Composition,gini,South Africa,"L(military_exp, 2)",-43.5759020583373,14.973850101846445,-2.9101334501113976,0.008976488717373752
Composition,gini,South Africa,"L(military_exp, 3)",18.97684253946731,9.9880777474315,1.8999494216339403,0.0727253943475506
Composition,gini,South Africa,nonmil_g,5.6360775205928855,3.814813164268143,1.4774190184158456,0.155948244426389
Composition,gini,South Africa,"L(nonmil_g, 1)",-5.795396431937139,4.171801095217584,-1.389183304683627,0.18084502645816106
Composition,gini,South Africa,"L(nonmil_g, 2)",-11.84211370127817,4.737885319365735,-2.499451316998843,0.021765571011221767
Composition,gini,South Africa,"L(nonmil_g, 3)",12.607206428194253,4.384701026789727,2.8752716208394853,0.009690687422446253
Composition,gini,South Korea,(Intercept),81.92712208429708,28.267284739330833,2.8983017944523146,0.014489066420239883
Composition,gini,South Korea,"L(gini, 1)",0.7609130626838811,0.19628300212181654,3.8766121083253338,0.00257837457653432
Composition,gini,South Korea,"L(gini, 2)",0.7964399990571337,0.3050968671058335,2.610449614288765,0.024238063040642584
Composition,gini,South Korea,"L(gini, 3)",-0.8595908842799742,0.2856333356327596,-3.009420739969774,0.011878157566933278
Composition,gini,South Korea,public_debt,-11.299160439802202,6.797467807686274,-1.6622602356462233,0.12466199620768013
Composition,gini,South Korea,"L(public_debt, 1)",-1.579617167175391,8.27121817363458,-0.19097757234969268,0.852022367943901
Composition,gini,South Korea,"L(public_debt, 2)",23.654168172858686,8.817202902933687,2.6827292547604182,0.02130407506169525
Composition,gini,South Korea,"L(public_debt, 3)",20.49369777377169,9.822718923882368,2.0863569376849975,0.06102390814953615
Composition,gini,South Korea,growth,-8.328628087994513,3.0759863983597437,-2.707628386274958,0.020377067293648007
Composition,gini,South Korea,"L(growth, 1)",-3.119587709987029,3.758358161608836,-0.8300400270131867,0.42416430688267415
Composition,gini,South Korea,"L(growth, 2)",7.399607169556003,4.7167024419235215,1.5688094088331686,0.14499105896037423
Composition,gini,South Korea,"L(growth, 3)",18.50505441199351,5.0084144337144165,3.6947929643013806,0.0035335175299152782
Composition,gini,South Korea,life_exp,0.5002259293754673,1.1286779124929758,0.44319634843441696,0.6662137616369561
Composition,gini,South Korea,"L(life_exp, 1)",-3.1468975517219264,1.0888067045386522,-2.8902260967021927,0.014699897962591477
Composition,gini,South Korea,"L(life_exp, 2)",3.7977290641241765,1.3407618828787558,2.8325156857607374,0.01629863949847479
Composition,gini,South Korea,"L(life_exp, 3)",-2.018583940805104,1.0172496575879646,-1.9843545050596894,0.07272581403997533
Composition,gini,South Korea,gdp_x_debt,54.0273365548783,22.86571935582856,2.362809396639714,0.03762674484701379
Composition,gini,South Korea,"L(gdp_x_debt, 1)",-16.686468767033546,23.0123709727999,-0.7251086290394229,0.48352555433139144
Composition,gini,South Korea,"L(gdp_x_debt, 2)",-44.049404425001455,26.55883805193958,-1.6585591711074328,0.12541644789868098
Composition,gini,South Korea,"L(gdp_x_debt, 3)",-124.05373770944027,29.574290941750405,-4.194647910706526,0.001499048534738361
Composition,gini,South Korea,military_exp,-63.766487065887695,61.75758948023421,-1.0325287564259036,0.3239921685141405
Composition,gini,South Korea,"L(military_exp, 1)",-33.095266496797095,82.8082671871474,-0.3996613819004509,0.6970567873764908
Composition,gini,South Korea,"L(military_exp, 2)",-77.72723189660256,46.54178605702655,-1.6700526232784711,0.12308671467209656
Composition,gini,South Korea,"L(military_exp, 3)",-103.96398232997628,49.688422518710986,-2.0923180302378674,0.06039799348757046
Composition,gini,South Korea,nonmil_g,-8.9467850195259,31.791616833888554,-0.28141962915170127,0.7836120163987085
Composition,gini,South Korea,"L(nonmil_g, 1)",-67.91267981360396,30.70121899251699,-2.212051574569621,0.04904236538494095
Composition,gini,South Korea,"L(nonmil_g, 2)",61.062220037298026,27.143015341268725,2.249647626454307,0.04591826292265093
Composition,gini,South Korea,"L(nonmil_g, 3)",-19.624477295128653,23.40149842037825,-0.8385991761125633,0.41954448063384564
Composition,gini,Spain,(Intercept),-55.63696859580348,24.655259901411092,-2.2565963132523787,0.03748942600699745
Composition,gini,Spain,"L(gini, 1)",1.0105006160397147,0.1699199620279781,5.946921150284457,1.5923657432282628e-5
Composition,gini,Spain,"L(gini, 2)",-0.45877115819937514,0.1882826470178519,-2.4366088190584927,0.026114642033791102
Composition,gini,Spain,public_debt,6.082235539726107,2.515477211930361,2.4179251200843273,0.027123874478355948
Composition,gini,Spain,"L(public_debt, 1)",-5.689093352637638,3.6808379268585787,-1.5455973519304096,0.14061369958458256
Composition,gini,Spain,"L(public_debt, 2)",-3.8205844788277705,3.0060824428195905,-1.270951330012163,0.22086270005660855
Composition,gini,Spain,growth,-7.458322632342376,6.911891579757065,-1.0790566585543167,0.2956352398773219
Composition,gini,Spain,"L(growth, 1)",-14.421843484066878,6.390509098519027,-2.2567597137775888,0.0374772745014015
Composition,gini,Spain,"L(growth, 2)",-3.880412760998496,3.3650922521176576,-1.153137111934018,0.26481060651099214
Composition,gini,Spain,life_exp,-0.665799545768869,0.40944581070118213,-1.626099299022445,0.12232114713692334
Composition,gini,Spain,"L(life_exp, 1)",1.321572922494582,0.5246911497945853,2.518763510709058,0.022082373559983253
Composition,gini,Spain,"L(life_exp, 2)",0.3333837166856495,0.4781906433461723,0.6971774151680881,0.4951163923327795
Composition,gini,Spain,"L(life_exp, 3)",-0.0013971284160684857,0.4451789861311706,-0.0031383521226152986,0.9975324954571496
Composition,gini,Spain,gdp_x_debt,10.901603498868845,9.954527081517101,1.0951402723199388,0.2887288018897147
Composition,gini,Spain,"L(gdp_x_debt, 1)",16.49379322942333,12.011704002703768,1.3731434961859423,0.18754945804091802
Composition,gini,Spain,military_exp,-232.01780537502833,108.58978916058489,-2.1366447726674878,0.04746007911271478
Composition,gini,Spain,"L(military_exp, 1)",41.00565322582238,151.78787212593315,0.2701510512763589,0.7902962427594414
Composition,gini,Spain,"L(military_exp, 2)",-9.759846879533685,144.67294756093625,-0.06746145042370714,0.9470014403186482
Composition,gini,Spain,"L(military_exp, 3)",321.4242522632976,131.85325995585757,2.437742171645248,0.026054572860714786
Composition,gini,Spain,nonmil_g,-27.630949843040458,20.379877395681728,-1.3557956854487825,0.19290253599585303
Composition,gini,Spain,"L(nonmil_g, 1)",-58.684888131846094,22.50718601859625,-2.6073845074794564,0.01839682563875022
Composition,gini,Spain,"L(nonmil_g, 2)",28.935591660066635,16.219162535335247,1.7840373445316449,0.09227673555244029
Composition,gini,Sweden,(Intercept),-72.17761749244247,56.900989439002146,-1.2684773710273853,0.23081493432912462
Composition,gini,Sweden,"L(gini, 1)",0.7286697968869639,0.2458340030743568,2.9640724544788255,0.01288114750456296
Composition,gini,Sweden,"L(gini, 2)",0.04729340569292759,0.3250255065560602,0.1455067517440218,0.8869428428669155
Composition,gini,Sweden,"L(gini, 3)",-0.39583726321333074,0.18250428487579964,-2.1689203816924705,0.052876466173749574
Composition,gini,Sweden,public_debt,-1.5717309993910746,4.2272775513685765,-0.3718069088892042,0.7170994474342878
Composition,gini,Sweden,"L(public_debt, 1)",4.421455521689747,5.827547354560089,0.7587163608769191,0.46396948395194526
Composition,gini,Sweden,"L(public_debt, 2)",-1.419407360750922,4.942043241454827,-0.2872106315955828,0.779289292320143
Composition,gini,Sweden,"L(public_debt, 3)",-4.468107426585455,3.0765312718401514,-1.4523198471871752,0.1743334204275624
Composition,gini,Sweden,growth,-0.9782302516623328,14.256044133842689,-0.06861863238344597,0.9465246504145965
Composition,gini,Sweden,"L(growth, 1)",1.3211120225593784,19.331284642257824,0.06834062231288304,0.9467409387425381
Composition,gini,Sweden,"L(growth, 2)",-33.70704993548196,13.69465122294902,-2.461329564859371,0.031604096324152765
Composition,gini,Sweden,"L(growth, 3)",-4.170899245990813,18.809615974440174,-0.22174292402665335,0.8285768849511543
Composition,gini,Sweden,life_exp,1.2833579487863451,0.6243758984289367,2.0554251886012067,0.06437108755777565
Composition,gini,Sweden,"L(life_exp, 1)",0.08999045199974359,0.7742406195877616,0.11623060031086759,0.909564620248632
Composition,gini,Sweden,"L(life_exp, 2)",0.3360942751958922,0.7019400100537884,0.4788076906602573,0.641451542752871
Composition,gini,Sweden,"L(life_exp, 3)",-0.6324209091440731,0.6587302874509878,-0.960060469651819,0.35765275215478765
Composition,gini,Sweden,gdp_x_debt,-7.6339315639403535,29.468640124490474,-0.2590527262775193,0.8003783445433919
Composition,gini,Sweden,"L(gdp_x_debt, 1)",6.437352107448972,33.32275132882463,0.19318189077264383,0.8503372427563993
Composition,gini,Sweden,"L(gdp_x_debt, 2)",82.0016726435998,26.235195564158502,3.1256360351141153,0.009652479161594032
Composition,gini,Sweden,"L(gdp_x_debt, 3)",11.051720342126371,35.26249466265253,0.31341288946954593,0.7598297393055269
Composition,gini,Sweden,military_exp,106.23388534184885,252.7456902741801,0.42031927518370604,0.6823456966434855
Composition,gini,Sweden,"L(military_exp, 1)",189.04246553964313,222.04872831609288,0.8513557675977124,0.4127219561574569
Composition,gini,Sweden,"L(military_exp, 2)",-217.56932951707597,221.6427831770868,-0.9816215371345691,0.34738366321169323
Composition,gini,Sweden,"L(military_exp, 3)",59.44700775135434,160.06721328099587,0.3713877847488724,0.717402779909597
Composition,gini,Sweden,nonmil_g,4.629443195933173,12.55237677373797,0.3688100890676636,0.7192694509548324
Composition,gini,Sweden,"L(nonmil_g, 1)",8.881015436791872,14.707118334957238,0.6038582973581339,0.5581854582344333
Composition,gini,Sweden,"L(nonmil_g, 2)",-20.096117331510403,19.091337442656002,-1.0526301466239556,0.3150845378069172
Composition,gini,Sweden,"L(nonmil_g, 3)",8.601576615938134,20.170718065604426,0.42643879052604183,0.6780137828403106
Composition,gini,Switzerland,(Intercept),-19.281804327576364,10.187467671397064,-1.8926984555458366,0.08499378170981865
Composition,gini,Switzerland,"L(gini, 1)",1.0157211781747584,0.22283263260340036,4.5582245576326725,8.190210390629975e-4
Composition,gini,Switzerland,"L(gini, 2)",0.09850948288426363,0.3430380793209555,0.2871677776393319,0.7793212524876483
Composition,gini,Switzerland,"L(gini, 3)",-0.534582247184422,0.21703001732256094,-2.463171932525347,0.03150093129687652
Composition,gini,Switzerland,public_debt,-1.427573547072672,1.0213088179408885,-1.3977883300282026,0.18972641554539385
Composition,gini,Switzerland,"L(public_debt, 1)",1.3547519709171023,1.2544553678240589,1.0799523089187422,0.3032733013515716
Composition,gini,Switzerland,"L(public_debt, 2)",-0.5437777087435606,0.8316403573240712,-0.653861616929279,0.5266338593241702
Composition,gini,Switzerland,"L(public_debt, 3)",-0.7332495022776265,0.9533863652961626,-0.7691000511108084,0.45803013178938723
Composition,gini,Switzerland,growth,4.649148236959987,9.08256209413166,0.5118762953422417,0.6188572122089314
Composition,gini,Switzerland,"L(growth, 1)",9.888638554694278,8.004288685625895,1.235417529661605,0.24241037477272767
Composition,gini,Switzerland,"L(growth, 2)",-1.4494985732649859,7.802395142730806,-0.1857761042281265,0.856001753273203
Composition,gini,Switzerland,"L(growth, 3)",12.284101515504513,8.07322987133252,1.5215845097046607,0.15632658211990244
Composition,gini,Switzerland,life_exp,0.09204400418783518,0.19443102661654868,0.4734018319481578,0.6451822959257816
Composition,gini,Switzerland,"L(life_exp, 1)",0.4324661378520304,0.15647379745490325,2.763824645954988,0.018429394471881806
Composition,gini,Switzerland,"L(life_exp, 2)",-0.01678249164836007,0.18032269153852662,-0.09306921666469485,0.9275220531744652
Composition,gini,Switzerland,"L(life_exp, 3)",-0.12819638096798533,0.18785200527207177,-0.6824328586874259,0.5090811903600637
Composition,gini,Switzerland,gdp_x_debt,-8.030454199929318,21.49130219495974,-0.3736606617449484,0.7157584432729471
Composition,gini,Switzerland,"L(gdp_x_debt, 1)",-23.794514167547707,19.15646225962868,-1.2421142194763957,0.2400244900510043
Composition,gini,Switzerland,"L(gdp_x_debt, 2)",6.166504262593203,18.052701681114414,0.3415834577848371,0.7391006114041132
Composition,gini,Switzerland,"L(gdp_x_debt, 3)",-26.86158214275161,18.878446397863055,-1.4228703769708617,0.18250945688815345
Composition,gini,Switzerland,military_exp,87.17847340579932,87.74233691677222,0.9935736437985719,0.34178408833212215
Composition,gini,Switzerland,"L(military_exp, 1)",78.19669755365409,75.8047511552944,1.0315540432744055,0.3244288135638037
Composition,gini,Switzerland,"L(military_exp, 2)",3.9178062820064583,52.126452769376954,0.07515965644813791,0.9414371536771704
Composition,gini,Switzerland,"L(military_exp, 3)",66.31865224299324,49.420297831659504,1.3419314563601912,0.2066612280625561
Composition,gini,Switzerland,nonmil_g,-19.194120733655097,12.6412124623584,-1.518376563229929,0.15712371661362334
Composition,gini,Switzerland,"L(nonmil_g, 1)",-11.002386617263124,11.99251826479024,-0.9174375535091641,0.3785895856215762
Composition,gini,Switzerland,"L(nonmil_g, 2)",15.004822514394743,11.76044797215616,1.2758716802216983,0.2282838528052063
Composition,gini,Switzerland,"L(nonmil_g, 3)",3.650737621890091,11.807225827924167,0.309195205977688,0.762950788079012
Composition,gini,Thailand,(Intercept),9.389828951674312,2.197931307730354,4.272121207177541,2.8576397821614185e-4
Composition,gini,Thailand,"L(gini, 1)",0.5768212294520184,0.15537030515062122,3.7125577432111525,0.001145346985414178
Composition,gini,Thailand,"L(gini, 2)",0.33403781739734206,0.14884763770608148,2.2441593467337526,0.03474175180737417
Composition,gini,Thailand,public_debt,0.4851559102776537,0.8210432727465056,0.5909017543676337,0.5603488234794641
Composition,gini,Thailand,"L(public_debt, 1)",-1.5606635570822804,1.155605447716204,-1.3505159223388772,0.18999000392163382
Composition,gini,Thailand,"L(public_debt, 2)",-2.301209960405926,1.105481186404337,-2.0816364753259973,0.04869365443894868
Composition,gini,Thailand,"L(public_debt, 3)",2.2635246663983626,0.6502063085013993,3.4812407028399224,0.002018217668947445
Composition,gini,Thailand,growth,-0.7336468690252663,0.6271468925089586,-1.169816637518915,0.2540547920072955
Composition,gini,Thailand,life_exp,-0.08922045109256925,0.018021234988281065,-4.9508511015248375,5.269022061153172e-5
Composition,gini,Thailand,gdp_x_debt,3.8691537046653695,3.0167284688621807,1.282566112463114,0.21242000157886715
Composition,gini,Thailand,military_exp,-30.700322547011904,12.0223105133069,-2.5536125117573065,0.017755635030621247
Composition,gini,Thailand,"L(military_exp, 1)",22.719703187157442,12.446617930500626,1.8253716241648636,0.08095930215531126
Composition,gini,Thailand,nonmil_g,-1.8059206366308589,2.6888144610098332,-0.671641968167864,0.5085022178890275
Composition,gini,Thailand,"L(nonmil_g, 1)",4.749951353002703,2.4741788036213257,1.9198092498611856,0.06736962911750322
Composition,gini,Thailand,"L(nonmil_g, 2)",0.764057932775177,2.5331878452207723,0.30161913741086493,0.7656526934072972
Composition,gini,Thailand,"L(nonmil_g, 3)",2.7435165340216963,1.8512617968099436,1.4819711284213113,0.15192022388293558
Composition,gini,Turkey,(Intercept),12.491599879915661,7.170972567199611,1.741967322124877,0.13215042409319122
Composition,gini,Turkey,"L(gini, 1)",1.6735547269900193,0.33614565329709056,4.978659431038088,0.002505082009462372
Composition,gini,Turkey,"L(gini, 2)",-0.9123237220376577,0.46897534519992484,-1.9453554038085579,0.09969888978818321
Composition,gini,Turkey,public_debt,-0.19179567182277596,0.6912835608857958,-0.2774486226419346,0.7907473334231905
Composition,gini,Turkey,"L(public_debt, 1)",-2.047517988832045,1.1918159113345137,-1.7179817531881874,0.13660480069122757
Composition,gini,Turkey,"L(public_debt, 2)",2.9912241069639984,1.5362317850349254,1.9471177045695578,0.09945559564994116
Composition,gini,Turkey,"L(public_debt, 3)",-1.7674570451899165,1.1030223617170511,-1.602376439983097,0.16019235985813862
Composition,gini,Turkey,growth,3.6174318534656167,3.0721724782498265,1.1774833213551918,0.2835889203266253
Composition,gini,Turkey,"L(growth, 1)",2.0464772834100726,2.552828343003726,0.8016509566805157,0.45332463734797357
Composition,gini,Turkey,"L(growth, 2)",-2.0071234096448807,2.2051722197108985,-0.910188960165668,0.39781191224478046
Composition,gini,Turkey,"L(growth, 3)",-1.5071392530639665,0.5763610645941819,-2.6149220439190306,0.03985653939514301
Composition,gini,Turkey,life_exp,0.03685905202210748,0.12395566422154357,0.2973567384240708,0.7762206838718242
Composition,gini,Turkey,"L(life_exp, 1)",0.16199192105967808,0.16948145359922828,0.95580913202892,0.3760768472582037
Composition,gini,Turkey,"L(life_exp, 2)",-0.23548849657192944,0.12851574923096362,-1.8323707248418126,0.11660445306595171
Composition,gini,Turkey,gdp_x_debt,-9.033479515664506,8.004929578343416,-1.1284895672416326,0.302204951664488
Composition,gini,Turkey,"L(gdp_x_debt, 1)",-6.310985273810517,6.122794987205656,-1.0307360097795384,0.34241083242106624
Composition,gini,Turkey,"L(gdp_x_debt, 2)",4.595872148165959,4.245901070006114,1.0824256317774594,0.320635007003528
Composition,gini,Turkey,military_exp,-8.725564163154756,21.582139832412906,-0.40429559955173494,0.7000123753239998
Composition,gini,Turkey,"L(military_exp, 1)",3.623584453396402,16.906616073868783,0.21432937481777264,0.8373886863302876
Composition,gini,Turkey,"L(military_exp, 2)",-6.602628559045989,12.911025238351515,-0.511394597807247,0.6273433311333674
Composition,gini,Turkey,"L(military_exp, 3)",18.69916710304067,16.739606648551426,1.117061320234715,0.30669268418097745
Composition,gini,Turkey,nonmil_g,8.931028932655622,6.54048780051296,1.3654989054417586,0.22107159528468032
Composition,gini,Turkey,"L(nonmil_g, 1)",-0.8272298020216832,4.927707206555545,-0.16787316440416408,0.8721985889291073
Composition,gini,Turkey,"L(nonmil_g, 2)",-7.387891614562964,5.841226164371765,-1.2647843803112777,0.25285251277135473
Composition,gini,United Kingdom,(Intercept),23.476344626576434,9.518782111340801,2.466318101619997,0.02392240924176001
Composition,gini,United Kingdom,"L(gini, 1)",0.6649498417249436,0.1070886461839996,6.209340256131612,7.361473347951842e-6
Composition,gini,United Kingdom,"L(gini, 2)",-0.4039615269618904,0.09349802172186943,-4.320535552758147,4.119144599008451e-4
Composition,gini,United Kingdom,public_debt,-0.15521058231658325,0.399999715537927,-0.3880267317386793,0.7025469728668485
Composition,gini,United Kingdom,growth,7.676330786784429,4.409126158720059,1.7410095584592704,0.09874711152396035
Composition,gini,United Kingdom,"L(growth, 1)",-4.1627567839574295,1.7945845497409412,-2.319621432469341,0.03231703785371542
Composition,gini,United Kingdom,"L(growth, 2)",-6.039224526159889,1.7798506675545607,-3.39310743100573,0.0032405959437379205
Composition,gini,United Kingdom,"L(growth, 3)",-3.2103019105538015,1.3806785440826679,-2.3251624531376693,0.03195547284733052
Composition,gini,United Kingdom,life_exp,0.14379954806240883,0.2007881634182134,0.7161754239610961,0.48307185961945687
Composition,gini,United Kingdom,"L(life_exp, 1)",0.16763650209353168,0.17685569748756078,0.9478716517194616,0.35574776072636427
Composition,gini,United Kingdom,"L(life_exp, 2)",-0.46803229339035995,0.191649001464058,-2.442132699961576,0.02514869622728477
Composition,gini,United Kingdom,"L(life_exp, 3)",0.2817165806128262,0.18970776909303508,1.485002864983715,0.15484583428190427
Composition,gini,United Kingdom,gdp_x_debt,-17.341950617898778,6.185995961053368,-2.8034209409580257,0.01175025924485566
Composition,gini,United Kingdom,military_exp,42.59784890077643,35.39991190449851,1.2033320595739456,0.2444361471216615
Composition,gini,United Kingdom,"L(military_exp, 1)",-132.26109984944028,35.56090819946289,-3.719283520757717,0.0015697675842798026
Composition,gini,United Kingdom,"L(military_exp, 2)",-16.571520116886003,30.892889335161627,-0.5364185893102803,0.5982370482955716
Composition,gini,United Kingdom,"L(military_exp, 3)",62.11572935915548,21.512232002014535,2.887460927036236,0.009807306906311493
Composition,gini,United Kingdom,nonmil_g,-8.801983662468968,5.851857496552475,-1.5041349977600296,0.14989077496973993
Composition,gini,United Kingdom,"L(nonmil_g, 1)",-11.156768248957999,6.071757847746104,-1.83748570491814,0.08270420671238066
Composition,gini,United Kingdom,"L(nonmil_g, 2)",-15.91448564196722,6.137424454690828,-2.593023467654057,0.0183666933588271
Composition,gini,United Kingdom,"L(nonmil_g, 3)",-17.931594838830126,6.807316841954977,-2.634164863359055,0.016842756705375383
Composition,gini,United States,(Intercept),5.845121038885743,7.276149648346477,0.8033261163360021,0.4307855858829487
Composition,gini,United States,"L(gini, 1)",0.9151303409053345,0.08610605742034601,10.627943820931444,6.59988627560562e-10
Composition,gini,United States,public_debt,-4.617290539699627,2.448124391300853,-1.8860522594794091,0.07319574186231795
Composition,gini,United States,"L(public_debt, 1)",3.167647595398121,2.844150289487842,1.1137412840333878,0.2779759558113408
Composition,gini,United States,growth,-29.01943308188811,10.28713506802515,-2.820944110288527,0.010236925767056544
Composition,gini,United States,"L(growth, 1)",-20.835337627139097,9.650690213658232,-2.158947926610647,0.04257597156524745
Composition,gini,United States,"L(growth, 2)",-1.8172658273514026,8.058009950405374,-0.225522906838801,0.8237527990062512
Composition,gini,United States,"L(growth, 3)",-8.373569261187551,2.4331717292497084,-3.441421400934007,0.002447817547868149
Composition,gini,United States,life_exp,-0.6368481442268318,0.3055043832003937,-2.084579401301405,0.049503179624799984
Composition,gini,United States,"L(life_exp, 1)",0.054158891206447485,0.38383785777604984,0.14109835731223386,0.8891369923965977
Composition,gini,United States,"L(life_exp, 2)",0.5975904033537613,0.31345689537970634,1.906451611568058,0.0703685686160105
Composition,gini,United States,gdp_x_debt,40.30536526120687,16.99481920765022,2.371626598008375,0.027347838002139403
Composition,gini,United States,"L(gdp_x_debt, 1)",29.305723345764047,14.769384792551065,1.9842209920987623,0.06045336083885045
Composition,gini,United States,"L(gdp_x_debt, 2)",-16.7619094297564,12.324232787589054,-1.3600773142354343,0.1882285844181687
Composition,gini,United States,military_exp,37.355281132256856,26.466301499563862,1.41142808083224,0.17276351681385718
Composition,gini,United States,"L(military_exp, 1)",-46.44312371849046,25.48072737719493,-1.8226765284595732,0.08262353027453659
Composition,gini,United States,nonmil_g,14.298718485458089,20.91407359635772,0.6836888289399667,0.5016466272706439
Composition,gini,United States,"L(nonmil_g, 1)",-36.14436022419853,24.714912481444426,-1.462451475453743,0.1584231834779275
Composition,gini,Uruguay,(Intercept),175.8120382347949,49.97171304292174,3.5182311657754517,0.0034094309612810185
Composition,gini,Uruguay,"L(gini, 1)",0.46543818443877394,0.24303832379438914,1.9150814454782674,0.07613848846556742
Composition,gini,Uruguay,"L(gini, 2)",-0.17652836506692401,0.18778526542796323,-0.9400544002460219,0.36312732843993856
Composition,gini,Uruguay,public_debt,4.934418903391952,1.8012714292009335,2.739408854989124,0.015973650930973058
Composition,gini,Uruguay,"L(public_debt, 1)",5.418108827047469,2.192009786913435,2.4717539398748296,0.026893300095967493
Composition,gini,Uruguay,"L(public_debt, 2)",1.8690489037069293,1.9657625404784156,0.9508009564838138,0.35783225148847564
Composition,gini,Uruguay,"L(public_debt, 3)",-4.7071384686806015,1.769756732142605,-2.659765821589374,0.01866960553146672
Composition,gini,Uruguay,growth,-11.751347793344152,4.767098703843312,-2.465094289713369,0.027240636723649913
Composition,gini,Uruguay,"L(growth, 1)",-27.068243504417328,7.298470466496383,-3.708755639784261,0.002336468742484111
Composition,gini,Uruguay,"L(growth, 2)",-24.41019413303452,8.09415457442078,-3.0157805745612807,0.009257324066004564
Composition,gini,Uruguay,"L(growth, 3)",-3.4258575164187595,2.0856210937937028,-1.6426078191351592,0.12272670124244153
Composition,gini,Uruguay,life_exp,8.79441628448515,9.91650337683815,0.886846497226649,0.39014216988466055
Composition,gini,Uruguay,"L(life_exp, 1)",-18.80562694985275,28.477101875597477,-0.6603771350050063,0.5197302412535254
Composition,gini,Uruguay,"L(life_exp, 2)",-5.22901341729234,31.71611291899324,-0.16486930257335974,0.8714037092526149
Composition,gini,Uruguay,"L(life_exp, 3)",13.363317500760875,14.136985142107847,0.9452735053782749,0.36054898742175934
Composition,gini,Uruguay,gdp_x_debt,41.28091969155596,15.198056278788659,2.7161973172299767,0.01671763716978037
Composition,gini,Uruguay,"L(gdp_x_debt, 1)",75.339091917372,22.237992497375657,3.387854903101658,0.0044183584032850476
Composition,gini,Uruguay,"L(gdp_x_debt, 2)",56.95220374410365,21.5330663202272,2.6448719795473483,0.019220583922534423
Composition,gini,Uruguay,military_exp,0.8423070573011575,32.578768998966716,0.025854477722220645,0.9797383275741898
Composition,gini,Uruguay,"L(military_exp, 1)",-42.691230463731884,33.544161269962544,-1.2726873723314756,0.22385936146741964
Composition,gini,Uruguay,"L(military_exp, 2)",-64.717467089628,34.39556880771252,-1.8815640890089422,0.08085311966874624
Composition,gini,Uruguay,"L(military_exp, 3)",-84.21015509295233,33.79209937111528,-2.492007204646577,0.025862832581080953
Composition,gini,Uruguay,nonmil_g,-3.0231699047259935,13.262311365313836,-0.22795196262943823,0.8229792156354844
Composition,gini,Uruguay,"L(nonmil_g, 1)",-42.95773887557104,18.46562111136349,-2.3263630622820175,0.03552663014831527
Composition,gini,Uruguay,"L(nonmil_g, 2)",31.3102836172085,14.798044352150917,2.1158392874162124,0.05276240522656167
Composition,gini,Venezuela,(Intercept),10.35025236027364,4.0012150066991925,2.586777352115375,0.016490401203772112
Composition,gini,Venezuela,"L(gini, 1)",1.2617598625196718,0.15905270412675032,7.932967059234438,4.953814931466273e-8
Composition,gini,Venezuela,"L(gini, 2)",-0.32774348797210756,0.15912297663163916,-2.0596867586936582,0.05092114528121005
Composition,gini,Venezuela,public_debt,0.32342595682666,0.22141068945441664,1.4607513197471251,0.15761088540258938
Composition,gini,Venezuela,growth,-0.9373460452420156,0.4920792614957369,-1.9048680133213383,0.06937690915629502
Composition,gini,Venezuela,life_exp,-0.02452031666661712,0.07769783784584125,-0.315585572860694,0.7551628605608902
Composition,gini,Venezuela,"L(life_exp, 1)",-0.0913660971063571,0.07013816902384581,-1.3026587146193414,0.20558422453201927
Composition,gini,Venezuela,gdp_x_debt,1.0723288353233087,0.4004916457634813,2.67753109625811,0.013446394179244502
Composition,gini,Venezuela,"L(gdp_x_debt, 1)",0.5555268566916128,0.16865475738769078,3.293870065073882,0.0031767356967398346
Composition,gini,Venezuela,"L(gdp_x_debt, 2)",-1.1098894934125325,0.5701056832427808,-1.9468135926999408,0.0638707204724523
Composition,gini,Venezuela,"L(gdp_x_debt, 3)",2.511646989224099,0.9216453123780275,2.7251774142305916,0.012068214401777662
Composition,gini,Venezuela,military_exp,-9.083896186083228,7.5137126316717975,-1.208975726299778,0.2389542509173507
Composition,gini,Venezuela,nonmil_g,-4.84551054869437,2.0228076364163368,-2.3954381333455976,0.025132507034507475
Composition,gini,Venezuela,"L(nonmil_g, 1)",0.6559697297498578,2.2384499268307003,0.2930464165792664,0.7721143643401551
Composition,gini,Venezuela,"L(nonmil_g, 2)",3.7417895197038398,2.1029275557894445,1.7793240235035876,0.0884065242149428
Composition,gini,Venezuela,"L(nonmil_g, 3)",3.2984650639595685,2.027336131280535,1.6269946621412725,0.1173621404229875
