spec,iso,country,income_group,status,best_order,n_obs,r2,adj_r2,aic,bic,sigma,lr_dd,sum_phi,f_stat,f_pvalue,ect_coef,ecm_r2
base,ALB,Albania,Upper middle income,insufficient_obs,NA,29,NA,NA,NA,NA,NA,NA,NA,NA,NA,NA,NA
base,ARE,United Arab Emirates,High income,ok,"(1,1)",42,0.5508909827095916,0.5154350076603488,-334.8256630786196,-326.13731498720273,0.004194570946998528,-0.025094694064720785,0.7094241240682682,6.818438211939036,0.021930191706189015,-0.2905758759317316,0.35562735758461234
base,ARG,Argentina,Upper middle income,ok,"(1,0)",42,0.15845139196874675,0.11529505309534904,-231.33553059592245,-224.38485212278897,0.014536143815042452,0.013562997094301506,-0.2298790428660335,NA,NA,-1.229879042866033,0.6390951368190915
base,ATG,Antigua and Barbuda,High income,ok,"(1,1)",32,0.7208343353954039,0.6909237284734828,-341.0526444209732,-333.7239649069746,0.0010729210401523783,0.013352118025094098,0.8586644011579384,1.4784203220326089,0.6931934963203934,-0.14133559884206143,0.22571617847646794
base,AUS,Australia,High income,ok,"(1,0)",71,0.10698567115886373,0.08072054384000682,-445.2873930016238,-436.2366734934585,0.010157761491771227,0.009157341062281462,-0.29686081788313046,NA,NA,-1.2968608178831305,0.6568735568543452
base,AUT,Austria,High income,ok,"(1,0)",42,0.2991373239693056,0.26319564827542374,-324.9704485739461,-318.01977010081265,0.004768047158121381,-0.0032682998081932407,-0.5590867937182313,NA,NA,-1.559086793718231,0.7715618336353848
base,AZE,Azerbaijan,Upper middle income,insufficient_obs,NA,29,NA,NA,NA,NA,NA,NA,NA,NA,NA,NA,NA
base,BDI,Burundi,Low income,ok,"(1,0)",42,0.5741286543496977,0.5522890981625027,-340.52113909945206,-333.5704606263186,0.00396224011962109,0.0014730113359663207,0.7585515584801145,2.7041085661771422,0.38348609073754586,-0.24144844151988512,0.12178415351005045
base,BEL,Belgium,High income,ok,"(1,0)",42,0.08267858472925321,0.0356364608692149,-314.7635710232355,-307.81289255010205,0.005384084394589932,-0.0356772761341923,0.05373720590783536,NA,NA,-0.946262794092164,0.49180803681173574
base,BEN,Benin,Lower middle income,ok,"(1,1)",42,0.565828602863756,0.5315519136161578,-313.43786593377394,-304.7495178423571,0.0054108580792825356,-0.025218796053553538,0.7231300417006533,4.073155488823245,0.1634222654625421,-0.27686995829934646,0.1794938965003749
base,BFA,Burkina Faso,Low income,ok,"(1,0)",42,0.3951747042446554,0.364158022411048,-276.0269519881849,-269.07627351505147,0.00853860370544761,0.006970106139710176,0.6256559062559052,4.525839806987714,0.12052316593053397,-0.3743440937440948,0.18837384430039414
base,BGD,Bangladesh,Lower middle income,ok,"(1,1)",42,0.39287579307884335,0.3449449346376994,-319.07177440949386,-310.383426318077,0.005059852593387367,0.04067244234954633,0.5849752891527722,5.73526019483645,0.05028863542733102,-0.41502471084722803,0.24489280181718476
base,BGR,Bulgaria,Upper middle income,ok,"(1,1)",41,0.18569744405940689,0.11967291249665613,-206.64660114285553,-198.078740809334,0.018139866796041577,0.019461411769170708,0.34093761762410535,10.350239836681606,0.001424744686888642,-0.6590623823758948,0.36447466449208005
base,BHR,Bahrain,High income,ok,"(1,1)",42,0.5355684077102818,0.49890275568740927,-290.99051544824005,-282.3021673568232,0.007068427617009026,0.04364011712235702,0.5807481319691127,10.533388236075385,0.0012120709171161703,-0.41925186803088776,0.36257556735491286
base,BHS,Bahamas,High income,ok,"(1,1)",42,0.31094141554242416,0.2565420536115629,-330.7197835909601,-322.03143549954325,0.004404693051685625,-0.004030872678853,-0.11304304638004456,NA,NA,-1.113043046380045,0.7325605078072177
base,BLR,Belarus,Upper middle income,insufficient_obs,NA,29,NA,NA,NA,NA,NA,NA,NA,NA,NA,NA,NA
base,BLZ,Belize,Upper middle income,ok,"(1,1)",42,0.15789400639475712,0.0914119542680274,-322.29544065043393,-313.6070925590171,0.004869349581790619,0.009255659425973025,-0.30495419996346484,NA,NA,-1.304954199963465,0.673159286623545
base,BOL,Bolivia,Lower middle income,ok,"(1,0)",42,0.09406543114801655,0.047607248129966084,-321.22687049556686,-314.2761920224334,0.004985348077518168,0.0029935342170206267,-0.2845263464238404,NA,NA,-1.2845263464238408,0.6483859478444994
base,BRA,Brazil,Upper middle income,ok,"(1,0)",42,0.0045049816996940205,-0.04654604487980896,-282.9899585320228,-276.03928005888935,0.007859355132420979,0.00119623185172282,-0.048914685078346155,NA,NA,-1.0489146850783464,0.5254602058914493
base,BRB,Barbados,High income,ok,"(1,0)",42,0.7390607780996932,0.725679279540703,-455.63805190225594,-448.6873734291225,0.0010063904462964742,-0.004191303446691717,0.8610696922923298,1.495680003872685,0.6883800408473336,-0.1389303077076707,0.07123751188800764
base,BTN,Bhutan,Lower middle income,ok,"(1,0)",40,0.4726306643966394,0.44412421382348477,-340.2243014135321,-333.46878359707637,0.0032381227017618456,-0.007446561312032755,0.7051611101504367,3.856718515529216,0.18883827751925716,-0.29483888984956347,0.1725082557554364
base,BWA,Botswana,Upper middle income,ok,"(1,0)",42,0.7611961642451158,0.7489498136935833,-371.6052266731358,-364.65454820000235,0.0027367221003578605,-0.010790148803846466,0.8629477465149727,1.7092748663356416,0.630521344752112,-0.13705225348502748,0.08059091492320102
base,CAF,Central African Republic,Low income,ok,"(1,0)",42,0.8060890680182371,0.796144917660198,-382.39956934288216,-375.4488908697487,0.002406700713705804,0.03701258826451453,0.9133267291681889,2.959482237647734,0.3306286974406705,-0.08667327083181085,0.13176983362006892
base,CAN,Canada,High income,ok,"(1,0)",71,0.01901020385131699,-0.009842437211879496,-520.0718923951631,-511.0211728869978,0.005998963402679441,2.470725553765651e-4,0.1384437416239627,NA,NA,-0.8615562583760377,0.4308650276123437
base,CHE,Switzerland,High income,ok,"(1,0)",43,0.02781983963016559,-0.020789168388326118,-283.51984023889713,-276.47503977612286,0.008458835297025015,-0.0010051680637330196,0.16596378487549812,14.231102430760489,2.8326284500100406e-4,-0.8340362151245015,0.41573602426465356
base,CHL,Chile,High income,ok,"(1,0)",44,0.2084643765907911,0.16985288276595156,-295.31541915943603,-288.178660623763,0.007983360216326363,-8.216027123900528e-4,0.4532936169589618,7.686115148429611,0.01154325571180433,-0.5467063830410384,0.2726915400704963
base,CIV,Cote d'Ivoire,Lower middle income,ok,"(2,2)",36,0.33777179343917324,0.2274004256790355,-227.39807431815908,-216.3134417489663,0.009274108562158418,-0.0026751428280442744,0.5080570253083169,2.855774598460308,0.3514488618221934,-0.491942974691683,0.732174259457726
base,COG,Congo,Lower middle income,ok,"(1,0)",42,0.6467028640222535,0.6285850621772409,-513.7688708540401,-506.8181923809066,5.037559043582627e-4,-9.907357366370534e-4,0.781244911150718,2.330790700332309,0.4691962947053726,-0.21875508884928163,0.1067662061501432
base,COL,Colombia,Upper middle income,ok,"(1,0)",42,0.154653846703086,0.11130276191862887,-251.30586792912675,-244.35518945599327,0.01146038279748277,0.001655313184744524,-0.4302342369597057,NA,NA,-1.430234236959705,0.6655079141880059
base,COM,Comoros,Lower middle income,ok,"(1,2)",37,0.8362505063718962,0.8157818196683833,-312.84695438528814,-303.1814469094228,0.003227100457171936,-0.02707646279766815,0.904995203114753,1.313692093728788,0.7370676107696432,-0.09500479688524728,0.40253563135691767
base,CPV,Cabo Verde,Lower middle income,ok,"(1,0)",41,0.7845302513634602,0.7731897382773265,-390.49292361400825,-383.63863534719104,0.0019486559900967133,-0.008839266594946096,0.882931334605509,1.2461766125867182,0.7552433677149953,-0.11706866539449119,0.061551207244334216
base,CRI,Costa Rica,Upper middle income,ok,"(1,0)",42,0.047884282330233716,-9.421647297542801e-4,-230.90568821957348,-223.95500974644,0.0146107183934715,0.014234999001110776,-0.17687364217571777,NA,NA,-1.1768736421757178,0.5907136811500425
base,CYP,Cyprus,High income,ok,"(1,0)",42,0.13026211812127494,0.08566017546082749,-202.57042521728158,-195.6197467441481,0.020472447453217944,0.03576571945595281,-0.30468376502518396,NA,NA,-1.304683765025184,0.6604770529558712
base,CZE,Czech Republic,High income,ok,"(1,0)",29,0.22256385074325022,0.16276107003119267,-197.03013100560236,-191.56094768565646,0.007451490899011473,-0.002172660698487739,-0.4446086508470471,NA,NA,-1.444608650847048,0.7474267278366912
base,DEU,Germany,High income,ok,"(1,0)",42,0.11604485737307542,0.07071382441784857,-300.4975986663689,-293.54692019323545,0.0063807157114335,-0.017993257340057082,0.3034236697002347,10.571868833053665,0.0011673868595456188,-0.6965763302997652,0.35155343659365584
base,DMA,Dominica,Upper middle income,ok,"(1,0)",32,0.6821047924235287,0.6601809850044618,-338.8953193969847,-333.0323757857858,0.0011250161786848806,-0.011642676597097406,0.8061739461265793,1.9454529166566583,0.567397847805813,-0.19382605387342064,0.11829731455350924
base,DNK,Denmark,High income,ok,"(1,0)",52,0.013186076540883641,-0.027092042783978254,-360.5531956036312,-352.7482207293055,0.00720480186236685,-0.004141489860334526,0.06028706371370002,NA,NA,-0.9397129362862999,0.49521603426474636
base,DZA,Algeria,Lower middle income,ok,"(1,0)",42,0.18778350117927145,0.14613137303461865,-289.74352028473754,-282.7928418116041,0.007252201037554556,-4.99283743918623e-4,0.4327033978617405,7.713153087680017,0.011293020856682332,-0.5672966021382597,0.2834347443248658
base,ECU,Ecuador,Upper middle income,ok,"(1,0)",32,0.2271429783051911,0.17384249405037666,-157.64854451835924,-151.78560090716033,0.019101717912766488,0.02352942542062615,-0.3835762188442617,NA,NA,-1.3835762188442622,0.7256252337265856
base,EGY,Egypt,Lower middle income,ok,"(1,0)",42,0.33004024285805017,0.2956833322353861,-334.1331537994158,-327.1824753262824,0.004275311632174491,-0.018864299234586133,0.5233825028695303,6.785829351138755,0.022524322254770416,-0.47661749713047014,0.2581554213295073
base,ESP,Spain,High income,ok,"(1,0)",42,0.013894263899061949,-0.036675261029191386,-312.9836762468145,-306.0329977736811,0.0054993862264528,0.00629845106845535,0.023415348012090755,NA,NA,-0.9765846519879082,0.5018336232326743
base,ETH,Ethiopia,Low income,ok,"(1,0)",42,0.515205879580923,0.4903446426363549,-274.9454491119096,-267.9947706387762,0.008649249274836126,0.009682004247240672,0.7103889575471034,3.31487916628404,0.2668408327823687,-0.2896110424528968,0.14529461857430256
base,FIN,Finland,High income,ok,"(2,2)",70,0.26951900632120873,0.21245017869005312,-478.8730569787659,-463.13359028442034,0.0074864969377530476,0.04193152657613134,0.3760099032234091,15.387022465760205,4.756702311668875e-5,-0.6239900967765905,0.5304193990922587
base,FJI,Fiji,Upper middle income,ok,"(1,0)",32,0.7582333077523311,0.7415597427697334,-319.7716434930504,-313.90869988185153,0.0015168030337343247,0.01506236970246316,0.8936721653667364,0.9192096709398594,0.8362011666529711,-0.1063278346332633,0.059614577566337104
base,FRA,France,High income,ok,"(1,1)",71,0.055008235039830544,0.012695170937136457,-483.2446623659852,-471.9312629807786,0.007723413382256769,0.0045490350317291105,-0.055548666930326424,NA,NA,-1.0555486669303267,0.5500823971672198
base,GAB,Gabon,Upper middle income,ok,"(1,0)",42,0.7822778889109187,0.771112652444812,-430.3492296059437,-423.39855113281027,0.001359922240839102,0.0033324932818660224,0.8860881604410523,1.2960631184440732,0.7416499977410168,-0.11391183955894724,0.062322522828592096
base,GBR,United Kingdom,High income,ok,"(1,0)",60,0.06611699489850624,0.03334917015810279,-395.71684501003773,-387.3394667611493,0.008586200755206686,-0.008084350397819212,-0.24440056809674612,NA,NA,-1.2444005680967467,0.6225931467938713
base,GHA,Ghana,Lower middle income,ok,"(1,0)",42,0.4255475494271346,0.3960884493977569,-366.99901621481393,-360.0483377416805,0.0028909834238132997,0.0030183662756330617,0.6710210878280242,4.228774583241782,0.14716891070471885,-0.32897891217197567,0.1782129358769464
base,GIN,Guinea,Lower middle income,ok,"(1,2)",31,0.707920787653054,0.6629855242150624,-235.36538663541754,-226.76146340850664,0.004889048865024475,-0.0012128155803214143,0.7165292420273344,4.868072555506344,0.09441564258408233,-0.2834707579726653,0.28025189629310127
base,GMB,Gambia,Low income,ok,"(1,0)",42,0.5598389323900828,0.5372665699485486,-348.3253074467699,-341.37462897363645,0.003610704068159152,-1.964824660894167e-4,0.7479952079695856,2.808498748557483,0.36098269641991687,-0.25200479203041437,0.12589366860641327
base,GNB,Guinea-Bissau,Low income,ok,"(1,1)",36,0.6868121539081512,0.6574507933370404,-230.30169064950215,-222.3840959572216,0.009117400972287408,0.14576945476819148,0.834804205138211,6.740053482365725,0.023408932823782893,-0.16519579486178926,0.4002516141719948
base,GNQ,Equatorial Guinea,Upper middle income,ok,"(1,1)",42,NA,NA,-Inf,-Inf,0,0,0,NA,NA,NA,NA
base,GRC,Greece,High income,ok,"(1,0)",55,0.060901283528637495,0.024782102125892713,-348.95422229548115,-340.92488955455127,0.009697063372780418,0.0063158998746281865,0.24895292703467006,NA,NA,-0.7510470729653299,0.37896135279704213
base,GRD,Grenada,Upper middle income,ok,"(1,1)",42,0.7575157765062537,0.7383722851778001,-456.71878816586815,-448.0304400744513,9.828315128052926e-4,0.008389189385332178,0.8498506024948295,1.8997910699268692,0.5787773507785551,-0.15014939750517087,0.13692449490786399
base,GTM,Guatemala,Upper middle income,ok,"(1,0)",42,0.09063929390273082,0.044005411538768247,-321.0683310698866,-314.11765259675315,0.004994766179380228,0.002757198257133865,-0.2730353236674444,NA,NA,-1.2730353236674443,0.6470561851425612
base,GUY,Guyana,High income,ok,"(1,0)",42,0.09528606932662786,0.04889048313824973,-321.2834986166864,-314.33282014355296,0.004981988366125345,0.0024867628097131928,-0.29153310576755415,NA,NA,-1.2915331057675539,0.6488597056090818
base,HND,Honduras,Lower middle income,ok,"(1,0)",42,0.083204072264769,0.03618889648347512,-320.72632203451616,-313.7756435613827,0.005015144006746547,-2.135373522393601e-4,-0.288545943013602,NA,NA,-1.288545943013602,0.6441704045368923
base,HTI,Haiti,Lower middle income,ok,"(1,0)",42,0.08612361035889196,0.039258154479860696,-320.8602845167642,-313.90960604363073,0.0050071522722061204,-8.202403285596841e-4,-0.27828209191495307,NA,NA,-1.2782820919149536,0.6453035444511777
base,HUN,Hungary,High income,ok,"(1,0)",33,0.05011607082927968,-0.013209524448768217,-214.28067518422023,-208.2946449383543,0.008745880746883001,-0.015531697240911786,0.22992857065250555,11.428713178117583,8.546790486673793e-4,-0.7700714293474945,0.43243547656267683
base,IDN,Indonesia,Upper middle income,ok,"(1,0)",42,0.1555125773288964,0.1122055300124295,-219.16342665472553,-212.21274818159205,0.016802777902172352,-0.03174670247692178,-0.1096953032418246,NA,NA,-1.1096953032418246,0.5498887102249972
base,IND,India,Lower middle income,ok,"(1,0)",71,0.021578957854209335,-0.007198131620666626,-429.10584323535534,-420.05512372719005,0.011383815663718867,-0.01770601593119296,0.054390388863886745,NA,NA,-0.9456096111361136,0.47444374307592174
base,IRL,Ireland,High income,ok,"(1,0)",47,0.3170192834666256,0.28597470544238146,-300.39051483459565,-292.9899244277554,0.009403157826575826,-0.03364269664119012,-0.2905286790173502,NA,NA,-1.2905286790173502,0.6817780987260874
base,IRN,Iran,Lower middle income,ok,"(1,0)",42,0.19555123194756704,0.15429744897051922,-227.39258233701761,-220.44190386388414,0.015234736018546646,-0.002437734980318684,-0.45040722224645885,NA,NA,-1.450407222246459,0.7172073753361257
base,ISL,Iceland,High income,ok,"(1,0)",42,0.1318429659132788,0.08732209237037003,-245.41127712257423,-238.46059864944075,0.012293489505244271,-0.02798510503887688,-0.06412669036154213,NA,NA,-1.0641266903615416,0.6038476314671819
base,ISR,Israel,High income,ok,"(1,0)",39,0.5771094513051523,0.5536155319332163,-368.8770145678509,-362.2227679833323,0.002007884143270584,0.0012742160026964944,0.7592056852918811,2.472122868764721,0.4353631625998006,-0.24079431470811946,0.12075557012880943
base,ITA,Italy,High income,ok,"(1,0)",48,0.1399484223963235,0.10172390783616003,-382.69364815539143,-375.20884411175984,0.004268918449866013,-0.0028428261243976603,0.36695354685841913,10.9071115204463,9.61035308338131e-4,-0.6330464531415811,0.3264907088351763
base,JAM,Jamaica,Upper middle income,ok,"(1,0)",42,0.10263886885206834,0.056620349306020445,-321.62623605348983,-314.6755575803564,0.004961702233385539,0.003623095475221675,-0.29649820933195714,NA,NA,-1.2964982093319575,0.6517134962963091
base,JOR,Jordan,Lower middle income,ok,"(1,1)",42,0.303196546209821,0.24818574722638576,-286.05600910963705,-277.3676610182202,0.00749609468404008,0.02888684580066678,0.48319681800211844,8.02637721299143,0.00883450171221172,-0.516803181997882,0.2982718511871734
base,JPN,Japan,High income,ok,"(1,1)",67,0.15248817935356587,0.11213047360849748,-463.40892371586295,-452.38546061890816,0.00729138326632119,0.009020273000370773,0.24567192096795581,NA,NA,-0.7543280790320445,0.44072882773593014
base,KAZ,Kazakhstan,Upper middle income,ok,"(1,0)",29,0.011279744596631176,-0.0647756596651663,-161.24709952847343,-155.77791620852753,0.013809585487921711,-0.0038231899266236574,0.0741081560392694,11.318026104078589,8.772484999249631e-4,-0.9258918439607307,0.46541713770840754
base,KEN,Kenya,Lower middle income,ok,"(1,0)",42,0.2010609616740306,0.16008972893936557,-217.33570167010447,-210.385023196971,0.01717238988553266,-0.09558077189194715,0.2711204950578242,NA,NA,-0.7288795049421758,0.47772728961503147
base,KGZ,Kyrgyzstan,Lower middle income,insufficient_obs,NA,29,NA,NA,NA,NA,NA,NA,NA,NA,NA,NA,NA
base,KNA,Saint Kitts and Nevis,High income,ok,"(1,0)",38,0.7169444838450006,0.7007698829218578,-408.1044207716282,-401.5540761327227,0.0010564113303811065,0.0014779374306497105,0.8407476499627305,1.5411350522278946,0.6760003248717662,-0.15925235003726923,0.08093714203490066
base,KWT,Kuwait,High income,ok,"(1,0)",31,0.011702510202507775,-0.0588901676401703,-164.92410802293833,-159.18815920499773,0.015652170170803607,-0.0051371145065979605,-0.04172178923266937,14.840636630378683,1.5897685652806984e-4,-1.0417217892326691,0.5145738223665496
base,LAO,Lao PDR,Lower middle income,ok,"(1,0)",42,0.3392856344238386,0.3054028464455739,-389.8508802442053,-382.90020177107186,0.002202406726362003,-0.0030444507054767215,0.5815080570306841,6.366927656346184,0.031144434526223376,-0.41849194296931597,0.24614162690419575
base,LBN,Lebanon,Lower middle income,ok,"(1,0)",32,0.013758750623110959,-0.0542578872649504,-201.8598825013048,-195.9969388901059,0.00957328223665782,-0.003707697079975856,0.08617670405637445,12.01939409687795,7.342373049453396e-4,-0.9138232959436251,0.4532303435353736
base,LCA,Saint Lucia,Upper middle income,ok,"(1,1)",41,0.8115403827028808,0.7962598731923035,-455.8254632217822,-447.25760288826064,8.687894186338792e-4,0.016826861949725644,0.8889217160462841,1.990019385357664,0.5559414141179163,-0.11107828395371598,0.343193391453006
base,LKA,Sri Lanka,Lower middle income,ok,"(1,1)",42,0.4041733315840803,0.3571343840775604,-340.0052447726406,-331.31689668122374,0.003943739443827296,0.037504667492547245,0.58883466252323,5.661033061738101,0.05299597591447597,-0.41116533747677075,0.23649096936961078
base,LSO,Lesotho,Lower middle income,ok,"(1,0)",42,0.7198584177350197,0.7054921827470719,-370.4977427081522,-363.54706423501875,0.002773042862010758,-0.0056080127587461864,0.8496489440363032,1.6631907756189137,0.6432186031084483,-0.15035105596369633,0.07858884764838935
base,LUX,Luxembourg,High income,ok,"(1,1)",42,0.08705754529234755,0.014983140973322318,-219.32363185300937,-210.63528376159252,0.016590251083391922,-0.024610696007917838,-0.1636255100918759,NA,NA,-1.1636255100918762,0.6001095609823692
base,MAR,Morocco,Lower middle income,ok,"(1,1)",42,NA,NA,-Inf,-Inf,0,0,0,NA,NA,NA,NA
base,MDG,Madagascar,Low income,ok,"(1,0)",42,0.2733641090226934,0.23610072999821619,-253.1087641707146,-246.15808569758113,0.011217028922984915,-0.019575002807103507,0.5088099448733908,7.052370154707392,0.018300383324357343,-0.4911900551266091,0.26560228384949286
base,MDV,Maldives,Upper middle income,ok,"(1,0)",42,0.7521995889103296,0.7394918755211157,-354.766102695116,-347.81542422198254,0.0033441971577794455,0.02599907547027924,0.876132992641956,1.9035579528493296,0.5778515505016968,-0.1238670073580445,0.08893651966849382
base,MEX,Mexico,Upper middle income,ok,"(1,0)",40,0.10684308085291178,0.05856432846658277,-239.82476945943444,-233.06925164297868,0.011358744618702257,-0.0029743147391244713,0.32762691744091393,9.426366909874545,0.0028209584013133083,-0.6723730825590863,0.33754361748149414
base,MKD,North Macedonia,Upper middle income,insufficient_obs,NA,29,NA,NA,NA,NA,NA,NA,NA,NA,NA,NA,NA
base,MLI,Mali,Low income,ok,"(1,1)",42,0.5892006778551895,0.5567691524227044,-313.0358473739005,-304.3474992824836,0.005436816162930101,0.02647713112997756,0.7258643377993149,3.845184802595601,0.19027498873330928,-0.27413566220068547,0.22928443831417114
base,MLT,Malta,High income,ok,"(1,0)",42,0.18843884747393091,0.14682032683156832,-302.23106823296166,-295.2803897598282,0.006250389170444927,-0.001276375481018454,-0.42799773582458095,NA,NA,-1.427997735824581,0.7168610669555876
base,MUS,Mauritius,Upper middle income,ok,"(1,0)",47,0.6848073121873768,0.6704803718322576,-433.33429726016215,-425.9337068533219,0.002285877585159362,-0.023513243958234193,0.7252228020902921,5.540482900135776,0.05830571903017839,-0.2747771979097077,0.20117595324040083
base,MWI,Malawi,Low income,ok,"(1,0)",29,0.12123152832417812,0.05363395357988421,-146.08113381942817,-140.61195049948228,0.017936632303238626,-0.030934205531881993,0.3150326549294188,7.199575177633338,0.01654520504778359,-0.6849673450705817,0.3564221085998537
base,MYS,Malaysia,Upper middle income,ok,"(1,0)",42,0.03168328065087415,-0.017973987008055525,-279.928175752146,-272.97749727901254,0.008151111952636738,-0.013073293622578138,0.07951781620997331,NA,NA,-0.9204821837900272,0.46446313377087817
base,NAM,Namibia,Upper middle income,ok,"(1,1)",33,0.7057730012787111,0.6753357255489226,-321.67233693219,-314.1897991248576,0.0016956805643710503,0.03291776050785415,0.8460925242562077,3.462348230520588,0.2438143413811173,-0.15390747574379238,0.2333151460538157
base,NER,Niger,Low income,ok,"(1,0)",42,0.6444478120188724,0.6262143664813786,-299.51329241034375,-292.5626139372103,0.00645592428571624,0.06365436194343976,0.6655894937228235,15.435374023103329,3.770798468642504e-5,-0.3344105062771763,0.44182649977915406
base,NGA,Nigeria,Lower middle income,ok,"(1,0)",42,0.7835543205308524,0.7724545420965371,-425.1853116544412,-418.23463318130774,0.0014461469387520788,0.011711649282252445,0.8136546618468635,5.397900813511599,0.06453128825703648,-0.18634533815313625,0.2168014425771294
base,NLD,Netherlands,High income,ok,"(1,0)",42,0.35464426922900777,0.321549103548444,-329.972727539599,-323.02204906646557,0.004492394609508182,-0.027076093936926768,-0.3437250742336341,NA,NA,-1.3437250742336337,0.7639953983548698
base,NOR,Norway,High income,ok,"(1,0)",65,0.04072793338544848,0.009783673172075846,-374.636049303193,-365.93850022361045,0.013053926409333729,-0.0011533744271805823,-0.20145917358522242,NA,NA,-1.2014591735852218,0.6006690764481737
base,NPL,Nepal,Lower middle income,ok,"(1,0)",42,0.6642943340123978,0.6470786588335464,-348.38622366888944,-341.435545195756,0.003608086559623173,0.0351199311665226,0.7746757444074736,3.3678291479114564,0.258047275964579,-0.22532425559252664,0.1472736710654952
base,NZL,New Zealand,High income,ok,"(1,1)",71,0.1263147034960165,0.08719446633912176,-371.66800705359475,-360.35460766838816,0.016945588052013457,0.036581813724739586,0.00635818853588147,NA,NA,-0.9936418114641187,0.539225508534211
base,OMN,Oman,High income,ok,"(1,1)",42,NA,NA,-Inf,-Inf,0,0,0,NA,NA,NA,NA
base,PAK,Pakistan,Lower middle income,ok,"(1,0)",42,0.1115609491504775,0.06599997218383535,-295.3419691228417,-288.39129064970825,0.006784610012382979,-0.026877449391344784,0.25460744299359106,12.452426411971436,6.459406197784872e-4,-0.7453925570064088,0.38971770880304585
base,PAN,Panama,High income,ok,"(1,0)",42,0.2242257973095574,0.18444250486389357,-327.74130492687004,-320.7906264537366,0.00461333228880309,0.016314835050740568,-0.2094799202389695,NA,NA,-1.2094799202389699,0.698904181003544
base,PHL,Philippines,Lower middle income,ok,"(1,0)",42,0.2947947385657191,0.25863036618447377,-315.7282445885906,-308.77756611545715,0.0053226061338112534,-0.007361204500480175,0.5310747866115615,6.0000540265681925,0.040921031090860246,-0.46892521338843834,0.2352957378175281
base,POL,Poland,High income,ok,"(1,1)",36,0.09387285864641874,0.008923439144520429,-241.14888004591444,-233.2312853536339,0.007842278162311615,0.0075411003228380066,0.1084287361350945,14.799992425385163,1.6726434096533412e-4,-0.8915712638649055,0.48689373433418304
base,PRT,Portugal,High income,ok,"(1,0)",71,0.11078759217968738,0.08463428606732537,-424.7016928364962,-415.6509733283309,0.011742418657820452,-0.002085558254395769,-0.33230619037231623,NA,NA,-1.3323061903723181,0.6662333553204889
base,PRY,Paraguay,Upper middle income,ok,"(1,0)",42,0.10004052515925846,0.05388875721870756,-321.5047991648665,-314.55412069173303,0.004968880440838764,0.002435943950725022,-0.29015385848967407,NA,NA,-1.2901538584896737,0.6507050193200091
base,QAT,Qatar,High income,ok,"(1,0)",32,0.5815558278706214,0.5526976091030782,-366.4524257347719,-360.589482123573,7.314090718628928e-4,0.0012975404560123022,0.7271635856598765,2.4732560613159795,0.43510632706777913,-0.2728364143401227,0.14571488536915558
base,RUS,Russian Federation,Upper middle income,ok,"(1,0)",30,0.12032434262878236,0.05516318282350685,-133.6154087184575,-128.01061919180887,0.024076594635104517,-0.02826572539565713,-0.11665857766758196,NA,NA,-1.1166585776675821,0.581935175712677
base,RWA,Rwanda,Low income,ok,"(1,0)",42,0.7535326871714416,0.7408933377956182,-386.5073760116403,-379.55669753850685,0.0022918385386671175,0.059062835806644454,0.9030756640711581,8.878851469470645,0.0043296379515091596,-0.09692433592884177,0.31286859790722416
base,SAU,Saudi Arabia,High income,ok,"(1,1)",33,NA,NA,-Inf,-Inf,0,0,0,NA,NA,NA,NA
base,SDN,Sudan,Low income,ok,"(1,1)",30,0.6156975931697656,0.571355007766277,-309.9558377497674,-302.9498508414566,0.0012557962979955557,0.00666403617951664,0.7273729075335892,2.852708690010721,0.35206511423221,-0.27262709246641054,0.212396602121743
base,SEN,Senegal,Lower middle income,ok,"(1,0)",42,0.37158642402741154,0.3393600867980481,-273.67650681132255,-266.7258283381891,0.008780900667454229,-0.007771441410007255,0.605659356579171,5.210581155009994,0.074089648444326,-0.39434064342082936,0.21086437110984593
base,SGP,Singapore,High income,ok,"(1,0)",59,0.032940923346447035,-0.00159690081975139,-330.23923947951596,-321.92908970389306,0.014132475690964682,0.024043354361309742,-0.07631052700758363,NA,NA,-1.076310527007584,0.5492622417686581
base,SLE,Sierra Leone,Low income,ok,"(1,0)",42,0.6447450213890832,0.6265268173577541,-379.61075633256274,-372.6600778594293,0.002487944744904091,0.0035531454589630626,0.7881444897240729,2.2710582939613126,0.4833827556318973,-0.211855510275927,0.10431547531114935
base,SLV,El Salvador,Upper middle income,ok,"(1,0)",42,0.07406926965119405,0.026585642453819447,-208.75842305513984,-201.80774458200636,0.01901852139349014,0.0047533867080294424,-0.2730984343384128,NA,NA,-1.2730984343384126,0.630557869561539
base,STP,Sao Tome and Principe,Lower middle income,ok,"(1,0)",42,0.6842676266834524,0.6680762229236294,-350.78779881554897,-343.8371203424155,0.0035063913830295623,0.0013823764045047266,0.8276211427898997,1.8537768598939983,0.5909839455956702,-0.1723788572100998,0.08681259863568702
base,SUR,Suriname,Upper middle income,ok,"(1,0)",32,0.09177182165603266,0.029135395563345434,-234.29850922149484,-228.43556561029592,0.005766830227583896,8.718896926575201e-4,-0.2826006583190292,NA,NA,-1.2826006583190288,0.6501490794598149
base,SVK,Slovakia,High income,ok,"(1,1)",29,0.194537731585352,0.09788225937559425,-166.6979926258873,-159.86151347595495,0.012385291932205684,0.02218787401908095,-0.37665252657846043,NA,NA,-1.3766525265784608,0.7022069716337535
base,SVN,Slovenia,High income,ok,"(1,0)",29,0.05851579323619188,-0.013906068822562512,-210.77538210410077,-205.30619878415487,0.005879237314842343,-0.00820611777002023,-0.12002805494040951,NA,NA,-1.12002805494041,0.5961253938618889
base,SWE,Sweden,High income,ok,"(1,0)",71,0.02897591192733043,4.163799251931666e-4,-481.48388436766953,-472.43316485950425,0.007872165815484725,0.012856404815629803,0.07187363076448783,NA,NA,-0.9281263692355121,0.4754095944660237
base,SWZ,Swaziland,Lower middle income,ok,"(1,0)",42,0.7671246911319509,0.755182367600256,-397.72215583826016,-390.7714773651267,0.002005403058248252,0.023260659229815957,0.8659995933805461,2.8366507562174412,0.35529278412604787,-0.1340004066194537,0.126995348907797
base,SYC,Seychelles,High income,ok,"(1,0)",42,0.5536295998561331,0.5307388101051655,-258.07777094137913,-251.12709246824565,0.01057273186045859,0.0013960707187742056,0.7434947995749817,2.8632182533164143,0.3499524679923017,-0.25650520042501845,0.12803247819180977
base,SYR,Syrian Arab Republic,Low income,ok,"(1,0)",29,0.721196205133867,0.6997497593749337,-392.87946457845146,-387.41028125850556,2.5453968682771067e-4,0.002222331598604967,0.8560399503366032,2.125685454754188,0.5199526323238026,-0.14396004966339693,0.14053481814842714
base,TCD,Chad,Low income,ok,"(1,0)",42,0.6680498859215589,0.6510268031483055,-453.0537429129,-446.10306443976657,0.0010378338424059481,-5.201980881989667e-4,0.8152875864948408,1.9650632740571774,0.5622686149482886,-0.18471241350515943,0.09154705248095708
base,TGO,Togo,Low income,ok,"(1,0)",42,0.250590254216274,0.21215898520172394,-332.4600901483757,-325.50941167524223,0.004361318502889265,-0.0038143276525236486,0.4760817548556798,6.655165787858607,0.02522901438551433,-0.5239182451443203,0.25444938265113104
base,THA,Thailand,Upper middle income,ok,"(1,1)",42,0.20449134009356298,0.14168802483779164,-241.39156751418523,-232.70321942276837,0.01275727527834518,0.007362805890022006,-0.35401920264554554,NA,NA,-1.3540192026455453,0.6972413483753728
base,TTO,Trinidad and Tobago,High income,ok,"(1,0)",42,0.08612508819797209,0.03925970810556034,-320.86035243545894,-313.9096739623255,0.0050071482236452945,0.00104146291417866,-0.28450134210966305,NA,NA,-1.2845013421096634,0.6453041180345304
base,TUN,Tunisia,Lower middle income,ok,"(1,0)",42,0.604343039700153,0.5840529391719558,-416.22196497407873,-409.2712865009453,0.0016089941690869659,0.022471721266532168,0.7276219228944748,4.630291340940892,0.11195431878162934,-0.27237807710552575,0.19188708812167804
base,TUR,Turkey,Upper middle income,ok,"(1,0)",42,0.1973144843690325,0.15615112459308544,-266.50055655874604,-259.5498780856126,0.009564008738647501,-0.012776318192108374,0.48227876396115454,6.459016771038407,0.02918451921905881,-0.5177212360388455,0.24881592504090952
base,TWN,Taiwan,High income,ok,"(1,0)",35,0.0978736016388041,0.041490701741229374,-217.18416421871427,-210.96277197275663,0.010142212741366459,-0.0029400842831067537,-0.3124738412353921,NA,NA,-1.3124738412353922,0.6561484134109967
base,TZA,Tanzania,Lower middle income,ok,"(1,0)",42,0.5674368369986109,0.5452541106908473,-412.8738426233826,-405.92316415024914,0.0016744216858491738,-0.00319562605095299,0.7294430348733071,2.909768990855852,0.34055466648854943,-0.2705569651266931,0.12984377447367548
base,UGA,Uganda,Low income,ok,"(1,0)",31,0.3054147665249299,0.2558015355624248,-206.88504399069555,-201.14909517275495,0.007955156117143185,-0.00869964851955649,0.561946226891777,4.275526870425244,0.14264978288559652,-0.43805377310822313,0.23394821395514506
base,URY,Uruguay,High income,ok,"(1,1)",32,0.16713907108381684,0.07790397155708295,-197.014288673247,-189.68560915924837,0.010185693946954337,0.020991212560015498,-0.20158840482322377,NA,NA,-1.201588404823224,0.5892693344896264
base,USA,United States,High income,ok,"(1,1)",71,0.2814056825128824,0.24922981755077267,-517.8637008293401,-506.55030144413354,0.006052433174305686,0.032212018646739456,0.04724730229909744,NA,NA,-0.952752697700903,0.6353043385465026
base,VCT,Saint Vincent and the Grenadines,Upper middle income,ok,"(1,0)",42,0.7404781715291157,0.7271693598126601,-455.86681319444153,-448.9161347213081,0.0010036534227926067,0.004842538180413056,0.8562485434004525,1.6103491207600251,0.6580392412468629,-0.1437514565995479,0.07628244855393697
base,VEN,Venezuela,Upper middle income,ok,"(1,0)",42,0.16510684037210957,0.12229180654503824,-324.6567299146529,-317.70605144151943,0.004785887897482935,0.004791549929648625,-0.24424566618614413,NA,NA,-1.2442456661861447,0.6759587534608857
base,YEM,Yemen,Low income,ok,"(1,0)",32,0.021060927429615475,-0.04645211205799704,-174.45027895320624,-168.58733534200732,0.014691236705531257,-0.00590014012574181,-0.13411103676770061,NA,NA,-1.1341110367677008,0.5619161421629948
base,ZAF,South Africa,Upper middle income,ok,"(1,0)",44,0.038237247862341756,-0.00867800833949528,-277.3794171276624,-270.24265859198937,0.009788200283114157,-0.021881266001892424,0.06231316457407688,NA,NA,-0.9376868354259229,0.46706679374188936
base,ZMB,Zambia,Lower middle income,ok,"(1,0)",42,0.21657158453492067,0.17639576835722426,-262.71659252950667,-255.7659140563732,0.010004691711544313,0.0012525405010124831,0.4739368086132155,7.194545502493805,0.016608541354479818,-0.5260631913867849,0.26951369154502713
ctrl,ALB,Albania,Upper middle income,insufficient_obs,NA,29,NA,NA,NA,NA,NA,NA,NA,NA,NA,NA,NA
ctrl,ARE,United Arab Emirates,High income,ok,"(1,1,0,0,0)",42,0.5777137258924101,0.5053217931882519,-331.4121154687893,-317.51075852252234,0.004238116745127536,-0.015537058828319412,0.6666778809340089,3.116242148626527,0.16973097708240162,-0.33332211906599096,0.3941120934418881
ctrl,ARG,Argentina,Upper middle income,ok,"(1,0,0,0,0)",42,0.21759547236908178,0.10892817686478773,-228.3961491344138,-216.23246180643022,0.014588355523641381,0.013113249135291001,-0.2256114230092118,NA,NA,-1.2256114230092117,0.6644595495709342
ctrl,ATG,Antigua and Barbuda,High income,ok,"(1,1,0,0,0)",32,0.7788122056573126,0.7257271350150676,-342.5020299155478,-330.77614269314995,0.0010107095079162278,0.02618305043631369,0.8749321336564939,1.9770116595630818,0.545886423987647,-0.12506786634350595,0.3865215089377523
ctrl,AUS,Australia,High income,ok,"(1,0,0,0,0)",71,0.1495731991203396,0.08415575289882737,-442.75675718945206,-426.91799805016285,0.010138764714703263,0.008233969743301551,-0.32058080695554336,NA,NA,-1.3205808069555436,0.6732371319055435
ctrl,AUT,Austria,High income,ok,"(1,0,0,1,1)",42,0.38992534351129693,0.2643217377636228,-320.79713516974994,-305.15810860519963,0.004764402160061056,0.004484061045264444,-0.5089081984676609,NA,NA,-1.5089081984676604,0.8011531493400592
ctrl,AZE,Azerbaijan,Upper middle income,insufficient_obs,NA,29,NA,NA,NA,NA,NA,NA,NA,NA,NA,NA,NA
ctrl,BDI,Burundi,Low income,ok,"(1,0,0,1,1)",42,0.6956700501999878,0.6330138840646913,-344.63418158686727,-328.99515502231696,0.003587292365833523,-0.0023821215435252357,0.6081178549922973,3.5153232691860765,0.10285903318072956,-0.3918821450077023,0.3724222415862556
ctrl,BEL,Belgium,High income,ok,"(1,0,1,0,1)",42,0.28754166075588666,0.1408590614997458,-315.3785031424838,-299.7394765779335,0.005081871445503668,-0.05695082822266232,0.1867648405070681,9.71769254725008,2.443090048911773e-4,-0.8132351594929315,0.6053012650931593
ctrl,BEN,Benin,Lower middle income,ok,"(1,1,0,0,0)",42,0.5786555409223784,0.5064250622233575,-308.6973908586144,-294.79603391234747,0.005554077789983253,-0.03704334406459921,0.7224487501451828,1.759420066395105,0.6385439553649886,-0.27755124985481694,0.20373450985199243
ctrl,BFA,Burkina Faso,Low income,ok,"(1,0,0,0,0)",42,0.40150379477813364,0.3183793218306523,-270.4687694966173,-258.30508216863376,0.008840638614444559,0.01116520310073769,0.6373434623125985,1.764890875751848,0.6361673389831914,-0.36265653768740125,0.1968669669505412
ctrl,BGD,Bangladesh,Lower middle income,ok,"(1,0,0,0,0)",42,0.41962681390874307,0.3390194269516241,-316.9643814944802,-304.80069416649667,0.005082686320353944,-0.016733004184753573,0.487254911649059,2.7745680136699677,0.2514580174705404,-0.5127450883509412,0.2781642282520375
ctrl,BGR,Bulgaria,Upper middle income,ok,"(1,1,0,0,0)",41,0.2527815786827551,0.12091950433265297,-204.17155346491924,-190.46297693128477,0.01812701871879492,0.013597075473600216,0.27762784100725746,4.756460521817604,0.01584561739133898,-0.7223721589927425,0.41683071673916655
ctrl,BHR,Bahrain,High income,ok,"(1,1,0,0,1)",42,0.6281865109733403,0.5516366749972634,-292.3322361191978,-276.69320955464747,0.006686161283253649,0.03336336163250647,0.5672633376604314,5.756488833774862,0.0030657411573539444,-0.4327366623395687,0.4896923331073406
ctrl,BHS,Bahamas,High income,ok,"(1,1,0,1,0)",42,0.39111988657612246,0.26576221616532425,-327.91538961764866,-312.27636305309835,0.004377294940124547,-0.019144711100774994,-0.16398117965938022,NA,NA,-1.1639811796593802,0.7636796173600372
ctrl,BLR,Belarus,Upper middle income,insufficient_obs,NA,29,NA,NA,NA,NA,NA,NA,NA,NA,NA,NA,NA
ctrl,BLZ,Belize,Upper middle income,ok,"(1,1,0,0,1)",42,0.2600014898139648,0.1076488553638989,-319.72426474457853,-304.0852381800282,0.004825644646535355,0.011723046331887912,-0.18915974204245523,NA,NA,-1.1891597420424556,0.7127895504801548
ctrl,BOL,Bolivia,Lower middle income,ok,"(1,0,0,0,0)",42,0.19591478750902763,0.08423628577417042,-320.23586753938656,-308.072180211403,0.004888539864118073,-5.090089545026031e-5,-0.23550168526039078,NA,NA,-1.235501685260391,0.6879160266501972
ctrl,BRA,Brazil,Upper middle income,ok,"(1,0,0,0,0)",42,0.010546280774069806,-0.1268778468961982,-277.2456178745516,-265.08193054656806,0.008155416837300838,7.875650645484413e-4,-0.0496412425276899,8.065233955273246,6.242324315564601e-4,-1.04964124252769,0.5283400162031044
ctrl,BRB,Barbados,High income,ok,"(1,0,0,1,1)",42,0.7712666517446336,0.7241744918097053,-451.17073739326804,-435.53171082871773,0.001009146951260176,0.005545612519232489,0.8070792783831124,1.5332820493265327,0.7353649373463622,-0.19292072161688803,0.18586806501245615
ctrl,BTN,Bhutan,Lower middle income,ok,"(1,0,0,0,0)",40,0.48743897858886454,0.4120623577931094,-335.363555795777,-323.54139961697945,0.003330198004645531,-0.003573406345774783,0.6882559926314915,1.6550180760657582,0.6842191693372097,-0.3117440073685088,0.19574388383044833
ctrl,BWA,Botswana,Upper middle income,ok,"(1,0,0,0,1)",42,0.7808471251980669,0.7432780609463069,-367.2118884425283,-353.3105314962613,0.0027674636009483115,-0.008823821401497544,0.8229320469169625,1.2914092764597904,0.8281169612489508,-0.17706795308303763,0.156248292760203
ctrl,CAF,Central African Republic,Low income,ok,"(1,0,0,0,0)",42,0.8160381960988293,0.7904879455570001,-378.61174258908716,-366.4480552611036,0.0024398651445589003,0.026187464820524853,0.8851900317531639,1.5412241993180922,0.7320841721398771,-0.1148099682468359,0.176316745134889
ctrl,CAN,Canada,High income,ok,"(1,0,0,0,1)",71,0.21348709821403858,0.13975151367160465,-527.7595505399875,-509.65811152365694,0.005536832205645187,0.0393288865493201,0.14288905348444114,NA,NA,-0.8571109465155592,0.5436935221978154
ctrl,CHE,Switzerland,High income,ok,"(1,0,0,0,1)",43,0.3575285971436343,0.2504500300009066,-293.33124996562356,-279.24164904007506,0.00724841145204651,-0.0023507867028907435,0.07587181603060979,NA,NA,-0.9241281839693902,0.613885459268859
ctrl,CHL,Chile,High income,ok,"(1,1,0,0,0)",44,0.44120516133811866,0.3505897820956515,-302.63588893510587,-288.3623718637598,0.007061025049773055,0.015556638045958424,0.29727044509403444,6.837883301326599,9.064175758204705e-4,-0.7027295549059651,0.48654716034982665
ctrl,CIV,Cote d'Ivoire,Lower middle income,ok,"(1,0,1,0,0)",37,0.3877811179067215,0.26533734148806576,-227.45738617934464,-214.57004287819083,0.010011278757492002,-0.013240059054670641,-0.4239656858827366,NA,NA,-1.423965685882736,0.8506261953441386
ctrl,COG,Congo,Lower middle income,ok,"(1,0,0,0,0)",42,0.6563442525520088,0.6086142876286766,-508.9309699335363,-496.76728260555274,5.171219232222927e-4,-0.0017513091164263503,0.7679905805125756,1.0867427341271367,0.89202698800953,-0.232009419487424,0.13114232805268883
ctrl,COL,Colombia,Upper middle income,ok,"(1,0,0,1,0)",42,0.2864660619165444,0.16414595824509493,-250.42554794782325,-236.5241910015563,0.011114436073592748,0.004287876213318036,-0.49639219348671304,NA,NA,-1.4963921934867135,0.7176642322008037
ctrl,COM,Comoros,Lower middle income,ok,"(1,1,0,0,0)",38,0.8149948633962019,0.7791874176019183,-313.6336773985417,-300.5329881207306,0.0035019886556614407,0.05182902459224231,0.7942579064583458,2.887008141682384,0.22098701397458156,-0.20574209354165465,0.31840212830179543
ctrl,CPV,Cabo Verde,Lower middle income,ok,"(1,1,0,0,0)",41,0.7962246675992689,0.7602643148226693,-384.78082393853254,-371.07224740489806,0.0020034115315742773,0.009791915017401854,0.8709890801996025,0.6458084097079516,0.9747846382933201,-0.12901091980039772,0.11248462535951069
ctrl,CRI,Costa Rica,Upper middle income,ok,"(1,0,0,0,1)",42,0.18594132124994817,0.046388404892796276,-229.48516164839663,-215.58380470212967,0.014261093906764642,0.025504824333218545,-0.23903349823228112,NA,NA,-1.2390334982322815,0.6500603090883637
ctrl,CYP,Cyprus,High income,ok,"(1,0,0,1,0)",42,0.29805687211170645,0.1777237644737133,-203.57268399537173,-189.67132704910478,0.019414437696087406,0.03508901253385661,-0.26891585154744996,NA,NA,-1.26891585154745,0.7259797412489398
ctrl,CZE,Czech Republic,High income,ok,"(1,0,1,0,1)",29,0.40089323549025185,0.20119098065366925,-194.58642022999726,-182.280757760119,0.00727846751956727,0.006095800075352638,-0.4189423451878972,NA,NA,-1.4189423451878969,0.8053623361454643
ctrl,DEU,Germany,High income,ok,"(1,0,0,0,0)",42,0.14084857443909707,0.02152198755563839,-295.6929661286844,-283.52927880070087,0.006547419878404582,-0.006267847854541704,0.32072371518711723,4.224016329468855,0.0368055900949981,-0.6792762848128827,0.3697488000409085
ctrl,DMA,Dominica,Upper middle income,ok,"(1,0,0,1,1)",32,0.8054727875737691,0.7487356839494517,-344.6121107451366,-331.4204876199391,9.673872015798646e-4,-0.0020090854491421274,0.7060627522870561,2.3458159926256905,0.3956130945011384,-0.29393724771294377,0.46046633764565664
ctrl,DNK,Denmark,High income,ok,"(1,0,0,0,1)",52,0.2881363618893683,0.19322121014128413,-369.5361418800665,-353.92619213141506,0.00638549538916306,0.004592731866279133,0.16457776116937917,NA,NA,-0.835422238830621,0.6358610861016115
ctrl,DZA,Algeria,Lower middle income,ok,"(1,0,0,0,0)",42,0.40556269381917376,0.32300195684961464,-296.8538906179138,-284.69020328993025,0.006457553498853127,-0.008540749751484713,0.32812519043021016,6.529113634802288,9.774080565053006e-4,-0.6718748095697901,0.47556701827068204
ctrl,ECU,Ecuador,Upper middle income,ok,"(1,0,0,0,0)",32,0.30876516652289326,0.17583539085421884,-155.2202070507647,-144.96005573116662,0.019078664961453842,0.0345510254726318,-0.4216254714483594,NA,NA,-1.4216254714483596,0.7546022219486065
ctrl,EGY,Egypt,Lower middle income,ok,"(1,0,0,0,0)",42,0.34097430070176393,0.24944295357700896,-328.82426864848696,-316.6605813205034,0.004413423941832605,-0.01731477898737583,0.5497786390950268,2.666563948073127,0.28287250711399753,-0.45022136090497344,0.2702626732170411
ctrl,ESP,Spain,High income,ok,"(1,0,0,0,0)",42,0.0607351618178582,-0.0697182879296614,-309.0276526166561,-296.86396528867255,0.0055863425725834704,0.016735713597392055,0.08786463993844758,7.973770282686826,6.452612138044037e-4,-0.9121353600615525,0.5254969683958408
ctrl,ETH,Ethiopia,Low income,ok,"(1,0,0,0,0)",42,0.534374690210643,0.4697045082954545,-270.6398573118737,-258.47616998389014,0.00882265068271005,0.01574968822958461,0.6916275402512917,1.570751836735784,0.7201262324478853,-0.30837245974870825,0.179089759461302
ctrl,FIN,Finland,High income,ok,"(1,0,0,1,1)",71,0.2708777655728939,0.18986418396988203,-482.9642588681958,-462.600139974824,0.007543392429183298,0.00391664928781249,0.14822140773574977,NA,NA,-0.8517785922642499,0.531195498293687
ctrl,FJI,Fiji,Upper middle income,ok,"(1,0,1,0,0)",32,0.7951905115795984,0.746036234358702,-317.0802181247306,-305.3543309023328,0.0015036092379008277,0.014053393921256513,0.9108323155860387,0.6618201192442474,0.9731320270849096,-0.08916768441396092,0.2033647997742388
ctrl,FRA,France,High income,ok,"(1,0,0,0,0)",71,0.11995778192968659,0.05226222669350877,-484.3003119185684,-468.4615527792792,0.007567069884979048,-0.007208743786932455,-0.11542222884396221,NA,NA,-1.115422228843963,0.5810053591710113
ctrl,GAB,Gabon,Upper middle income,ok,"(1,0,0,0,0)",42,0.7864607726357219,0.7568025466129055,-425.1639867386044,-413.00029941062087,0.0014017891519854514,0.00697970692808527,0.8865946095021819,0.6289565297290693,0.9765239657319522,-0.11340539049781777,0.08033721062835374
ctrl,GBR,United Kingdom,High income,ok,"(1,0,0,0,1)",60,0.2400390911666791,0.1540057807327183,-400.0818953280593,-383.32713883028254,0.008032484982217085,0.002702963156047999,-0.2990152893718853,NA,NA,-1.2990152893718847,0.6928796716551423
ctrl,GHA,Ghana,Lower middle income,ok,"(1,1,0,0,0)",42,0.48684826979130214,0.3988794017555253,-363.7385379420314,-349.83718099576447,0.002884295407355818,0.011021079898785636,0.7104110023823028,2.535530785095267,0.3251398609080751,-0.28958899761769685,0.2659071200804616
ctrl,GIN,Guinea,Lower middle income,ok,"(1,2,0,0,0)",31,0.7246705699951145,0.6408746565153667,-231.19614534682137,-218.29026050645504,0.005046881729044625,0.009873704760403298,0.6878644631576308,2.107183678156508,0.49002978507599654,-0.3121355368423689,0.3215270831895966
ctrl,GMB,Gambia,Low income,ok,"(1,0,0,0,0)",42,0.5797271913055909,0.521355967875812,-344.2672479123671,-332.10356058438356,0.003672254582202144,0.0025493622259929577,0.7153963936691013,1.4267768549468995,0.7777528299920318,-0.28460360633089865,0.16538933125744806
ctrl,GNB,Guinea-Bissau,Low income,ok,"(1,2,2,0,2)",35,0.854932055437947,0.7855517341256608,-233.6766536322433,-213.45712883288093,0.007308786014606553,-0.2565385632413485,1.1413925957923416,5.506414123675896,0.00482733745712834,0.1413925957923422,0.7229900752670415
ctrl,GNQ,Equatorial Guinea,Upper middle income,ok,"(1,1,1,1,1)",42,NA,NA,-Inf,-Inf,0,0,0,NA,NA,NA,NA
ctrl,GRC,Greece,High income,ok,"(1,0,0,0,0)",55,0.08808214897278523,-0.004970692968767176,-344.56961039155055,-330.51827809492323,0.009843875237711155,0.012907600122597989,0.22800500287385472,6.450359693188988,9.955146931898112e-4,-0.771994997126145,0.39693642571447363
ctrl,GRD,Grenada,Upper middle income,ok,"(1,1,2,1,1)",41,0.8555630179491206,0.8074173572654941,-452.733121673318,-432.17025687286633,8.446656007622169e-4,0.013264080365639534,0.8870674751495459,3.1081777274777047,0.17137112339786775,-0.1129325248504541,0.49661807823775417
ctrl,GTM,Guatemala,Upper middle income,ok,"(1,0,0,0,0)",42,0.16181610138747357,0.04540167102462278,-318.4915119231651,-306.32782459518154,0.004991117341805918,-9.728793216623526e-4,-0.2364507635481077,NA,NA,-1.2364507635481072,0.6746815419394839
ctrl,GUY,Guyana,High income,ok,"(1,0,0,0,0)",42,0.33285644967463973,0.24019762324056204,-328.07726790098513,-315.9135805730016,0.004452846961742577,-0.0042304607362665895,-0.26323489266986094,NA,NA,-1.263234892669861,0.7410662368292587
ctrl,HND,Honduras,Lower middle income,ok,"(1,0,0,1,0)",42,0.31976139230038775,0.20314905955188267,-325.26085553532454,-311.3594985890576,0.004560117047968694,6.345632851898865e-4,-0.2243494040351883,NA,NA,-1.224349404035188,0.7359837437388314
ctrl,HTI,Haiti,Lower middle income,ok,"(1,0,0,1,1)",42,0.3621205422348028,0.2307924185772623,-325.9612162392977,-310.3221896747474,0.004480321955043981,-9.725944589509051e-4,-0.34961319539493224,NA,NA,-1.349613195394932,0.7524243045325055
ctrl,HUN,Hungary,High income,ok,"(1,0,1,1,0)",33,0.32683538804310375,0.13834929669517282,-215.64422199258286,-202.17565393938455,0.008065281738879163,-0.004124518695755279,0.20630604020654905,6.317678931203423,0.0012626322581247987,-0.7936939597934511,0.5977778542755839
ctrl,IDN,Indonesia,Upper middle income,ok,"(2,2,2,2,2)",41,0.7001483556778838,0.5386897779659751,-231.2256643479002,-203.80851128063125,0.01226175946318046,-0.02351196405707065,-0.7754065979894231,NA,NA,-1.7754065979894234,0.840201735634322
ctrl,IND,India,Lower middle income,ok,"(1,0,0,0,1)",71,0.17263460395995328,0.09506909808119901,-433.0120931100963,-414.9106540937658,0.010790414016090457,-0.009237733861499436,-0.028463622129658122,NA,NA,-1.0284636221296575,0.5555828810695971
ctrl,IRL,Ireland,High income,ok,"(1,0,0,0,0)",47,0.3266525984223735,0.24453706164461408,-295.0581606799179,-282.10712746794746,0.00967216081552631,-0.030006292309626308,-0.28710372837080267,NA,NA,-1.287103728370803,0.6862665589806439
ctrl,IRN,Iran,Lower middle income,ok,"(1,0,0,0,0)",42,0.22841134947848182,0.12124625912827103,-223.14422218955792,-210.98053486157434,0.015529579861316175,-0.002779076207735803,-0.488097194473853,NA,NA,-1.4880971944738537,0.7287588864482978
ctrl,ISL,Iceland,High income,ok,"(1,0,0,0,0)",42,0.241051074532213,0.13564150155057597,-245.05767857778847,-232.89399124980488,0.01196364062902446,-0.033312032943780226,0.02179682434969784,NA,NA,-0.978203175650302,0.6536808404302259
ctrl,ISR,Israel,High income,ok,"(1,0,0,0,0)",39,0.5836757323077693,0.5205962978089465,-363.4873235855794,-351.8423920626719,0.002080821393536295,-0.0010221357956070717,0.7686853782298931,1.0248369674287514,0.9082347179093275,-0.23131462177010728,0.13440772200200204
ctrl,ITA,Italy,High income,ok,"(1,0,1,1,1)",48,0.3531569263929146,0.22047116770428177,-384.3683029225038,-365.6562928134249,0.003976756773448311,0.0012482064641960273,0.4315197954075133,4.2714314321587015,0.034351605230674875,-0.5684802045924869,0.4934550074149858
ctrl,JAM,Jamaica,Upper middle income,ok,"(1,0,0,0,0)",42,0.15731151711091065,0.040271450042981605,-318.266399065555,-306.10271173757144,0.005004511050879644,0.0027412818069605374,-0.3077712686818734,NA,NA,-1.3077712686818734,0.6729332091291295
ctrl,JOR,Jordan,Lower middle income,ok,"(1,0,2,2,0)",41,0.6758012540523008,0.5816790374868398,-297.3901391067508,-278.5408463730034,0.005661039204874587,0.015151965651884767,0.49465200334692666,8.836057603273082,4.4700925445258455e-4,-0.505347996653073,0.6735105192275272
ctrl,JPN,Japan,High income,ok,"(1,1,0,0,1)",67,0.2363692556615086,0.14576899785863673,-462.39169275507953,-442.54945918056086,0.007151926071218601,0.005768818150484615,0.2883496040869794,7.850285945293416,6.736519963812139e-4,-0.71165039591302,0.49608176410174143
ctrl,KAZ,Kazakhstan,Upper middle income,ok,"(1,0,0,0,0)",29,0.20970646176040478,0.03790351866484054,-161.74330228950595,-152.17223147960064,0.013126861365945437,-0.007326528270099882,-0.05413323711885057,6.1653412268139265,0.0016161538622540988,-1.054133237118851,0.5727028151655349
ctrl,KEN,Kenya,Lower middle income,ok,"(1,0,0,0,2)",41,0.5009894491537562,0.3951387262469772,-220.33939919747604,-204.91725059713727,0.014743037823732279,-0.10894194107396635,0.2355880694992007,10.524280324206025,5.886315250171439e-5,-0.7644119305007991,0.6742689601738001
ctrl,KGZ,Kyrgyzstan,Lower middle income,insufficient_obs,NA,29,NA,NA,NA,NA,NA,NA,NA,NA,NA,NA,NA
ctrl,KNA,Saint Kitts and Nevis,High income,ok,"(1,0,0,0,1)",38,0.7431552817608664,0.6934434008113567,-403.79693227919785,-390.69624300138673,0.0010692659420956075,0.003654041357383318,0.8922887316024215,1.091050620109868,0.890879684118339,-0.10771126839757832,0.16604189876011508
ctrl,KWT,Kuwait,High income,ok,"(1,0,0,0,0)",31,0.057618121035730524,-0.13085825475712332,-160.39887633479375,-150.36096590339773,0.01617533147807392,-0.0020533085701712663,-0.19088751270155585,5.802084674334308,0.0028476789907653666,-1.1908875127015552,0.5371263834026434
ctrl,LAO,Lao PDR,Lower middle income,ok,"(1,0,0,1,0)",42,0.42929520689010153,0.3314600994998331,-388.0017611596253,-374.10040421335833,0.0021607010915753923,-0.004316257923959671,0.6705823933091696,3.688988434022101,0.08120128295254951,-0.32941760669083053,0.34884027157993996
ctrl,LBN,Lebanon,Lower middle income,ok,"(1,0,0,0,0)",32,0.056520254328278265,-0.12491815830089892,-197.27831777002365,-187.01816645042555,0.009888897992743098,-0.003467431185662683,0.04733578556286385,4.741445139209036,0.01629297876226545,-0.9526642144371358,0.47693721313300724
ctrl,LCA,Saint Lucia,Upper middle income,ok,"(1,1,0,0,0)",41,0.8166912516985643,0.7843426490571345,-450.96164996145905,-437.2530734278246,8.93837085855669e-4,0.012486988114118244,0.8860374761629368,0.9430964066157312,0.9271655551533958,-0.11396252383706312,0.36114484887738835
ctrl,LKA,Sri Lanka,Lower middle income,ok,"(1,0,0,1,0)",42,0.5032065750118172,0.4180419878709858,-341.63981594720525,-327.7384590009383,0.003752268789835934,0.007947274676282218,0.6724594812629793,3.021133471262099,0.19028015895569658,-0.3275405187370215,0.36339494949980694
ctrl,LSO,Lesotho,Lower middle income,ok,"(1,0,0,0,0)",42,0.7368736059607457,0.7003282734552937,-367.1294889112474,-354.96580158326384,0.0027972485275654917,-0.0024758290984130548,0.8359018806171049,1.1194036264946146,0.8829019580573497,-0.16409811938289454,0.13455334982542203
ctrl,LUX,Luxembourg,High income,ok,"(1,1,0,0,0)",42,0.12080450170493348,-0.029914726574220785,-214.90558566545775,-201.0042287191908,0.016964136607150293,-0.022834849476835586,-0.1169225037670421,NA,NA,-1.1169225037670423,0.6148915279571215
ctrl,MAR,Morocco,Lower middle income,ok,"(1,1,1,1,1)",42,NA,NA,-Inf,-Inf,0,0,0,NA,NA,NA,NA
ctrl,MDG,Madagascar,Low income,ok,"(1,0,0,0,0)",42,0.30010606848472454,0.2028985779964919,-248.683626292976,-236.5199389649924,0.01145820489845573,-0.014952170405125356,0.5441320248766719,2.9785472302965523,0.19993590454528276,-0.45586797512332805,0.29262989726381355
ctrl,MDV,Maldives,Upper middle income,ok,"(1,0,1,0,1)",42,0.8200738179165867,0.7830301921935311,-358.20933505339354,-342.57030848884324,0.003051974421384948,0.005811667238068948,0.885321044063921,2.3853586560119746,0.3801960659021884,-0.11467895593607978,0.3384830439512221
ctrl,MEX,Mexico,Upper middle income,ok,"(1,0,0,0,0)",40,0.16627591228972202,0.04366942880291658,-236.57916022862793,-224.75700404983039,0.01144824802835032,0.005814556979519041,0.3517043476234751,4.196564902187255,0.038413864424352226,-0.6482956523765248,0.38162507469514806
ctrl,MKD,North Macedonia,Upper middle income,insufficient_obs,NA,29,NA,NA,NA,NA,NA,NA,NA,NA,NA,NA,NA
ctrl,MLI,Mali,Low income,ok,"(1,1,0,0,0)",42,0.6475955410771781,0.5871833481189801,-313.4755091746175,-299.57415222835056,0.00524696615326449,0.020327625776399624,0.67594885277578165,2.8113199426197353,0.24150874081501983,-0.32405114722421857,0.33884116682268867
ctrl,MLT,Malta,High income,ok,"(1,0,0,1,0)",42,0.3910631797221022,0.28667401053160546,-306.29536758083105,-292.3940106345641,0.0057151921007814474,-0.006540960485011706,-0.4621543034417792,NA,NA,-1.462154303441779,0.7875530130437055
ctrl,MUS,Mauritius,Upper middle income,ok,"(1,0,0,0,1)",47,0.7824970063060599,0.749871557251969,-442.76995985666935,-427.9687790429889,0.0019915621518990846,-0.02154706265540183,0.7342910109906058,5.862932736466496,0.00258698039037917,-0.26570898900939405,0.4487606206518017
ctrl,MWI,Malawi,Low income,ok,"(1,1,0,0,0)",29,0.2796425081959601,0.08318137406758563,-143.84557570496776,-132.90720906507596,0.017654403322307347,-0.09830648144508289,0.22824729074405026,3.553341358045972,0.09773181555457472,-0.7717527092559504,0.47243651704363054
ctrl,MYS,Malaysia,Upper middle income,ok,"(1,0,0,0,0)",42,0.05951046182657304,-0.07111308514195835,-275.152841075652,-262.98915374766847,0.008361153186896897,-0.016343417467886416,0.08189005028687037,6.64224670465183,9.513971756426329e-4,-0.9181099497131295,0.47985322371256656
ctrl,NAM,Namibia,Upper middle income,ok,"(1,0,0,0,0)",33,0.7105749102759457,0.6569776714381579,-318.2153541700461,-307.7398012397808,0.0017429622726455839,-0.0020157228094936463,0.6965662787832951,1.7601681466079626,0.6382189760844394,-0.3034337212167051,0.24582776696966546
ctrl,NER,Niger,Low income,ok,"(1,0,0,0,0)",42,0.651621767162992,0.6032359014911854,-294.3693899428229,-282.20570261483937,0.006651403730632354,0.06690368663718327,0.6759664473725863,5.964841234893691,0.0021503616719438434,-0.32403355262741373,0.4530887329718609
ctrl,NGA,Nigeria,Lower middle income,ok,"(1,0,0,0,0)",42,0.8282568207543324,0.8044036014146563,-428.9015662769335,-416.73787894894997,0.0013407838316214326,0.006176120109975566,0.7378245022389027,4.385907066634532,0.02895455760439034,-0.2621754977610972,0.3785553467164614
ctrl,NLD,Netherlands,High income,ok,"(1,1,0,0,1)",42,0.5368883839331815,0.44154187474295414,-333.9097382728771,-318.2707117083268,0.004075810597347346,-0.042296902100773456,-0.47951940682357497,NA,NA,-1.4795194068235744,0.8306415093943493
ctrl,NOR,Norway,High income,ok,"(1,0,0,0,0)",65,0.3990238977852672,0.3480937196314762,-399.03132086675896,-383.8106099774895,0.01059177389404025,0.013414659434073325,-0.20683600431515878,NA,NA,-1.2068360043151583,0.7498224432022197
ctrl,NPL,Nepal,Lower middle income,ok,"(1,1,0,1,0)",42,0.7256739607562558,0.6691950703237202,-346.866756935763,-331.2277303712127,0.003493204201521255,0.06675614266113157,0.6784383484993435,2.600217019728691,0.3040248053818454,-0.32156165150065663,0.3031841280149864
ctrl,NZL,New Zealand,High income,ok,"(1,1,0,0,0)",71,0.16911606799676565,0.09122069937146238,-369.2343459813632,-351.1329069650327,0.016908174668447074,0.041108190883104974,-0.007140347956495579,NA,NA,-1.0071403479564955,0.5617985986855394
ctrl,OMN,Oman,High income,ok,"(1,1,1,1,1)",42,NA,NA,-Inf,-Inf,0,0,0,NA,NA,NA,NA
ctrl,PAK,Pakistan,Lower middle income,ok,"(1,0,1,0,0)",42,0.18140708036648256,0.04107686557216528,-290.78089269941347,-276.8795357531465,0.006874535238931744,-0.015116954641606228,0.2502476483407672,5.281193296620701,0.0071440018932314355,-0.7497523516592327,0.43769607822409734
ctrl,PAN,Panama,High income,ok,"(1,0,0,0,0)",42,0.5082503604607698,0.4399517994136545,-340.88875958920084,-328.7250722612173,0.003822963472904651,0.0031685978089894605,-0.2647704343379149,NA,NA,-1.2647704343379147,0.8091406495024193
ctrl,PHL,Philippines,Lower middle income,ok,"(1,0,1,0,1)",42,0.5043655468232626,0.40232315940452257,-320.53955491870386,-304.90052835415355,0.00477903429596571,0.04077987854109965,0.534209074897017,5.815673671181059,0.00278945803294909,-0.46579092510298303,0.4625482826689735
ctrl,POL,Poland,High income,ok,"(1,1,0,0,0)",36,0.2668608685004531,0.11517691025916754,-242.77526886604272,-230.10711735839385,0.0074099770603907105,0.003551442904755969,0.2536003836180582,7.999436710570686,6.393601417416974e-4,-0.7463996163819424,0.5848504422731736
ctrl,PRT,Portugal,High income,ok,"(1,0,0,0,0)",71,0.13801195449679537,0.07170518176577967,-420.9094189267034,-405.0706597874142,0.011825055910677824,-0.0024521842201940818,-0.3154658048508606,NA,NA,-1.31546580485086,0.6764520432112641
ctrl,PRY,Paraguay,Upper middle income,ok,"(1,0,0,0,0)",42,0.14930535624633073,0.03115332239165447,-317.86925177321115,-305.7055644452276,0.005028228120967002,0.0012981498568128346,-0.34819526545574697,NA,NA,-1.3481952654557472,0.6698258338720278
ctrl,QAT,Qatar,High income,ok,"(1,0,0,1,0)",32,0.6695594988916074,0.5902537786255931,-366.00816541220286,-354.282278189805,7.000309015634591e-4,0.003360041556048596,0.7675835940847061,2.409865756505727,0.37031795673625717,-0.23241640591529283,0.3253809703417841
ctrl,RUS,Russian Federation,Upper middle income,ok,"(2,2,2,2,2)",29,0.6620511674842093,0.32410233496841867,-137.32784669497042,-115.45111341518682,0.018793110939478982,0.03731039561425836,0.11617880777676298,2.56863343089821,0.31428397668199193,-0.8838211922232366,0.8605382430264621
ctrl,RWA,Rwanda,Low income,ok,"(1,0,0,0,0)",42,0.7648393001351446,0.7321780918205814,-382.4797073466118,-370.31602001862825,0.002330063614720376,0.058377579843464714,0.9059746250081431,3.7821478480729063,0.07081377902744791,-0.09402537499185679,0.3443905418498421
ctrl,SAU,Saudi Arabia,High income,ok,"(1,1,1,1,1)",33,NA,NA,-Inf,-Inf,0,0,0,NA,NA,NA,NA
ctrl,SDN,Sudan,Low income,ok,"(1,1,0,0,0)",30,0.6622161302794429,0.5740985990479932,-307.8265429953787,-296.61696394208144,0.0012517709125273893,0.007622717846060185,0.671493969894812,1.7819317599087623,0.6287468067278698,-0.3285060301051879,0.30773339221395957
ctrl,SEN,Senegal,Lower middle income,ok,"(2,2,2,2,2)",41,0.7761600807345562,0.6556308934377788,-284.41924814645927,-257.0020950791903,0.006409512347846766,-0.022159078967856325,0.3653709971271942,5.569407453447508,0.0043418279055298485,-0.6346290028728048,0.7196940985447858
ctrl,SGP,Singapore,High income,ok,"(1,0,0,0,1)",59,0.21048057005271156,0.11938217428956288,-334.20651288472754,-317.5862133334818,0.013251513924151333,-2.323587575756698e-4,0.06559583367466323,NA,NA,-0.9344041663253368,0.6320119147570794
ctrl,SLE,Sierra Leone,Low income,ok,"(1,0,0,0,0)",42,0.655417341226307,0.6075586386188496,-374.89183114327983,-362.7281438152963,0.0025503419015543796,0.00445855539954233,0.7862017707822772,1.0875122050538648,0.8918220575652396,-0.21379822921772265,0.13122299891041878
ctrl,SLV,El Salvador,Upper middle income,ok,"(1,0,0,2,0)",41,0.4922634680817127,0.384561779492985,-217.25087350567168,-201.8287249053329,0.015308923701877098,0.009110952702165517,-0.37831432346031163,NA,NA,-1.3783143234603121,0.7974493934698136
ctrl,STP,Sao Tome and Principe,Lower middle income,ok,"(1,0,0,1,1)",42,0.7748484562901067,0.7284937267027758,-354.98889055019464,-339.34986398564433,0.0031712548379306043,-4.774834564426913e-4,0.7039385182149195,3.415266161879411,0.11791871933343735,-0.29606148178508007,0.3487979995403746
ctrl,SUR,Suriname,Upper middle income,ok,"(1,1,0,0,0)",32,0.3277207732798508,0.166373758867015,-235.92480920850437,-224.19892198610657,0.005343717868969027,8.792842907849465e-4,-0.2343233563151298,NA,NA,-1.2343233563151297,0.7410369861492965
ctrl,SVK,Slovakia,High income,ok,"(1,1,0,0,0)",29,0.308855021928121,0.12036093699942674,-165.13692832492336,-154.19856168503156,0.012230012181473942,0.016728667954791984,-0.4020413209849758,NA,NA,-1.402041320984976,0.7444720080243489
ctrl,SVN,Slovenia,High income,ok,"(1,1,0,0,0)",29,0.5939618372045536,0.4832241564421592,-227.164684318666,-216.2263176787742,0.004197331124975091,-0.00926787074592412,-0.3121567381013808,NA,NA,-1.3121567381013806,0.8258191673339527
ctrl,SWE,Sweden,High income,ok,"(1,0,1,1,1)",71,0.45968707415622656,0.389969277273159,-511.10428398081285,-488.4774852103997,0.006149793338920085,0.017793953432835973,-0.057957205779210805,NA,NA,-1.057957205779211,0.7080989232242175
ctrl,SWZ,Swaziland,Lower middle income,ok,"(1,0,0,0,1)",42,0.7810763668212319,0.7435466011334431,-392.3169239521786,-378.41556700591167,0.0020525065690255475,0.025164505915082968,0.8671314421234284,1.2824961632380192,0.8311913122829255,-0.13286855787657126,0.17929749217268764
ctrl,SYC,Seychelles,High income,ok,"(1,0,0,1,1)",42,0.6168480271753922,0.5379637974762084,-254.49190151384448,-238.85287494929418,0.010491024521309882,-0.014352578167814802,0.7829893479990812,1.4694483242257896,0.7612814291646569,-0.21701065200091904,0.2515272605170238
ctrl,SYR,Syrian Arab Republic,Low income,ok,"(1,0,0,0,0)",29,0.7354751528759617,0.6779697513272577,-388.40408457583425,-378.8330137659289,2.6361016750005176e-4,0.0019762373759818893,0.8227423056256857,1.0410734285079228,0.9040524283123264,-0.17725769437431432,0.18455236254268892
ctrl,TCD,Chad,Low income,ok,"(1,0,0,0,1)",42,0.6960459015974625,0.6439394847284561,-448.7542789514466,-434.85292200517966,0.0010483195872091052,0.0020084598305804787,0.7795199757382576,1.3965147806206608,0.7893379639286986,-0.22048002426174268,0.16816417620200538
ctrl,TGO,Togo,Low income,ok,"(1,0,0,0,0)",42,0.27163734128816475,0.170475860911521,-327.656536140175,-315.4928488121914,0.004475205935332233,-0.005952642054713171,0.4772030276976128,2.7363533310394854,0.26215368473636314,-0.5227969723023873,0.275388086541929
ctrl,THA,Thailand,Upper middle income,ok,"(1,0,0,0,1)",42,0.2970120097649751,0.1764997828675422,-240.5845283962321,-226.68317144996513,0.012495890186563574,-0.002151402454558849,-0.27128201750623687,NA,NA,-1.271282017506237,0.7324533260808308
ctrl,TTO,Trinidad and Tobago,High income,ok,"(1,0,1,0,1)",42,0.2978403745096191,0.15327809867336428,-321.92873588134614,-306.28970931679584,0.004700649202444841,0.0026573593783804413,-0.21759343169124157,NA,NA,-1.2175934316912416,0.7274756923212192
ctrl,TUN,Tunisia,Lower middle income,ok,"(1,0,0,1,1)",42,0.6816086039207576,0.6160574341397371,-415.3471429684381,-399.7081164038878,0.001545854347839886,0.0307025844717859,0.6702091687380688,3.459544388173184,0.11078601493880415,-0.3297908312619319,0.3496987946133695
ctrl,TUR,Turkey,Upper middle income,ok,"(1,0,1,0,0)",42,0.2661104043712691,0.1403007594063438,-262.2639412658205,-248.36258431955355,0.00965341324274873,0.007320779491731957,0.4960769751499145,3.0581889695778677,0.18179736050866607,-0.5039230248500858,0.3131978012819636
ctrl,TWN,Taiwan,High income,ok,"(1,0,1,0,0)",35,0.3078975295580294,0.15958985732046438,-218.4598858535277,-206.0171013616124,0.00949686344750368,-0.008400175778746974,-0.2873291881169274,NA,NA,-1.287329188116927,0.7362004559716288
ctrl,TZA,Tanzania,Lower middle income,ok,"(1,0,0,1,1)",42,0.6236044699174282,0.546111272547487,-408.7155312790403,-393.07650471449,0.0016728428619303874,0.0026861121862892254,0.8151944742570452,1.0475255718558742,0.9023904447143664,-0.18480552574295495,0.24283216469688365
ctrl,UGA,Uganda,Low income,ok,"(1,0,0,0,0)",31,0.4157658861803123,0.29891906341637475,-206.24845005115546,-196.21053961975943,0.007721263990100519,-0.007277384490276745,0.5950323576798252,2.759799660241266,0.25556711158805867,-0.40496764232017485,0.35565346801175785
ctrl,URY,Uruguay,High income,ok,"(1,0,0,0,1)",32,0.34582870973633323,0.18882760007305333,-198.74220698572452,-187.01631976332672,0.00955342568450951,-0.005634733870739202,-0.31461773795978226,10.353345982374632,9.816335717774651e-5,-1.3146177379597828,0.6773912665618442
ctrl,USA,United States,High income,ok,"(1,2,0,0,2)",70,0.5213420964249715,0.4495434108887173,-528.6950861294957,-503.96163846695276,0.005115912376348345,0.05315467822184627,-0.09855172598370923,NA,NA,-1.0985517259837092,0.7663952403930921
ctrl,VCT,Saint Vincent and the Grenadines,Upper middle income,ok,"(1,0,1,1,0)",42,0.7785737750886359,0.7329860229010021,-452.5343700146643,-436.895343450114,9.928969960073773e-4,0.008848490781334383,0.882580479765762,1.0280432602204947,0.9074088208790289,-0.11741952023423825,0.21187635157241766
ctrl,VEN,Venezuela,Upper middle income,ok,"(1,0,1,2,0)",41,0.5332141229970785,0.4165176537463481,-327.6111839874508,-310.4754633204077,0.003949440990063433,0.0034962778599762745,-0.24863035593353958,NA,NA,-1.2486303559335392,0.8189360942665169
ctrl,YEM,Yemen,Low income,ok,"(1,0,1,0,0)",32,0.3597166946925105,0.20604870141871312,-180.0361561785906,-168.3102689561928,0.012796629864890241,-0.013088080730224048,-0.35633064813911497,NA,NA,-1.3563306481391149,0.7134675810198937
ctrl,ZAF,South Africa,Upper middle income,ok,"(1,0,0,0,0)",44,0.14991329521059868,0.038059781422519645,-276.8103129687534,-264.32098553132556,0.009558739199812552,0.008072887600470192,0.0734245934777384,8.534129572180143,5.164267471123578e-4,-0.9265754065222612,0.5289488679262517
ctrl,ZMB,Zambia,Lower middle income,ok,"(1,0,0,0,0)",42,0.2419993874924343,0.13672152464416132,-258.10240348117406,-245.93871615319048,0.010242828053020254,1.4917906048718169e-4,0.46089594436641157,2.9870908473987465,0.19799877670109559,-0.5391040556335885,0.2932231480159515
ext,ALB,Albania,Upper middle income,insufficient_obs,NA,28,NA,NA,NA,NA,NA,NA,NA,NA,NA,NA,NA
ext,ARE,United Arab Emirates,High income,insufficient_obs,NA,17,NA,NA,NA,NA,NA,NA,NA,NA,NA,NA,NA
ext,ARG,Argentina,Upper middle income,ok,"(1,0,0,0,0,1,0)",41,0.25960035221583316,0.07450044026979152,-219.6697871258667,-202.53406645882362,0.014730682239172921,0.008796250819595756,-0.2788737932356707,NA,NA,-1.2788737932356706,0.6936586783420942
ext,ATG,NA,NA,insufficient_obs,NA,0,NA,NA,NA,NA,NA,NA,NA,NA,NA,NA,NA
ext,AUS,Australia,High income,ok,"(1,0,0,0,0,1,1)",61,0.16925243153277925,0.02264991945032846,-418.28396438738946,-395.06435188148305,0.007166776038298316,0.017672915568053105,0.05669248325519996,NA,NA,-0.9433075167448006,0.5740494904104125
ext,AUT,Austria,High income,ok,"(1,0,0,0,1,0,0)",41,0.5948900586491778,0.49361257331147224,-327.10401811532745,-309.9682974482844,0.003973943779923234,0.009065895727474528,-0.5950526296920863,NA,NA,-1.5950526296920866,0.8693304882943393
ext,AZE,Azerbaijan,Upper middle income,insufficient_obs,NA,28,NA,NA,NA,NA,NA,NA,NA,NA,NA,NA,NA
ext,BDI,Burundi,Low income,ok,"(1,0,0,1,0,0,1)",37,0.7136313493620444,0.6181751324827259,-296.5476790760617,-278.82758203697523,0.003825384186710418,0.011871089355890114,0.5714366159012675,2.569138671391951,0.27151539811935305,-0.4285633840987327,0.43326319245191725
ext,BEL,Belgium,High income,ok,"(1,0,1,0,1,0,1)",41,0.335711326832552,0.11428176911006938,-303.3238056617851,-282.76094086133344,0.005223931925150012,-0.04489562840319947,0.12091791469258327,6.871821894195237,1.8193424916895104e-4,-0.8790820853074169,0.6319582388020755
ext,BEN,Benin,Lower middle income,insufficient_obs,NA,27,NA,NA,NA,NA,NA,NA,NA,NA,NA,NA,NA
ext,BFA,Burkina Faso,Low income,ok,"(1,0,0,0,0,0,0)",41,0.4062079594801172,0.28025207209711167,-259.0860510152523,-243.6639024149135,0.00919123962083506,0.010995204726139844,0.644272593018155,1.2100010268285042,0.8886554521827517,-0.35572740698184535,0.20424416975484389
ext,BGD,Bangladesh,Lower middle income,ok,"(1,0,0,1,0,0,0)",41,0.47206293120417303,0.34007866400521636,-306.03014494772333,-288.89442428068025,0.00513848069076342,-0.017143917731230328,0.39950795517701415,2.3971177978290994,0.3400834729844785,-0.6004920448229856,0.34420406558587763
ext,BGR,Bulgaria,Upper middle income,ok,"(1,2,0,1,1,0,0)",31,0.8599554096813135,0.7788769626547054,-199.51300159015608,-180.8711679318492,0.008135883838519544,0.06680537187820552,0.12077097422541488,NA,NA,-0.8792290257745851,0.903055397721075
ext,BHR,Bahrain,High income,ok,"(1,1,1,0,0,0,1)",41,0.7218180548762582,0.629090739835011,-289.85105094236036,-269.2881861419087,0.006156769742412119,0.05189773047822672,0.5776248758605593,5.42561005747382,0.0013779100056450437,-0.42237512413944034,0.6182082343471114
ext,BHS,NA,NA,insufficient_obs,NA,0,NA,NA,NA,NA,NA,NA,NA,NA,NA,NA,NA
ext,BLR,Belarus,Upper middle income,insufficient_obs,NA,28,NA,NA,NA,NA,NA,NA,NA,NA,NA,NA,NA
ext,BLZ,Belize,Upper middle income,ok,"(1,0,0,0,0,0,0)",33,0.2579953069822963,0.0502339929373391,-239.51348649890775,-226.04491844570944,0.005617648284810205,-0.0069393617521278424,-0.2545406946328406,NA,NA,-1.2545406946328408,0.7052646074984402
ext,BOL,Bolivia,Lower middle income,ok,"(1,0,0,0,0,0,0)",41,0.29675321105460983,0.1475796497631634,-312.79712280677614,-297.3749742064374,0.004774254063470077,-0.005460517063173453,-0.19535050891890093,NA,NA,-1.1953505089189005,0.7190490617263233
ext,BRA,Brazil,Upper middle income,ok,"(1,0,0,0,0,0,0)",41,0.017750917617358936,-0.19060494834259534,-265.76122470799334,-250.33907610765456,0.008472674819606157,0.001227778425343336,-0.06126167211055993,5.3714388440877725,0.0015097958472338805,-1.0612616721105594,0.5325783797682871
ext,BRB,NA,NA,insufficient_obs,NA,0,NA,NA,NA,NA,NA,NA,NA,NA,NA,NA,NA
ext,BTN,NA,NA,insufficient_obs,NA,0,NA,NA,NA,NA,NA,NA,NA,NA,NA,NA,NA
ext,BWA,Botswana,Upper middle income,ok,"(1,0,0,0,0,0,0)",41,0.8251773611577465,0.7880937711002989,-364.36596338994946,-348.94381478961066,0.002545556893833947,-0.010390143637880692,0.8147665250413777,2.2898339716193044,0.38722004315635944,-0.1852334749586229,0.3269267337374789
ext,CAF,Central African Republic,Low income,insufficient_obs,NA,23,NA,NA,NA,NA,NA,NA,NA,NA,NA,NA,NA
ext,CAN,Canada,High income,ok,"(1,0,0,1,0,0,0)",61,0.39976392489603174,0.30741991334157515,-462.82296300414635,-441.71422436241323,0.005008149812803853,0.023460114487528702,0.0718433393307201,NA,NA,-0.92815666066928,0.6511348614978364
ext,CHE,Switzerland,High income,ok,"(1,0,0,0,0,0,1)",42,0.3675995092980279,0.2142902994308833,-282.29397297518585,-264.91727679235214,0.007468244767653713,-0.0029269527432908508,0.11874535841258743,6.654500808918433,3.196450216738996e-4,-0.8812546415874122,0.6058229229613621
ext,CHL,Chile,High income,ok,"(1,1,0,0,1,2,1)",42,0.6919760756943636,0.5645179001196174,-300.4477233359961,-276.12034868002894,0.005835218406452554,-0.013359158548819649,0.5555505502439202,2.888352323013784,0.17083950488073207,-0.4444494497560799,0.7210417368971823
ext,CIV,Cote d'Ivoire,Lower middle income,insufficient_obs,NA,29,NA,NA,NA,NA,NA,NA,NA,NA,NA,NA,NA
ext,COG,Congo,Lower middle income,insufficient_obs,NA,18,NA,NA,NA,NA,NA,NA,NA,NA,NA,NA,NA
ext,COL,Colombia,Upper middle income,ok,"(2,2,2,2,2,2,2)",40,0.7574377953759236,0.5021091589295273,-258.94371185445067,-221.78836386394408,0.00795850035958738,0.008831701993064099,0.05059424898456111,4.349879917883135,0.012235785099378445,-0.9494057510154394,0.8997869977615403
ext,COM,NA,NA,insufficient_obs,NA,0,NA,NA,NA,NA,NA,NA,NA,NA,NA,NA,NA
ext,CPV,Cabo Verde,Lower middle income,ok,"(1,0,0,0,1,0,0)",33,0.8181812098788589,0.7575749465051452,-303.49203096579936,-288.5269553511346,0.0021099182502161387,-0.05211961770629407,0.8798479107663274,1.4152089015734377,0.8135855531626716,-0.12015208923367274,0.3051370932473843
ext,CRI,NA,NA,insufficient_obs,NA,0,NA,NA,NA,NA,NA,NA,NA,NA,NA,NA,NA
ext,CYP,Cyprus,High income,ok,"(1,0,0,1,0,0,0)",36,0.37482034946704096,0.1895819344943125,-166.9000778847359,-151.06488850017482,0.020838940314034986,0.07407544616287473,-0.19267337835946863,NA,NA,-1.1926733783594679,0.7564066711248972
ext,CZE,Czech Republic,High income,insufficient_obs,NA,29,NA,NA,NA,NA,NA,NA,NA,NA,NA,NA,NA
ext,DEU,Germany,High income,ok,"(1,0,1,0,0,1,0)",41,0.2917465054999964,0.08612452322580177,-287.3598617154241,-268.51056898167667,0.006397632093125896,-0.0037587293678400533,0.26062645927813727,3.3104622945039925,0.08724023097980153,-0.7393735407218626,0.480768748146048
ext,DMA,NA,NA,insufficient_obs,NA,0,NA,NA,NA,NA,NA,NA,NA,NA,NA,NA,NA
ext,DNK,Denmark,High income,ok,"(1,0,0,1,0,1,1)",51,0.45402276473006936,0.3175284559125868,-366.6632968835233,-343.4813892908314,0.005931383628529036,0.014622389666479458,0.16361413210547346,NA,NA,-0.8363858678945271,0.7207178091306797
ext,DZA,Algeria,Lower middle income,ok,"(1,0,0,0,1,0,1)",41,0.510300701337966,0.36812993721027876,-288.422931618757,-269.5736388850096,0.006315226798069896,-0.012070820250888698,0.3596441113929393,4.790621952452932,0.004639242229058481,-0.640355888607061,0.568092179323511
ext,ECU,Ecuador,Upper middle income,ok,"(1,0,0,0,0,0,0)",31,0.4268612791677993,0.25242775543625984,-150.77779091133357,-137.87190607096724,0.018464330798005007,0.05472918257428734,-0.45367032891708103,NA,NA,-1.4536703289170814,0.7956020174761272
ext,EGY,Egypt,Lower middle income,ok,"(1,0,0,0,0,0,0)",41,0.3579183892748516,0.22171925972709283,-316.75206321591713,-301.32991461557833,0.0045494518994886515,-0.021678793239315142,0.5218383437762425,1.9181192737767614,0.5688800006753267,-0.4781616562237569,0.28920418418795957
ext,ESP,Spain,High income,ok,"(1,0,0,0,0,0,0)",41,0.12140075865160908,-0.06496877739198914,-299.32936819428346,-283.90721959394466,0.005626449785713135,0.006829596835310691,0.06919887805081767,5.9391316527676565,7.729560245812271e-4,-0.9308011219491826,0.557486058054474
ext,ETH,Ethiopia,Low income,ok,"(1,0,0,0,0,0,0)",41,0.6031966530040246,0.5190262460654843,-265.55852649121687,-250.1363778908781,0.00849364458141517,0.013787760138837328,0.6253285989197459,2.0452799074893417,0.5043620047413068,-0.374671401080254,0.3025756419762743
ext,FIN,Finland,High income,ok,"(1,0,0,1,0,1,1)",61,0.37219182027323,0.24663018432787598,-409.5354899869643,-384.2050036168846,0.007649747074178298,0.01665903465456855,0.21674552503039463,6.381215620681848,4.928188043203708e-4,-0.7832544749696058,0.6075151582491979
ext,FJI,Fiji,Upper middle income,ok,"(1,0,1,1,1,0,0)",31,0.8449559135260801,0.7674338702891201,-307.97465116494845,-290.7668047111267,0.001424063427446367,0.013511299840398687,0.959747482126455,1.2538668756488136,0.8743305120811856,-0.040252517873545016,0.4282614475922486
ext,FRA,France,High income,ok,"(2,2,2,2,2,2,2)",60,0.5383785756980349,0.30164964015856566,-418.6171312680262,-372.54155089913996,0.0063538786868379445,-0.023094315207267242,0.18896322007864685,4.0652761224881635,0.021509897303141498,-0.8110367799213535,0.7665103905551184
ext,GAB,Gabon,Upper middle income,insufficient_obs,NA,24,NA,NA,NA,NA,NA,NA,NA,NA,NA,NA,NA
ext,GBR,United Kingdom,High income,ok,"(1,0,0,0,0,1,1)",59,0.36012461906639087,0.2425964878745036,-396.32414656687126,-373.47123468390834,0.007664163948865349,0.0040606512376048405,-0.2426299242285304,NA,NA,-1.242629924228531,0.7413153220057588
ext,GHA,Ghana,Lower middle income,ok,"(1,0,1,0,0,0,0)",39,0.6487205648272462,0.5550460487811785,-344.8763043652248,-328.24068790392835,0.0025653567172233835,0.00480057021146229,0.7144105466547065,4.24539220307489,0.014889575206581783,-0.28558945334529373,0.5022396818321545
ext,GIN,Guinea,Lower middle income,insufficient_obs,NA,20,NA,NA,NA,NA,NA,NA,NA,NA,NA,NA,NA
ext,GMB,Gambia,Low income,ok,"(1,0,0,1,0,0,0)",32,0.4697266538874044,0.285283750891719,-254.14881818781242,-239.49145915981515,0.003936776751133078,-0.010711602931270346,0.6102847993156849,1.5207824066273314,0.7667893957030955,-0.389715200684315,0.3858393223121581
ext,GNB,Guinea-Bissau,Low income,insufficient_obs,NA,21,NA,NA,NA,NA,NA,NA,NA,NA,NA,NA,NA
ext,GNQ,Equatorial Guinea,Upper middle income,insufficient_obs,NA,11,NA,NA,NA,NA,NA,NA,NA,NA,NA,NA,NA
ext,GRC,Greece,High income,ok,"(1,0,0,0,0,0,0)",54,0.17251890993156763,0.046597874486371316,-338.40129823195144,-320.50044181287296,0.009669494665615074,-3.2263202468290166e-4,0.1568693150833472,5.369932099101304,0.0015134641854190334,-0.8431306849166521,0.4496918104444981
ext,GRD,NA,NA,insufficient_obs,NA,0,NA,NA,NA,NA,NA,NA,NA,NA,NA,NA,NA
ext,GTM,Guatemala,Upper middle income,ok,"(1,1,0,0,1,1,0)",41,0.30248671258224824,0.06998228344299773,-307.13276183504655,-286.5698970345949,0.004986826201650257,-0.013038465357733847,-0.19028304060490953,NA,NA,-1.1902830406049092,0.7213396269434064
ext,GUY,Guyana,High income,ok,"(1,0,0,1,0,1,0)",37,0.49934977955652193,0.3324663727420293,-285.3962984024688,-267.67620136338235,0.00444754935006186,-0.005980812744175864,-0.1641710129393195,NA,NA,-1.1641710129393197,0.8004988255011449
ext,HND,Honduras,Lower middle income,ok,"(1,1,0,1,0,1,1)",32,0.7044870750322665,0.541954966300013,-252.2164194029907,-233.16185266659426,0.003961754597169118,-0.0062935919590762085,-0.3337376141750833,NA,NA,-1.3337376141750832,0.8827262606404139
ext,HTI,Haiti,Lower middle income,insufficient_obs,NA,16,NA,NA,NA,NA,NA,NA,NA,NA,NA,NA,NA
ext,HUN,Hungary,High income,ok,"(1,1,1,0,1,0,0)",32,0.43627305360136487,0.16783165055439564,-207.7119360073342,-190.12310517373749,0.007995864561403736,-0.019214340800136214,0.013525385424756897,4.365497654740524,0.011841582157914282,-0.9864746145752424,0.6634632207133371
ext,IDN,Indonesia,Upper middle income,ok,"(1,0,0,0,1,1,0)",41,0.49337240533617027,0.3462869746273166,-219.72164105537362,-200.87234832162625,0.014596536666743622,-0.017207787151196453,-0.19302392861712123,NA,NA,-1.1930239286171214,0.7300057817256165
ext,IND,India,Lower middle income,ok,"(1,0,1,0,0,0,0)",61,0.25258450771672036,0.1375975089039082,-368.37069615672203,-347.2619575149889,0.010861945657771611,-0.003517443164759052,-0.05455622842356863,NA,NA,-1.0545562284235683,0.6112051752409656
ext,IRL,Ireland,High income,ok,"(1,1,0,0,0,1,0)",46,0.3920389853091288,0.24004873163641105,-284.2281321881879,-264.11307682680786,0.009804204463656504,-0.02567694054690328,-0.21286865429900342,NA,NA,-1.2128686542990033,0.7169248402567202
ext,IRN,Iran,Lower middle income,ok,"(1,0,0,0,0,0,0)",41,0.2774734801470637,0.1242102789661379,-215.89488151157408,-200.4727329112353,0.01556418427067019,-0.002783193408538371,-0.5212015877194132,NA,NA,-1.521201587719413,0.7489078475602509
ext,ISL,NA,NA,insufficient_obs,NA,0,NA,NA,NA,NA,NA,NA,NA,NA,NA,NA,NA
ext,ISR,Israel,High income,ok,"(1,0,0,0,0,0,0)",38,0.5855444253368997,0.48883812458217624,-348.9920896854783,-334.2538142479408,0.002177479139061604,-0.004434320307212176,0.77845652082973,0.6878013767573424,0.9861507919719741,-0.22154347917026992,0.13829279395805386
ext,ITA,Italy,High income,ok,"(1,0,1,1,0,0,1)",47,0.3770207804475451,0.20397099723852996,-372.83210305441924,-350.63033183389854,0.004057280655034877,-0.010199702393344225,0.4348861692407785,3.1272250413648277,0.11779496947877931,-0.5651138307592212,0.5132272601585157
ext,JAM,Jamaica,Upper middle income,ok,"(1,0,0,0,0,0,0)",40,0.1650325072486972,-0.017616631790650317,-296.8981901623099,-281.69827507528447,0.005281241192373498,0.003388056542115585,-0.34071981330967105,NA,NA,-1.3407198133096714,0.6666231118954001
ext,JOR,Jordan,Lower middle income,ok,"(2,2,2,2,2,2,2)",40,0.938516035325171,0.8737960725095616,-333.11571633701936,-295.9603683465128,0.003149017593258913,0.04575968417595436,0.28838719262526363,NA,NA,-0.7116128073747354,0.9380817106654125
ext,JPN,Japan,High income,ok,"(1,1,0,0,0,0,1)",61,0.2846337645245621,0.15839266414654363,-413.8531434439461,-390.6335309380397,0.007431844750485043,0.0030414691608482555,0.2832424410017279,5.565023044456102,0.0010384935892996895,-0.7167575589982715,0.5286612043373295
ext,KAZ,Kazakhstan,Upper middle income,insufficient_obs,NA,27,NA,NA,NA,NA,NA,NA,NA,NA,NA,NA,NA
ext,KEN,Kenya,Lower middle income,ok,"(1,0,0,1,1,1,1)",41,0.4741879810072603,0.2747420427686348,-210.19442142591777,-187.91798455876176,0.016143784108350295,-0.10277403148579492,0.353016263764981,4.014677166327862,0.023856819547142718,-0.646983736235019,0.6468318643082185
ext,KGZ,Kyrgyzstan,Lower middle income,insufficient_obs,NA,28,NA,NA,NA,NA,NA,NA,NA,NA,NA,NA,NA
ext,KNA,NA,NA,insufficient_obs,NA,0,NA,NA,NA,NA,NA,NA,NA,NA,NA,NA,NA
ext,KWT,Kuwait,High income,ok,"(1,0,0,0,0,1,0)",30,0.14086475271735255,-0.18642486529508462,-150.6039884576629,-136.59201464104135,0.016839956238031972,-0.0010869105432376508,-0.14417733959543327,4.061639197950506,0.021650470599201204,-1.1441773395954333,0.5785779537089518
ext,LAO,Lao PDR,Lower middle income,insufficient_obs,NA,21,NA,NA,NA,NA,NA,NA,NA,NA,NA,NA,NA
ext,LBN,Lebanon,Lower middle income,ok,"(2,2,2,2,2,2,2)",29,0.7559446251916568,0.14580618817079893,-184.90149316496814,-154.82098490526573,0.008901024847999251,0.01363304940472081,-0.17571329528125726,3.5923645726816056,0.05394072473870198,-1.1757132952812575,0.8696034742419875
ext,LCA,NA,NA,insufficient_obs,NA,0,NA,NA,NA,NA,NA,NA,NA,NA,NA,NA,NA
ext,LKA,Sri Lanka,Lower middle income,ok,"(1,0,1,0,0,1,0)",41,0.5896574418411867,0.47052573140798293,-334.08455476088153,-315.2352620271341,0.0036186991362685667,0.041986838068870054,0.7152573370067604,1.5764636069669884,0.7413787187641752,-0.28474266299323947,0.47557812292817575
ext,LSO,Lesotho,Lower middle income,ok,"(1,0,0,0,0,0,0)",41,0.779646828193691,0.7329052462953831,-360.6419075852563,-345.2197589849176,0.002663829527765978,0.003510434168223243,0.8416081098098483,1.8383105521747254,0.6104447615989691,-0.15839189019015323,0.28054689735489186
ext,LUX,Luxembourg,High income,ok,"(1,0,0,0,0,1,0)",41,0.3930346538767971,0.24129331734599635,-220.21417023243313,-203.07844956539006,0.014633211817484958,0.008919337045635313,-0.19825002168871572,NA,NA,-1.198250021688715,0.7333714401212158
ext,MAR,Morocco,Lower middle income,ok,"(1,1,1,1,1,1,1)",41,NA,NA,-Inf,-Inf,0,0,0,NA,NA,NA,NA
ext,MDG,Madagascar,Low income,ok,"(1,0,1,0,1,1,0)",38,0.5638315126550166,0.4022876284531709,-228.0211419517058,-208.3701080349892,0.010418923659736963,-0.0023621696342327535,0.5566155471269261,3.3265875120722748,0.0847993262056758,-0.4433844528730745,0.561347469395665
ext,MDV,NA,NA,insufficient_obs,NA,0,NA,NA,NA,NA,NA,NA,NA,NA,NA,NA,NA
ext,MEX,Mexico,Upper middle income,ok,"(1,0,0,0,0,0,0)",39,0.1838679330023182,-4.199530939326124e-4,-226.16899846477733,-211.19694364961052,0.011860721084310454,3.8577733782260134e-4,0.3183509896774814,2.7186561631098565,0.22078328646507545,-0.6816490103225187,0.3803791229866704
ext,MKD,North Macedonia,Upper middle income,insufficient_obs,NA,26,NA,NA,NA,NA,NA,NA,NA,NA,NA,NA,NA
ext,MLI,Mali,Low income,ok,"(1,1,0,0,0,0,0)",38,0.6783749866812679,0.5896508450761004,-278.4173849740766,-262.04152337681273,0.005459828459093561,0.019986844853743854,0.6850633407112576,2.3275424424268243,0.3704100159033152,-0.3149366592887416,0.40683266276992325
ext,MLT,Malta,High income,ok,"(1,0,0,1,0,0,0)",36,0.40384638752697594,0.22720828012756145,-251.65953490345896,-235.82434551889787,0.006421223565839912,-0.0086485514920236,-0.4618252699366864,NA,NA,-1.4618252699366863,0.7928665409758837
ext,MUS,Mauritius,Upper middle income,ok,"(1,0,0,2,0,0,0)",45,0.8109900451898028,0.7623874853814664,-432.73902891541724,-412.8657415279437,0.0017538582634609497,-0.013091911643119408,0.7525737630325404,4.853362409562075,0.0039401830633919895,-0.2474262369674596,0.5588618069474585
ext,MWI,Malawi,Low income,ok,"(1,2,2,2,2,2,1)",28,0.8747168600469789,0.6241505801409367,-163.94200013396627,-137.2979099304622,0.011184012254783214,-0.05607644591205351,-0.10682407213654586,3.8865759019381394,0.030560332039103077,-1.1068240721365452,0.9130933432157633
ext,MYS,Malaysia,Upper middle income,ok,"(1,0,0,0,0,1,1)",41,0.30780267055929184,0.10684215556037646,-271.95478026906284,-253.10548753531543,0.007719848838670499,0.012682480706268437,-0.02239316315036063,7.043999755434152,7.282957463053561e-5,-1.0223931631503607,0.6179359747819709
ext,NAM,Namibia,Upper middle income,ok,"(1,0,0,0,0,0,1)",31,0.7318386059119869,0.634325371698164,-295.5285217273238,-281.1886496824723,0.0017702475862865139,-8.878074967627621e-4,0.4962265831406688,1.7189275470640943,0.6720310267448257,-0.5037734168593306,0.3660989024588829
ext,NER,Niger,Low income,ok,"(2,2,2,2,2,2,2)",28,0.8905189832665995,0.5777160783140267,-206.1761565834584,-176.86765735960392,0.005554078700132442,-0.017216305706884497,0.562957583056185,1.9946115255225692,0.5296581283715781,-0.43704241694381424,0.8855284614544122
ext,NGA,Nigeria,Lower middle income,ok,"(1,0,0,0,0,0,0)",41,0.834274429851329,0.799120521031914,-414.83885007982536,-399.4167014794866,0.0013755125653390201,0.00482190541592592,0.7292610412584702,3.0992514281383157,0.12326708164233495,-0.27073895874152987,0.39665152563373124
ext,NLD,Netherlands,High income,ok,"(1,1,0,0,0,1,1)",41,0.6049620528627823,0.4732827371503764,-325.480210550824,-304.9173457503723,0.003987044785003112,-0.04249929165295328,-0.5614888437853232,NA,NA,-1.561488843785323,0.8569749817591858
ext,NOR,Norway,High income,ok,"(1,0,0,0,0,0,0)",61,0.4745670133362816,0.4051702037769226,-374.0166352364121,-355.0187704588523,0.010442213829335719,0.008815069723502895,-0.26113221262015857,NA,NA,-1.2611322126201583,0.7813531492477608
ext,NPL,Nepal,Lower middle income,ok,"(1,1,0,1,0,0,0)",41,0.7323418278562965,0.6546346165887698,-334.2928035078611,-315.4435107741137,0.0036095206794973045,0.0684188293555928,0.7000994894843631,1.8556756455119174,0.6014204274969418,-0.2999005105156366,0.32165296337373117
ext,NZL,New Zealand,High income,ok,"(1,1,0,0,0,1,0)",61,0.46269174052377154,0.3678726359103195,-329.5272180427947,-306.3076055368883,0.014834717663918133,4.2535530182910564e-4,0.062478976793380284,NA,NA,-0.9375210232066197,0.7044688328860571
ext,OMN,Oman,High income,ok,"(1,1,1,1,1,1,1)",41,NA,NA,-Inf,-Inf,0,0,0,NA,NA,NA,NA
ext,PAK,Pakistan,Lower middle income,ok,"(1,1,1,0,1,1,1)",41,0.36436578585797724,0.09195112265425309,-280.8616004651302,-256.8715915312699,0.006772671653516209,-0.04153104170217185,0.18471480742488394,4.352715206277969,0.012171496083683855,-0.815285192575116,0.5633892177258734
ext,PAN,Panama,High income,insufficient_obs,NA,12,NA,NA,NA,NA,NA,NA,NA,NA,NA,NA,NA
ext,PHL,Philippines,Lower middle income,ok,"(1,0,1,0,1,0,1)",41,0.638745259584051,0.5183270127787347,-318.48212321085236,-297.9192584104007,0.004342250793231988,0.05371439278155218,0.5931666218364884,5.357278673499045,0.001544270356819387,-0.4068333781635118,0.6085004162815848
ext,POL,Poland,High income,ok,"(1,1,0,0,0,0,1)",35,0.4171053071224336,0.20726321768650957,-236.953665384617,-219.84483670823346,0.007083122114759704,0.006117870169566649,0.3159112861193353,6.952104193236245,1.310614247242876e-4,-0.6840887138806645,0.6729867538053832
ext,PRT,Portugal,High income,ok,"(1,0,0,0,2,0,0)",60,0.3351095118985073,0.21542922404023856,-353.8362485465255,-330.7984583620824,0.011565294802584806,-0.006110004691392863,-0.24058900797484398,NA,NA,-1.2405890079748427,0.7506073769968591
ext,PRY,Paraguay,Upper middle income,ok,"(1,0,0,0,0,1,0)",41,0.20764818981708727,0.009560237271359018,-305.90592052523147,-288.7701998581884,0.005146271038932608,4.222273854103184e-5,-0.37125723966042434,NA,NA,-1.3712572396604246,0.6834511184223522
ext,QAT,Qatar,High income,insufficient_obs,NA,10,NA,NA,NA,NA,NA,NA,NA,NA,NA,NA,NA
ext,RUS,Russian Federation,Upper middle income,ok,"(1,0,0,0,1,0,0)",29,0.4144266581047502,0.18019732134665034,-127.76506563855324,-114.09210733868849,0.022803749598223403,-0.015483051957664133,-0.19488088644772503,6.962733180700859,1.243261092217306e-4,-1.1948808864477258,0.7221973431424386
ext,RWA,Rwanda,Low income,ok,"(1,0,0,0,0,0,1)",41,0.8234687795988138,0.7793359744985173,-377.8329435192593,-360.6972228522162,0.0021406586569503658,1.8873594349864897,0.9957495827481264,4.712841565238608,0.005598722569575893,-0.00425041725187381,0.5081253740866413
ext,SAU,Saudi Arabia,High income,ok,"(1,1,1,1,1,1,1)",32,NA,NA,-Inf,-Inf,0,0,0,NA,NA,NA,NA
ext,SDN,Sudan,Low income,insufficient_obs,NA,23,NA,NA,NA,NA,NA,NA,NA,NA,NA,NA,NA
ext,SEN,Senegal,Lower middle income,ok,"(2,2,2,2,2,2,2)",40,0.8625207740630491,0.7178057993925744,-283.32982208633143,-246.17447409582485,0.005867415264694177,-0.02156966168658004,0.31639953373112223,6.206811117642663,6.033344443986301e-4,-0.6836004662688776,0.8283451138989438
ext,SGP,Singapore,High income,ok,"(1,0,0,0,0,1,1)",51,0.3098695756195487,0.15837753124335208,-281.17971157776327,-259.9296296177957,0.013812768462386792,0.012635913855182108,-0.04363428429035883,NA,NA,-1.0436342842903588,0.6800929571493665
ext,SLE,Sierra Leone,Low income,ok,"(1,0,0,0,0,0,0)",41,0.6688757162015453,0.5986372317594488,-362.2916898203802,-346.86954122004147,0.002610770697126337,0.005927796412926982,0.8289286006551418,0.9345051844879776,0.957158904903647,-0.17107139934485813,0.1654345507267496
ext,SLV,El Salvador,Upper middle income,ok,"(1,0,1,1,0,0,0)",41,0.4240502651124559,0.2568390517580077,-209.0722348712751,-190.2229421375277,0.01662080282628035,-0.009312985029641856,-0.21905743997593552,NA,NA,-1.2190574399759353,0.7728249188277126
ext,STP,NA,NA,insufficient_obs,NA,0,NA,NA,NA,NA,NA,NA,NA,NA,NA,NA,NA
ext,SUR,NA,NA,insufficient_obs,NA,0,NA,NA,NA,NA,NA,NA,NA,NA,NA,NA,NA
ext,SVK,Slovakia,High income,insufficient_obs,NA,29,NA,NA,NA,NA,NA,NA,NA,NA,NA,NA,NA
ext,SVN,Slovenia,High income,insufficient_obs,NA,29,NA,NA,NA,NA,NA,NA,NA,NA,NA,NA,NA
ext,SWE,Sweden,High income,ok,"(1,0,0,1,0,0,1)",61,0.4851555544899812,0.3943006523411544,-429.032531093124,-405.8129185872176,0.0065623771104927255,0.01454630714104011,-0.04594919838677842,NA,NA,-1.0459491983867788,0.7244766868965243
ext,SWZ,Swaziland,Lower middle income,ok,"(1,0,0,0,0,0,1)",41,0.8048483454251207,0.7560604317814009,-382.5176182851423,-365.38189761809923,0.0020217902579603565,0.03568511335491612,0.8823200413505224,1.5256893204689368,0.7645724940923219,-0.11767995864947774,0.27193394684477273
ext,SYC,Seychelles,High income,ok,"(1,0,0,1,0,1,0)",36,0.6470110226932396,0.5248225305485918,-209.25389182799591,-191.83518350497872,0.01146923619375908,-0.007985937549833226,0.774168173343021,1.1253949385638713,0.9140140636082857,-0.22583182665697915,0.3159251764978928
ext,SYR,Syrian Arab Republic,Low income,ok,"(1,0,0,0,0,0,0)",29,0.7356437972654847,0.6475250630206463,-384.42257904623824,-372.11691657636,2.757896376022318e-4,0.0019589361300276233,0.8218874435734668,0.6813079017992527,0.9866225269628048,-0.17811255642653306,0.18507224062031374
ext,TCD,Chad,Low income,ok,"(1,0,0,0,1,0,0)",34,0.7585151244109325,0.6812399642224309,-364.27149596525874,-349.00789071909713,9.915436422493155e-4,-3.445019537456309e-4,0.7002962601944426,2.8800437459081154,0.1731304121732028,-0.29970373980555737,0.46052820040780396
ext,TGO,Togo,Low income,ok,"(1,0,0,1,1,1,0)",30,0.506505873949442,0.24677212339651677,-223.2758558793797,-206.46148729943383,0.004932922849062417,-0.01163203939412917,0.30119568508369343,2.8913391061275155,0.1700159651663798,-0.6988043149163063,0.5353358503907154
ext,THA,Thailand,Upper middle income,ok,"(1,0,0,0,0,0,1)",41,0.34228479237953574,0.1778559904744197,-232.22066615776333,-215.08494549072026,0.012640084139695138,6.61013003386609e-4,-0.3716827521892313,NA,NA,-1.3716827521892316,0.7497079703707498
ext,TTO,Trinidad and Tobago,High income,insufficient_obs,NA,23,NA,NA,NA,NA,NA,NA,NA,NA,NA,NA,NA
ext,TUN,Tunisia,Lower middle income,ok,"(1,0,0,1,0,0,1)",41,0.6869042639327666,0.5960055018487311,-400.9463640009663,-382.0970712672189,0.0016011573140726687,0.03330681342589691,0.6654166109097553,2.40219089832533,0.3377947891247476,-0.33458338909024504,0.363895893415561
ext,TUR,Turkey,Upper middle income,ok,"(1,0,0,0,0,0,0)",41,0.2410175661430757,0.08002129229463717,-256.24666709741797,-240.8245184970792,0.009515075622473366,-0.004999898090664134,0.3582702783758192,2.7476289786938994,0.21129429965109378,-0.6417297216241808,0.368220368597747
ext,TWN,NA,NA,insufficient_obs,NA,0,NA,NA,NA,NA,NA,NA,NA,NA,NA,NA,NA
ext,TZA,Tanzania,Lower middle income,ok,"(1,0,0,1,0,0,1)",41,0.6230606551990415,0.513626651869731,-394.15143777400164,-375.30214504025423,0.0017394894368276896,0.0019654951815548634,0.8089351988404777,0.7510895575573521,0.9815530612373398,-0.19106480115952226,0.25353709592639834
ext,UGA,Uganda,Low income,ok,"(1,2,1,0,0,2,2)",29,0.7338832305603089,0.4677664611206178,-195.71902679488014,-173.84229351509654,0.0068671273783415645,-0.1872410976675825,0.6324615327807991,3.0446819679669086,0.13425454676800747,-0.3675384672192006,0.6943920889147891
ext,URY,Uruguay,High income,ok,"(1,0,0,0,0,1,1)",31,0.3751244064020944,0.10732058057442062,-191.7881576198054,-176.0142983704688,0.0093497821028059,-0.009038269704308955,-0.17311927087678558,5.719533621076972,9.121096393635761e-4,-1.1731192708767861,0.6720615549147614
ext,USA,United States,High income,ok,"(1,0,0,0,0,0,1)",61,0.5373004206075489,0.4661158699317872,-461.36913012513844,-440.26039148340533,0.00506818725861664,0.029001643089901843,0.07836780195959843,NA,NA,-0.9216321980404016,0.7547509700396319
ext,VCT,NA,NA,insufficient_obs,NA,0,NA,NA,NA,NA,NA,NA,NA,NA,NA,NA,NA
ext,VEN,Venezuela,Upper middle income,ok,"(1,0,1,1,1,0,0)",41,0.45760396463175035,0.27680528617566713,-317.4452924274551,-296.88242762700344,0.0043975040010511045,0.003770100844060524,-0.12456605918482859,NA,NA,-1.1245660591848288,0.78330981748078
ext,YEM,Yemen,Low income,insufficient_obs,NA,24,NA,NA,NA,NA,NA,NA,NA,NA,NA,NA,NA
ext,ZAF,South Africa,Upper middle income,ok,"(1,0,0,0,0,1,1)",43,0.22463814106754804,0.013175815904151955,-265.375715134406,-246.0025138617768,0.00977262334192272,0.01781975299136649,0.05786067826840105,5.894598436164891,8.011755765528444e-4,-0.9421393217315991,0.572415761084978
ext,ZMB,Zambia,Lower middle income,ok,"(1,1,1,0,0,1,1)",30,0.6806941060816214,0.48556272646483445,-239.2047146078216,-220.98914864621355,0.0037589925432091483,0.033499268443599545,0.7643703145296522,2.712794105048253,0.22266205996013155,-0.23562968547034782,0.6184557507287096
cs_base,ALB,Albania,Upper middle income,insufficient_obs,NA,29,NA,NA,NA,NA,NA,NA,NA,NA,NA,NA,NA
cs_base,ARE,United Arab Emirates,High income,ok,"(1,1,1,0)",42,0.6822785362564968,0.6278119996147533,-343.36146658579275,-329.4601096395258,0.0036761456542070284,-0.0146771474967788,0.7137590751381635,3.390871939055662,0.15069155192509281,-0.2862409248618364,0.5441395935898115
cs_base,ARG,Argentina,Upper middle income,ok,"(1,0,0,0)",42,0.3108620047562206,0.23636059986500124,-235.7272247256913,-225.30120701599108,0.013504986274411664,0.01015155049657246,-0.30178701288877197,NA,NA,-1.3017870128887716,0.7044576492520499
cs_base,ATG,Antigua and Barbuda,High income,ok,"(2,2,2,2)",31,0.8935320380439853,0.8318926916483979,-343.43469084889887,-324.792857190592,7.984897184315969e-4,-0.029428576398121905,0.7482615107600279,3.134529682281018,0.1963586381524729,-0.25173848923997233,0.70898900072087
cs_base,AUS,Australia,High income,ok,"(1,1,0,0)",71,0.23186999328437333,0.17278306969086354,-449.9830905955439,-434.1443314562547,0.00963571488565417,0.015603765078868008,-0.374551418649713,NA,NA,-1.3745514186497128,0.7048583560581723
cs_base,AUT,Austria,High income,ok,"(1,0,0,0)",42,0.36947437094856933,0.30130943807814436,-325.41229159829896,-314.98627388859876,0.004643087727255923,1.7978872592882915e-4,-0.5888344779340763,NA,NA,-1.5888344779340766,0.7944873889388049
cs_base,AZE,Azerbaijan,Upper middle income,insufficient_obs,NA,29,NA,NA,NA,NA,NA,NA,NA,NA,NA,NA,NA
cs_base,BDI,Burundi,Low income,ok,"(1,0,0,1)",42,0.619845038599079,0.5670457384045067,-339.29058905962546,-327.1269017316419,0.0038963948950511413,0.004727016936934613,0.7568852079788274,2.3282165093977842,0.4161057478259044,-0.24311479202117237,0.21605875897974502
cs_base,BEL,Belgium,High income,ok,"(1,0,1,1)",42,0.25373594571840974,0.12580496498442284,-315.43146468377586,-301.5301077375089,0.005126201052970941,-0.034904110500261994,0.1288430705846899,8.71243617167921,6.187078906840811e-4,-0.8711569294153104,0.5865730500903428
cs_base,BEN,Benin,Lower middle income,ok,"(1,0,0,1)",42,0.5854675754017189,0.5278936275408466,-311.38196962353044,-299.2182822955469,0.005431944696894503,-0.0021683954354540366,0.7035700293441094,2.4452644485449424,0.3767496712843818,-0.2964299706558904,0.21660803377460786
cs_base,BFA,Burkina Faso,Low income,ok,"(1,0,0,0)",42,0.40716598597571285,0.3430758222974115,-272.86801030686104,-262.44199259716083,0.008679003879066796,0.013369494820533678,0.6354062201152884,2.377397814414647,0.399269431509699,-0.3645937798847117,0.20446516515220237
cs_base,BGD,Bangladesh,Lower middle income,ok,"(1,0,0,1)",42,0.4455648248525145,0.3685599394153637,-318.88468146327074,-306.7209941352872,0.004967810556370034,-4.8445184883942095e-4,0.5357518399341126,3.728227238760812,0.10421079995495192,-0.46424816006588715,0.3104244783736902
cs_base,BGR,Bulgaria,Upper middle income,ok,"(1,1,0,0)",41,0.1971920903756745,0.08250524614362809,-203.22947837541741,-191.23447390848725,0.018518843258014523,0.023985047630594655,0.35138106606367703,5.090759035650415,0.019241008756301376,-0.6486189339363228,0.37344570222663903
cs_base,BHR,Bahrain,High income,ok,"(1,1,0,1)",42,0.5935523409058865,0.5238755993468955,-290.5915982746578,-276.69024132839087,0.006890044507398633,0.029779428885107168,0.5414766225450809,6.620754158553817,0.0022574565579442174,-0.4585233774549191,0.4421575258894707
cs_base,BHS,Bahamas,High income,ok,"(1,1,1,0)",42,0.7698611285688097,0.7304087506091771,-370.7788055548222,-356.87744860855526,0.0026524080731845146,-0.004293155869273593,0.23905883600086864,8.958747596829367,5.554984523717124e-4,-0.7609411639991311,0.910677808392986
cs_base,BLR,Belarus,Upper middle income,insufficient_obs,NA,29,NA,NA,NA,NA,NA,NA,NA,NA,NA,NA,NA
cs_base,BLZ,Belize,Upper middle income,ok,"(1,0,1,1)",42,0.6826773066775763,0.6282791306794465,-357.28688093098026,-343.3855239847133,0.0031145543759317235,-9.01527671455802e-4,0.15647006973951724,8.093675022870201,7.774968897810171e-4,-0.8435299302604824,0.8768397609759118
cs_base,BOL,Bolivia,Lower middle income,ok,"(1,0,1,1)",42,0.6825229670853993,0.6280983328714678,-357.2664579133536,-343.3651009670866,0.003115311713219364,-0.0011436621167912016,0.1628096995103829,8.08548656933096,7.795982439855441e-4,-0.837190300489617,0.8767798582287606
cs_base,BRA,Brazil,Upper middle income,ok,"(1,0,0,0)",42,0.06358404125187996,-0.03765011645061955,-281.5595328599085,-271.13351515020827,0.007825880507584568,5.00153782226418e-4,0.01547330145385812,NA,NA,-0.9845266985461419,0.5536224410012626
cs_base,BRB,Barbados,High income,ok,"(2,2,2,2)",41,0.8789222432821548,0.8329961976305584,-457.9659458324541,-435.6895089652981,7.86573691389036e-4,-0.023423681856507866,0.7645999670159501,3.7905899269855237,0.0970659215429802,-0.2354000329840498,0.5780280576769397
cs_base,BTN,Bhutan,Lower middle income,ok,"(1,0,0,0)",40,0.4990499317347724,0.44179849536160354,-338.28008932041763,-328.146812595734,0.0032448895921436266,-0.009232789189795716,0.6964181985813951,2.381785186782548,0.39778495765939786,-0.3035818014186051,0.21396255378792084
cs_base,BWA,Botswana,Upper middle income,ok,"(1,0,0,0)",42,0.7797009421263013,0.7558848277615771,-370.99279827772943,-360.56678056802923,0.0026986577610413195,-0.0299977191499348,0.8883137177147552,1.6559022382622057,0.6690884053591175,-0.11168628228524512,0.15183541921480379
cs_base,CAF,Central African Republic,Low income,ok,"(1,0,1,0)",42,0.8588549580361596,0.8392514799856262,-389.73922764976965,-377.5755403217861,0.002137149023700308,0.008431278185097757,0.7560385190826306,5.238473798062028,0.015591049902536003,-0.24396148091736905,0.3680274649007782
cs_base,CAN,Canada,High income,ok,"(1,0,0,0)",71,0.23073901778822165,0.18411714007841684,-533.3342478815003,-519.7581686192525,0.005392166681915656,-0.004479638709456229,0.02266934349771462,NA,NA,-0.9773306565022858,0.5537024650115269
cs_base,CHE,Switzerland,High income,ok,"(1,0,1,1)",43,0.18753561611905709,0.05212488547223326,-283.23700979482993,-269.14740886928143,0.008151135319057194,-0.002296056055390514,0.10375407964020851,8.950288811916266,5.576691801113466e-4,-0.8962459203597912,0.5117225279632669
cs_base,CHL,Chile,High income,ok,"(1,0,0,1)",44,0.30281894618613503,0.21108459700010018,-294.9003280351966,-282.41100059776875,0.007782576729133847,0.0050501683820751275,0.4421527315156797,4.032719605242234,0.0733858148605563,-0.5578472684843201,0.35938994589097956
cs_base,CIV,Cote d'Ivoire,Lower middle income,ok,"(1,0,0,0)",37,0.16931450547643617,0.0654788186609907,-220.16641482734585,-210.5009073514805,0.01129120118875976,0.00335217874258943,-0.2557713907822898,NA,NA,-1.2557713907822894,0.7973230548441087
cs_base,COG,Congo,Lower middle income,ok,"(1,0,0,0)",42,0.6843594885019022,0.6502361899615673,-514.5025020086665,-504.0764842989663,4.888525688904711e-4,6.715399529681749e-4,0.7715664765262337,2.3410816640730205,0.41176936544261583,-0.22843352347376597,0.20197266587546256
cs_base,COL,Colombia,Upper middle income,ok,"(1,0,0,0)",42,0.17920688010843894,0.09047248876881075,-248.54382213597637,-238.11780442627617,0.011593915449835061,0.0011584254137011055,-0.4120444848224567,NA,NA,-1.412044484822457,0.6752232187703211
cs_base,COM,Comoros,Lower middle income,ok,"(1,0,0,0)",38,0.8057382859597695,0.7821914115306506,-315.778414751036,-305.9528977926777,0.003478086083903296,0.027731246454647966,0.773959602554985,3.2771592518841284,0.17002012958882942,-0.2260403974450154,0.28429894827283414
cs_base,CPV,Cabo Verde,Lower middle income,ok,"(1,0,0,0)",41,0.7949745606863245,0.7721939563181384,-388.53006832972443,-378.24863592949856,0.0019529289698922009,-0.013708374330693872,0.8173309026178709,1.0788384323929399,0.8680379474079752,-0.1826690973821293,0.10703995699798118
cs_base,CRI,Costa Rica,Upper middle income,ok,"(2,2,2,2)",41,0.5639342407631971,0.3985299872595821,-238.247214501004,-215.970777633848,0.01146647841209451,0.0054888361007378395,-0.9271028555880907,7.615132838758921,9.003023286598996e-4,-1.9271028555880911,0.8125533650672204
cs_base,CYP,Cyprus,High income,ok,"(1,0,0,0)",42,0.15369088037693018,0.06219800257984154,-199.7173275569356,-189.2913098472354,0.020733447612510055,0.04504267820398684,-0.34764911842526214,NA,NA,-1.347649118425262,0.6696230296603164
cs_base,CZE,Czech Republic,High income,ok,"(1,0,1,1)",29,0.38280221318277674,0.21447554405080682,-195.72367850969803,-184.78531186980624,0.007217691637052621,3.740420851327748e-4,-0.5446867827676001,NA,NA,-1.5446867827676007,0.7994849291000794
cs_base,DEU,Germany,High income,ok,"(1,0,0,0)",42,0.20449919931310592,0.11849911275236058,-300.925846129917,-290.4998284202168,0.006214497734012162,-0.01913831825783843,0.2773412389144671,6.601017500238691,0.00234817476248221,-0.7226587610855328,0.41644124739243354
cs_base,DMA,Dominica,Upper middle income,ok,"(1,0,0,1)",32,0.7457487648814716,0.6968542965894469,-340.04408418870895,-329.78393286911086,0.0010625775556633169,-0.019077969077888723,0.8086374217200403,1.2777412523636777,0.8061031563008637,-0.19136257827995976,0.29481794176413506
cs_base,DNK,Denmark,High income,ok,"(1,0,0,1)",52,0.13276901157115148,0.03850477369845051,-361.27035438061523,-347.61164835054524,0.006970933275288076,0.003046311913488084,0.07435756181228627,NA,NA,-0.9256424381877134,0.5563861766227354
cs_base,DZA,Algeria,Lower middle income,ok,"(1,0,1,0)",42,0.2587002072817515,0.1557419027375503,-287.5807161679791,-275.41702883999557,0.007211272773558354,-0.0018965895183802248,0.45378680035405555,3.8146169528491396,0.09419243786703538,-0.5462131996459446,0.3459998950128205
cs_base,ECU,Ecuador,Upper middle income,ok,"(1,0,0,0)",32,0.49864192726981205,0.4243666572357101,-167.49729665237265,-158.7028812355743,0.015944612597329794,0.027470415739101944,-0.3605218258937362,NA,NA,-1.3605218258937364,0.8220110574618608
cs_base,EGY,Egypt,Lower middle income,ok,"(1,0,1,0)",42,0.47884291532291046,0.406459986895537,-338.68213185607885,-326.5184445280953,0.00392472104699975,-0.010495262095858007,0.5331972324183224,5.201554003358776,0.016340418448700288,-0.466802767581678,0.42292420733936403
cs_base,ESP,Spain,High income,ok,"(1,0,0,0)",42,0.07258769881300225,-0.027673090504511055,-311.56102095702903,-301.1350032473288,0.005475456670942473,0.0035655011486123065,0.07062000430806818,10.493218585524586,1.6171627502074165e-4,-0.9293799956919315,0.5314846989141908
cs_base,ETH,Ethiopia,Low income,ok,"(1,1,1,0)",42,0.5777612192494586,0.5053774282636514,-272.7478886214945,-258.84653167522754,0.008520735467846464,0.05443790841772593,0.6125941430124996,2.946687208114819,0.2368199856616222,-0.3874058569875004,0.2555814046545279
cs_base,FIN,Finland,High income,ok,"(1,1,0,0)",71,0.13486620058953855,0.06831744678873386,-474.8202211825309,-458.98146204324166,0.008089501626526881,0.011757357961613715,0.18845856219027238,NA,NA,-0.8115414378097274,0.4437439971082674
cs_base,FJI,Fiji,Upper middle income,ok,"(1,0,0,0)",32,0.7875109202272781,0.7560310565572452,-319.9022861097139,-311.1078706929155,0.0014737247561187761,0.01577058419277039,0.9085853803613886,1.4169093971793738,0.7586009292138903,-0.0914146196386111,0.17349395325344666
cs_base,FRA,France,High income,ok,"(1,0,1,1)",71,0.2782992137154221,0.21063976500124293,-496.38381879879967,-478.28237978246915,0.006905915688933142,-0.005707873459211198,-0.1373526633353524,NA,NA,-1.1373526633353532,0.6563928916974466
cs_base,GAB,Gabon,Upper middle income,ok,"(1,0,1,0)",42,0.8169734960735218,0.7915531483059554,-431.6399490131321,-419.47626168514853,0.0012977793317062304,-0.0023528082619350336,0.7623963647004206,2.4088252421008356,0.388669678980712,-0.23760363529957876,0.21174827123064122
cs_base,GBR,United Kingdom,High income,ok,"(1,0,1,0)",60,0.22156997521746122,0.14949312107092994,-400.64116894706507,-385.9807570115104,0.008053879727441338,-0.005172997633454708,-0.3757357340228631,NA,NA,-1.3757357340228633,0.6854158128057826
cs_base,GHA,Ghana,Lower middle income,ok,"(1,0,0,0)",42,0.43955771599069104,0.37896936096265765,-364.03604083376206,-353.61002312406185,0.0029316724577118803,6.438507713670914e-4,0.6525401071975735,2.2873382178612434,0.42945203114020425,-0.3474598928024259,0.1982552799154451
cs_base,GIN,Guinea,Lower middle income,ok,"(1,2,0,0)",31,0.7265386664118489,0.6581733330148112,-233.4071955919819,-221.93529795610073,0.004923830230435123,0.0031926073474382887,0.7342988737301209,2.808264081166795,0.2709904837352021,-0.2657011262698788,0.32613048800804445
cs_base,GMB,Gambia,Low income,ok,"(1,0,0,0)",42,0.5789489417802073,0.5334299084591486,-346.1895453992813,-335.7635276895811,0.0036256418831446115,-0.0013597809515537695,0.7123416519668857,1.812526651812483,0.6090200608261056,-0.2876583480331143,0.16384382237990086
cs_base,GNB,Guinea-Bissau,Low income,ok,"(1,1,1,1)",36,0.7600485796168289,0.7000607245210362,-231.89089076946382,-217.63922032335884,0.008531516616734966,0.07414334262036144,0.6764405645957116,5.756389124979803,0.007497083031261327,-0.3235594354042887,0.5404978869782215
cs_base,GNQ,Equatorial Guinea,Upper middle income,ok,"(1,1,1,1)",42,NA,NA,-Inf,-Inf,0,0,0,NA,NA,NA,NA
cs_base,GRC,Greece,High income,ok,"(1,0,0,0)",55,0.09709509795206234,0.024862705788227357,-347.11590756411294,-335.0719084527181,0.0096966626238941,0.007480722689320396,0.2411453005691115,8.434405004805917,6.900573779467185e-4,-0.7588546994308883,0.4028968104357216
cs_base,GRD,Grenada,Upper middle income,ok,"(1,0,0,1)",42,0.7802835354673527,0.7497673598378184,-456.8599349495082,-444.69624762152466,9.611898543427686e-4,0.0012288428341877113,0.8467233342551088,0.9059732828705971,0.9126773454643098,-0.15327666574489168,0.21796191161911382
cs_base,GTM,Guatemala,Upper middle income,ok,"(1,0,1,1)",42,0.682353179120758,0.6278994383986022,-357.24400215250563,-343.34264520623867,0.0031161446423433013,-7.827197116827578e-4,0.15691343133536242,8.076487697595253,7.819075709991504e-4,-0.8430865686646374,0.8767139596127818
cs_base,GUY,Guyana,High income,ok,"(1,0,1,1)",42,0.6895014907876313,0.6362731749226538,-358.1999658030386,-344.29860885677164,0.003080882329320466,0.0036674695814524973,0.1678659293518265,8.463867909585097,6.824964876591184e-4,-0.8321340706481732,0.8794883838567367
cs_base,HND,Honduras,Lower middle income,ok,"(1,1,1,1)",42,0.7042853789648773,0.643402956987058,-358.24890341998616,-342.60987685543586,0.0030505371213290387,-0.0046864540236637425,0.14148733096422286,8.67732791333675,6.277175145316128e-4,-0.8585126690357767,0.8852263510426037
cs_base,HTI,Haiti,Lower middle income,ok,"(1,0,1,1)",42,0.6837917845631916,0.6295846619168814,-357.43464994692926,-343.5332930006623,0.003109080208544774,9.313440504377281e-4,0.15242324380470282,8.153040663638091,7.62262237934459e-4,-0.8475767561952973,0.8772723154879837
cs_base,HUN,Hungary,High income,ok,"(1,1,0,1)",33,0.31447863417289174,0.1562813959050976,-217.04395949253984,-205.071899000808,0.007980915859839524,-0.01770893397815969,0.03183896517912241,8.838108221232652,5.864574189124426e-4,-0.9681610348208778,0.5903945783760728
cs_base,IDN,Indonesia,Upper middle income,ok,"(1,1,1,1)",42,0.3548259027120406,0.22199594150569613,-220.47023171369597,-204.83120514914566,0.015729531970501566,-0.027277235121497552,-0.06570949203479619,NA,NA,-1.0657094920347965,0.6561225931095881
cs_base,IND,India,Lower middle income,ok,"(1,0,0,0)",71,0.041254529441906676,-0.016851256652523183,-426.54817007156333,-412.97209080931543,0.011438237603145341,-0.019431937901432272,0.06516383213603644,NA,NA,-0.9348361678639642,0.48501242395158434
cs_base,IRL,Ireland,High income,ok,"(1,0,0,0)",47,0.3919992514055777,0.33409441820610886,-301.85616892145157,-290.7552833111912,0.009080782101523117,-0.0373331454045644,-0.2859752057691402,NA,NA,-1.2859752057691403,0.7167135915992957
cs_base,IRN,Iran,Lower middle income,ok,"(1,1,1,1)",42,0.5148711015371252,0.4149916224418275,-238.63377393212983,-222.99474736757952,0.012670891022415535,-0.007117407133764762,-0.4699127112048952,NA,NA,-1.469912711204896,0.8294597742641225
cs_base,ISL,Iceland,High income,ok,"(1,0,0,0)",42,0.32162706845169514,0.24828945423025672,-251.77164517803874,-241.34562746833853,0.011156853419338562,-0.022980958050899468,-0.12300986466132591,NA,NA,-1.1230098646613254,0.6904488093399845
cs_base,ISR,Israel,High income,ok,"(1,0,0,0)",39,0.5863262934006943,0.5376587985066583,-365.7364139140595,-355.7550440372816,0.0020434565661802658,0.0010115306076542213,0.763227800515492,1.38278531899669,0.7706225043436146,-0.2367721994845084,0.13991858310821553
cs_base,ITA,Italy,High income,ok,"(1,0,0,0)",48,0.22715221888098103,0.15525940203270028,-383.82534024418135,-372.59813417873397,0.004139754828195792,-0.011950479713721178,0.2753954655502015,7.012144769221659,0.001390076406288647,-0.7246045344497988,0.394780295979365
cs_base,JAM,Jamaica,Upper middle income,ok,"(1,0,1,1)",42,0.6835461497814954,0.629296918315466,-357.40203644942505,-343.5006795031581,0.0031102875617156378,0.0015551486284470556,0.14681220846530527,8.139920347040434,7.656292268677284e-4,-0.8531877915346945,0.8771769789770347
cs_base,JOR,Jordan,Lower middle income,ok,"(1,1,0,0)",42,0.30566398285046253,0.20922842491302684,-282.20499840905063,-270.0413110810671,0.00768785725794451,0.0277798454314461,0.48604324563746587,3.8474620419482166,0.09062946386216168,-0.5139567543625345,0.3007567265659223
cs_base,JPN,Japan,High income,ok,"(1,1,0,0)",67,0.23663729475175893,0.17406658120682117,-466.4152142957071,-450.9823659599703,0.0070324697295025525,0.009282231203589997,0.22693909618318828,NA,NA,-0.7730609038168117,0.49625864250339324
cs_base,KAZ,Kazakhstan,Upper middle income,ok,"(1,0,1,0)",29,0.10423299890225625,-0.09049895785812301,-158.11030142437144,-148.53923061446613,0.013975398903755149,-0.004167867451558189,0.01333247716895119,5.930149238465682,0.005844926544676266,-0.9866675228310487,0.5156752531606359
cs_base,KEN,Kenya,Lower middle income,ok,"(1,1,0,1)",42,0.39147154315911586,0.28715237912924996,-220.76982234714237,-206.8684654008754,0.015820224654445273,-0.18619306277955688,0.15677167357179134,10.644697691079749,1.228430917229521e-4,-0.843228326428208,0.6022001789190327
cs_base,KGZ,Kyrgyzstan,Lower middle income,insufficient_obs,NA,29,NA,NA,NA,NA,NA,NA,NA,NA,NA,NA,NA
cs_base,KNA,Saint Kitts and Nevis,High income,ok,"(1,0,0,1)",38,0.7673173511733238,0.7309606872941556,-409.5511875042814,-398.0880843861967,0.0010017013791008447,0.0017453643110734644,0.8358856094777226,0.8967739964573814,0.9147504965691337,-0.1641143905222771,0.24449456723382915
cs_base,KWT,Kuwait,High income,ok,"(1,0,0,0)",31,0.14092123830714956,0.008755274969788007,-165.2679256015864,-156.66400237467553,0.015143963272120736,-0.006832047962816079,-0.11412005089133209,8.904403062755327,5.694445674253417e-4,-1.1141200508913323,0.5780427210635859
cs_base,LAO,Lao PDR,Lower middle income,ok,"(1,0,1,0)",42,0.42703457999132355,0.347456049434563,-389.8357229917771,-377.67203566379357,0.0021346953746473885,-0.0033605280885585587,0.6109212809362137,3.1148619511670286,0.2002200373270235,-0.3890787190637863,0.34626095348897745
cs_base,LBN,Lebanon,Lower middle income,ok,"(1,0,0,0)",32,0.24026442068933504,0.1277110015321995,-206.20966006025606,-197.4152446434577,0.00870798417201712,-0.006642275080360817,0.1513606138071343,9.275812798986703,4.741318924383071e-4,-0.8486393861928655,0.5788045146498408
cs_base,LCA,Saint Lucia,Upper middle income,ok,"(1,1,0,0)",41,0.8201103701399319,0.7944118515884937,-453.73361374687244,-441.7386092799423,8.727206944670722e-4,0.006767001459774835,0.8426355931747986,1.4029178119473795,0.7635264505910109,-0.15736440682520147,0.37306092734503565
cs_base,LKA,Sri Lanka,Lower middle income,ok,"(1,0,0,1)",42,0.4874183529447143,0.416226457520369,-342.32581596569685,-330.1621286377133,0.003758117195463951,0.0030486001660061687,0.522350285522851,4.344261502342024,0.05063225237105008,-0.47764971447714977,0.3431634782266609
cs_base,LSO,Lesotho,Lower middle income,ok,"(1,0,0,0)",42,0.7303615383802304,0.7012114344213365,-368.102692725869,-357.6766750161688,0.0027931236079937467,-0.006910100180735903,0.8465043473189454,1.1799927096673084,0.8379624207022727,-0.15349565268105408,0.11313456706193108
cs_base,LUX,Luxembourg,High income,ok,"(1,0,0,0)",42,0.21963233669001628,0.13526826498082878,-223.9137543275813,-213.4877366178811,0.015544323492558647,-3.7956704172218526e-4,-0.22376880285513398,NA,NA,-1.2237688028551346,0.6581804626709772
cs_base,MAR,Morocco,Lower middle income,ok,"(1,1,1,1)",42,NA,NA,-Inf,-Inf,0,0,0,NA,NA,NA,NA
cs_base,MDG,Madagascar,Low income,ok,"(1,0,0,0)",42,0.29443318895297244,0.21815569586680728,-250.34457415579067,-239.91855644609046,0.011348015766009665,-0.03498499883722088,0.49340594776514696,3.7214676379753517,0.10498680634657322,-0.506594052234853,0.2868964208090347
cs_base,MDV,Maldives,Upper middle income,ok,"(1,0,0,1)",42,0.8063217646640093,0.7794220097562328,-359.11597062063004,-346.9522832926465,0.003077246773751514,0.017667534574883487,0.7476276633078578,3.478340167801689,0.1371289610660036,-0.2523723366921428,0.2879222178294938
cs_base,MEX,Mexico,Upper middle income,ok,"(2,2,2,2)",39,0.5717546549884652,0.39728432924302515,-243.3193153964973,-221.69301399681189,0.009206110054636788,0.012964750399454376,-0.21138324393551128,10.244843909509568,2.2545519314991477e-4,-1.2113832439355112,0.6824508292703926
cs_base,MKD,North Macedonia,Upper middle income,insufficient_obs,NA,29,NA,NA,NA,NA,NA,NA,NA,NA,NA,NA,NA
cs_base,MLI,Mali,Low income,ok,"(1,0,1,1)",42,0.687830586163209,0.6343158295054734,-318.5673167411639,-304.66595979489693,0.004938359925828223,-0.02605936600691728,0.667501131499482,6.028674777805007,0.005186010085915227,-0.33249886850051835,0.4143275994950476
cs_base,MLT,Malta,High income,ok,"(1,0,0,1)",42,0.4686638529100469,0.3948671658142201,-314.0207929909444,-301.85710566296086,0.0052639549998339235,0.004034548066366881,-0.5539686181098142,NA,NA,-1.5539686181098147,0.8146264772448608
cs_base,MUS,Mauritius,Upper middle income,ok,"(1,1,0,1)",47,0.7190025737025401,0.6768529597579211,-430.731713760464,-415.93053294678356,0.0022636663545230013,-0.003899329544669396,0.743211610187748,2.6869992491592556,0.30353187937761034,-0.2567883898122517,0.2878403913436874
cs_base,MWI,Malawi,Low income,ok,"(1,0,0,2)",28,0.40663273091402224,0.2370992254608858,-144.39535705946412,-133.7377209780625,0.01593399659668747,-0.02300481093526179,0.3986170875258324,3.6034502927751846,0.1194322296344238,-0.6013829124741678,0.5883918169612302
cs_base,MYS,Malaysia,Upper middle income,ok,"(1,0,0,0)",42,0.1677508574650564,0.07777797719100843,-282.28812558677174,-271.86210787707154,0.007758294523088097,0.004882131350812907,-0.002823774632823514,10.846315212625584,7.110318447717593e-5,-1.0028237746328237,0.5397166146066092
cs_base,NAM,Namibia,Upper middle income,ok,"(1,1,0,0)",33,0.7146769562314705,0.6618393555335947,-318.6864120376077,-308.21085910734234,0.0017305666198636344,0.041224101653057434,0.8714324336386637,1.8727253986069832,0.5858181773286915,-0.12856756636133634,0.2565167129806029
cs_base,NER,Niger,Low income,ok,"(1,1,0,1)",42,0.6907279566883342,0.6377098921206201,-297.3702239717891,-283.4688670255221,0.006355875239770242,0.09567968955666006,0.5840264631539365,6.612279327220595,0.0022964105424555185,-0.4159735368460631,0.5144806732425776
cs_base,NGA,Nigeria,Lower middle income,ok,"(1,0,1,0)",42,0.7997993257011523,0.771993676492979,-422.462125522659,-410.29843819467544,0.0014476106951834742,0.010706437750856071,0.7638915416960619,3.1409995365159404,0.19508940103973565,-0.2361084583039377,0.2755832332135166
cs_base,NLD,Netherlands,High income,ok,"(1,0,1,1)",42,0.5198848198568299,0.4375793604037149,-334.3953049064338,-320.49394796016685,0.004090244902880252,-0.02008406182076656,-0.3723430813903951,NA,NA,-1.372343081390395,0.8244233584195486
cs_base,NOR,Norway,High income,ok,"(1,0,1,0)",65,0.1591895914751307,0.08793447210861638,-377.203604019294,-361.98289313002454,0.012528213316922325,0.0024629531905532753,-0.27641052833653634,NA,NA,-1.276410528336536,0.6499829311686421
cs_base,NPL,Nepal,Lower middle income,ok,"(1,0,0,0)",42,0.6761353805803386,0.6411229892917265,-345.89440985034923,-335.46839214064903,0.003638403047922701,0.015277465327061574,0.7494488365698437,1.9941653987787409,0.5387169256909139,-0.25055116343015643,0.17735112638909867
cs_base,NZL,New Zealand,High income,ok,"(1,1,0,1)",71,0.2085981622422523,0.13440423995246353,-372.6909285344906,-354.58948951816006,0.01650156265055172,0.024863917468444647,0.014231926646494348,NA,NA,-0.985768073353506,0.5826211328071097
cs_base,OMN,Oman,High income,ok,"(1,1,1,1)",42,NA,NA,-Inf,-Inf,0,0,0,NA,NA,NA,NA
cs_base,PAK,Pakistan,Lower middle income,ok,"(1,0,1,0)",42,0.25133727125078,0.1473563367022772,-296.53142247337735,-284.3677351453938,0.006482391086927358,-0.05472398058878172,0.25316858236271794,7.820350114110463,8.476386379721541e-4,-0.7468314176372814,0.4857321895092795
cs_base,PAN,Panama,High income,ok,"(1,0,1,1)",42,0.708435733802734,0.6584532881689169,-360.8425491615587,-346.9411922152917,0.002985468544393283,0.011941396420943703,0.15873206419359387,9.581740008525522,3.9562360940746346e-4,-0.8412679358064061,0.8868371992568089
cs_base,PHL,Philippines,Lower middle income,ok,"(1,1,0,0)",42,0.38292728236104956,0.2972227382445287,-315.33533017016845,-303.1716428421849,0.0051822192604953354,-0.018396231956465035,0.47511786261941497,4.309570822469636,0.05298232570007868,-0.5248821373805853,0.3308641284166009
cs_base,POL,Poland,High income,ok,"(1,1,1,0)",36,0.2863710684519614,0.13872370330409134,-243.7462742361584,-231.07812272850953,0.007310715567658204,0.0046197060655047174,-0.06748514861070207,10.469761511576362,1.6773592460790572e-4,-1.0674851486107022,0.5958983464608326
cs_base,PRT,Portugal,High income,ok,"(1,0,0,0)",71,0.41940053337204053,0.38421268690974,-450.9672180475929,-437.391138785345,0.009631093702807302,-0.005466861955210972,-0.32712341975815723,NA,NA,-1.3271234197581574,0.7820714891348133
cs_base,PRY,Paraguay,Upper middle income,ok,"(1,1,1,1)",42,0.7127660179011357,0.6536296098219578,-359.4710076134853,-343.831981048935,0.003006476578026557,0.007162851458784166,0.1432390485894533,9.173724987494136,5.003300812517177e-4,-0.8567609514105471,0.8885178821572892
cs_base,QAT,Qatar,High income,ok,"(1,1,0,1)",32,0.722374312721899,0.6557441477751548,-371.5810568812332,-359.8551696588354,6.416532507775727e-4,0.002629023704875416,0.624714253674202,4.49793169435555,0.042308060384044756,-0.3752857463257974,0.43320636807074825
cs_base,RUS,Russian Federation,Upper middle income,ok,"(1,0,1,1)",30,0.43390463468214213,0.2862275828600922,-138.83913015024484,-127.6295510969476,0.02092649709287167,-0.04158294742002135,-0.22186652820093022,NA,NA,-1.2218665282009311,0.7309638416746511
cs_base,RWA,Rwanda,Low income,ok,"(1,1,0,0)",42,0.7774862957268324,0.7465816145777813,-384.80148489014306,-372.6377975621595,0.0022665420879577946,0.03635347707087833,0.8093357141995867,4.624650572599352,0.036437649621123225,-0.19066428580041292,0.3796493666954007
cs_base,SAU,Saudi Arabia,High income,ok,"(1,1,1,1)",33,NA,NA,-Inf,-Inf,0,0,0,NA,NA,NA,NA
cs_base,SDN,Sudan,Low income,ok,"(1,1,0,0)",30,0.6364751936374402,0.5607408589785736,-307.62330443112893,-297.8149227594938,0.0012712492955604677,0.013401624865296616,0.7769610264735476,1.7348238872297672,0.6384574050707865,-0.22303897352645213,0.25497897589107105
cs_base,SEN,Senegal,Lower middle income,ok,"(1,0,0,0)",42,0.3760486074697942,0.30859440287193407,-269.9758005513488,-259.5497828416486,0.008983035284229066,-0.006755721378503521,0.625281066175074,2.555513476622771,0.3425981657880986,-0.3747189338249261,0.2164677954654989
cs_base,SGP,Singapore,High income,ok,"(1,0,0,0)",59,0.03648127294011286,-0.03489048461987898,-326.4556315459483,-313.990406882514,0.01436544084086422,0.029221652286321467,-0.06859435044449522,NA,NA,-1.0685943504444957,0.5509123676789864
cs_base,SLE,Sierra Leone,Low income,ok,"(1,0,0,0)",42,0.6571088328681968,0.6200395175025963,-377.09850895308716,-366.67249124338696,0.002509459752710331,0.0018693100610909113,0.7573772069768419,1.449673788564524,0.7471595326978795,-0.242622793023158,0.135487662260684
cs_base,SLV,El Salvador,Upper middle income,ok,"(1,0,0,1)",42,0.29103861086698996,0.1925717512651831,-213.97235416525012,-201.80866683726654,0.01732127454518039,0.006653846822230938,-0.23649036596448786,NA,NA,-1.236490365964488,0.7171276452815835
cs_base,STP,Sao Tome and Principe,Lower middle income,ok,"(1,1,0,0)",42,0.7215742541965494,0.682904011723848,-350.0690271988846,-337.90533987090106,0.0034271773761637226,0.012802359601940467,0.7602067153513379,2.141978604564912,0.48304410868692377,-0.23979328464866168,0.19471392618880276
cs_base,SUR,Suriname,Upper middle income,ok,"(1,1,1,1)",32,0.7955858114049756,0.7359650063980936,-272.02162515812336,-258.8300020329258,0.003007381867843377,0.00701172510512971,0.20662132653860896,6.866233695478117,0.001655432257720385,-0.7933786734613909,0.9212593335500321
cs_base,SVK,Slovakia,High income,ok,"(1,1,0,0)",29,0.4128398006661784,0.2851962790718694,-171.86543389647187,-162.29436308656656,0.011024731930189184,0.021495672957249076,-0.356894952116071,NA,NA,-1.356894952116071,0.7829169400574147
cs_base,SVN,Slovenia,High income,ok,"(1,0,1,0)",29,0.28538385247481685,0.13003251605629873,-212.77103101709457,-203.19996020718926,0.005445949876286085,3.7920974841045647e-4,-0.24987567085585735,NA,NA,-1.2498756708558578,0.6934464613976544
cs_base,SWE,Sweden,High income,ok,"(1,1,0,0)",71,0.13997139033285022,0.07381534343537721,-484.102263368106,-468.26350422881677,0.00757763110185026,0.020777102352282556,0.0031655118949349137,NA,NA,-0.9968344881050648,0.5353742892088297
cs_base,SWZ,Swaziland,Lower middle income,ok,"(1,0,1,1)",42,0.8174963009154452,0.78620995250095,-399.9589298041164,-386.05757285784944,0.0018740193376820822,0.004605592480013217,0.7569660255633995,3.2945552524672546,0.16688848455659183,-0.24303397443660021,0.3158288059099253
cs_base,SYC,Seychelles,High income,ok,"(1,0,0,0)",42,0.5743923327919825,0.5283806930938184,-256.07827915845394,-245.65226144875373,0.010599263455539543,-0.006320642873323075,0.7229859662195876,1.8757005955406496,0.584634814212197,-0.2770140337804126,0.16859168368169622
cs_base,SYR,Syrian Arab Republic,Low income,ok,"(1,0,0,0)",29,0.7257274906638697,0.6800154057745146,-389.35466201377744,-381.1508870338586,2.62771559276807e-4,0.002875155335028044,0.8555790050325633,1.0964208580128196,0.8630964249513685,-0.14442099496743674,0.15450335879879748
cs_base,TCD,Chad,Low income,ok,"(1,1,0,0)",42,0.6938560724681097,0.6513360825331249,-450.4527758667225,-438.28908853873895,0.001037373847534632,-0.0028939482370293067,0.7677044926185955,1.5263356515612994,0.7196357826657724,-0.23229550738140461,0.16217123737549968
cs_base,TGO,Togo,Low income,ok,"(1,0,0,0)",42,0.2772746817774695,0.19914221494260131,-329.9828698917691,-319.5568521820689,0.004397199922194996,-0.003756740368536747,0.4633470148307443,3.6150259390603336,0.11796368708335828,-0.5366529851692559,0.2809963972233059
cs_base,THA,Thailand,Upper middle income,ok,"(1,1,0,1)",42,0.30017984143299853,0.1802106713929411,-240.77421813581952,-226.87286118955257,0.01246770366510784,0.00806939800783674,-0.3477982651906034,NA,NA,-1.3477982651906038,0.7336589552495909
cs_base,TTO,Trinidad and Tobago,High income,ok,"(1,1,1,1)",42,0.7426283519506418,0.6896400714698916,-364.0816000582173,-348.442573493667,0.002845904137120912,0.0026483086498103286,0.32531910587052487,6.357034029693972,0.0034485665361489387,-0.674680894129475,0.9001081411483706
cs_base,TUN,Tunisia,Lower middle income,ok,"(1,0,1,0)",42,0.6911927167589152,0.6483028163087646,-420.6308321336512,-408.46714480566766,0.0014795167477585813,0.007924207775460346,0.6401926325278442,4.482864766450236,0.043011739697810795,-0.35980736747215636,0.36927394710795575
cs_base,TUR,Turkey,Upper middle income,ok,"(1,0,0,0)",42,0.3039823027674196,0.22873714630984332,-268.48924891920933,-258.0632312095091,0.009143423460409219,-0.006712478173969274,0.40026034598756344,4.951051563744965,0.023598034665834985,-0.5997396540124368,0.34863978498500114
cs_base,TWN,Taiwan,High income,ok,"(1,0,0,1)",35,0.28593332503074204,0.16281838107052526,-219.36640475988779,-208.4789683294619,0.009478604295782607,-0.007440679538926986,-0.3930018009151398,NA,NA,-1.3930018009151401,0.7278286506585451
cs_base,TZA,Tanzania,Lower middle income,ok,"(1,0,1,0)",42,0.6350640453098136,0.5843784960472878,-414.0141150247317,-401.85042769674817,0.0016007719064576873,-0.0024739745268953224,0.7035733067937223,1.626741982924477,0.6804491461285872,-0.2964266932062779,0.26588456888309125
cs_base,UGA,Uganda,Low income,ok,"(1,1,1,1)",31,0.45134779057404983,0.2843666833574563,-204.19639828725897,-191.29051344689265,0.00780098778246043,0.017270003573826246,0.5601579862349975,2.46766163566305,0.3696005989859229,-0.4398420137650025,0.3948964292756013
cs_base,URY,Uruguay,High income,ok,"(1,1,0,0)",32,0.2923472634992199,0.1562601987875314,-198.2275106876229,-187.9673593680248,0.009743316606162887,0.021150597175339615,-0.15365462814612338,NA,NA,-1.1536546281461235,0.6510165511168393
cs_base,USA,United States,High income,ok,"(1,1,0,0)",71,0.31311252942585727,0.2602750316893847,-517.067681362173,-501.22892222288374,0.006007746983569193,0.03634440944274845,0.025935145946501037,NA,NA,-0.974064854053499,0.6513959624657795
cs_base,VCT,Saint Vincent and the Grenadines,Upper middle income,ok,"(1,0,0,1)",42,0.7866338038861175,0.7569996099814116,-458.0917108425679,-445.92802351458437,9.471978079458974e-4,0.00821087224035351,0.8343101237434453,1.2007978166583426,0.8316874460287527,-0.1656898762565554,0.24056445888601807
cs_base,VEN,Venezuela,Upper middle income,ok,"(1,0,1,1)",42,0.7323781624636163,0.6865001331716648,-364.4413409449541,-350.53998399868715,0.002860264037848276,0.006465564824150283,0.11339030575168889,NA,NA,-0.8866096942483109,0.8961298067467349
cs_base,YEM,Yemen,Low income,ok,"(1,0,1,0)",32,0.20561553690267903,0.052849293999348124,-175.13513820881508,-164.87498688921698,0.013976815115578486,-0.0023839816952873094,-0.1335085716072437,9.479384135166665,4.2189058934573087e-4,-1.1335085716072435,0.644505955528268
cs_base,ZAF,South Africa,Upper middle income,ok,"(1,0,1,0)",44,0.24282182129934204,0.1431931135755713,-281.9028619426123,-269.41353450518443,0.009021277563514478,-0.015627130948984717,0.06858835949304183,9.30723334757113,4.660686236464623e-4,-0.9314116405069582,0.5804314592276274
cs_base,ZMB,Zambia,Lower middle income,ok,"(1,0,0,0)",42,0.2232800954287222,0.13931037601561103,-259.0777879241237,-248.6517702144235,0.010227458117137394,0.0018449307925667731,0.45860044513470694,3.5221654966955285,0.1307016834576724,-0.5413995548652931,0.27576885827284336
cs_ctrl,ALB,Albania,Upper middle income,insufficient_obs,NA,29,NA,NA,NA,NA,NA,NA,NA,NA,NA,NA,NA
cs_ctrl,ARE,United Arab Emirates,High income,ok,"(1,0,2,0,0,2,1,2,0,1)",41,0.8849452976000203,0.7908096320000368,-351.53258907152855,-317.2611477374424,0.0027879146549058165,8.22231927559036e-4,0.5713450166981073,5.262029949861493,7.25039545814789e-4,-0.4286549833018934,0.8351989256665993
cs_ctrl,ARG,Argentina,Upper middle income,ok,"(1,0,0,0,0,1,1,1,0,1)",42,0.609103639083305,0.4064166371265001,-239.54118571088765,-211.73847181835376,0.01190668442371037,0.008697028917991097,-0.2228482887341209,NA,NA,-1.2228482887341205,0.8323609636945467
cs_ctrl,ATG,Antigua and Barbuda,High income,ok,"(2,2,2,2,2,2,2,2,2,2)",31,0.9923379028138991,0.7701370844169733,-389.0130007163562,-344.55939737731666,9.337067246732683e-4,0.01537016754326363,0.41579182121272884,0.7277928614952585,0.9915734154193151,-0.5842081787872688,0.979057037274535
cs_ctrl,AUS,Australia,High income,ok,"(1,0,0,0,0,0,0,1,1,1)",71,0.2952149545362277,0.13447450557080587,-440.0937866867547,-406.15358853113497,0.009856305728351349,0.009265074646493189,-0.3662761917219384,NA,NA,-1.3662761917219375,0.7291976421631939
cs_ctrl,AUT,Austria,High income,ok,"(1,2,0,1,0,1,0,0,0,1)",41,0.6575637909195916,0.45210206547134657,-319.4386689623859,-290.3079438284127,0.0041617563988226285,0.018733743634969886,-0.37104480298564296,NA,NA,-1.3710448029856426,0.8884375983458104
cs_ctrl,AZE,Azerbaijan,Upper middle income,insufficient_obs,NA,29,NA,NA,NA,NA,NA,NA,NA,NA,NA,NA,NA
cs_ctrl,BDI,Burundi,Low income,ok,"(1,0,0,1,1,0,0,0,0,0)",42,0.7507576820238612,0.6476229297578727,-343.02103080735117,-318.693656151384,0.0035151654944629764,-7.090447388201261e-5,0.5844150286605577,2.4714908557678554,0.26498768970980513,-0.4155849713394418,0.48602188079056857
cs_ctrl,BEL,Belgium,High income,ok,"(1,0,1,0,0,1,0,0,0,1)",42,0.38606670272226407,0.1010262432718867,-309.6295795813634,-283.56453530711286,0.005198343510169186,-0.033529284451753225,0.26848280900560456,4.284286154950774,0.004381303811402141,-0.7315171909943948,0.6598836978877991
cs_ctrl,BEN,Benin,Lower middle income,ok,"(1,1,0,0,0,0,0,0,0,1)",42,0.666116422651473,0.5279577009900136,-306.4690407324635,-282.14166607649634,0.005431576077381528,-0.022443992677911497,0.6635173736597488,1.6506333902676655,0.7356187677374922,-0.33648262634025083,0.36901989656681955
cs_ctrl,BFA,Burkina Faso,Low income,ok,"(1,0,1,0,1,0,0,1,0,1)",42,0.6982673489723328,0.5418133817728016,-281.23367996579856,-253.43096607326467,0.007248254935713459,0.0994289555438948,0.8492492614462567,2.252829231483598,0.37435122409465266,-0.15075073855374335,0.595099422393045
cs_ctrl,BGD,Bangladesh,Lower middle income,ok,"(1,0,0,0,0,0,1,0,0,0)",42,0.49954140420618404,0.31603991908178486,-311.1865324482586,-288.5968274105748,0.005170283268332084,-0.02023989252290702,0.4854199395631164,1.7003401531787272,0.7074536430768866,-0.5145800604368834,0.3775575347377809
cs_ctrl,BGR,Bulgaria,Upper middle income,ok,"(2,2,2,2,2,2,2,2,2,2)",40,0.8568807059820361,0.44183475332994093,-218.0771352091781,-165.72187213164608,0.014599681833089372,0.008353938779607975,0.09648494798031304,2.90718252082562,0.12013941938103175,-0.9035150520196857,0.8822693025215718
cs_ctrl,BHR,Bahrain,High income,ok,"(2,2,2,2,2,2,2,2,2,2)",41,0.9205240719172756,0.7109966251537294,-303.21671989954575,-250.0959858317122,0.005434636869116856,0.02600659883062075,0.43311694542689333,1.9317983888117172,0.5665462546429356,-0.5668830545731054,0.8909229896422358
cs_ctrl,BHS,Bahamas,High income,ok,"(1,1,1,0,0,1,0,0,0,0)",42,0.8113507634888322,0.72376361796579,-365.128133237881,-339.0630889636305,0.0026848985728206765,-0.0034715323365273245,0.21266458558825166,4.112355994816138,0.006749082324633734,-0.7873354144117483,0.9267808904016215
cs_ctrl,BLR,Belarus,Upper middle income,insufficient_obs,NA,29,NA,NA,NA,NA,NA,NA,NA,NA,NA,NA,NA
cs_ctrl,BLZ,Belize,Upper middle income,ok,"(2,2,2,2,2,2,2,2,2,2)",41,0.9190148172299347,0.7055084262906717,-357.42696585769033,-304.3062317898568,0.0028058096552328283,0.02223812306901458,0.18554993090342803,1.9606872339724135,0.5486495272811923,-0.814450069096573,0.9685862528810052
cs_ctrl,BOL,Bolivia,Lower middle income,ok,"(1,1,1,0,0,2,0,2,0,0)",41,0.8783281842506062,0.7972136404176771,-366.7374576387198,-335.89316043804223,0.002328311795619776,-0.004012132396356196,0.10888316151254329,NA,NA,-0.8911168384874569,0.9528041115581308
cs_ctrl,BRA,Brazil,Upper middle income,ok,"(1,0,0,0,0,1,0,1,0,0)",42,0.46329428675891526,0.24120916403846648,-288.93714672274837,-264.6097720667812,0.006692197994397858,-0.0011218714430269302,-0.006588466655573067,NA,NA,-1.0065884666555731,0.7441592233247353
cs_ctrl,BRB,Barbados,High income,ok,"(2,2,2,2,2,2,2,2,2,2)",41,0.9812553316866149,0.9318375697695089,-498.45241348778086,-445.3316794199473,5.025146990638584e-4,-0.05143049417120309,0.8022222806378524,3.9503246541776766,0.01020049923853155,-0.19777771936214758,0.9346723600534397
cs_ctrl,BTN,Bhutan,Lower middle income,ok,"(1,0,0,0,0,0,0,0,0,0)",40,0.554806481796035,0.4012914755188056,-330.9999841992851,-310.7334307499179,0.0033605637927157012,-0.011212345293594411,0.6921410624572549,1.251455331929957,0.9156593510910646,-0.30785893754274507,0.3014497885367277
cs_ctrl,BWA,Botswana,Upper middle income,ok,"(1,0,1,0,2,0,2,1,0,0)",41,0.9057522943449152,0.8429204905748586,-371.6976282672912,-340.85333106661363,0.00219164755238638,-0.027870513566206307,0.7899773802336422,3.9751174717545696,0.009516523005600052,-0.21002261976635833,0.6371430410665744
cs_ctrl,CAF,Central African Republic,Low income,ok,"(1,0,0,0,0,1,2,0,2,0)",41,0.9307507585538476,0.8892012136861561,-388.72972695608064,-359.5990018221074,0.0017876900186220897,0.016359695408739296,0.8201128524019906,1.8170186056468431,0.6367280842386407,-0.17988714759800975,0.6929207084824863
cs_ctrl,CAN,Canada,High income,ok,"(1,1,0,0,1,0,0,0,0,1)",71,0.45572144877239,0.33158774410644376,-539.8980562615953,-505.9578581059756,0.004880581911858517,0.014706141902049845,0.06290105111601291,NA,NA,-0.9370989488839873,0.6842291740033861
cs_ctrl,CHE,Switzerland,High income,ok,"(1,0,2,0,2,2,0,2,0,2)",42,0.8245227452325101,0.6574015502158531,-311.65758170315905,-273.42885010092493,0.004959830199891125,0.038362642984241066,0.22238712844134917,NA,NA,-0.7776128715586508,0.8941204697342291
cs_ctrl,CHL,Chile,High income,ok,"(1,0,0,0,0,0,0,2,0,1)",43,0.6660102083700592,0.5162906466049133,-303.79170823978274,-277.3737065043793,0.006076749647688547,-5.396929733941904e-4,0.04640793889455362,4.139543311124429,0.006296306975041691,-0.9535920611054467,0.6977822325895551
cs_ctrl,CIV,Cote d'Ivoire,Lower middle income,ok,"(2,2,2,2,2,2,2,2,2,2)",36,0.8659477863440803,0.21802875367380192,-236.9037846024811,-187.8146975103417,0.009330186720546,-0.055252731733097984,0.20298181700738582,1.4684964702910304,0.8307329564730146,-0.7970181829926153,0.9457851039293808
cs_ctrl,COG,Congo,Lower middle income,ok,"(1,0,0,0,0,0,0,0,0,0)",42,0.7029674740070055,0.6071505301382977,-505.0545184502532,-484.2024830308528,5.180880222100692e-4,-7.931863689178253e-4,0.720125218553832,1.0279331614931346,0.9675844909788031,-0.2798747814461679,0.24901884824155351
cs_ctrl,COL,Colombia,Upper middle income,ok,"(2,2,2,2,2,2,2,2,2,2)",41,0.799212095117645,0.26986216406416375,-249.08767989868852,-195.96694583085497,0.010516053021556991,0.029066711340688715,-0.48586752322881954,1.7609899617243792,0.670437416657289,-1.4858675232288203,0.9205598756541996
cs_ctrl,COM,Comoros,Lower middle income,ok,"(1,2,2,0,0,1,2,2,0,0)",37,0.9424505692227865,0.8781306171776655,-321.53761529018044,-287.70833912465173,0.002624783858874533,0.007810664913654366,0.7031225006957538,3.009533412255478,0.09736047438130656,-0.29687749930424645,0.790022347164221
cs_ctrl,CPV,Cabo Verde,Lower middle income,ok,"(1,1,0,0,0,1,0,0,1,0)",41,0.8324708088687047,0.7518086057314144,-378.8111029503158,-353.1075219497512,0.0020384364963297198,0.002099033708319507,0.8282492584361756,0.7424110949513478,0.991336910190216,-0.17175074156382455,0.2703496979815196
cs_ctrl,CRI,Costa Rica,Upper middle income,ok,"(1,0,1,0,2,1,2,0,0,0)",41,0.6383220885443253,0.3972034809072087,-235.91581298884194,-205.0715157881644,0.011479115766394717,0.002818880908523956,-0.22140260010896487,NA,NA,-1.2214026001089648,0.8445296242692005
cs_ctrl,CYP,Cyprus,High income,ok,"(2,2,2,2,2,2,2,2,2,2)",41,0.8884913066281137,0.5945138422840499,-226.78730455874302,-173.66657049090946,0.013802624367938651,-0.2232386257255783,-0.1777458002230776,5.359113200775301,6.657171122508921e-4,-1.1777458002230763,0.9564705079147576
cs_ctrl,CZE,Czech Republic,High income,ok,"(2,2,2,2,2,2,2,2,2,2)",28,1,NA,-Inf,-Inf,NA,0.16280602927931268,-3.834943460851979,NA,NA,-2.2312406627320525,1
cs_ctrl,DEU,Germany,High income,ok,"(1,0,1,0,0,0,0,0,0,0)",42,0.2932820585634508,0.034152146703382735,-291.8961353403198,-269.306430302636,0.006505025697748359,-0.028549980294256004,0.32191698653322026,2.4230220313077915,0.28721693661810693,-0.6780830134667798,0.4815700499685313
cs_ctrl,DMA,Dominica,Upper middle income,ok,"(2,2,2,2,2,2,2,2,2,2)",31,0.9999220065829975,0.9976601974899237,-531.2229148086843,-486.7693114696448,9.420319496469769e-5,-0.012251732002179586,0.6161434653848066,NA,NA,-0.38385653461519287,0.9997868190411261
cs_ctrl,DNK,Denmark,High income,ok,"(1,0,1,0,1,0,0,0,0,0)",52,0.37637548044794433,0.1844910128934657,-364.4177136052997,-337.1003015451597,0.006419951324365217,0.00468005981471339,0.19153479302523052,5.410945003600764,6.340454423112403e-4,-0.8084652069747694,0.6809979565288623
cs_ctrl,DZA,Algeria,Lower middle income,ok,"(2,2,2,2,2,2,2,2,2,2)",41,0.8747694565788507,0.5446162057412754,-304.3319723824212,-251.21123831458766,0.005361222700836881,0.35047160600314453,0.9237794019318221,2.645413373543595,0.19675011848362248,-0.07622059806817746,0.8895484407697919
cs_ctrl,ECU,Ecuador,Upper middle income,ok,"(2,2,2,2,2,2,2,2,2,2)",31,0.9986192568478529,0.9585777054355873,-293.6595446630999,-249.20594132406035,0.0043464789444026715,4.3581727917454085,0.9463430774644752,NA,NA,-0.05365692253552411,0.9995101344663454
cs_ctrl,EGY,Egypt,Lower middle income,ok,"(1,0,0,0,0,1,0,0,0,0)",42,0.4970140345547848,0.3125858472248727,-328.17267970073146,-305.58297466304765,0.004223699653339451,-0.0076654142000018065,0.542773721319524,1.9048687841111351,0.582171074534506,-0.4572262786804765,0.44304503720539584
cs_ctrl,ESP,Spain,High income,ok,"(1,1,1,1,1,1,1,0,1,1)",42,0.5486987106796575,0.19550639729851993,-313.81206999375013,-279.05867762808276,0.004844557910554948,-0.014463343067402738,0.2952731951543662,2.14987401094647,0.434885144105088,-0.7047268048456335,0.7720091062241579
cs_ctrl,ETH,Ethiopia,Low income,ok,"(1,1,0,0,0,1,0,0,0,0)",42,0.6091175675427887,0.44737311273290814,-263.9887831171391,-239.66140846117196,0.009006501433598331,0.054580961599187856,0.5431264913832209,1.287596109399738,0.9041377564600421,-0.4568735086167788,0.31086350998410633
cs_ctrl,FIN,Finland,High income,ok,"(1,0,0,1,1,0,0,1,0,0)",71,0.3571849545973992,0.21057801441785862,-479.90914789105267,-445.96894973543294,0.007446331970480648,-1.0053821000910317e-5,0.12391491135691249,6.4467004413663345,1.1501429990715756e-6,-0.8760850886430879,0.5866885237890584
cs_ctrl,FJI,Fiji,Upper middle income,ok,"(2,2,2,2,2,2,2,2,2,2)",31,0.9919337888972269,0.7580136669168083,-360.01560503624097,-315.5620016972014,0.0014904931539225232,-0.014977600943233613,0.5370683695594775,0.9661944269515723,0.9759916558612446,-0.4629316304405206,0.9686880910147186
cs_ctrl,FRA,France,High income,ok,"(1,0,0,0,0,1,0,0,0,1)",71,0.3454343992567447,0.21000703358572637,-491.3161749422418,-459.63865666366337,0.006908682939123803,-0.0036140537155040374,-0.21833568138174608,NA,NA,-1.2183356813817456,0.6883564525076924
cs_ctrl,GAB,Gabon,Upper middle income,ok,"(1,0,0,1,0,0,1,1,0,1)",42,0.9080943274301938,0.8604395342458498,-442.5724142378786,-414.7697003453447,0.0010619018768242535,0.006117685796036546,0.9385633213871442,2.3579965489011956,0.31872121627941197,-0.061436678612855365,0.6041840731659204
cs_ctrl,GBR,United Kingdom,High income,ok,"(1,0,0,0,0,0,0,0,0,1)",60,0.4180209549010419,0.28465075706586385,-406.0918485748542,-378.86536926596693,0.007386271811380056,-0.010885382578412163,-0.31338997732856044,NA,NA,-1.3133899773285609,0.7648068560591968
cs_ctrl,GHA,Ghana,Lower middle income,ok,"(1,0,0,0,0,0,0,0,1,1)",42,0.588995911804024,0.41892525461948227,-361.0612111801354,-336.7338365241682,0.0028357956615888674,-0.012532692517501795,0.6444198522814402,1.6537099682651983,0.7338765432437042,-0.3555801477185594,0.41203516036128124
cs_ctrl,GIN,Guinea,Lower middle income,ok,"(2,2,2,2,2,2,2,2,2,2)",31,0.9758119471970954,0.27435841591286225,-262.5915393069684,-218.13793596792885,0.0071739968486994946,0.04286872334173149,-0.7591197443487704,0.9664333455116061,0.9759615482128929,-1.759119744348758,0.9403952612807872
cs_ctrl,GMB,Gambia,Low income,ok,"(1,1,0,1,0,0,0,0,0,1)",42,0.7052338891457011,0.5683781948204909,-343.16556551217764,-317.1005212379271,0.0034872103549460957,-0.018724200179982053,0.655995339761323,1.9138698373105618,0.5769073847717967,-0.3440046602386768,0.41463036434119804
cs_ctrl,GNB,Guinea-Bissau,Low income,ok,"(1,1,2,1,1,2,2,1,2,0)",35,0.9775347536105419,0.936348468563202,-276.9597983314246,-239.6314448556787,0.0039818821850350844,0.17262388048475866,0.699270912422731,NA,NA,-0.3007290875772681,0.957102196283003
cs_ctrl,GNQ,Equatorial Guinea,Upper middle income,ok,"(1,1,1,1,1,1,1,1,1,1)",42,NA,NA,-Inf,-Inf,0,0,0,NA,NA,NA,NA
cs_ctrl,GRC,Greece,High income,ok,"(1,0,0,0,0,0,0,0,0,0)",55,0.12019053219029555,-0.07976616503918277,-336.5410601032155,-312.4530618804258,0.010203619604181603,0.013168442240083029,0.21614209657800385,3.1623481132432185,0.07045723077934592,-0.7838579034219957,0.4181701325948353
cs_ctrl,GRD,Grenada,Upper middle income,ok,"(2,2,2,2,2,2,2,2,2,2)",41,0.9622248816752814,0.8626359333646597,-469.72202079666476,-416.6012867288312,7.133666571934284e-4,0.009073603051075746,0.7705252691070443,2.107265376959341,0.4601083575045114,-0.22947473089295542,0.8683487332185139
cs_ctrl,GTM,Guatemala,Upper middle income,ok,"(1,0,1,0,0,1,0,2,0,0)",41,0.8539507282555695,0.7753088127008761,-363.2501746922748,-335.83302162500587,0.0024508390333113418,0.0017322366215747765,0.16167168526401313,NA,NA,-0.838328314735987,0.9433482183707714
cs_ctrl,GUY,Guyana,High income,ok,"(1,0,2,0,0,2,1,2,0,0)",41,0.9103249542477815,0.8440433986917939,-377.2479865554747,-344.6901172880929,0.002041849133179796,-0.003358212750584022,0.012452800186974209,NA,NA,-0.9875471998130257,0.9652154985172701
cs_ctrl,HND,Honduras,Lower middle income,ok,"(1,0,2,2,0,0,1,2,0,2)",41,0.902618293878273,0.8145110359586152,-369.8677072290344,-333.88269382824393,0.002226797919086304,8.363892621003064e-6,0.0060052169915181695,NA,NA,-0.9939947830084821,0.9622261235266985
cs_ctrl,HTI,Haiti,Lower middle income,ok,"(1,1,0,2,0,2,0,2,0,0)",41,0.8815749319610628,0.7940433599322833,-365.84638307683434,-333.2885138094525,0.0023464411592744286,0.003514359981462815,0.1062999838253428,NA,NA,-0.8937000161746574,0.9540635087471825
cs_ctrl,HUN,Hungary,High income,ok,"(2,2,2,2,2,2,2,2,2,2)",32,0.9416582616780644,0.09570305600999873,-244.4520852988715,-199.01427231207998,0.008059062818216577,-0.00839673295755999,0.22970315101288757,0.896899931936064,0.9834283702769845,-0.7702968489871198,0.9678070367473643
cs_ctrl,IDN,Indonesia,Upper middle income,ok,"(2,2,2,2,2,2,2,2,2,2)",41,0.9461643820559587,0.8042341165671224,-271.6371185589121,-218.51638449107855,0.00798775540237776,-0.003092645654285036,-0.8789086394367335,6.160048977260807,1.763076730089707e-4,-1.8789086394367345,0.9713096844008968
cs_ctrl,IND,India,Lower middle income,ok,"(1,0,0,0,1,0,0,0,0,0)",71,0.20400788099274839,0.05560257066936247,-425.7567504458267,-396.3419120442896,0.011023202790278719,-0.012290473372712185,-0.016833549104412933,NA,NA,-1.0168335491044134,0.5724349532701675
cs_ctrl,IRL,Ireland,High income,ok,"(1,0,0,0,0,0,0,0,0,0)",47,0.42739650932649514,0.2683399841394104,-292.6753522672806,-270.4735810467599,0.00951856737021172,-0.036998004119312346,-0.27347774388015744,NA,NA,-1.2734777438801574,0.7332062720554167
cs_ctrl,IRN,Iran,Lower middle income,ok,"(1,1,0,0,0,1,0,1,0,1)",42,0.6718243500048438,0.5016591981555034,-241.0501309099946,-213.24741701746072,0.011694706755449306,-0.008750125296802816,-0.5502157284291758,NA,NA,-1.5502157284291762,0.8846344763040843
cs_ctrl,ISL,Iceland,High income,ok,"(1,0,0,0,1,0,0,0,0,0)",42,0.4656204475242842,0.26968127828318844,-247.79245980049245,-225.20275476280867,0.010996959426811772,-0.023601587231465052,-0.12902957774664375,NA,NA,-1.1290295777466433,0.7561550306028901
cs_ctrl,ISR,Israel,High income,ok,"(1,0,0,0,0,0,1,0,0,1)",39,0.6888455476371137,0.5452358003927047,-360.84314959845545,-337.55328655264043,0.002026642970868549,-0.012725883955197864,0.8101504699343375,0.990717592303174,0.9729013357171371,-0.18984953006566294,0.3530694409841235
cs_ctrl,ITA,Italy,High income,ok,"(1,1,1,1,1,0,0,0,1,1)",48,0.5055867968988955,0.2504057888467126,-381.26744417067766,-347.58582597433565,0.0038996537697633888,-0.041941854161315115,0.30518678801017474,2.9662654803271646,0.10663864519041336,-0.6948132119898255,0.6128233531168498
cs_ctrl,JAM,Jamaica,Upper middle income,ok,"(1,0,0,0,0,1,0,2,0,0)",41,0.8375196918506805,0.7592884323713786,-360.87905106773934,-335.17547006717473,0.002536706662539169,-0.0024891484484226866,0.14079336527974634,NA,NA,-0.8592066347202539,0.936974701575833
cs_ctrl,JOR,Jordan,Lower middle income,ok,"(1,0,2,0,0,0,0,0,2,0)",41,0.7611480587481878,0.632535474997212,-299.91616693475027,-272.4990138674813,0.005305777794958602,0.0500405353383935,0.5892055633237224,4.680742772765782,0.0014964539358754084,-0.4107944366762772,0.7594603703575654
cs_ctrl,JPN,Japan,High income,ok,"(1,1,0,0,1,0,0,0,1,0)",67,0.3698723370981986,0.21531272166945503,-463.2665410612836,-430.1961517704191,0.0068546243266329725,0.0019135132533283639,0.2969856457534426,4.797474287117966,0.0010551002485304282,-0.7030143542465573,0.5841801516841276
cs_ctrl,KAZ,Kazakhstan,Upper middle income,ok,"(2,2,2,2,2,2,2,2,2,2)",28,1,NA,-Inf,-Inf,NA,0.04508580098229817,-0.35320684849336104,NA,NA,-1.1035461943554243,1
cs_ctrl,KEN,Kenya,Lower middle income,ok,"(1,1,0,0,0,0,1,0,1,0)",42,0.5545446910182353,0.34772615470527324,-219.87158591226878,-193.80654163801825,0.015133147896679367,-0.14547460127620712,0.12329503937870297,5.616539897679596,5.084172898722985e-4,-0.8767049606212967,0.7088023736269622
cs_ctrl,KGZ,Kyrgyzstan,Lower middle income,insufficient_obs,NA,29,NA,NA,NA,NA,NA,NA,NA,NA,NA,NA,NA
cs_ctrl,KNA,Saint Kitts and Nevis,High income,ok,"(1,0,1,0,0,0,0,1,0,1)",38,0.8937469100493649,0.8361931529927709,-423.3375488247778,-398.773756428882,7.816213700379057e-4,0.008408775787383633,0.9552073427069624,3.287204761694422,0.053061102357454724,-0.04479265729303705,0.6550031250259077
cs_ctrl,KWT,Kuwait,High income,ok,"(2,2,2,2,2,2,2,2,2,2)",30,1,NA,-Inf,-Inf,NA,-0.022388408845580913,-1.1297206219431748,NA,NA,-2.1297206219431977,1
cs_ctrl,LAO,Lao PDR,Lower middle income,ok,"(1,1,0,2,0,2,0,0,1,1)",41,0.817122125151705,0.6819515220029653,-402.1119882088793,-369.55411894149745,0.0015077768825402923,-0.010116351416208005,0.5944233936740236,NA,NA,-0.405576606325977,0.7916314818959602
cs_ctrl,LBN,Lebanon,Lower middle income,ok,"(2,2,2,2,2,2,2,2,2,2)",31,0.9645073698874024,-0.06477890337792869,-243.38036555463356,-198.926762215594,0.009779815130046358,0.5211109267744902,0.6000836817736169,0.8220698291890021,0.9900481288031067,-0.39991631822638274,0.9803233676273431
cs_ctrl,LCA,Saint Lucia,Upper middle income,ok,"(2,2,2,2,2,2,2,2,2,2)",40,0.9703544708812634,0.8843824364369272,-466.3731576119633,-414.01789453443126,6.552748298367277e-4,-0.008476669336909977,0.6840609990773217,2.1619150263844897,0.4276134856387284,-0.31593900092267796,0.8990157331567337
cs_ctrl,LKA,Sri Lanka,Lower middle income,ok,"(1,0,0,1,0,0,0,0,0,0)",42,0.6273509239405919,0.4907129293854756,-343.7163755693336,-321.1266705316498,0.0035101804297494182,0.010191960455767748,0.5918441254046316,2.7255320728820593,0.17031678931542338,-0.40815587459536895,0.5224770056300709
cs_ctrl,LSO,Lesotho,Lower middle income,ok,"(1,0,0,0,0,0,0,0,0,0)",42,0.7696708968005315,0.6953711860910254,-362.7207528877196,-341.8687174683192,0.0028202892931674557,-4.5750737418008547e-4,0.8260271737489004,0.992012860803913,0.9727381106895979,-0.17397282625109897,0.24242662341218116
cs_ctrl,LUX,Luxembourg,High income,ok,"(1,1,0,0,1,0,0,1,0,0)",42,0.378372116418862,0.08975917047047666,-215.46554200132212,-189.40049772707158,0.015948112225886612,-0.022321684381721336,-0.13164107555532795,NA,NA,-1.1316410755553281,0.7277122495629096
cs_ctrl,MAR,Morocco,Lower middle income,ok,"(1,1,1,1,1,1,1,1,1,1)",42,NA,NA,-Inf,-Inf,0,0,0,NA,NA,NA,NA
cs_ctrl,MDG,Madagascar,Low income,ok,"(1,0,0,0,0,0,0,0,1,0)",42,0.4383865357111429,0.23246159880522865,-245.9284550270052,-223.33874998932143,0.011243715517103226,-0.04724416507165082,0.56119936414465,2.2425579730290792,0.3799651169219361,-0.43880063585534973,0.4323874575223919
cs_ctrl,MDV,Maldives,Upper middle income,ok,"(2,2,2,2,2,2,2,2,2,2)",41,0.9714671240451236,0.896244087436813,-380.216083790307,-327.09534972247343,0.0021250090732180455,-0.1303677466680777,0.847279251013756,2.9577635966855036,0.10848233260698231,-0.15272074898624396,0.8962436830558355
cs_ctrl,MEX,Mexico,Upper middle income,ok,"(1,0,0,0,0,0,1,0,0,0)",40,0.3817943055894587,0.13892778278531748,-236.54241129293462,-214.58697838945344,0.010863125545867058,0.012746558448288293,0.18789716442409873,3.072966084281053,0.08526966136465135,-0.8121028355759015,0.5414755244099446
cs_ctrl,MKD,North Macedonia,Upper middle income,insufficient_obs,NA,29,NA,NA,NA,NA,NA,NA,NA,NA,NA,NA,NA
cs_ctrl,MLI,Mali,Low income,ok,"(1,1,1,0,1,1,0,0,0,1)",42,0.8035021952576049,0.6901380771369924,-320.0088972515262,-290.46851374070894,0.00454583601296917,-0.03011843200471074,0.7088113165096636,2.6464243759593016,0.19640274311829875,-0.2911886834903364,0.6313433158522059
cs_ctrl,MLT,Malta,High income,ok,"(1,0,0,0,1,0,0,0,1,1)",42,0.7411740543694557,0.6210048653267031,-328.22883330611404,-302.16378903186353,0.004165849981136957,0.005465069763684331,-0.5109513870950849,NA,NA,-1.5109513870950848,0.9097003326712471
cs_ctrl,MUS,Mauritius,Upper middle income,ok,"(1,0,0,0,2,0,1,0,0,0)",46,0.843021394879331,0.7792488365490593,-444.39589436774935,-416.9662734204129,0.0016716186022326333,-0.01007448106536784,0.6663925992460683,5.456208398595962,6.063873785648692e-4,-0.3336074007539316,0.6337320108780942
cs_ctrl,MWI,Malawi,Low income,ok,"(1,2,2,2,2,1,2,2,2,2)",28,1,NA,-Inf,-Inf,NA,-1.7431053567335778e-4,0.1881561213150757,NA,NA,-0.8118438786849228,1
cs_ctrl,MYS,Malaysia,Upper middle income,ok,"(1,0,0,0,0,0,0,0,0,0)",42,0.1843393670737979,-0.07877696612820273,-271.1337312730751,-250.2816958536747,0.008391012157885628,0.0034532355401282215,0.0013415095838281775,3.7719540918311187,0.01644869419756694,-0.9986584904161722,0.5488910492453588
cs_ctrl,NAM,Namibia,Upper middle income,ok,"(2,2,2,2,2,2,2,2,2,2)",32,0.9944651428059379,0.9142097134920374,-387.25425559652615,-341.8164426097346,8.654664777288806e-4,-0.058608016792119175,0.766574863388549,4.459678271737369,0.002663898869720029,-0.2334251366114492,0.9862259613079728
cs_ctrl,NER,Niger,Low income,ok,"(1,1,0,0,0,0,1,1,0,0)",42,0.8014211283493347,0.7092237950829543,-301.9776909957063,-275.9126467214558,0.005694119244878155,0.12553346965972065,0.6682329638072176,3.261373684531452,0.056493525091976304,-0.3317670361927819,0.6882554302688152
cs_ctrl,NGA,Nigeria,Lower middle income,ok,"(1,0,0,0,0,1,0,0,1,1)",42,0.8756007222977664,0.817843914793158,-426.4467276832092,-400.3816834089587,0.0012938984100766828,0.018561452259144275,0.8672284370677908,2.359297221692216,0.3180453766293101,-0.13277156293220954,0.5498670378646942
cs_ctrl,NLD,Netherlands,High income,ok,"(1,1,2,2,2,0,2,2,1,1)",41,0.9191197265606507,0.8096934742603545,-364.10371914499007,-321.2644174773824,0.002408371400580318,-0.034054499765586145,-0.7302931932958584,NA,NA,-1.730293193295857,0.9704291383995577
cs_ctrl,NOR,Norway,High income,ok,"(1,0,0,0,1,0,1,1,1,1)",65,0.6344645507380657,0.5225659438211472,-411.3487948531727,-374.3842112649469,0.009064269635669924,0.017707990966710878,-0.10966394804285708,NA,NA,-1.1096639480428565,0.84783294163891
cs_ctrl,NPL,Nepal,Lower middle income,ok,"(1,0,0,1,0,1,1,1,0,0)",42,0.7861230685580678,0.6752239189215103,-343.321252470902,-315.51853857836807,0.003461226387262857,0.08804501515033449,0.8390397799653057,1.769209706515381,0.665468642339701,-0.16096022003469435,0.4567309727831909
cs_ctrl,NZL,New Zealand,High income,ok,"(1,1,0,0,0,0,0,0,0,1)",71,0.30936481914229935,0.16647478172346464,-370.3607114093601,-338.68319313078166,0.01619298390954938,0.03485053648327431,-0.029843688272059823,NA,NA,-1.029843688272059,0.6357646448653045
cs_ctrl,OMN,Oman,High income,ok,"(1,1,1,1,1,1,1,1,1,1)",42,NA,NA,-Inf,-Inf,0,0,0,NA,NA,NA,NA
cs_ctrl,PAK,Pakistan,Lower middle income,ok,"(1,0,0,0,0,1,0,0,0,0)",42,0.34519215371932077,0.10509594341640505,-290.15718633333415,-267.56748129565034,0.0066410948457903685,-0.057242818174382294,0.3110437937050591,3.4104145394074274,0.03996802842107225,-0.6889562062949406,0.5502025351769456
cs_ctrl,PAN,Panama,High income,ok,"(1,0,0,0,2,0,0,0,0,0)",41,0.8566190288151424,0.7951700411644891,-368.0061663357414,-344.01615740188106,0.002340014280532679,0.0062505790414707696,-0.22542998307954992,NA,NA,-1.2254299830795503,0.9443832388047425
cs_ctrl,PHL,Philippines,Lower middle income,ok,"(1,0,1,0,1,1,0,0,0,0)",42,0.6446453649723237,0.4796592844237597,-322.5138958324231,-296.4488515581726,0.0044591372331035835,0.04562803763191181,0.5022364831108985,4.3842344740564005,0.0033307529037074706,-0.4977635168891015,0.6146636747444565
cs_ctrl,POL,Poland,High income,ok,"(1,1,0,0,0,1,1,0,0,0)",36,0.4619544584166964,0.14401845657201695,-239.91339125428863,-216.160607177447,0.007288209369863234,-0.003748152532111058,0.06582022498240807,4.906413428200025,9.423379704340453e-4,-0.9341797750175925,0.6953247221051695
cs_ctrl,PRT,Portugal,High income,ok,"(1,0,0,0,0,0,0,0,0,0)",71,0.44997199440270974,0.35830066013649464,-442.8077455558134,-415.6555870313176,0.009831641542567451,-0.005462405335176449,-0.3166720224083303,NA,NA,-1.3166720224083297,0.7935465134163219
cs_ctrl,PRY,Paraguay,Upper middle income,ok,"(1,1,0,2,0,0,0,2,0,0)",41,0.881873521927991,0.8109976350847855,-369.9498885947409,-340.8191634607677,0.00224778820582229,0.008580524291128818,0.05602816015017033,NA,NA,-0.9439718398498298,0.9541793303011078
cs_ctrl,QAT,Qatar,High income,ok,"(2,2,2,2,2,2,2,2,2,2)",31,0.99963225962594,0.9889677887782014,-518.0963243804479,-473.6427210414083,1.1641638596503755e-4,0.01116642774120541,0.1771237826135263,NA,NA,-0.8228762173864768,0.999253701821522
cs_ctrl,RUS,Russian Federation,Upper middle income,ok,"(1,2,2,2,2,2,2,2,2,2)",29,1,NA,-Inf,-Inf,NA,-0.017552213189538018,0.08019996807220477,NA,NA,-0.9198000319277968,1
cs_ctrl,RWA,Rwanda,Low income,ok,"(1,0,0,0,0,0,0,0,0,0)",42,0.7966482170638486,0.7310508677296061,-378.58363914632906,-357.73160372692865,0.0023349619182493463,0.035376432564182984,0.8457344548629215,2.3680596433795635,0.3134923544948371,-0.15426554513707816,0.4330712899678559
cs_ctrl,SAU,Saudi Arabia,High income,ok,"(1,1,1,1,1,1,1,1,1,1)",33,NA,NA,-Inf,-Inf,0,0,0,NA,NA,NA,NA
cs_ctrl,SDN,Sudan,Low income,ok,"(1,2,2,2,2,2,2,2,2,2)",29,1,NA,-Inf,-Inf,NA,-0.9530579247321305,1.0178253876126946,NA,NA,0.017825387612692707,1
cs_ctrl,SEN,Senegal,Lower middle income,ok,"(2,2,2,2,2,2,2,2,2,2)",41,0.9176612672647831,0.7005864264173933,-295.4229186570183,-242.30218458918472,0.005976523602508444,-0.04689015608337736,0.5361268062567548,2.7265517760263602,0.16997791470727533,-0.463873193743244,0.8968904528746944
cs_ctrl,SGP,Singapore,High income,ok,"(1,0,0,0,1,0,0,0,0,0)",59,0.23737823564216554,0.05889229079245961,-326.2515860563218,-299.2435992855474,0.013699080779478727,-0.005629501147171238,0.09653028385519773,NA,NA,-0.9034697161448025,0.6445486808990202
cs_ctrl,SLE,Sierra Leone,Low income,ok,"(1,0,0,0,1,0,0,0,0,0)",42,0.7344657290761569,0.6371031630707478,-373.8366147978695,-351.2469097601857,0.0024524638299531954,-8.592621987432534e-4,0.6610598882336137,1.4749765806858042,0.8277798955954614,-0.33894011176638605,0.3305232816976088
cs_ctrl,SLV,El Salvador,Upper middle income,ok,"(1,0,0,1,1,0,0,0,0,0)",42,0.4516804603223607,0.22478961631782046,-210.76395379103033,-186.43657913506317,0.016972181453103332,-0.00249720062475175,-0.28975365503438955,NA,NA,-1.289753655034389,0.781223009173448
cs_ctrl,STP,Sao Tome and Principe,Lower middle income,ok,"(1,0,0,1,0,1,1,1,0,1)",42,0.8688784211342034,0.7932313564039362,-361.69613709858226,-332.155753587765,0.0027674739898152882,-0.013529001972056762,0.8910188687971784,3.22121156737713,0.06161124522969864,-0.1089811312028213,0.6207592759352718
cs_ctrl,SUR,Suriname,Upper middle income,ok,"(2,2,2,2,2,2,2,2,2,2)",31,0.9923218274293154,0.7696548228794622,-319.74087781890364,-275.2872744798641,0.00285393691702972,0.004590378316077076,-1.541071312871165,2.028103633245244,0.507576662435673,-2.5410713128711606,0.9970453949509273
cs_ctrl,SVK,Slovakia,High income,ok,"(2,2,2,2,2,2,2,2,2,2)",28,1,NA,-Inf,-Inf,NA,0.09459403172339874,-1.7640356275698348,NA,NA,-3.0237120091409233,1
cs_ctrl,SVN,Slovenia,High income,ok,"(2,2,2,2,2,2,2,2,2,2)",28,1,NA,-Inf,-Inf,NA,0.044693107666971786,6.404604479701942,NA,NA,3.364248880866128,1
cs_ctrl,SWE,Sweden,High income,ok,"(1,0,1,0,1,0,0,0,0,0)",71,0.5054501561917729,0.4031294988521398,-509.38782101874574,-477.7103027401673,0.006083096774647688,0.016545964612986148,-0.06093151109000847,NA,NA,-1.0609315110900084,0.7328221757762339
cs_ctrl,SWZ,Swaziland,Lower middle income,ok,"(1,0,0,1,1,1,0,0,0,1)",42,0.8876756173987214,0.82943334493879906,-404.3448681057104,-376.5421542131765,0.00167389184080747,0.0020773681315030307,0.7690206199342745,2.462101615963281,0.2691604464284489,-0.23097938006572524,0.5789175378075889
cs_ctrl,SYC,Seychelles,High income,ok,"(2,2,2,2,2,2,2,2,2,2)",41,0.9206045836524714,0.7112893950998962,-267.59730643797417,-214.47657237014062,0.008391135037767915,0.034359908253497766,0.49364003462205686,1.6758372827987678,0.7214919378782042,-0.5063599653779427,0.8450843221826727
cs_ctrl,SYR,Syrian Arab Republic,Low income,ok,"(2,2,2,2,2,2,2,2,2,2)",28,1,NA,-Inf,-Inf,NA,0.009890550875791534,-0.21153586035346494,NA,NA,-5.238303449484371,1
cs_ctrl,TCD,Chad,Low income,ok,"(2,2,2,2,2,2,2,2,2,2)",41,0.9467956756088015,0.806529729486551,-462.18876593177276,-409.0680318639392,7.820076285801724e-4,0.008810850549177294,1.181270242338206,3.033660095484622,0.09273941649878978,0.1812702423382053,0.8545221617055921
cs_ctrl,TGO,Togo,Low income,ok,"(1,2,0,1,1,0,1,1,1,0)",41,0.7277783201213179,0.5265709915153356,-334.907568231975,-302.34969896459313,0.003421922063377683,-0.01335944162693445,0.46533622059570356,3.336513550222383,0.04766378676160719,-0.5346637794042964,0.7293269708742596
cs_ctrl,THA,Thailand,Upper middle income,ok,"(1,0,0,0,1,0,1,1,0,0)",42,0.5470035146035233,0.336683717812302,-245.0416569235561,-218.9766126493056,0.011214906829455603,-0.005118308707952128,-0.27864270224923626,NA,NA,-1.278642702249236,0.827596339271199
cs_ctrl,TTO,Trinidad and Tobago,High income,ok,"(2,2,2,2,2,2,2,2,2,2)",41,0.9470842925286126,0.8075792455585913,-374.87517131480377,-321.7544372469702,0.0022680244156526,0.039757152626728104,0.6446320307512537,2.147759729256228,0.43613173338786676,-0.3553679692487463,0.9794742618801214
cs_ctrl,TUN,Tunisia,Lower middle income,ok,"(1,0,1,2,1,1,1,1,0,2)",41,0.9147781662956311,0.8376726977059641,-434.29766913207413,-398.31265573128366,0.0010149439609883515,0.005053053341038946,0.3937039190790497,5.898012896366355,3.3642404585278667e-4,-0.6062960809209503,0.8268582029543697
cs_ctrl,TUR,Turkey,Upper middle income,ok,"(1,0,0,0,0,0,2,2,0,0)",41,0.6294741153162772,0.4299601774096572,-266.67851681780996,-239.26136375054102,0.007957648752069424,-0.010820702228013875,0.6836090031285058,3.557654297778992,0.02817244301718806,-0.3163909968714945,0.6532878687321811
cs_ctrl,TWN,Taiwan,High income,ok,"(2,2,2,2,2,2,2,2,2,2)",34,0.9788577852265555,0.8255767281190831,-283.44736678047764,-236.13019051737663,0.004387420603318815,0.0077540857097417185,-0.27503401855607273,NA,NA,-1.2750340185560727,0.9918961719454684
cs_ctrl,TZA,Tanzania,Lower middle income,ok,"(2,2,2,2,2,2,2,2,2,2)",41,0.9284459808956542,0.7398035668932881,-422.27833374252896,-369.1575996746954,0.0012722942978700272,-0.006319571512872096,1.4208065871773514,2.254834569712231,0.37325517983212625,0.42080658717735075,0.8582996929466932
cs_ctrl,UGA,Uganda,Low income,ok,"(2,2,2,2,2,2,2,2,2,2)",30,1,NA,-Inf,-Inf,NA,-0.11223466319872455,0.47710825976641075,NA,NA,-0.5228917402335893,1
cs_ctrl,URY,Uruguay,High income,ok,"(2,2,2,2,2,2,2,2,2,2)",31,0.9720101088503497,0.1603032655104899,-242.74773681384767,-198.29413347480812,0.009880116175824497,0.03001854819849834,-2.1397499545367844,1.163457660082073,0.9404246215170695,-3.1397499545368137,0.9861970062027976
cs_ctrl,USA,United States,High income,ok,"(1,0,0,0,1,0,0,0,0,0)",71,0.49147618153689454,0.3966666560607224,-526.4144295718206,-496.9995911702835,0.0054256922803804924,0.031360741213709374,0.1219483900808502,NA,NA,-0.8780516099191494,0.7419177610702645
cs_ctrl,VCT,Saint Vincent and the Grenadines,Upper middle income,ok,"(2,2,2,2,2,2,2,2,2,2)",41,0.9637329256811805,0.8681197297497474,-471.3923753274722,-418.27164125963867,6.989822557674248e-4,-0.004316891657225644,0.8233695655389028,1.261250411696632,0.9126537532231686,-0.17663043446109739,0.8736044653655904
cs_ctrl,VEN,Venezuela,Upper middle income,ok,"(1,0,0,1,0,1,1,1,1,0)",42,0.85353543275126,0.76903664395391,-371.7585794361488,-342.21819592533154,0.0024550423384607518,0.005853420128626296,0.12429561609232902,NA,NA,-0.8757043839076709,0.9431537312316146
cs_ctrl,YEM,Yemen,Low income,ok,"(2,2,2,2,2,2,2,2,2,2)",31,0.9639929483173659,-0.08021155047902218,-216.1539450942651,-171.70034175522557,0.015172072386696163,-0.035317375620494196,-0.6708417674281767,1.1076481924637367,0.9529676099794618,-1.6708417674281786,0.9838886343970237
cs_ctrl,ZAF,South Africa,Upper middle income,ok,"(1,0,0,0,0,0,1,0,1,1)",44,0.44496478464670836,0.2044495246602821,-279.5678116009871,-252.8049670922132,0.008692815074806813,0.007055188759857209,-0.03307524828341862,NA,NA,-1.033075248283419,0.6924431766078076
cs_ctrl,ZMB,Zambia,Lower middle income,ok,"(1,0,0,0,1,0,0,0,0,0)",42,0.302284925333942,0.04645606462305407,-249.58308530503615,-226.99338026735236,0.010765018491439621,0.0050919790203416086,0.5272256434827554,1.6086339832217718,0.7595041639898662,-0.4727743565172447,0.3494347419813333
