spec,iso,country,income_group,term,estimate,std.error,statistic,p.value,conf.low,conf.high
base,ABW,Aruba,High income,(Intercept),-3.6121790734967976e-4,2.3135611678256783e-4,-1.5613069253282728,0.1305422673709839,-8.146758962435127e-4,9.224008154415316e-5
base,ABW,Aruba,High income,"L(dy, 1)",0.9015294120940486,0.08204729022831268,10.98792427617495,2.8779366255839524e-11,0.7407167232465557,1.0623421009415415
base,ABW,Aruba,High income,dd,-0.0023684645866577747,0.0017815519958504114,-1.3294389342407067,0.1952508787115558,-0.005860306498524581,0.0011233773252090316
base,AGO,Angola,Lower middle income,(Intercept),6.646094168024477e-5,7.678088366116524e-4,0.08655922999471787,0.9316850551733107,-0.001438444378078594,0.0015713662614390835
base,AGO,Angola,Lower middle income,"L(dy, 1)",0.777604490232197,0.10293117780214774,7.554605969115528,5.0899540186768824e-8,0.5758593817399875,0.9793495987244065
base,AGO,Angola,Lower middle income,dd,0.006374248997901955,0.002873924260542416,2.2179599808586805,0.03550172824445422,7.413574472388195e-4,0.012007140548565092
base,ALB,Albania,Lower middle income,(Intercept),7.271479029752582e-4,0.001027704280378573,0.7075458542484618,0.48552179793851924,-0.0012871524865667448,0.002741448292517261
base,ALB,Albania,Lower middle income,"L(dy, 1)",0.0029042485557439807,0.19357417947872713,0.01500328485733369,0.988144097579072,-0.3765011432225612,0.3823096403340492
base,ALB,Albania,Lower middle income,dd,0.017882918303757624,0.010305683208728844,1.73524820640818,0.09453724053409643,-0.00231622078535091,0.03808205739286616
base,ARE,United Arab Emirates,High income,(Intercept),-2.3902016961825038e-4,0.0010543112123839837,-0.2267074150504229,0.8224947801367772,-0.0023054701458908584,0.0018274298066543577
base,ARE,United Arab Emirates,High income,"L(dy, 1)",0.7092470328548374,0.138628408796376,5.1161737988106974,2.7602128597752507e-5,0.4375353516139404,0.9809587140957343
base,ARE,United Arab Emirates,High income,dd,0.0017447648705720782,0.0037358366812662,0.46703456800491583,0.6445200424183672,-0.005577475024709674,0.00906700476585383
base,ARE,United Arab Emirates,High income,"L(dd, 1)",-0.010864212968497683,0.003685356324364509,-2.9479409892260753,0.00684023952494372,-0.018087511364252122,-0.0036409145727432455
base,ARG,Argentina,Upper middle income,(Intercept),-0.0038823067075403487,0.003056204016651867,-1.2703035158606637,0.2152270159256582,-0.009872466580178006,0.0021078531650973098
base,ARG,Argentina,Upper middle income,"L(dy, 1)",-0.2851153261426597,0.18098951850304895,-1.5753140209489902,0.1272751079841181,-0.6398547824086356,0.0696241301233162
base,ARG,Argentina,Upper middle income,dd,0.026920894635095827,0.01167169281527112,2.3065115798689297,0.029307852419872285,0.004044376717164431,0.04979741255302722
base,ARM,Armenia,Lower middle income,(Intercept),0.0035805263362823658,0.005081010844719926,0.7046877965244198,0.4872694965579506,-0.00637825491936869,0.013539307591933421
base,ARM,Armenia,Lower middle income,"L(dy, 1)",0.2658365491467291,0.20084184306389968,1.3236113804340601,0.1971532678044237,-0.12781346325851428,0.6594865615519725
base,ARM,Armenia,Lower middle income,dd,0.006209048020163199,0.025333719324871787,0.24509026647608614,0.8083106926930251,-0.0434450418565855,0.0558631378969119
base,ATG,Antigua and Barbuda,Upper middle income,(Intercept),-3.582522560519841e-4,2.3756060519766035e-4,-1.5080457290210356,0.14359907457773277,-8.238710422393984e-4,1.0736653013543014e-4
base,ATG,Antigua and Barbuda,Upper middle income,"L(dy, 1)",0.9147780352136782,0.08356422712979218,10.947005275269794,3.118788227307891e-11,0.7509921500392855,1.0785639203880708
base,ATG,Antigua and Barbuda,Upper middle income,dd,-8.854122827033211e-4,0.0014904950266629614,-0.5940390721635967,0.5576197987614975,-0.0038067825349627255,0.002035957969556083
base,AUS,Australia,High income,(Intercept),0.001132520094450673,0.001228009036174448,0.9222408476559368,0.36640707991057564,-0.001274377616451245,0.0035394178053525906
base,AUS,Australia,High income,"L(dy, 1)",-0.10548079461838951,0.19674882428350415,-0.5361190594277582,0.5972558430346397,-0.4911084902140576,0.2801469009772786
base,AUS,Australia,High income,"L(dy, 2)",0.24526790251573155,0.1663323934893731,1.4745648599796144,0.15449710222239382,-0.08074358872343973,0.5712793937549028
base,AUS,Australia,High income,dd,-0.003899819965289008,0.015667858204727526,-0.24890574795426088,0.8057426741119709,-0.03460882204655496,0.026809182115976944
base,AUS,Australia,High income,"L(dd, 1)",0.00454228545975405,0.02200037854868035,0.2064639683223319,0.8383273453660791,-0.038578456495659434,0.04766302741516753
base,AUS,Australia,High income,"L(dd, 2)",-0.010477094661380366,0.014055604411834245,-0.7454033533100206,0.4639179354286517,-0.03802607930857549,0.017071889985814753
base,AUT,Austria,High income,(Intercept),4.090608121677866e-5,0.0010803815997939485,0.037862623007074825,0.9700864377725837,-0.0020766418543793604,0.002158454016812918
base,AUT,Austria,High income,"L(dy, 1)",-0.5637728227262002,0.16775653943015548,-3.3606607804456052,0.00241227293280522,-0.892575640009305,-0.2349700054430955
base,AUT,Austria,High income,dd,-0.0045948537650924715,0.020065560839901533,-0.22899204272204232,0.8206668036694399,-0.043923353011299474,0.03473364548111453
base,AZE,Azerbaijan,Upper middle income,(Intercept),0.0027781609975878214,0.003991605697291482,0.6960008598727455,0.4926035606890353,-0.005045386169103484,0.010601708164279126
base,AZE,Azerbaijan,Upper middle income,"L(dy, 1)",0.42436409327450547,0.17838150642674536,2.378969108262218,0.024989878185645558,0.0747363406780846,0.7739918458709263
base,AZE,Azerbaijan,Upper middle income,dd,0.010156475649388371,0.013474772509118433,0.7537400458906036,0.45777741017613205,-0.016254078468483757,0.0365670297672605
base,BDI,Burundi,Low income,(Intercept),0.00033001455359704023,9.229486176006316e-4,0.35756546713832404,0.7235548376292127,-0.0014789647369001977,0.002138993844094278
base,BDI,Burundi,Low income,"L(dy, 1)",0.7566262280230559,0.12951800387691972,5.841861404396518,3.705348511217896e-6,0.5027709404242933,1.0104815156218185
base,BDI,Burundi,Low income,dd,5.29220240960331e-4,0.0029893362721328644,0.1770360350201542,0.8608520020348996,-0.005329878852420083,0.006388319334340745
base,BEL,Belgium,High income,(Intercept),-6.661821584943536e-4,9.484728075022893e-4,-0.7023734926557139,0.48893497692082644,-0.002525188861198841,0.0011928245442101334
base,BEL,Belgium,High income,"L(dy, 1)",-0.04932207224165948,0.18104185557032926,-0.2724346372074128,0.7875254034511782,-0.4041641091595048,0.30551996467618586
base,BEL,Belgium,High income,dd,-0.11929851361535454,0.03363352850079444,-3.5470115367924193,0.0015688677250129482,-0.18522022947691164,-0.05337679775379743
base,BEL,Belgium,High income,"L(dd, 1)",0.06342824045052875,0.03647406179876039,1.7389958047580107,0.0943371469244047,-0.008060920675041619,0.1349174015760991
base,BEN,Benin,Low income,(Intercept),-6.095474192564235e-4,0.0011640880841030082,-0.5236265430258332,0.6051495255615238,-0.00289116006409832,0.0016720652255854725
base,BEN,Benin,Low income,"L(dy, 1)",0.7389227605060018,0.13386946871675937,5.51972580147765,9.77529520336697e-6,0.47653860182115343,1.0013069191908501
base,BEN,Benin,Low income,dd,-0.0038835653728480136,0.004194713406403211,-0.9258237682983941,0.36338918346515725,-0.012105203649398306,0.00433807290370228
base,BEN,Benin,Low income,"L(dd, 1)",-0.006217834920053566,0.004195746668278463,-1.4819376410551441,0.15085295612562608,-0.014441498389879352,0.002005828549772221
base,BFA,Burkina Faso,Low income,(Intercept),-0.0013495107397839576,0.0018733704960806753,-0.7203651080271106,0.4777271835320476,-0.005021316912102081,0.002322295432534166
base,BFA,Burkina Faso,Low income,"L(dy, 1)",0.6170019566412266,0.16335238273642827,3.7771224778322905,8.337827117175866e-4,0.2968312864778272,0.937172626804626
base,BFA,Burkina Faso,Low income,dd,0.0046479140388140695,0.010438058628644106,0.44528529721602356,0.6597990468745136,-0.015810680873328375,0.025106508950956515
base,BGD,Bangladesh,Low income,(Intercept),5.733323192924707e-4,9.662557331801946e-4,0.5933546364640834,0.5582743756504102,-0.0013205289177407107,0.002467193556325652
base,BGD,Bangladesh,Low income,"L(dy, 1)",0.5832060548963496,0.14711852044749138,3.964191953007737,5.431381724548126e-4,0.29485375481926646,0.8715583549734327
base,BGD,Bangladesh,Low income,dd,0.01591340529028062,0.017838296541803383,0.8920922047118204,0.3808500204404335,-0.019049655931654013,0.05087646651221525
base,BGD,Bangladesh,Low income,"L(dd, 1)",0.024359966078751204,0.017828396758544814,1.3663576376869633,0.18399161901484723,-0.010583691567996628,0.059303623725499036
base,BGR,Bulgaria,Lower middle income,(Intercept),0.004295317387885464,0.003437006582645401,1.249726261676065,0.22297300845970303,-0.0024412155140995217,0.01103185028987045
base,BGR,Bulgaria,Lower middle income,"L(dy, 1)",0.29032114067630177,0.17725219234969392,1.6378987296447005,0.11396976354710714,-0.05709315632909828,0.6377354376817018
base,BGR,Bulgaria,Lower middle income,dd,0.0035065200458926026,0.01159808869903276,0.3023360259509857,0.7648970207023066,-0.01922573380421161,0.02623877389599681
base,BGR,Bulgaria,Lower middle income,"L(dd, 1)",0.024611129800635005,0.01161595510244048,2.118734928259517,0.04422438127804315,0.001843857799851665,0.04737840180141835
base,BHR,Bahrain,High income,(Intercept),-0.0014504552845817904,0.0017008112717583296,-0.8528020178760242,0.4018658407597434,-0.004784045377228117,0.0018831348080645355
base,BHR,Bahrain,High income,"L(dy, 1)",0.5721798618245715,0.13451223634587633,4.253738376286482,2.576405195061636e-4,0.3085358785866539,0.8358238450624891
base,BHR,Bahrain,High income,dd,0.0078965454388169,0.006745831885335245,1.1705814157603291,0.25280484997271147,-0.00532528505644018,0.02111837593407398
base,BHR,Bahrain,High income,"L(dd, 1)",0.01490712847235135,0.005797469266830261,2.5713165152321285,0.01646592839152756,0.003544088709364037,0.026270168235338662
base,BHS,Bahamas,High income,(Intercept),1.313657665443735e-5,0.0012340265961629981,0.010645294595175958,0.9915909404792098,-0.002405555551825039,0.0024318287051339135
base,BHS,Bahamas,High income,"L(dy, 1)",-0.24755227162581575,0.19697300415325325,-1.256782738781857,0.22044848595034555,-0.6336193597661921,0.13851481651456063
base,BHS,Bahamas,High income,dd,4.8613172018985594e-4,0.014381874444244117,0.03380169407503168,0.9733037206277788,-0.02770234219052861,0.028674605630908324
base,BHS,Bahamas,High income,"L(dd, 1)",-0.021525705128341822,0.014335667744268728,-1.5015488299767277,0.14573982947344732,-0.049623613907108524,0.006572203650424883
base,BLR,Belarus,Upper middle income,(Intercept),0.0023220735613516804,0.002677583879370616,0.8672271965939305,0.39375115997730015,-0.0029259908422147275,0.007570137964918088
base,BLR,Belarus,Upper middle income,"L(dy, 1)",0.24603190838552533,0.18889396291578056,1.3024868798756688,0.20416980610904523,-0.12420025892940459,0.6162640757004553
base,BLR,Belarus,Upper middle income,dd,0.0011102931904868828,0.006923758673047677,0.16035989163067663,0.8738369967812482,-0.012460273808686563,0.01468086018966033
base,BLZ,Belize,Lower middle income,(Intercept),-0.0012687341292567168,9.065441342350928e-4,-1.3995282538860903,0.1739412533766955,-0.0030455606323574985,5.08092373844065e-4
base,BLZ,Belize,Lower middle income,"L(dy, 1)",-0.14268204925748992,0.19312568303410918,-0.7388041145842312,0.46690611551670524,-0.5212083880043439,0.23584428948936406
base,BLZ,Belize,Lower middle income,dd,-0.002948147074017284,0.005784634712571208,-0.5096513817217102,0.6147655070666092,-0.014286031110656851,0.008389736962622284
base,BLZ,Belize,Lower middle income,"L(dd, 1)",0.009418365130140938,0.005898496608444575,1.5967399416076884,0.1228883380773053,-0.002142688222410429,0.020979418482692302
base,BOL,Bolivia,Lower middle income,(Intercept),-0.0011738985307456235,9.198616472232677e-4,-1.2761685784913437,0.21317859602102596,-0.0029768273593032283,6.290302978119813e-4
base,BOL,Bolivia,Lower middle income,"L(dy, 1)",-0.21639826877303361,0.1973320590701582,-1.0966199298416925,0.2828611048880715,-0.6031691045505436,0.17037256700447642
base,BOL,Bolivia,Lower middle income,dd,-0.0019132368489629147,0.007315571835646273,-0.26152936393029014,0.7957449856489118,-0.01625175764682961,0.01242528394890378
base,BRA,Brazil,Upper middle income,(Intercept),-8.054225125764808e-4,0.0014637730447130137,-0.5502372895071254,0.5868532218467692,-0.0036744176802139877,0.002063572655061026
base,BRA,Brazil,Upper middle income,"L(dy, 1)",-0.045742826795355865,0.20090413984430905,-0.22768483930099367,0.8216722593431481,-0.4395149408902016,0.3480292872994899
base,BRA,Brazil,Upper middle income,dd,0.0021843922469284766,0.007831603194836697,0.2789201894662674,0.782512635393769,-0.01316555001495145,0.017534334508808404
base,BRB,Barbados,High income,(Intercept),-3.496015707032405e-4,2.579413882273652e-4,-1.3553527532195817,0.18696354087698386,-8.551666916288763e-4,1.5596355022239538e-4
base,BRB,Barbados,High income,"L(dy, 1)",0.9156407979186783,0.08526211611909365,10.7391282271216,4.7058993517047185e-11,0.7485270503252547,1.0827545455121017
base,BRB,Barbados,High income,dd,-6.938857892979258e-5,0.0019353317725833812,-0.035853583304308136,0.9716729641151252,-0.0038626388531932195,0.003723861695333634
base,BTN,Bhutan,Low income,(Intercept),3.653029501754278e-4,8.189401784938426e-4,0.44606792995219297,0.6593877316466326,-0.0012398197996725039,0.001970425700023359
base,BTN,Bhutan,Low income,"L(dy, 1)",0.705946935387362,0.13640837198247427,5.175246395273025,2.3698093785787786e-5,0.4385865263017124,0.9733073444730116
base,BTN,Bhutan,Low income,dd,-0.00961537808933625,0.0066120817066010265,-1.4542134407892975,0.1583276789570642,-0.02257505823427426,0.003344302055601763
base,BTN,Bhutan,Low income,"L(dd, 1)",-0.013507056947843604,0.006470937950867052,-2.087341441132776,0.04720854294770399,-0.026190095331543026,-8.24018564144182e-4
base,BWA,Botswana,Upper middle income,(Intercept),-7.056811919693975e-4,4.949612958711249e-4,-1.4257300476947565,0.16584272117343749,-0.0016758053318768023,2.644429479380073e-4
base,BWA,Botswana,Upper middle income,"L(dy, 1)",0.7651871849299642,0.09356849323666845,8.177829507145423,1.1684222067617477e-8,0.581792938186094,0.9485814316738344
base,BWA,Botswana,Upper middle income,dd,-4.1307691572408837e-4,0.0018245495741657086,-0.22639939279971136,0.8226612828476059,-0.0039891940810888775,0.0031630402496407007
base,CAF,Central African Republic,Low income,(Intercept),-4.3847100843921565e-4,4.5116983492772295e-4,-0.9718535560105838,0.3400786293785215,-0.0013227638848975526,4.458218680191213e-4
base,CAF,Central African Republic,Low income,"L(dy, 1)",0.9881280820214645,0.07037414985540931,14.041065988742627,1.1967673053248323e-13,0.8501947483048623,1.1260614157380668
base,CAF,Central African Republic,Low income,dd,0.003452406822360325,0.001504832753999418,2.294212970301722,0.030104898150431096,5.029346245214658e-4,0.006401879020199184
base,CAN,Canada,High income,(Intercept),0.0010242658104191627,0.0010401224228438256,0.9847550518319671,0.3341796014488657,-0.0010143741383547354,0.0030629057591930607
base,CAN,Canada,High income,"L(dy, 1)",0.15598695376806884,0.19477578354413638,0.8008539405142326,0.4307619133243694,-0.22577358197843847,0.5377474895145762
base,CAN,Canada,High income,dd,-0.07432173074880133,0.02133762122743568,-3.4831310368017623,0.0018417452655253783,-0.11614346835457526,-0.0324999931430274
base,CAN,Canada,High income,"L(dd, 1)",0.03273682767633159,0.024276051985388333,1.348523544768967,0.18958076634942092,-0.01484423421502954,0.08031788956769273
base,CHE,Switzerland,High income,(Intercept),-4.10053708670626e-4,0.0017996149348155353,-0.22785636012331575,0.8216112046117949,-0.003937298980909075,0.0031171915635678227
base,CHE,Switzerland,High income,"L(dy, 1)",0.19376808573521548,0.1824088726086694,1.0622733585493704,0.29826590634950156,-0.16375330457777654,0.5512894760482074
base,CHE,Switzerland,High income,dd,-0.05048188364613284,0.03560357535277297,-1.4178880392191027,0.16856828873911617,-0.12026489133756785,0.019301124045302175
base,CHE,Switzerland,High income,"L(dd, 1)",0.06339995037749326,0.02957231347684546,2.1438955199475407,0.04195578347616251,0.005438215962876157,0.12136168479211035
base,CHL,Chile,Upper middle income,(Intercept),-6.396150518662661e-4,0.001783219602959305,-0.35868552073160603,0.7227266019497005,-0.004134725473666504,0.002855495369933972
base,CHL,Chile,Upper middle income,"L(dy, 1)",0.4688340393262251,0.18716691811211988,2.5048980025699636,0.01884731371061725,0.10198687982647009,0.83568119882598
base,CHL,Chile,Upper middle income,dd,1.9449679151897846e-4,0.009560573296412021,0.020343632697421083,0.9839245707171402,-0.018544226869448583,0.01893322045248654
base,CHN,China,Lower middle income,(Intercept),0.002676329393951642,0.001679173004492383,1.5938377920509157,0.123058139488351,-6.148496948534285e-4,0.005967508482756713
base,CHN,China,Lower middle income,"L(dy, 1)",0.25503908197669223,0.19359642308150662,1.3173749696259494,0.19920500183297632,-0.12440990726306073,0.6344880712164451
base,CHN,China,Lower middle income,dd,0.016519463024430168,0.018595695841744385,0.8883487429035377,0.3824982548129703,-0.019928100825388827,0.05296702687424916
base,CIV,Cote d'Ivoire,Lower middle income,(Intercept),2.8395115042058272e-5,0.0013486150125262952,0.02105501924442253,0.9833625216876416,-0.00261489030950948,0.002671680539593597
base,CIV,Cote d'Ivoire,Lower middle income,"L(dy, 1)",0.5584981906663877,0.1621221742178571,3.444921667013219,0.0019504186454823104,0.24073872919938782,0.8762576521333876
base,CIV,Cote d'Ivoire,Lower middle income,dd,0.004098986821377469,0.007605297580656212,0.5389646858530674,0.5944966044521529,-0.010807396436708704,0.019005370079463645
base,CMR,Cameroon,Lower middle income,(Intercept),-5.117556790295697e-4,4.5377536658707966e-4,-1.1277731598314154,0.2697158842755265,-0.0014011553975402458,3.7764403948110643e-4
base,CMR,Cameroon,Lower middle income,"L(dy, 1)",0.8275827411129786,0.1321969802087461,6.260224248739882,1.2626028648571145e-6,0.5684766599038362,1.086688822322121
base,CMR,Cameroon,Lower middle income,dd,-0.0013562685204482556,0.0017459281918324001,-0.7768180425707051,0.44427655790075793,-0.00477828777643976,0.0020657507355432486
base,COD,DR Congo,Low income,(Intercept),2.9475850945426014e-4,2.7816274996878796e-4,1.059662048521358,0.29904380778620354,-2.5044048048456424e-4,8.399574993930845e-4
base,COD,DR Congo,Low income,"L(dy, 1)",0.9437667380834162,0.09301303447115428,10.146607337879106,1.564416332004912e-10,0.7614611905199538,1.1260722856468786
base,COD,DR Congo,Low income,dd,1.415102300822701e-4,7.70906348776945e-4,0.18356345139299773,0.8557799957544716,-0.001369466213520542,0.0016524866736850822
base,COG,Congo,Lower middle income,(Intercept),1.0762830955742956e-4,1.2843553819410832e-4,0.837994772091567,0.40967145048322706,-1.4410534530302272e-4,3.5936196441788186e-4
base,COG,Congo,Lower middle income,"L(dy, 1)",0.7655597719382221,0.12841650888510892,5.961537021872706,2.718821376620736e-6,0.5138634145234087,1.0172561293530356
base,COG,Congo,Lower middle income,dd,-2.316526253600072e-4,4.914621635463281e-4,-0.47135393636090217,0.6413192790422475,-0.0011949184659108103,7.316132151907958e-4
base,COL,Colombia,Lower middle income,(Intercept),-0.0019260808698155437,0.002260673672409371,-0.8519942056753257,0.40199719678815893,-0.006357001267737911,0.002504839528106824
base,COL,Colombia,Lower middle income,"L(dy, 1)",-0.31763552357809044,0.18608424425060582,-1.7069447489080276,0.09974979954212342,-0.6823606423092778,0.047089595153096964
base,COL,Colombia,Lower middle income,dd,-7.355923326920063e-4,0.010513642619287488,-0.06996550665918085,0.9447564781823655,-0.021342331866495482,0.01987114720111147
base,COM,Comoros,Low income,(Intercept),-6.995540369152077e-4,0.001000545788128683,-0.6991724368992457,0.49065227582733495,-0.0026606237816474265,0.0012615157078170111
base,COM,Comoros,Low income,"L(dy, 1)",0.8231397610810695,0.1027834050906582,8.008488922458195,1.7340792761145014e-8,0.6216842871033794,1.0245952350587595
base,COM,Comoros,Low income,dd,0.0056812367320175404,0.004448024955774167,1.2772492934515778,0.21280277796397967,-0.003036892181299828,0.014399365645334908
base,CPV,Cabo Verde,Lower middle income,(Intercept),-5.43808830071857e-4,6.168035425903021e-4,-0.881656463560667,0.3860409155544714,-0.001752743773548849,6.651261134051352e-4
base,CPV,Cabo Verde,Lower middle income,"L(dy, 1)",0.8551993052058846,0.10158081379559761,8.418905827302478,6.704031966271006e-9,0.6561009101665133,1.0542977002452558
base,CPV,Cabo Verde,Lower middle income,dd,-0.0012371014552886932,0.00398331766686883,-0.31057062447674244,0.7586031420791871,-0.0090444040823516,0.006570201171774214
base,CRI,Costa Rica,Upper middle income,(Intercept),0.0012326482560393193,0.0013414631888196418,0.9188834000908597,0.36812200852774535,-0.0013966195940471786,0.0038619161061258173
base,CRI,Costa Rica,Upper middle income,"L(dy, 1)",-0.6211994254930995,0.21251186062629399,-2.9231282605232565,0.007875526263029418,-1.0377226723206356,-0.20467617866556326
base,CRI,Costa Rica,Upper middle income,"L(dy, 2)",-0.8763436173498139,0.21399008438738668,-4.095253384560414,4.7809945975955953e-4,-1.2957641827490918,-0.45692305195053606
base,CRI,Costa Rica,Upper middle income,dd,0.005350383850359971,0.012066590078059847,0.44340479089352175,0.6618028991848779,-0.01830013270263733,0.02900090040335727
base,CRI,Costa Rica,Upper middle income,"L(dd, 1)",0.005264326703486848,0.009627747594268257,0.5467869459540974,0.5900286765418375,-0.013606058581278935,0.024134711988252632
base,CRI,Costa Rica,Upper middle income,"L(dd, 2)",0.0015099868055120746,0.00992667577753601,0.15211404495845054,0.8804833762957381,-0.017946297718458504,0.020966271329482655
base,CYP,Cyprus,High income,(Intercept),-0.0031305053633849914,0.0046545877728457995,-0.672563396837828,0.5071588964276512,-0.012253497398162758,0.0059924866713927764
base,CYP,Cyprus,High income,"L(dy, 1)",-0.3733506582974932,0.1885998457949161,-1.9795915353158642,0.05842809472676029,-0.7430063560555287,-0.00369496053945767
base,CYP,Cyprus,High income,dd,0.08243272415164546,0.047992364391900195,1.7176216507798865,0.09775562725206793,-0.011632310056478926,0.17649775835976983
base,CZE,Czech Republic,High income,(Intercept),0.0027747635155448425,0.0023142766935743703,1.1989765628496463,0.24135081064129052,-0.0017612188038609233,0.007310745834950608
base,CZE,Czech Republic,High income,"L(dy, 1)",0.19040461738721343,0.18658410167734063,1.0204761052818938,0.31690480296245715,-0.1753002219003742,0.556109456674801
base,CZE,Czech Republic,High income,dd,-0.022212416607888086,0.02151544539261033,-1.0323939942938452,0.3113957948284045,-0.06438268957740434,0.01995785636162816
base,DEU,Germany,High income,(Intercept),0.0014378765029144482,0.0014461875640288063,0.9942531236465586,0.3292633789887781,-0.0013966511225820123,0.004272404128410909
base,DEU,Germany,High income,"L(dy, 1)",0.24909701523565908,0.19090892151199726,1.3047950470979175,0.20339390574937213,-0.12508447092785552,0.6232785013991737
base,DEU,Germany,High income,dd,-0.013495855387775754,0.026014877943815736,-0.5187745034561653,0.608305668963937,-0.06448501615765459,0.03749330538210309
base,DJI,Djibouti,Lower middle income,(Intercept),1.1602483270118163e-4,3.102670802424447e-4,0.37395147629106856,0.711472684175527,-4.9209864457401e-4,7.241483099763732e-4
base,DJI,Djibouti,Lower middle income,"L(dy, 1)",0.7694750534956571,0.12528340892497847,6.141875130141375,1.7093029251104635e-6,0.5239195720026993,1.015030534988615
base,DJI,Djibouti,Lower middle income,dd,-0.0020496548264615313,0.002208637563464179,-0.9280177338135606,0.3619340710692006,-0.006378584450851321,0.002279274797928259
base,DMA,Dominica,Upper middle income,(Intercept),-3.4241722755624606e-4,2.3663573742206911e-4,-1.4470224628222683,0.15984077615694076,-8.062232729035015e-4,1.2138881779100939e-4
base,DMA,Dominica,Upper middle income,"L(dy, 1)",0.9113020835833378,0.08329916107493689,10.940111182674695,3.161368582142709e-11,0.7480357278764614,1.074568439290214
base,DMA,Dominica,Upper middle income,dd,-0.0012218963090502852,0.0015620409234494053,-0.7822434679572994,0.44113787838926155,-0.004283496519011119,0.001839703900910549
base,DNK,Denmark,High income,(Intercept),0.002143849857088232,0.0016392602775687777,1.3078154131007325,0.202834971847885,-0.0010691002869465719,0.005356800001123036
base,DNK,Denmark,High income,"L(dy, 1)",-0.0537258308082543,0.19464648693966652,-0.2760174696854785,0.7848035332572117,-0.43523294521000067,0.3277812835934921
base,DNK,Denmark,High income,dd,-0.031111970724688222,0.020241200439317014,-1.537061540295582,0.1368395492539053,-0.07078472358574957,0.008560782136373124
base,DNK,Denmark,High income,"L(dd, 1)",0.033398174111252794,0.019741920054356314,1.6917388997268807,0.10312558188407206,-0.00529598919528558,0.07209233741779117
base,DZA,Algeria,Lower middle income,(Intercept),6.857528574202837e-4,0.0016635282373354315,0.41222796345116053,0.6835515086623465,-0.0025747624877571623,0.0039462682025977296
base,DZA,Algeria,Lower middle income,"L(dy, 1)",0.4300743316947454,0.17734359520202675,2.42509085938408,0.022553387106555998,0.082480885098773,0.7776677782907178
base,DZA,Algeria,Lower middle income,dd,-1.3693717801705962e-4,0.0061969896836900846,-0.022097370660058686,0.9825390013200295,-0.012283036958049625,0.012009162602015505
base,ECU,Ecuador,Lower middle income,(Intercept),-0.00523631667323751,0.0034990960565755833,-1.496476972501884,0.14657099484469396,-0.012094544944125655,0.0016219115976506332
base,ECU,Ecuador,Lower middle income,"L(dy, 1)",-0.45934905124966663,0.16941858853067476,-2.7113261610398633,0.011716343044897744,-0.7914094847697892,-0.12728861772954408
base,ECU,Ecuador,Lower middle income,dd,0.023101954921629225,0.021652534866536923,1.0669399709561174,0.29580631232212357,-0.019337013416783143,0.0655409232600416
base,EGY,Egypt,Lower middle income,(Intercept),4.4443221348236864e-4,9.076656260741038e-4,0.48964310282923973,0.6284923912821099,-0.0013345924136228746,0.002223456840587612
base,EGY,Egypt,Lower middle income,"L(dy, 1)",0.5646774080073883,0.15664937754118657,3.604721683997258,0.0012987801215934866,0.2576446280266626,0.871710187988114
base,EGY,Egypt,Lower middle income,dd,-0.009194168320231642,0.008596878419555528,-1.0694775326026997,0.2946833686049579,-0.026044050022560477,0.007655713382097192
base,ESP,Spain,High income,(Intercept),-8.110387345285686e-4,0.0011534748622876333,-0.7031264928652828,0.4884737111112428,-0.0030718494646123297,0.0014497719955551924
base,ESP,Spain,High income,"L(dy, 1)",0.04083216252944362,0.1942065437689796,0.21025121881585998,0.8351757786640738,-0.33981266325775644,0.42147698831664365
base,ESP,Spain,High income,dd,0.020651712609028455,0.014275950778932997,1.4466085607064547,0.16042924006994708,-0.0073291509176802196,0.04863257613573713
base,ESP,Spain,High income,"L(dd, 1)",-0.0206579819181846,0.01440287897865897,-1.4342953203171351,0.16387928056070714,-0.04888762471635619,0.0075716608799869835
base,EST,Estonia,High income,(Intercept),0.002494132624319098,0.004173302217822079,0.5976400687369128,0.5552502172813626,-0.0056855397226121766,0.010673804971250372
base,EST,Estonia,High income,"L(dy, 1)",0.13920607653754768,0.19670202258556044,0.7077002803923713,0.48542746892097144,-0.24632988773015074,0.5247420408052461
base,EST,Estonia,High income,dd,-0.009380368092248879,0.027116094417819935,-0.3459335975052648,0.7321762459155131,-0.06252791315117595,0.04376717696667819
base,ETH,Ethiopia,Low income,(Intercept),-0.0017996058197003275,0.002074423630709937,-0.8675208829377065,0.3935932514211691,-0.005865476135891804,0.002266264496491149
base,ETH,Ethiopia,Low income,"L(dy, 1)",0.7034762015629792,0.13831762479069076,5.08594767028074,2.6789743266122746e-5,0.4323736569732253,0.9745787461527331
base,ETH,Ethiopia,Low income,dd,0.003293113342789044,0.00960694310124218,0.3427847243482939,0.7345163790970979,-0.015536495135645628,0.022122721821223715
base,FIN,Finland,High income,(Intercept),0.0028169298403083872,0.0019880401501364904,1.4169381036469453,0.16884300823863707,-0.0010796288539591339,0.006713488534575908
base,FIN,Finland,High income,"L(dy, 1)",-0.028926345028433918,0.17833178825935403,-0.16220520923821694,0.8724481666525381,-0.3784566500167678,0.32060395995989993
base,FIN,Finland,High income,dd,-0.04687527585783243,0.015568638789657559,-3.0108782463995674,0.0058823174926852274,-0.07738980788556124,-0.016360743830103615
base,FIN,Finland,High income,"L(dd, 1)",0.04740312997847951,0.01396641404838742,3.3940802423763694,0.002300479896609733,0.020028958443640162,0.07477730151331885
base,FJI,Fiji,Lower middle income,(Intercept),7.090130951484393e-4,5.20617523489415e-4,1.3618694399610518,0.18492334488511983,-3.1139725089081413e-4,0.0017294234411876928
base,FJI,Fiji,Lower middle income,"L(dy, 1)",0.8227345485409725,0.10411839062349282,7.901913808062015,2.2275384280729813e-8,0.6186625029189265,1.0268065941630184
base,FJI,Fiji,Lower middle income,dd,0.003913653889345319,0.0029600844636190537,1.322142640673305,0.19763499279139796,-0.0018881116593480263,0.009715419438038664
base,FRA,France,High income,(Intercept),0.0015600019027417979,0.0013596566139786586,1.1473499166652705,0.26209897608239047,-0.001104925060656373,0.004224928866139969
base,FRA,France,High income,"L(dy, 1)",0.13818153600703428,0.1946860169746442,0.7097661052104783,0.4844172706199793,-0.2434030572632683,0.5197661292773369
base,FRA,France,High income,dd,-0.0754494757731179,0.022555948385390483,-3.3449923933141568,0.0025989426741635045,-0.11965913460848325,-0.03123981693775256
base,FRA,France,High income,"L(dd, 1)",0.048915945820448545,0.02600407005626921,1.8810880648529713,0.07165637932090158,-0.0020520314898391026,0.09988392313073619
base,GAB,Gabon,Upper middle income,(Intercept),-3.506828863873817e-4,4.0395347804199474e-4,-0.8681269142357153,0.3932675303217916,-0.0011424317033496914,4.4106593057492797e-4
base,GAB,Gabon,Upper middle income,"L(dy, 1)",0.8638509632016066,0.10199061435181309,8.469906458468646,5.966568857278147e-9,0.6639493590720529,1.0637525673311603
base,GAB,Gabon,Upper middle income,dd,4.0731360643069935e-4,0.0013801667407891292,0.2951191290103196,0.7702467192481285,-0.0022978132055159937,0.0031124404183773924
base,GBR,United Kingdom,High income,(Intercept),0.0023902773656930255,0.002408548444422269,0.9924140704864975,0.3301423510910839,-0.0023304775853746217,0.007111032316760673
base,GBR,United Kingdom,High income,"L(dy, 1)",-0.28697560369132996,0.17943787785867846,-1.599303375162216,0.12183617718656618,-0.6386738442943397,0.06472263691167979
base,GBR,United Kingdom,High income,dd,-0.023158545488136412,0.0268215214274986,-0.8634314630784985,0.39579569274088944,-0.07572872748603367,0.029411636509760846
base,GEO,Georgia,Lower middle income,(Intercept),0.008040790361926916,0.004590892045896336,1.751465789554852,0.09165593794561268,-9.573580480299031e-4,0.017038938771883734
base,GEO,Georgia,Lower middle income,"L(dy, 1)",-0.0014451402669855356,0.19474820967180173,-0.007420557392650488,0.994135951276393,-0.3831516312237169,0.3802613506897458
base,GEO,Georgia,Lower middle income,dd,0.023317065715649454,0.022033076758041645,1.0582755178365717,0.29966341754563136,-0.019867764730112168,0.06650189616141108
base,GHA,Ghana,Low income,(Intercept),-7.572502851732602e-5,5.228339462463253e-4,-0.14483571516538316,0.8859575014451198,-0.0011004795631601237,9.490295061254716e-4
base,GHA,Ghana,Low income,"L(dy, 1)",0.7342625997244511,0.1434831748977385,5.11741254852888,2.4657912847181082e-5,0.4530355769248836,1.0154896225240186
base,GHA,Ghana,Low income,dd,0.0036711197647492917,0.002506744140088477,1.464497196199576,0.1550459307514562,-0.001242098749824123,0.008584338279322706
base,GIN,Guinea,Low income,(Intercept),-7.717857470365414e-4,0.0013721326354697247,-0.562471678820127,0.5786126175331859,-0.003461165712557202,0.001917594218484119
base,GIN,Guinea,Low income,"L(dy, 1)",0.7411485149332528,0.13259019808696687,5.589768517029654,7.139211225830642e-6,0.4812717266827978,1.001025303183708
base,GIN,Guinea,Low income,dd,-6.938260690155967e-5,0.007089573320861525,-0.009786570187150317,0.9922662790675537,-0.013964946315790148,0.013826181101987028
base,GMB,Gambia,Low income,(Intercept),-5.769000160075298e-4,8.974214036428327e-4,-0.6428418284495606,0.5259557924507949,-0.002335845967147482,0.0011820459351324225
base,GMB,Gambia,Low income,"L(dy, 1)",0.7407771738055285,0.1393993557164523,5.314064544977664,1.4697822896808918e-5,0.46755443660128204,1.013999911009775
base,GMB,Gambia,Low income,dd,-4.653779980366043e-4,0.004521828320714639,-0.10291810414488603,0.9188176784267424,-0.009328161506637296,0.008397405510564088
base,GNB,Guinea-Bissau,Low income,(Intercept),7.469495525103785e-6,0.002004823962703347,0.003725761295785671,0.9970568509649318,-0.003921985471373456,0.003936924462423664
base,GNB,Guinea-Bissau,Low income,"L(dy, 1)",0.8857990452901359,0.12628064728568497,7.01452727975167,2.3655676772017462e-7,0.6382889766101933,1.1333091139700784
base,GNB,Guinea-Bissau,Low income,dd,-0.0013096750787393815,0.009235848651279112,-0.1418034366076364,0.8883718310701478,-0.019411938435246443,0.016792588277767678
base,GNB,Guinea-Bissau,Low income,"L(dd, 1)",0.0343205854642054,0.008866238777170679,3.870929525671708,6.896651753275271e-4,0.016942757460950867,0.05169841346745993
base,GNQ,Equatorial Guinea,Low income,(Intercept),-0,0,NA,NA,-0,0
base,GNQ,Equatorial Guinea,Low income,"L(dy, 1)",NA,NA,NA,NA,NA,NA
base,GNQ,Equatorial Guinea,Low income,dd,0,0,NA,NA,0,0
base,GNQ,Equatorial Guinea,Low income,"L(dd, 1)",0,0,NA,NA,0,0
base,GRC,Greece,High income,(Intercept),-4.5864481295674654e-4,0.0024744450186149802,-0.18535259805993326,0.8543908637070883,-0.005308557049442108,0.004391267423528615
base,GRC,Greece,High income,"L(dy, 1)",0.3204435736691622,0.18467886238843298,1.73513941728305,0.09455682515310815,-0.04152699661216641,0.6824141439504908
base,GRC,Greece,High income,dd,0.007030696336380038,0.033632939171371924,0.20904198412621955,0.8360446463946798,-0.05888986443950893,0.072951257112269
base,GRD,Grenada,Upper middle income,(Intercept),-3.373628032397547e-4,2.469181930523958e-4,-1.3662938282079793,0.18354815499314928,-8.213224616224505e-4,1.4659685514294103e-4
base,GRD,Grenada,Upper middle income,"L(dy, 1)",0.9209127834715587,0.08716017811604555,10.565751509197815,6.65841346611469e-11,0.7500788343641094,1.091746732579008
base,GRD,Grenada,Upper middle income,dd,-2.8091672481941605e-4,0.0011276366567181612,-0.2491198943789105,0.8052255389927377,-0.0024910845719870118,0.0019292511223481799
base,GTM,Guatemala,Lower middle income,(Intercept),-0.0013249635023071895,9.399207646004676e-4,-1.4096544647254305,0.17049195224273245,-0.003167208200924106,5.17281196309727e-4
base,GTM,Guatemala,Lower middle income,"L(dy, 1)",-0.27602019948856615,0.21093967602165842,-1.3085267062808303,0.20214430150263402,-0.6894619644910167,0.13742156551388435
base,GTM,Guatemala,Lower middle income,dd,-0.007287395979653383,0.01028968960237669,-0.7082231108283535,0.4851081833499903,-0.027455187600311695,0.012880395641004927
base,GUY,Guyana,Lower middle income,(Intercept),-0.0019636065453700405,9.572122309094165e-4,-2.0513805423322697,0.050431030746056565,-0.003839742517952497,-8.747057278758416e-5
base,GUY,Guyana,Lower middle income,"L(dy, 1)",-0.20654095979561182,0.18488564159080073,-1.1171281772802015,0.2741568201582487,-0.5689168173135812,0.1558348977223576
base,GUY,Guyana,Lower middle income,dd,-0.012441235189652613,0.00653765759166457,-1.9030111343725051,0.06816747833911528,-0.02525504406931517,3.725736900099443e-4
base,HND,Honduras,Lower middle income,(Intercept),-0.0015464476779321389,9.10130219541326e-4,-1.6991499070446148,0.10122726953663747,-0.003330302908233138,2.374075523688601e-4
base,HND,Honduras,Lower middle income,"L(dy, 1)",-0.23975324896866088,0.18910371675931958,-1.2678399614630798,0.21609189581355753,-0.6103965338169273,0.1308900358796055
base,HND,Honduras,Lower middle income,dd,-0.007278013911843612,0.004688919295413138,-1.5521729962303286,0.13270962538264858,-0.01646829573085336,0.0019122679071661387
base,HRV,Croatia,Upper middle income,(Intercept),0.002383382481241808,0.0015421957148919554,1.5454474799969116,0.1343242797145096,-6.393211199464247e-4,0.005406086082430041
base,HRV,Croatia,Upper middle income,"L(dy, 1)",0.014272584351046395,0.197598412378276,0.07223025822557431,0.9429714466707235,-0.37302030391037455,0.40156547261246733
base,HRV,Croatia,Upper middle income,dd,-0.0203564919333335,0.016629762934768727,-1.224099947376466,0.23189144446057985,-0.0529508272854802,0.012237843418813201
base,HTI,Haiti,Low income,(Intercept),-0.0011538578477439283,9.181711869078549e-4,-1.2566914146258503,0.2200389476732244,-0.002953473374083324,6.457576785954672e-4
base,HTI,Haiti,Low income,"L(dy, 1)",-0.21683259432990018,0.1982391783018951,-1.0937928425010393,0.2840763871743204,-0.6053813838016145,0.17171619514181422
base,HTI,Haiti,Low income,dd,-4.4752013491605595e-4,0.003348056153628681,-0.13366565982802467,0.8946962098133138,-0.00700971019602827,0.0061146699261961585
base,HUN,Hungary,Upper middle income,(Intercept),0.0025808647449043587,0.0018977434929944022,1.3599650081434749,0.1855177595357295,-0.0011387125013646695,0.006300441991173387
base,HUN,Hungary,Upper middle income,"L(dy, 1)",0.23095454722728467,0.1987218639840271,1.1621999844257116,0.25571181466510357,-0.15854030618140844,0.6204494006359778
base,HUN,Hungary,Upper middle income,dd,-0.011376635413646847,0.027756135715101136,-0.40987821685340803,0.685252914930223,-0.06577866141524508,0.04302539058795138
base,IDN,Indonesia,Lower middle income,(Intercept),5.242880679972286e-4,0.003468069684785729,0.15117575932722968,0.88100392245263,-0.0062731285141828,0.007321704650177258
base,IDN,Indonesia,Lower middle income,"L(dy, 1)",-0.2604937495433233,0.1903393485044869,-1.3685753975205115,0.18284213688375908,-0.6335588726121176,0.11257137352547097
base,IDN,Indonesia,Lower middle income,dd,-0.0603999036818432,0.01844735691606013,-3.274176563974837,0.002995767791743142,-0.09655672323732105,-0.024243084126365347
base,IND,India,Low income,(Intercept),0.0034702181860092594,0.0021509013744109786,1.6133785710930488,0.1187354946033425,-7.455485078362582e-4,0.0076859848798547774
base,IND,India,Low income,"L(dy, 1)",0.5764193698797423,0.21003080076446867,2.74445161272392,0.010840717515297684,0.1647590003813837,0.9880797393781009
base,IND,India,Low income,dd,0.031098155780227323,0.02010528998117101,1.5467648469308994,0.13400674761636383,-0.00830821258286786,0.0705045241433225
base,IRL,Ireland,High income,(Intercept),0.001820399904650871,0.0021187907827823387,0.8591692579766518,0.39809956113494227,-0.002332430029602513,0.005973229838904255
base,IRL,Ireland,High income,"L(dy, 1)",-0.35906773150473564,0.1700216604345641,-2.1118940409532665,0.044460070140032955,-0.6923101859564813,-0.025825277052990037
base,IRL,Ireland,High income,dd,-0.050307003850562866,0.012653010383822891,-3.9758920861142504,4.97824735696922e-4,-0.07510690420285573,-0.02550710349827
base,IRN,Iran,Lower middle income,(Intercept),-0.003578568807287611,0.003296979533055319,-1.0854082566813337,0.2877026601241082,-0.010040648692076036,0.0028835110775008136
base,IRN,Iran,Lower middle income,"L(dy, 1)",-0.5223021474334364,0.17776627624709168,-2.9381396655203966,0.006835508359420298,-0.8707240488777361,-0.1738802459891367
base,IRN,Iran,Lower middle income,dd,-0.013285892799179282,0.012845118544496362,-1.0343145338173445,0.3105143215814399,-0.038462325146392154,0.011890539548033586
base,ISL,Iceland,High income,(Intercept),1.0922208711378269e-4,0.002737804697934986,0.03989403889772139,0.9684823685308326,-0.005256875120838791,0.005475319295066355
base,ISL,Iceland,High income,"L(dy, 1)",-0.04746739926273276,0.18002768698978902,-0.26366721728433395,0.7941148878359204,-0.4003216657627192,0.3053868672372537
base,ISL,Iceland,High income,dd,-0.0364990780962386,0.016440711827849223,-2.2200424457542125,0.03534342193787864,-0.06872287327882307,-0.004275282913654123
base,ISR,Israel,High income,(Intercept),2.029881513770699e-5,4.994769013607102e-4,0.040640147887534984,0.9678932511695371,-9.586759115292851e-4,9.992735418046992e-4
base,ISR,Israel,High income,"L(dy, 1)",0.7610551459985035,0.12675004885275973,6.004377535842923,2.4343455058848876e-6,0.5126250502470945,1.0094852417499127
base,ISR,Israel,High income,dd,0.0040808595018910635,0.009231865496983781,0.4420406150007661,0.6621149364746794,-0.014013596872197148,0.022175315875979273
base,ITA,Italy,High income,(Intercept),0.0015907547421430063,9.540762343531612e-4,1.6673245647099642,0.10793033846807822,-2.7923467718918966e-4,0.003460744161475202
base,ITA,Italy,High income,"L(dy, 1)",0.19538555487701925,0.19380434515675543,1.008158793957818,0.32303698766605937,-0.18447096163022136,0.5752420713842599
base,ITA,Italy,High income,dd,-0.053104586912014855,0.02664375864600708,-1.9931342126901181,0.05726849743489926,-0.10532635385818873,-8.828199658409766e-4
base,ITA,Italy,High income,"L(dd, 1)",0.04204683436308998,0.02722730389752321,1.5442893105150548,0.13508367897210805,-0.011318681276055509,0.09541235000223547
base,JAM,Jamaica,Lower middle income,(Intercept),-0.0011440939956850443,9.120407592007873e-4,-1.2544329671051138,0.22084516198724885,-0.0029316938837185874,6.435058923484989e-4
base,JAM,Jamaica,Lower middle income,"L(dy, 1)",-0.21764539401920668,0.1978935977126356,-1.099810183527276,0.281494191997242,-0.6055168455359725,0.1702260574975591
base,JAM,Jamaica,Lower middle income,dd,-7.201325335130772e-4,0.0062245651386035805,-0.11569202305345813,0.9087855574989933,-0.012920280205176096,0.01148001513814994
base,JOR,Jordan,Lower middle income,(Intercept),-7.860206390505991e-4,0.0019128497369812485,-0.4109160400079582,0.6845012381292042,-0.004535206123533846,0.002963164845432648
base,JOR,Jordan,Lower middle income,"L(dy, 1)",0.4566812136357656,0.18268317338392315,2.499853736808118,0.019063781683057713,0.09862219380327619,0.814740233468255
base,JOR,Jordan,Lower middle income,dd,-0.004352328251180754,0.022513743940252472,-0.19331872400836883,0.8482116518551607,-0.0484792663740756,0.03977460987171409
base,JPN,Japan,High income,(Intercept),-0.0031307356558855845,0.0021846435219427525,-1.4330647652306654,0.1642273051898896,-0.007412636958893379,0.00115116564712221
base,JPN,Japan,High income,"L(dy, 1)",0.2008214821420238,0.14288131016002198,1.4055126028527516,0.17217522212277833,-0.07922588577161929,0.48086885005566693
base,JPN,Japan,High income,dd,-0.09658041321183726,0.04469847770165684,-2.160709227201653,0.040498556443911676,-0.18418942950708467,-0.008971396916589866
base,JPN,Japan,High income,"L(dd, 1)",0.189502677249518,0.041905466729897346,4.522146918705425,1.2859181687282397e-4,0.1073679624589192,0.2716373920401168
base,KAZ,Kazakhstan,Upper middle income,(Intercept),0.004273891881070725,0.0033749768997881065,1.2663470026532793,0.21661731616930394,-0.0023410628425139636,0.010888846604655413
base,KAZ,Kazakhstan,Upper middle income,"L(dy, 1)",0.2888611864607064,0.18892258406566392,1.528992353610338,0.13834264729769122,-0.0814270783079949,0.6591494512294077
base,KAZ,Kazakhstan,Upper middle income,dd,-7.786133136073957e-4,0.01204014106441561,-0.06466812219572504,0.9489329002095283,-0.024377289799861993,0.022820063172647204
base,KEN,Kenya,Low income,(Intercept),-0.00259503764409081,0.002974354670670524,-0.8724708151586364,0.3912543733913464,-0.008424772798605037,0.003234697510423417
base,KEN,Kenya,Low income,"L(dy, 1)",0.333173510288633,0.16406165592953106,2.0307823202256357,0.05304062637114997,0.011612664666752148,0.6547343559105139
base,KEN,Kenya,Low income,dd,-0.08689364191316575,0.026123442942676954,-3.32627066439281,0.002722387338920015,-0.13809559008081257,-0.035691693745518914
base,KEN,Kenya,Low income,"L(dd, 1)",-0.04680373523004444,0.028807795922682036,-1.624689905318066,0.11677119790991121,-0.10326701523850124,0.009659544778412348
base,KGZ,Kyrgyzstan,Low income,(Intercept),0.006483593577495079,0.004321877261738292,1.500179941456118,0.1456143584529483,-0.001987285855511972,0.01495447301050213
base,KGZ,Kyrgyzstan,Low income,"L(dy, 1)",0.022239699583594494,0.20429651800933923,0.10885990520199579,0.9141494212489167,-0.3781814757147104,0.4226608748818994
base,KGZ,Kyrgyzstan,Low income,dd,0.012599973598462922,0.030151486407187504,0.4178889699931789,0.6794594771561601,-0.046496939759624586,0.07169688695655042
base,KHM,Cambodia,Low income,(Intercept),-0.003938822015213,0.003577864495976317,-1.1008863023299562,0.2810341842072591,-0.010951436427326582,0.0030737923969005815
base,KHM,Cambodia,Low income,"L(dy, 1)",-0.023867316258843783,0.1965334081239154,-0.1214415222667655,0.9042750504950974,-0.409072796181718,0.3613381636640304
base,KHM,Cambodia,Low income,dd,-0.023763321729282746,0.04852190564199513,-0.4897441972830489,0.6284218138731874,-0.1188662567875932,0.0713396133290277
base,KNA,Saint Kitts and Nevis,Upper middle income,(Intercept),-4.077434156443909e-4,2.5255928416584506e-4,-1.6144463546097276,0.11850296352566833,-9.027596126094472e-4,8.72727813206654e-5
base,KNA,Saint Kitts and Nevis,Upper middle income,"L(dy, 1)",0.8973356574284738,0.08814249819755093,10.180510829376589,1.458793035490703e-10,0.724576360961274,1.0700949538956737
base,KNA,Saint Kitts and Nevis,Upper middle income,dd,3.111731493678323e-4,4.937006973247237e-4,0.630287036364389,0.5340077668837091,-6.564802173886261e-4,0.0012788265161242907
base,KWT,Kuwait,High income,(Intercept),-0.0034429549462611526,0.003111762121296905,-1.1064325652329152,0.2786718934763561,-0.009542008704003086,0.002656098811480781
base,KWT,Kuwait,High income,"L(dy, 1)",-0.037283741870604396,0.19934428352702355,-0.1870319088711171,0.8530874450898103,-0.42799853758357054,0.35343105384236173
base,KWT,Kuwait,High income,dd,-0.004227256985938989,0.010091295479772151,-0.41890131890523485,0.6787287536857631,-0.024006196126292404,0.015551682154414426
base,LAO,Lao PDR,Low income,(Intercept),1.8241648413696638e-4,5.138614098215668e-4,0.3549916001676574,0.725573263157384,-8.247518791133046e-4,0.0011895848473872372
base,LAO,Lao PDR,Low income,"L(dy, 1)",0.5849991910958577,0.15890046927124454,3.6815447668518764,0.0011169788645769858,0.27355427132421845,0.896444110867497
base,LAO,Lao PDR,Low income,dd,-0.002366173398143234,0.0017131676440749742,-1.3811686242888686,0.1794489793265217,-0.0057239819805301835,9.916351842437152e-4
base,LAO,Lao PDR,Low income,"L(dd, 1)",-0.0027237847105328517,0.0016831518206764623,-1.6182644233710046,0.11815457202006206,-0.006022762279058718,5.751928579930143e-4
base,LBN,Lebanon,Upper middle income,(Intercept),7.863642978314045e-4,0.0018324292115737444,0.4291376129919101,0.6713581533117963,-0.0028051969568531347,0.004377925552515944
base,LBN,Lebanon,Upper middle income,"L(dy, 1)",0.008436665463028438,0.19681777027492567,0.042865364500591835,0.9661363623306987,-0.3773261642758258,0.39419949520188274
base,LBN,Lebanon,Upper middle income,dd,-0.009533647228167809,0.013570143714192016,-0.7025457820463071,0.4885816898766707,-0.03613112890798416,0.017063834451648545
base,LCA,Saint Lucia,Upper middle income,(Intercept),-2.8594165578334116e-4,2.828959799673763e-4,-1.010766062551741,0.32144299354232564,-8.404177765193987e-4,2.685344649527164e-4
base,LCA,Saint Lucia,Upper middle income,"L(dy, 1)",0.9262028072446414,0.08751092219324738,10.583853809691771,6.420359420210102e-11,0.7546813997458766,1.0977242147434063
base,LCA,Saint Lucia,Upper middle income,dd,-9.546764514845966e-4,0.0021717939324160202,-0.439579666024098,0.6638737228733892,-0.0052113925590199965,0.003302039656050803
base,LKA,Sri Lanka,Lower middle income,(Intercept),5.270929215091544e-4,9.228539213767051e-4,0.5711553142916075,0.5727987914389585,-0.0012817007643891876,0.0023358866074074964
base,LKA,Sri Lanka,Lower middle income,"L(dy, 1)",0.5872001252872369,0.15898615840077907,3.6934040748817756,0.0010345579039175968,0.2755872548217099,0.8988129957527637
base,LKA,Sri Lanka,Lower middle income,dd,0.004146394821329979,0.014817380243567928,0.27983319272176244,0.7818197468905647,-0.02489567045606316,0.033188460098723116
base,LSO,Lesotho,Lower middle income,(Intercept),-0.0012451133378648038,7.823485771402896e-4,-1.5915071289783043,0.12358228733039969,-0.0027785165490597716,2.882898733301638e-4
base,LSO,Lesotho,Lower middle income,"L(dy, 1)",0.7613248192630506,0.11418352933565296,6.667553750463139,4.500902662828388e-7,0.5375251017651708,0.9851245367609305
base,LSO,Lesotho,Lower middle income,dd,-0.002687785589605383,0.003670099907060025,-0.7323467092639622,0.4705078314248541,-0.009881181407443032,0.004505610228232267
base,LTU,Lithuania,Upper middle income,(Intercept),0.0053068658484425385,0.003459866287373129,1.533835532260331,0.13762926298181574,-0.0014744720748087947,0.01208820377169387
base,LTU,Lithuania,Upper middle income,"L(dy, 1)",-0.1317276220869157,0.18979511812962452,-0.6940516878677017,0.49404921603465457,-0.5037260536209798,0.24027080944714832
base,LTU,Lithuania,Upper middle income,dd,-0.01997746335654912,0.021431717821911722,-0.9321447549166696,0.3601771878472193,-0.061983630287496094,0.022028703574397856
base,LTU,Lithuania,Upper middle income,"L(dd, 1)",-0.03190961253795517,0.021779202002771968,-1.465141492966264,0.15534655993767862,-0.07459684846338822,0.010777623387477883
base,LUX,Luxembourg,High income,(Intercept),0.0012617092811750231,0.004075806987512654,0.30956060604454866,0.7594606318478254,-0.006726872414349778,0.009250290976699823
base,LUX,Luxembourg,High income,"L(dy, 1)",-0.15350978688432732,0.1973568130291254,-0.777828667418098,0.44396930993544736,-0.540329140421413,0.23330956665275843
base,LUX,Luxembourg,High income,dd,-0.00812563876432929,0.02153022812548907,-0.3774060691307567,0.7090568749942635,-0.050324885890287864,0.03407360836162928
base,LUX,Luxembourg,High income,"L(dd, 1)",-0.030347122001769925,0.02118751636770163,-1.4323114363716198,0.16444065234705446,-0.07187465408246511,0.011180410078925267
base,LVA,Latvia,High income,(Intercept),0.00480796560223341,0.0031127490441147498,1.544604314094576,0.13452783553279823,-0.0012930225242314998,0.01090895372869832
base,LVA,Latvia,High income,"L(dy, 1)",-0.05275553624212391,0.19460952391994069,-0.2710840414152943,0.7884670337344468,-0.4341902031252077,0.3286791306409598
base,LVA,Latvia,High income,dd,-0.012166288018012568,0.012778498080645103,-0.9520906088674211,0.34981887630880193,-0.03721214425607697,0.012879568220051832
base,MAR,Morocco,Lower middle income,(Intercept),-0,0,NA,NA,-0,0
base,MAR,Morocco,Lower middle income,"L(dy, 1)",NA,NA,NA,NA,NA,NA
base,MAR,Morocco,Lower middle income,dd,-0,0,NA,NA,-0,0
base,MAR,Morocco,Lower middle income,"L(dd, 1)",-0,0,NA,NA,-0,0
base,MDA,Moldova,Lower middle income,(Intercept),3.5430605402781643e-4,0.0013835536191531765,0.2560840787975203,0.7999012252899886,-0.0023574590395124095,0.0030660711475680425
base,MDA,Moldova,Lower middle income,"L(dy, 1)",0.6190500004585555,0.14965776987908963,4.136437426260552,3.272774076259067e-4,0.32572077149553985,0.9123792294215711
base,MDA,Moldova,Lower middle income,dd,-0.010814692021983655,0.006267082716225417,-1.7256341605296706,0.09628132927088265,-0.023098174145785473,0.0014687901018181609
base,MDG,Madagascar,Low income,(Intercept),-0.002039231649411359,0.0025975622294243696,-0.785055936797811,0.43951613382640464,-0.0071304536190831234,0.0030519903202604047
base,MDG,Madagascar,Low income,"L(dy, 1)",0.4979398923733321,0.1663463305313093,2.993392705345016,0.00598058745018843,0.1719010845319659,0.8239787002146983
base,MDG,Madagascar,Low income,dd,-0.014724558343790554,0.013905218047340828,-1.058923225343195,0.2993738587272185,-0.04197878571657858,0.012529669028997468
base,MDV,Maldives,Lower middle income,(Intercept),-0.0010694494183265196,9.81811483274949e-4,-1.0892614687691813,0.28603208784973577,-0.00299379992554542,8.549010888923806e-4
base,MDV,Maldives,Lower middle income,"L(dy, 1)",0.8675568412363291,0.10750197285122692,8.07014809334662,1.5012202440053658e-8,0.6568529744479243,1.078260708024734
base,MDV,Maldives,Lower middle income,dd,0.011503392478134797,0.007412316249181029,1.5519295307193326,0.13276779762365953,-0.0030247473702600183,0.026031532326529612
base,MEX,Mexico,Upper middle income,(Intercept),0.004494700374865468,0.0021608659962497733,2.0800458624764846,0.049378776983084516,2.5940302221591233e-4,0.008729997727515024
base,MEX,Mexico,Upper middle income,"L(dy, 1)",0.3116977063658239,0.1778420563460712,1.752665892252599,0.09358621407039516,-0.03687272407247566,0.6602681368041234
base,MEX,Mexico,Upper middle income,"L(dy, 2)",-0.7193589085498381,0.1789676131067822,-4.01949210844438,5.751538157910898e-4,-1.070135430239131,-0.368582386860545
base,MEX,Mexico,Upper middle income,dd,0.006933156116887528,0.021631044380010348,0.3205187874929694,0.7515996578844428,-0.03546369086793275,0.04933000310170781
base,MEX,Mexico,Upper middle income,"L(dd, 1)",0.005881189060674746,0.01928580214321465,0.30494915466837,0.7632711724062511,-0.03191898314002597,0.04368136126137546
base,MEX,Mexico,Upper middle income,"L(dd, 2)",0.009784627780333073,0.020355952090981188,0.48067649877542223,0.6354920007881046,-0.030113038317990053,0.0496822938786562
base,MKD,North Macedonia,Lower middle income,(Intercept),8.969862312223742e-4,0.0019041610767394487,0.4710663620739009,0.6416780130466004,-0.0028351694791869456,0.0046291419416316934
base,MKD,North Macedonia,Lower middle income,"L(dy, 1)",-0.0829837541953987,0.15268648715963604,-0.5434911480322285,0.5916055810903029,-0.3822492690282853,0.21628176063748789
base,MKD,North Macedonia,Lower middle income,dd,-0.01453781808027668,0.00887785516656833,-1.63753719873943,0.1140456863583901,-0.03193841420675061,0.002862778046197249
base,MKD,North Macedonia,Lower middle income,"L(dd, 1)",-0.03864367938605654,0.009166537816758667,-4.215733372681502,2.842198449647651e-4,-0.056610093506903526,-0.020677265265209556
base,MLI,Mali,Low income,(Intercept),-0.0011253901017734458,0.0014018227266677284,-0.8028048628150077,0.42965406872945855,-0.0038729626460421935,0.0016221824424953017
base,MLI,Mali,Low income,"L(dy, 1)",0.7160589151169457,0.13358262290571069,5.360419637982225,1.4709567288814739e-5,0.4542369742217528,0.9778808560121387
base,MLI,Mali,Low income,dd,-0.001822485937070999,0.005513212765548749,-0.330566951534946,0.743726086845977,-0.012628382957546548,0.008983411083404549
base,MLI,Mali,Low income,"L(dd, 1)",0.009617008479890101,0.005517390553715971,1.7430356590241798,0.09361627916282336,-0.001197077005393201,0.020431093965173404
base,MLT,Malta,High income,(Intercept),0.002045968631345569,0.0013977718808314053,1.463735720687564,0.1552524346968954,-6.936642550839853e-4,0.0047856015177751236
base,MLT,Malta,High income,"L(dy, 1)",-0.5617043531929623,0.19669417491682065,-2.8557243926033884,0.008329290022043903,-0.9472249360299307,-0.17618377035599386
base,MLT,Malta,High income,dd,-0.004799776880343857,0.015317651647924242,-0.31334939523802885,0.7565152243227239,-0.03482237411027537,0.025222820349587657
base,MMR,Myanmar,Low income,(Intercept),-0.0016273703248894666,0.0018828527559953232,-0.86431098752021,0.39532134264496444,-0.0053177617266403,0.002063021076861367
base,MMR,Myanmar,Low income,"L(dy, 1)",0.4651900504304436,0.17356555838184126,2.6801979307843635,0.012599276896728545,0.12500155600203472,0.8053785448588524
base,MMR,Myanmar,Low income,dd,-0.002864811716088026,0.008482208535317424,-0.33774360818409405,0.7382681923785458,-0.01948994044531018,0.013760317013134125
base,MRT,Mauritania,Low income,(Intercept),-0.004263086203041576,0.00429708986797537,-0.9920868155010648,0.3306609585236061,-0.012685382344273301,0.004159209938190149
base,MRT,Mauritania,Low income,"L(dy, 1)",0.3885258757881299,0.16799191582134596,2.3127653130720573,0.02925222904021662,0.05926172077829184,0.717790030797968
base,MRT,Mauritania,Low income,dd,-0.016650501611267972,0.012706752805023898,-1.3103663750100516,0.2019838811115154,-0.04155573710911481,0.00825473388657887
base,MRT,Mauritania,Low income,"L(dd, 1)",-0.020132040438591015,0.012819811331943534,-1.5703850795703496,0.12889728069078873,-0.04525887064920034,0.00499478977201831
base,MUS,Mauritius,Upper middle income,(Intercept),2.1726268175510793e-4,4.6059139211487545e-4,0.47170373887691053,0.6410728658622645,-6.85496446790048e-4,0.0011200218103002639
base,MUS,Mauritius,Upper middle income,"L(dy, 1)",0.7355262337160777,0.13077163075077317,5.624509149984191,6.520482387512516e-6,0.4792138374445623,0.9918386299875932
base,MUS,Mauritius,Upper middle income,dd,-0.0043144717927978615,0.004521550064877574,-0.9542019287393826,0.3487694451188973,-0.013176709919957907,0.004547766334362183
base,MWI,Malawi,Low income,(Intercept),-0.003325339075821846,0.0027735871062619303,-1.1989308243877486,0.24136829049615854,-0.00876156980409523,0.002110891652451538
base,MWI,Malawi,Low income,"L(dy, 1)",0.7766077014375107,0.12365338957176741,6.280520931347167,1.1988535283752498e-6,0.5342470578768466,1.0189683449981748
base,MWI,Malawi,Low income,dd,-0.008638976992355609,0.007268251686977073,-1.1885907869473673,0.245344186349005,-0.02288475029883067,0.005606796314119455
base,MYS,Malaysia,Upper middle income,(Intercept),-0.003794272449146899,0.0019225610198364002,-1.9735511174931506,0.05914932348921369,-0.007562492048026243,-2.6052850267554648e-05
base,MYS,Malaysia,Upper middle income,"L(dy, 1)",-0.001222175597074477,0.19383164021799895,-0.006305346205087663,0.9950172266896409,-0.3811321904243524,0.37868783923020344
base,MYS,Malaysia,Upper middle income,dd,-0.02643365556471464,0.020020682618724434,-1.320317397169687,0.19823491550068673,-0.06567419349741453,0.012806882367985249
base,NAM,Namibia,Lower middle income,(Intercept),-9.678272751384502e-4,5.871995933438893e-4,-1.6482083538699746,0.11182240883325285,-0.002118738478092473,1.8308392781557264e-4
base,NAM,Namibia,Lower middle income,"L(dy, 1)",0.817914143985769,0.1262581054838022,6.478111966369559,8.750746368109476e-7,0.5704482572375167,1.0653800307340213
base,NAM,Namibia,Lower middle income,dd,6.176515876424427e-4,0.0021384679581901386,0.28882901203962075,0.7750936846981193,-0.003573745610410229,0.004809048785695115
base,NAM,Namibia,Lower middle income,"L(dd, 1)",0.004371789797289258,0.002149836624546279,2.0335451296034743,0.05274153521536276,1.581100131785515e-4,0.008585469581399965
base,NER,Niger,Low income,(Intercept),-1.228642821838352e-4,0.001309490718840135,-0.09382600458036136,0.9259953044791637,-0.0026894660911104995,0.002443737526742829
base,NER,Niger,Low income,"L(dy, 1)",0.5340568776906497,0.1328634695171492,4.019591537324087,4.711246324233827e-4,0.2736444774370373,0.7944692779442621
base,NER,Niger,Low income,dd,0.023629734899305962,0.0055516183919954365,4.25636872544704,2.5589505832942925e-4,0.012748562850994908,0.03451090694761702
base,NER,Niger,Low income,"L(dd, 1)",0.010409397807378441,0.006661206741564757,1.5626894962478244,0.130696898317503,-0.002646567406088483,0.023465363020845363
base,NGA,Nigeria,Low income,(Intercept),-3.6341746140193884e-4,2.945309007620228e-4,-1.2338856821531792,0.22828327742725765,-9.406980268955034e-4,2.138631040916258e-4
base,NGA,Nigeria,Low income,"L(dy, 1)",0.7609851447991874,0.09405535960755348,8.09082170303109,1.4305264172525229e-8,0.5766366399683827,0.9453336496299922
base,NGA,Nigeria,Low income,dd,0.001881248324434666,9.741543135919198e-4,1.9311604929388368,0.06443420496672697,-2.809413020549655e-5,0.003790590779074829
base,NLD,Netherlands,High income,(Intercept),2.30510737611881e-4,9.708893389621945e-4,0.23742225644199486,0.8141901387846517,-0.0016724323667540201,0.002133453841977782
base,NLD,Netherlands,High income,"L(dy, 1)",-0.34409666301584196,0.14839325693117877,-2.318816030673319,0.02852969635397156,-0.6349474466009524,-0.05324587943073156
base,NLD,Netherlands,High income,dd,-0.049041459147890994,0.014021977439929612,-3.497470977826447,0.0017071437624814742,-0.07652453493015303,-0.021558383365628955
base,NOR,Norway,High income,(Intercept),0.003244205599110474,0.003483666774353866,0.9312617449503888,0.36028540260060826,-0.003583781278623103,0.010072192476844051
base,NOR,Norway,High income,"L(dy, 1)",-0.2819269078225938,0.19401979972841812,-1.4530831812898726,0.1581645162234715,-0.6622057152902934,0.09835189964510577
base,NOR,Norway,High income,dd,-0.003655915485868424,0.021470677388983637,-0.17027480873725173,0.8661120967852214,-0.045738443168276355,0.038426612196539506
base,NPL,Nepal,Low income,(Intercept),-1.5951894520748093e-4,4.7664647939367895e-4,-0.33466930335958417,0.7406662306683807,-0.0010937460448190916,7.747081544041297e-4
base,NPL,Nepal,Low income,"L(dy, 1)",0.6267223795064802,0.11178872795856533,5.606311038254017,7.834144400571405e-6,0.4076164727076922,0.8458282863052683
base,NPL,Nepal,Low income,dd,0.003580436578987935,0.006004221349909418,0.5963198840165929,0.5563231276293141,-0.008187837266834523,0.015348710424810393
base,NPL,Nepal,Low income,"L(dd, 1)",0.010939083257717863,0.006164375068610522,1.7745648400631113,0.08814971847642293,-0.00114309187675876,0.023021258392194488
base,NZL,New Zealand,High income,(Intercept),-3.9498403021782236e-4,0.004054113531047313,-0.09742796475553678,0.9231634418669584,-0.008341046551070555,0.0075510784906349104
base,NZL,New Zealand,High income,"L(dy, 1)",-0.03885661027344693,0.19426775413634526,-0.20001574860527668,0.843086374265263,-0.4196214083806836,0.34190818783378973
base,NZL,New Zealand,High income,dd,0.12298487041638746,0.05361845513374312,2.293704100754494,0.030486258800928267,0.017892698354250947,0.22807704247852398
base,NZL,New Zealand,High income,"L(dd, 1)",-0.0740689723297171,0.053933047339442014,-1.373350403576202,0.18183574723187015,-0.17977774511502342,0.03163980045558924
base,OMN,Oman,Upper middle income,(Intercept),-0,0,NA,NA,-0,0
base,OMN,Oman,Upper middle income,"L(dy, 1)",NA,NA,NA,NA,NA,NA
base,OMN,Oman,Upper middle income,dd,0,0,NA,NA,0,0
base,OMN,Oman,Upper middle income,"L(dd, 1)",0,0,NA,NA,0,0
base,PAK,Pakistan,Low income,(Intercept),4.16146734478362e-4,0.0015681311879295098,0.2653775000979501,0.7928114941342606,-0.0026573903938634773,0.003489683862820201
base,PAK,Pakistan,Low income,"L(dy, 1)",0.24364884054370475,0.1843622310566422,1.3215767630239175,0.1978208354075967,-0.11770113232731397,0.6049988134147235
base,PAK,Pakistan,Low income,dd,-0.026805536259160746,0.0218731056956522,-1.2255020677968462,0.23137184339886108,-0.06967682342263906,0.016065750904317562
base,PAN,Panama,Upper middle income,(Intercept),-0.0011786272255450236,0.0010374577899999967,-1.136072461844474,0.2662899425430503,-0.0032120444939450175,8.5479004285497e-4
base,PAN,Panama,Upper middle income,"L(dy, 1)",-0.2203702814686842,0.19739208189645116,-1.1164089225437475,0.27445877970442956,-0.6072587619857285,0.16651819904836007
base,PAN,Panama,Upper middle income,dd,-0.0011206580757555172,0.013688174790924011,-0.0818705264122265,0.9353766879616208,-0.02794948066596658,0.025708164514455546
base,PHL,Philippines,Lower middle income,(Intercept),-0.0011951448423369953,0.0010208601284665579,-1.1707234017771189,0.2542353792717821,-0.003196030694131449,8.057410094574583e-4
base,PHL,Philippines,Lower middle income,"L(dy, 1)",0.7844454842670442,0.19555972887513856,4.011283349487045,5.867805116485141e-4,0.4011484156717726,1.1677425528623158
base,PHL,Philippines,Lower middle income,"L(dy, 2)",-0.44492254079982946,0.17868851215838358,-2.4899336584405876,0.020819502726020036,-0.7951520246302612,-0.09469305696939767
base,PHL,Philippines,Lower middle income,dd,0.008048165759466024,0.013459449684649712,0.5979565248232125,0.5559750976312222,-0.01833235562244741,0.03442868714137946
base,PHL,Philippines,Lower middle income,"L(dd, 1)",-0.027332427175764812,0.011756460898342914,-2.3248856447621367,0.02970055941002689,-0.050375090536516925,-0.004289763815012702
base,PHL,Philippines,Lower middle income,"L(dd, 2)",0.029254880530580094,0.01152487736669741,2.5384114381221767,0.01872390288440137,0.006666120891853172,0.051843640169307016
base,POL,Poland,High income,(Intercept),0.0040220137438283015,0.0014562271779361706,2.7619411344378815,0.010403595284603055,0.001167808475073407,0.006876219012583196
base,POL,Poland,High income,"L(dy, 1)",-0.14460523571690675,0.16012328606817577,-0.903086860554049,0.3747710621477526,-0.4584468764105313,0.16923640497671777
base,POL,Poland,High income,dd,-0.05561775242442767,0.013872587821694723,-4.009183660560399,4.5644047414427046e-4,-0.08280802455494933,-0.028427480293906016
base,PRT,Portugal,High income,(Intercept),0.0017190299032355325,0.0018141603822936282,0.9475622552523041,0.352076839845904,-0.0018367244460599787,0.005274784252531044
base,PRT,Portugal,High income,"L(dy, 1)",-0.21453671979555877,0.19720267695100002,-1.0878996325636383,0.286621721915638,-0.6010539666195188,0.17198052702840128
base,PRT,Portugal,High income,dd,-0.02274268416672518,0.027798927402024855,-0.8181137292753468,0.4207271785977722,-0.07722858187469389,0.031743213541243535
base,PRY,Paraguay,Lower middle income,(Intercept),-0.0011406529909858596,9.149298254835676e-4,-1.2467109052685987,0.22361869878637733,-0.002933915448933652,6.526094669619328e-4
base,PRY,Paraguay,Lower middle income,"L(dy, 1)",-0.21871901244526698,0.19933898044179962,-1.0972214865377306,0.2826029951037978,-0.6094234141111943,0.17198538922066026
base,PRY,Paraguay,Lower middle income,dd,-1.5473710537531333e-4,0.004989795610684586,-0.03101071014691999,0.9754978263581309,-0.009934736502317102,0.009625262291566477
base,QAT,Qatar,High income,(Intercept),1.2093774968047704e-4,1.5808745010697516e-4,0.7650053789762594,0.45115683027921505,-1.8891365252919428e-4,4.3078915189014835e-4
base,QAT,Qatar,High income,"L(dy, 1)",0.7295622454087448,0.1312199594686467,5.559842026799774,7.719574389530207e-6,0.4723711248501973,0.9867533659672924
base,QAT,Qatar,High income,dd,3.103901635848584e-4,4.138732323454933e-4,0.7499643352768239,0.4600092305099026,-5.008013718123085e-4,0.0011215816989820252
base,ROU,Romania,Upper middle income,(Intercept),0.0087389613912049,0.00419319103089923,2.0840837745784335,0.04752827212235387,5.203069706424101e-4,0.01695761581176739
base,ROU,Romania,Upper middle income,"L(dy, 1)",-0.09795338033401169,0.20035397196021595,-0.4889016143561265,0.6291730359430441,-0.4906471653760349,0.29474040470801155
base,ROU,Romania,Upper middle income,dd,-0.01758803341497145,0.025387712493345625,-0.6927773984986418,0.49483501491491944,-0.06734794990192887,0.03217188307198597
base,ROU,Romania,Upper middle income,"L(dd, 1)",-0.03574484844867418,0.026682504419417264,-1.3396361858245251,0.19241516009244264,-0.08804255711073201,0.01655286021338366
base,RUS,Russian Federation,Upper middle income,(Intercept),0.005221967426427595,0.005170818151663054,1.009891911350255,0.3218537400374147,-0.004912836150831992,0.01535677100368718
base,RUS,Russian Federation,Upper middle income,"L(dy, 1)",-0.0584148892181319,0.18512964247375863,-0.31553504040506086,0.754874290481028,-0.4212689884666988,0.30443921003043495
base,RUS,Russian Federation,Upper middle income,dd,-0.039000032403648244,0.018887405564228108,-2.064869749898977,0.04904157181043835,-0.07601934730953533,-0.0019807174977611516
base,RWA,Rwanda,Low income,(Intercept),-2.1588841034996494e-4,5.388745891137926e-4,-0.40062829962905594,0.6919669628497527,-0.0012720826050129986,8.403057843130687e-4
base,RWA,Rwanda,Low income,"L(dy, 1)",0.9519884980319239,0.1018395757768774,9.347922855822345,8.468937809574315e-10,0.7523829295092441,1.1515940665546036
base,RWA,Rwanda,Low income,dd,0.007962509597699615,0.0022521587502599472,3.535501037296137,0.0015497607351217808,0.0035482784471901185,0.012376740748209112
base,SAU,Saudi Arabia,High income,(Intercept),-0,0,NA,NA,-0,0
base,SAU,Saudi Arabia,High income,"L(dy, 1)",NA,NA,NA,NA,NA,NA
base,SAU,Saudi Arabia,High income,dd,-0,0,NA,NA,-0,0
base,SAU,Saudi Arabia,High income,"L(dd, 1)",-0,0,NA,NA,-0,0
base,SDN,Sudan,Low income,(Intercept),3.048105935887577e-4,2.6743151818123874e-4,1.1397706435715895,0.26518473811572923,-2.1935518204647025e-4,8.289763692239857e-4
base,SDN,Sudan,Low income,"L(dy, 1)",0.721600208111609,0.12586615467141735,5.733075821656729,5.671386659105881e-6,0.474902544955631,0.9682978712675869
base,SDN,Sudan,Low income,dd,1.5265178589788059e-4,0.0010732503630518637,0.14223315561133787,0.8880359157641555,-0.0019509189256837723,0.0022562224974795337
base,SDN,Sudan,Low income,"L(dd, 1)",0.0019443081096788951,0.0010717976607985532,1.8140626545408483,0.08168878802662229,-1.5641530548626934e-4,0.00404503152484406
base,SEN,Senegal,Low income,(Intercept),-0.002017200326689642,0.002086703595630146,-0.9666923136155736,0.34260445371879344,-0.006107139374124729,0.002072738720745444
base,SEN,Senegal,Low income,"L(dy, 1)",0.5946964087351485,0.1569671906205301,3.78866695889865,8.09281954997703e-4,0.2870407151189095,0.9023521023513875
base,SEN,Senegal,Low income,dd,-0.003234985227730719,0.004935101610975437,-0.655505293049339,0.5179011394493076,-0.012907784385242574,0.006437813929781136
base,SGP,Singapore,High income,(Intercept),0.0014141846428269186,0.0033586616549024727,0.4210560003156921,0.6771745480157023,-0.005168792200781928,0.007997161486435766
base,SGP,Singapore,High income,"L(dy, 1)",-0.025088642658685746,0.19021916932305855,-0.13189334570206473,0.8960840246671251,-0.39791821453188053,0.347740929214509
base,SGP,Singapore,High income,dd,0.09023742050817331,0.05226884368084896,1.726409351221899,0.09613969852359813,-0.012209513106290662,0.1926843541226373
base,SLE,Sierra Leone,Low income,(Intercept),-1.2852384030957772e-4,5.707905674750147e-4,-0.22516812230819425,0.8236089030708622,-0.0012472733525606067,9.902256719414512e-4
base,SLE,Sierra Leone,Low income,"L(dy, 1)",0.7807144932179081,0.12453184478164471,6.269195598819082,1.2340109989464365e-6,0.5366320774458845,1.0247969089899318
base,SLE,Sierra Leone,Low income,dd,0.0011449222253097004,0.002463221363378097,0.4648068753916366,0.6459389526543606,-0.00368299164691137,0.00597283609753077
base,SLV,El Salvador,Lower middle income,(Intercept),-0.0025003790338727363,0.0038199962881663198,-0.6545501213230163,0.5185063177704102,-0.009987571758678723,0.0049868136909332495
base,SLV,El Salvador,Lower middle income,"L(dy, 1)",-0.2526771915069717,0.18916632663074012,-1.3357408583622137,0.19320969899688856,-0.6234431917032224,0.1180888086892789
base,SLV,El Salvador,Lower middle income,dd,-0.023075411868958246,0.038145673089767726,-0.6049286852182467,0.5504700428686473,-0.09784093112490298,0.0516901073869865
base,STP,Sao Tome and Principe,Low income,(Intercept),7.141337357007787e-4,9.038171362181753e-4,0.7901307765516759,0.43659902878084333,-0.001057347851286845,0.002485615322688402
base,STP,Sao Tome and Principe,Low income,"L(dy, 1)",0.8116158892914805,0.11461626756791853,7.081157906407472,1.609692981750656e-7,0.5869680048583602,1.0362637737246008
base,STP,Sao Tome and Principe,Low income,dd,3.7426249100923716e-4,0.0024273199510240246,0.15418753957480774,0.878652482529085,-0.004383284612997851,0.005131809595016325
base,SUR,Suriname,Upper middle income,(Intercept),-0.001151933726026503,9.000866840125797e-4,-1.2798030972874646,0.2119167063432028,-0.002916103626691159,6.122361746381531e-4
base,SUR,Suriname,Upper middle income,"L(dy, 1)",-0.2552141851612323,0.19997531821811412,-1.276228423764121,0.21315777160489968,-0.647165808868736,0.1367374385462714
base,SUR,Suriname,Upper middle income,dd,-0.0024972354887186367,0.003151239369539199,-0.7924613765801625,0.435263324999816,-0.008673664653015466,0.0036791936755781927
base,SVK,Slovakia,High income,(Intercept),0.001443596707280892,0.0025541755949079373,0.5651908624289103,0.5767889279595368,-0.003562587458738665,0.006449780873300449
base,SVK,Slovakia,High income,"L(dy, 1)",-0.38636893651327614,0.18182735449864215,-2.1249219490577884,0.0432602527242829,-0.7427505513306147,-0.02998732169593754
base,SVK,Slovakia,High income,dd,0.009201094987255215,0.02033813846455669,0.4524059565869305,0.6547287874699028,-0.030661656403275894,0.049063846377786324
base,SVN,Slovenia,High income,(Intercept),0.0033361216656216143,0.001725931035872485,1.9329403065836595,0.0642042764053212,-4.6703164688456384e-5,0.0067189464959316846
base,SVN,Slovenia,High income,"L(dy, 1)",-0.025173485769390925,0.19148998977399154,-0.13146110561237298,0.8964225425540929,-0.4004938657264143,0.35014689418763245
base,SVN,Slovenia,High income,dd,-0.01639208531405972,0.01328413727368565,-1.2339593438657517,0.22825627846899604,-0.04242899437048359,0.009644823742364153
base,SWE,Sweden,High income,(Intercept),0.0015019055369155118,0.0017576067932530204,0.8545173713944001,0.40093316132835655,-0.0019430037778604083,0.004946814851691432
base,SWE,Sweden,High income,"L(dy, 1)",-0.07920301322759057,0.17219706508479393,-0.45995565132651434,0.649523340839627,-0.4167092607937867,0.2583032343386056
base,SWE,Sweden,High income,dd,-0.025835165688768476,0.022996263384294075,-1.1234505909518024,0.27191908402878434,-0.07090784192198486,0.019237510544447913
base,SWE,Sweden,High income,"L(dd, 1)",0.06891084716410256,0.022991710112134866,2.997204071728962,0.0060788718291032735,0.023847095344318225,0.1139745989838869
base,SWZ,Swaziland,Lower middle income,(Intercept),-4.3286085610834147e-4,4.994435878031244e-4,-0.8666861817414518,0.3943563473653354,-0.0014117702882024655,5.460485759857824e-4
base,SWZ,Swaziland,Lower middle income,"L(dy, 1)",0.8676136504574878,0.09500027658164983,9.13274867901885,1.935888351807062e-9,0.6814131083574542,1.0538141925575215
base,SWZ,Swaziland,Lower middle income,dd,0.006178452424148064,0.0029679513123598523,2.0817229711344236,0.04776118222503332,3.612678519227539e-4,0.011995636996373373
base,SWZ,Swaziland,Lower middle income,"L(dd, 1)",-0.004053642692365552,0.0028710646286784075,-1.4118953129353629,0.1703073441602254,-0.00968092936457523,0.0015736439798441273
base,SYC,Seychelles,Upper middle income,(Intercept),-0.001252573944332499,0.0024896501150817544,-0.5031124400752864,0.6191208796645826,-0.0061322881698927375,0.003627140281227739
base,SYC,Seychelles,Upper middle income,"L(dy, 1)",0.7389852442316195,0.13268042853416478,5.569662778420505,7.524049646831984e-6,0.47893160430465653,0.9990388841585824
base,SYC,Seychelles,Upper middle income,dd,-5.569264691195989e-4,0.011475221026475949,-0.048532962270150845,0.961662396293792,-0.02304835968101246,0.02193450674277326
base,TCD,Chad,Low income,(Intercept),-9.301204898594098e-5,2.385582471871357e-4,-0.38989240607966985,0.6997918329224229,-5.60586213472727e-4,3.74562115500845e-4
base,TCD,Chad,Low income,"L(dy, 1)",0.8149105822343662,0.1169236690624435,6.969594683170268,2.11995550698535e-7,0.5857401908719769,1.0440809735967553
base,TCD,Chad,Low income,dd,-1.1176451252045579e-4,0.0013972105511033993,-0.07999117415209439,0.9368568065647502,-0.002850297192683118,0.002626768167642207
base,TGO,Togo,Low income,(Intercept),-2.5285989729766187e-4,9.093010381029689e-4,-0.2780816107118841,0.7831492032914713,-0.002035089931979481,0.001529370137384157
base,TGO,Togo,Low income,"L(dy, 1)",0.33873672765486623,0.22755085505969566,1.488619884842894,0.14861767051696795,-0.10726294826213728,0.7847364035718698
base,TGO,Togo,Low income,dd,-0.0026201566076102874,0.005958895708621472,-0.4397050621005806,0.6637840575205538,-0.014299592196508372,0.009059278981287798
base,THA,Thailand,Lower middle income,(Intercept),-0.0039492017771149595,0.0026053761468252485,-1.515789488564718,0.14211583799352734,-0.009055739024892446,0.0011573354706625278
base,THA,Thailand,Lower middle income,"L(dy, 1)",-0.4339632214818357,0.1769294370286535,-2.4527474272783443,0.021499022084850473,-0.7807449180579965,-0.08718152490567488
base,THA,Thailand,Lower middle income,dd,-0.018434733467780576,0.013986550242265302,-1.3180329065042442,0.19944267510306068,-0.045848371942620564,0.008978905007059414
base,THA,Thailand,Lower middle income,"L(dd, 1)",0.024897593812684894,0.013614921811575822,1.828698993446749,0.07940024294067322,-0.001787652938003717,0.051582840563373505
base,TTO,Trinidad and Tobago,Upper middle income,(Intercept),-0.0011543424555972347,8.885609617873926e-4,-1.299114529266745,0.20530753145262384,-0.002895921940700524,5.872370295060547e-4
base,TTO,Trinidad and Tobago,Upper middle income,"L(dy, 1)",-0.23197081940129363,0.19268331520510193,-1.2038967626977566,0.23947596381281377,-0.6096301172032934,0.14568847840070612
base,TTO,Trinidad and Tobago,Upper middle income,dd,-0.005871511416759275,0.005110882391486051,-1.1488253821962946,0.2610875153664048,-0.015888840904071933,0.004145818070553384
base,TUN,Tunisia,Lower middle income,(Intercept),-5.976457148175999e-4,4.230864922349855e-4,-1.412585194248326,0.16963673115966835,-0.0014268952395981715,2.3160380996297162e-4
base,TUN,Tunisia,Lower middle income,"L(dy, 1)",0.7041351441682487,0.12756374121959257,5.5198690273290625,8.569806361114755e-6,0.4541102113778473,0.9541600769586502
base,TUN,Tunisia,Lower middle income,dd,0.008921506082160033,0.005022794133326445,1.7762038111348173,0.0874048711806192,-9.231704191597998e-4,0.018766182583479868
base,TUR,Turkey,Upper middle income,(Intercept),-8.917489694189247e-4,0.0017672780787048826,-0.5045889383024694,0.6180975175874195,-0.004355614003680494,0.002572116064842645
base,TUR,Turkey,Upper middle income,"L(dy, 1)",0.42627443842335083,0.18664500018679817,2.2838781536967323,0.030789860211916546,0.060450238057226435,0.7920986387894753
base,TUR,Turkey,Upper middle income,dd,0.0055503867594176625,0.01273673895702515,0.4357776961705146,0.6665947620946229,-0.01941362159635163,0.030514395115186953
base,TWN,Taiwan,High income,(Intercept),0.005611230847629094,0.002403939460398649,2.334181430134091,0.027584412680139093,8.995095052477418e-4,0.010322952190010445
base,TWN,Taiwan,High income,"L(dy, 1)",-0.334189862601062,0.18613274854351125,-1.7954382837845444,0.08421694563894166,-0.6990100497463441,0.030630324544220044
base,TWN,Taiwan,High income,dd,-0.00662773684646135,0.013512292450269588,-0.4904968472858296,0.6278964768770454,-0.03311183004898974,0.01985635635606704
base,TZA,Tanzania,Low income,(Intercept),9.930025226814162e-4,5.621057551960879e-4,1.7665759752540018,0.08903892616446367,-1.0872475750291601e-4,0.0020947298028657483
base,TZA,Tanzania,Low income,"L(dy, 1)",0.6416220232948512,0.15740308574457998,4.076298887405674,3.830568204888875e-4,0.3331119752354744,0.950132071354228
base,TZA,Tanzania,Low income,dd,-6.190762925300499e-4,0.0031286129090965205,-0.1978756434616983,0.8446813218830567,-0.00675115759435923,0.00551300500929913
base,UGA,Uganda,Low income,(Intercept),9.276352137361104e-5,0.0015870171566619222,0.058451492464471316,0.9538359349181311,-0.0030177901056837562,0.0032033171484309782
base,UGA,Uganda,Low income,"L(dy, 1)",0.5653509557911799,0.1645927241346016,3.434847796363367,0.0020007555730478205,0.24274921648736075,0.887952695094999
base,UGA,Uganda,Low income,dd,-0.003636250623877512,0.008174502457933965,-0.44482837244097456,0.6601249685962418,-0.019658275441428084,0.012385774193673059
base,UKR,Ukraine,Lower middle income,(Intercept),-0.0012761580237967813,0.003883440732596019,-0.32861529547373564,0.7454197436412101,-0.008887701859684979,0.006335385812091416
base,UKR,Ukraine,Lower middle income,"L(dy, 1)",0.44636481595858996,0.1585194094891426,2.8158369842348083,0.009806314045724924,0.13566677335987049,0.7570628585573094
base,UKR,Ukraine,Lower middle income,dd,0.011230870886410688,0.01946560322375565,0.5769598176492488,0.5695713070834495,-0.02692171143215039,0.04938345320497177
base,UKR,Ukraine,Lower middle income,"L(dd, 1)",-0.016709020525100683,0.020672392599131555,-0.8082770509013373,0.4272127172666482,-0.05722691001939853,0.023808868969197164
base,UKR,Ukraine,Lower middle income,"L(dd, 2)",0.025399467744650663,0.019111282597670653,1.3290299913071473,0.1968725434630755,-0.012058646146783814,0.06285758163608514
base,URY,Uruguay,Upper middle income,(Intercept),-0.0015338765648463667,0.0017510963925721644,-0.8759521014107475,0.38939515044502404,-0.004966025494287809,0.0018982723645950754
base,URY,Uruguay,Upper middle income,"L(dy, 1)",-0.008904056306127563,0.1949083981949812,-0.045683287065035445,0.9639256476583401,-0.3909245167682907,0.3731164041560356
base,URY,Uruguay,Upper middle income,dd,9.393328864415024e-4,0.00977695756327265,0.0960761955201817,0.9242260843548138,-0.018223503937572893,0.020102169710455895
base,URY,Uruguay,Upper middle income,"L(dd, 1)",0.02033581806366476,0.009326087446317338,2.1805304937061165,0.0388392199566786,0.0020566866688827776,0.03861494945844674
base,USA,United States,High income,(Intercept),0.0027826802482776086,0.001261723698597943,2.205459286664575,0.03683938144825186,3.097017990256407e-4,0.0052556586975295765
base,USA,United States,High income,"L(dy, 1)",-0.1267919132444313,0.17769985744148623,-0.7135172479594244,0.48213411663480565,-0.4750836338297443,0.2214998073408817
base,USA,United States,High income,dd,-0.08307004768344123,0.025003940600396353,-3.3222782365002272,0.002749437083041056,-0.13207777126021808,-0.03406232410666438
base,USA,United States,High income,"L(dd, 1)",0.07590578995667971,0.02359532804603185,3.2169838795458148,0.0035643667182457244,0.029658946986457282,0.12215263292690214
base,VCT,Saint Vincent and the Grenadines,Upper middle income,(Intercept),-3.506862286869003e-4,2.390975066864077e-4,-1.4667080119193743,0.154447632023525,-8.193173417922594e-4,1.1794488441845875e-4
base,VCT,Saint Vincent and the Grenadines,Upper middle income,"L(dy, 1)",0.9149923226995547,0.08406221720334008,10.884703653322136,3.526107682614692e-11,0.7502303769810081,1.0797542684181012
base,VCT,Saint Vincent and the Grenadines,Upper middle income,dd,-3.380186427439258e-4,0.0016463083289843365,-0.20531915971807113,0.838921820829943,-0.003564782967553225,0.0028887456820653737
base,VEN,Venezuela,Upper middle income,(Intercept),-0.0011513332039055268,9.201716439621943e-4,-1.251215695962948,0.22199752289336572,-0.002954869626071428,6.52203218260374e-4
base,VEN,Venezuela,Upper middle income,"L(dy, 1)",-0.21471075707895126,0.2030806694686516,-1.0572683143143515,0.30011408240272475,-0.6127488692375085,0.1833273550796059
base,VEN,Venezuela,Upper middle income,dd,4.183156175860091e-4,0.004144081861283891,0.10094289437043344,0.9203701937889905,-0.007704084830530419,0.008540716065702437
base,YEM,Yemen,Low income,(Intercept),0.001127847971550291,0.00288618492476155,0.3907746734708869,0.6991475025944313,-0.004529074480982346,0.006784770424082928
base,YEM,Yemen,Low income,"L(dy, 1)",-0.13592609415994789,0.19795543106326652,-0.6866499869685613,0.498382154614046,-0.5239187390439503,0.2520665507240545
base,YEM,Yemen,Low income,dd,-0.007200308642151585,0.015676884949022436,-0.4592946025671111,0.6498397198816617,-0.03792700314223556,0.02352638585793239
base,ZAF,South Africa,Upper middle income,(Intercept),0.007394734262336162,0.0028301025103377917,2.612885658849704,0.014725769366168312,0.0018477333420740911,0.012941735182598234
base,ZAF,South Africa,Upper middle income,"L(dy, 1)",-0.049567221725030974,0.2167501271173452,-0.2286837031389423,0.8209039397722233,-0.4743974708750276,0.37526302742496565
base,ZAF,South Africa,Upper middle income,dd,-0.03320557375345074,0.03098921821825271,-1.0715202145336016,0.29378162268811214,-0.09394444146122605,0.02753329395432457
base,ZMB,Zambia,Low income,(Intercept),-2.530310857745108e-4,0.0022703525398885577,-0.11145013002559111,0.9121153464392031,-0.0047029220639560835,0.004196859892407062
base,ZMB,Zambia,Low income,"L(dy, 1)",0.46469896980990855,0.1820117061308884,2.5531268273246877,0.016889544732435233,0.10795602579336727,0.8214419138264498
base,ZMB,Zambia,Low income,dd,5.865915175371416e-4,0.0030436434539773257,0.19272675213340268,0.8486705017835405,-0.005378949652258417,0.0065521326873327
base,ZWE,Zimbabwe,Low income,(Intercept),7.880766112970709e-4,9.36244961791821e-4,0.8417418981767549,0.407912601949288,-0.0010469635138148983,0.00262311673640904
base,ZWE,Zimbabwe,Low income,"L(dy, 1)",1.4122884118497783,0.18593655910333404,7.595539137975015,5.970554516661392e-8,1.0478527560072435,1.776724067692313
base,ZWE,Zimbabwe,Low income,dd,-0.01535006918618946,0.005026816976267833,-3.0536359805138837,0.005306145435412907,-0.025202630459674413,-0.005497507912704508
base,ZWE,Zimbabwe,Low income,"L(dd, 1)",0.013493153614490591,0.005462373116352373,2.4701999162409765,0.020678130055053087,0.0027869023064399402,0.024199404922541242
ctrl,ABW,Aruba,High income,(Intercept),-4.2142567792998245e-4,2.3550468225098345e-4,-1.789457746240723,0.08731820613246138,-8.830148551419101e-4,4.016349928194512e-5
ctrl,ABW,Aruba,High income,"L(dy, 1)",0.8744423103539232,0.08222658361892797,10.634545081022104,3.8958743430624713e-10,0.7132782064608243,1.035606414247022
ctrl,ABW,Aruba,High income,dd,-0.003471636220572205,0.0018613701765210953,-1.8650971549682291,0.07556210263370187,-0.007119921766553552,1.7664932540914155e-4
ctrl,ABW,Aruba,High income,d_inf,-0.008085311139221915,0.004364882387364981,-1.85235486816929,0.07744037031269625,-0.016640480618457278,4.6985834001344803e-4
ctrl,ABW,Aruba,High income,d_gov,0.004118337997211544,0.009526123436031863,0.4323204527913456,0.6697165788162378,-0.014552863937410907,0.022789539931833996
ctrl,ABW,Aruba,High income,d_log_gdp,-6.807945593964346e-5,0.00207939673045426,-0.032740003358941026,0.9741771480639934,-0.004143697047629993,0.004007538135750706
ctrl,ABW,Aruba,High income,"L(d_log_gdp, 1)",0.002146342323953462,0.0014129355980786386,1.5190659269057531,0.1429874207348887,-6.230114482806697e-4,0.004915696096187593
ctrl,AGO,Angola,Lower middle income,(Intercept),-1.3470221742730267e-4,7.75342678966499e-4,-0.17373249413647057,0.8638221068430466,-0.0016543738682016406,0.0013849694333470351
ctrl,AGO,Angola,Lower middle income,"L(dy, 1)",0.7895481605717287,0.10869662022306743,7.2637783856702844,5.009605823610561e-7,0.5765027849345166,1.0025935362089409
ctrl,AGO,Angola,Lower middle income,dd,3.1666718373995955e-5,0.00391510190941266,0.008088350982093994,0.9936266370386976,-0.007641933024074817,0.007705266460822809
ctrl,AGO,Angola,Lower middle income,"L(dd, 1)",0.008274541620159639,0.004351916423734094,1.90135581994008,0.07176156192709254,-2.5521457035918536e-4,0.016804297810678465
ctrl,AGO,Angola,Lower middle income,d_inf,5.703638056053255e-5,8.821209513975465e-5,0.646582313572415,0.5252536773293611,-1.1585932591338656e-4,2.2993208703445166e-4
ctrl,AGO,Angola,Lower middle income,d_gov,0.015423867961867798,0.01752495030198385,0.8801090842535396,0.38925350674534864,-0.018925034630020546,0.049772770553756146
ctrl,AGO,Angola,Lower middle income,"L(d_gov, 1)",0.021830179331664677,0.015324429454394255,1.4245345574940742,0.1697094823955719,-0.008205702398948064,0.05186606106227742
ctrl,AGO,Angola,Lower middle income,d_log_gdp,-0.0058631125997971306,0.007068237891387937,-0.8295013113439275,0.4166119920405438,-0.019716858866917486,0.007990633667323227
ctrl,AGO,Angola,Lower middle income,"L(d_log_gdp, 1)",0.01747281483223362,0.007868094235291442,2.220717534604669,0.03808338940666036,0.002051350131062394,0.03289427953340485
ctrl,ALB,Albania,Lower middle income,(Intercept),0.0015421108289374104,0.0014646304496493824,1.05290097533243,0.30332284467921466,-0.0013285648523753788,0.0044127865102502
ctrl,ALB,Albania,Lower middle income,"L(dy, 1)",0.025940758006545106,0.20395780346888417,0.12718688652921598,0.8998979163431874,-0.37381653679246785,0.42569805280555806
ctrl,ALB,Albania,Lower middle income,dd,0.012196163605616827,0.012530598366470658,0.9733105514139923,0.3405249604571433,-0.012363809192665661,0.03675613640389931
ctrl,ALB,Albania,Lower middle income,d_inf,-0.0011519557374561715,0.0024391506460389872,-0.47227740497573134,0.6411791392297643,-0.0059326910036925865,0.003628779528780244
ctrl,ALB,Albania,Lower middle income,d_gov,-0.006540159381969204,0.050008421216418054,-0.13078116091019548,0.8970856038246084,-0.1045566649661486,0.09147634620221018
ctrl,ALB,Albania,Lower middle income,d_log_gdp,-0.014402276046722326,0.017430501577328818,-0.8262685949011824,0.4171411408134813,-0.04856605913828681,0.019761507044842155
ctrl,ARE,United Arab Emirates,High income,(Intercept),-2.647511963675697e-4,0.0010910546840115682,-0.24265621168880164,0.8107428771659015,-0.0024032183770302433,0.0018737159842951042
ctrl,ARE,United Arab Emirates,High income,"L(dy, 1)",0.599528107659224,0.1557289254219614,3.8498185615469267,9.99294408362314e-4,0.2942994138321797,0.9047568014862684
ctrl,ARE,United Arab Emirates,High income,dd,0.004226278204827104,0.004504603729558979,0.9382130945491349,0.35932796002750744,-0.004602745105108494,0.013055301514762703
ctrl,ARE,United Arab Emirates,High income,"L(dd, 1)",-0.010652701310701283,0.005279453970861709,-2.0177657328760756,0.05723342706362423,-0.021000431093590233,-3.0497152781233487e-4
ctrl,ARE,United Arab Emirates,High income,d_inf,-0.007474725583398686,0.015200963317138858,-0.49172709830639777,0.6282657469257449,-0.03726861368499085,0.022319162518193478
ctrl,ARE,United Arab Emirates,High income,d_gov,-0.2774146679206958,0.29523720593391284,-0.9396331571529419,0.3586165473951133,-0.856079591551165,0.3012502557097734
ctrl,ARE,United Arab Emirates,High income,"L(d_gov, 1)",-0.34843653850739886,0.2597713463468877,-1.3413201394510672,0.19485064213038705,-0.8575883773472988,0.16071530033250103
ctrl,ARE,United Arab Emirates,High income,d_log_gdp,-0.003781079862603344,0.019109364399054946,-0.19786528654978902,0.8451477183050805,-0.041235434084751034,0.03367327435954435
ctrl,ARE,United Arab Emirates,High income,"L(d_log_gdp, 1)",-0.03150136880478133,0.018934867299094164,-1.663669900992036,0.11176971641385387,-0.06861370871100589,0.005610971101443235
ctrl,ARG,Argentina,Upper middle income,(Intercept),-0.004085301252132885,0.004022700954558684,-1.015561757704922,0.32040293477735915,-0.011969795123067907,0.003799192618802136
ctrl,ARG,Argentina,Upper middle income,"L(dy, 1)",-0.28501386542018364,0.1971224333479066,-1.445872296620624,0.1617028739132994,-0.6713738347820806,0.10134610394171328
ctrl,ARG,Argentina,Upper middle income,dd,0.027725089226683666,0.015908022264356027,1.7428369640143955,0.09471862030576118,-0.0034546344114541466,0.05890481286482148
ctrl,ARG,Argentina,Upper middle income,d_inf,-7.621011331114042e-4,9.369190703479274e-4,-0.8134119127582663,0.4243229404066242,-0.002598462510993342,0.0010742602447705333
ctrl,ARG,Argentina,Upper middle income,d_gov,0.018302097851166054,0.14723609823985717,0.12430442038304185,0.9021542505956608,-0.270280654698954,0.3068848504012861
ctrl,ARG,Argentina,Upper middle income,d_log_gdp,-0.01027528988824446,0.04921057539342916,-0.2088024739823804,0.8364406216687286,-0.1067280176593656,0.08617743788287668
ctrl,ARM,Armenia,Lower middle income,(Intercept),0.009881935568228684,0.005192203190296768,1.9032258958386155,0.07080913397201297,-2.947826847529804e-4,0.02005865382121035
ctrl,ARM,Armenia,Lower middle income,"L(dy, 1)",-0.1396710759957544,0.2256429100415068,-0.6189916446745969,0.5425791071011428,-0.5819311796771077,0.3025890276855989
ctrl,ARM,Armenia,Lower middle income,dd,-0.0011450024969379185,0.02358273473244602,-0.048552575005755404,0.9617346768845487,-0.04736716257253212,0.04507715757865628
ctrl,ARM,Armenia,Lower middle income,d_inf,-0.0013435796361597578,7.882953254632553e-4,-1.7044115228898258,0.10305677062916367,-0.002888638474067738,2.0147920174822236e-4
ctrl,ARM,Armenia,Lower middle income,d_gov,-0.31154856663405284,0.17572541021950716,-1.7729283786840069,0.09074716085063167,-0.6559703706642869,0.0328732373961812
ctrl,ARM,Armenia,Lower middle income,"L(d_gov, 1)",0.2790963679150367,0.16584407946808807,1.682884121098461,0.10720750827400886,-0.04595802784241587,0.6041507636724893
ctrl,ARM,Armenia,Lower middle income,d_log_gdp,-0.0712989633343699,0.0376003476858071,-1.8962314904679174,0.07177276159497435,-0.14499564479855181,0.0023977181298120154
ctrl,ARM,Armenia,Lower middle income,"L(d_log_gdp, 1)",-0.07064825157939712,0.03585515068545702,-1.9703794358352065,0.06212184047755879,-0.14092434692289288,-3.7215623590136637e-4
ctrl,ATG,Antigua and Barbuda,Upper middle income,(Intercept),-1.9448796220161076e-4,1.2695930061951182e-4,-1.531892198937655,0.14951612622478158,-4.4332819141585387e-4,5.435226701263238e-5
ctrl,ATG,Antigua and Barbuda,Upper middle income,"L(dy, 1)",1.4537247952705514,0.15009476399312688,9.68537980003833,2.6038521449115223e-7,1.1595390578440228,1.74791053269708
ctrl,ATG,Antigua and Barbuda,Upper middle income,"L(dy, 2)",-0.4866808160449987,0.15486862222788803,-3.1425398447004422,0.00778261341243867,-0.7902233156116591,-0.18313831647833817
ctrl,ATG,Antigua and Barbuda,Upper middle income,dd,-0.002850087818543162,8.474766836451479e-4,-3.3630280024748616,0.005091562028609705,-0.004511142118487651,-0.0011890335185986722
ctrl,ATG,Antigua and Barbuda,Upper middle income,"L(dd, 1)",1.1955036871648962e-4,8.559509005772966e-4,0.13966965702805945,0.8910616794341463,-0.0015581133964150118,0.001797214133847991
ctrl,ATG,Antigua and Barbuda,Upper middle income,"L(dd, 2)",-7.676986281954117e-4,0.00102357600677152,-0.7500162402368381,0.4666026433729539,-0.002773907601467591,0.0012385103450767675
ctrl,ATG,Antigua and Barbuda,Upper middle income,d_inf,-0.02808956506126564,0.0040342053630734,-6.962849565959135,9.874797862807514e-6,-0.0359966075728895,-0.020182522549641774
ctrl,ATG,Antigua and Barbuda,Upper middle income,"L(d_inf, 1)",-0.008231819305074179,0.0047958820663168335,-1.7164348896085542,0.1097986658905373,-0.017631748155055173,0.0011681095449068146
ctrl,ATG,Antigua and Barbuda,Upper middle income,"L(d_inf, 2)",-0.00973076230378781,0.003810869568132055,-2.553423078333658,0.024036424197711632,-0.017200066657326638,-0.0022614579502489816
ctrl,ATG,Antigua and Barbuda,Upper middle income,d_gov,0.007355930067433886,0.002429966584398509,3.0271733424905114,0.009717508489757599,0.002593195562012808,0.012118664572854963
ctrl,ATG,Antigua and Barbuda,Upper middle income,"L(d_gov, 1)",0.0013525810490414903,0.0021770750579950173,0.6212836089754081,0.5451536121241319,-0.0029144860646287437,0.005619648162711724
ctrl,ATG,Antigua and Barbuda,Upper middle income,"L(d_gov, 2)",0.0069464290982875244,0.0025553574703491367,2.7183786139081505,0.017567179605540918,0.0019379284564032167,0.011954929740171833
ctrl,ATG,Antigua and Barbuda,Upper middle income,d_log_gdp,0.0029060635371602026,0.0012083186673573286,2.4050472906422544,0.03178324979495456,5.377589491398385e-4,0.005274368125180567
ctrl,ATG,Antigua and Barbuda,Upper middle income,"L(d_log_gdp, 1)",-2.989134832529715e-4,9.98693631674909e-4,-0.29930448515193164,0.7694391765525621,-0.002256353001335793,0.00165852603482985
ctrl,ATG,Antigua and Barbuda,Upper middle income,"L(d_log_gdp, 2)",0.002954858666789279,0.0012180523101475466,2.4258881512497172,0.03056576788613733,5.67476138900088e-4,0.005342241194678471
ctrl,AUS,Australia,High income,(Intercept),0.0016241200023973577,0.0018208039503983175,0.8919796126552046,0.38485573903473813,-0.0019446557403833445,0.005192895745178059
ctrl,AUS,Australia,High income,"L(dy, 1)",-0.29873722302990113,0.1780189577955068,-1.6781202784765503,0.11161047655865544,-0.6476543803090944,0.05017993424929218
ctrl,AUS,Australia,High income,dd,-0.0038975880704621995,0.01487482272062478,-0.2620258502347039,0.7964500619148747,-0.03305224060288677,0.02525706446196237
ctrl,AUS,Australia,High income,"L(dd, 1)",0.010677386487763603,0.021723250034210176,0.4915188321705388,0.6293453337187747,-0.03190018357928834,0.05325495655481555
ctrl,AUS,Australia,High income,"L(dd, 2)",-0.018797278747483208,0.013196196649222695,-1.4244466983288278,0.17241592944070389,-0.04466182417995969,0.007067266684993273
ctrl,AUS,Australia,High income,d_inf,0.011883936309176587,0.06604621886605443,0.1799336360689762,0.8593320488246083,-0.11756665266829008,0.14133452528664325
ctrl,AUS,Australia,High income,"L(d_inf, 1)",-0.03238162984400198,0.058892284388155726,-0.5498450294537139,0.5895772368485338,-0.1478105072447872,0.08304724755678325
ctrl,AUS,Australia,High income,"L(d_inf, 2)",-0.0902881968214259,0.05495685340080038,-1.6428924007521684,0.1187715117985607,-0.19800362948699463,0.017427235844142838
ctrl,AUS,Australia,High income,d_gov,-0.36290286400010113,0.22779455065263257,-1.593114773643103,0.12955651882996605,-0.809380183279261,0.08357445527905871
ctrl,AUS,Australia,High income,d_log_gdp,-0.015911043483114267,0.04733226821821519,-0.33615637031717643,0.7408664720557031,-0.10868228919081604,0.0768602022245875
ctrl,AUS,Australia,High income,"L(d_log_gdp, 1)",0.06132086594164422,0.03995702745745243,1.534670365730802,0.14326542173260723,-0.016994907874962537,0.13963663975825097
ctrl,AUT,Austria,High income,(Intercept),0.0015787612434657664,0.0024608184825593987,0.641559405805405,0.5281003811026255,-0.003244442982350655,0.006401965469282188
ctrl,AUT,Austria,High income,"L(dy, 1)",-0.44736943126311346,0.1735941638152036,-2.5770994913132688,0.017574409539251355,-0.78761399234091245,-0.10712487018531441
ctrl,AUT,Austria,High income,dd,0.017692823344326775,0.02214200294095191,0.7990615569652769,0.43319996991447185,-0.025705502419938967,0.06109114910859252
ctrl,AUT,Austria,High income,d_inf,-0.09639165701014514,0.19679520321945498,-0.4898069436309104,0.6293483007219686,-0.4821102553202769,0.28932694129998665
ctrl,AUT,Austria,High income,d_gov,0.024692643723105236,0.21697652505018364,0.113803296081888,0.9104747238645268,-0.4005813453752547,0.4499666328214652
ctrl,AUT,Austria,High income,"L(d_gov, 1)",-0.3933214014440025,0.21429565100323986,-1.8354147627478266,0.08064787219262282,-0.8133408774103525,0.02669807452234757
ctrl,AUT,Austria,High income,d_log_gdp,0.03986319586877456,0.05284000092469035,0.7544132318542,0.4589781014301234,-0.06370320594361853,0.14342959768116764
ctrl,AUT,Austria,High income,"L(d_log_gdp, 1)",-0.1003074843830998,0.05812115931678577,-1.7258341981167322,0.09906304234439019,-0.21422495664399993,0.013609987877800309
ctrl,AZE,Azerbaijan,Upper middle income,(Intercept),0.002862958200378997,0.004326680447917285,0.6616985550104876,0.5147396973120935,-0.005617335477538881,0.011343251878296875
ctrl,AZE,Azerbaijan,Upper middle income,"L(dy, 1)",0.4207843665683873,0.2027485863521882,2.075399755623726,0.04931753216323246,0.02339713731809845,0.8181715958186762
ctrl,AZE,Azerbaijan,Upper middle income,dd,0.010577395102230222,0.015422656805234998,0.6858348231311143,0.4996727509578698,-0.01965101223603037,0.04080580244049082
ctrl,AZE,Azerbaijan,Upper middle income,d_inf,8.565199422395105e-4,0.0015049723331226896,0.5691267031217142,0.5747865444928517,-0.0020932258306809613,0.003806265715159982
ctrl,AZE,Azerbaijan,Upper middle income,d_gov,0.02649876501895496,0.11218901660568306,0.23619749794306188,0.8153701721689992,-0.19339170752818385,0.24638923756609377
ctrl,AZE,Azerbaijan,Upper middle income,d_log_gdp,0.001736540319435201,0.02673833885865468,0.06494570693471172,0.9487784243952451,-0.050670603843527964,0.05414368448239837
ctrl,BDI,Burundi,Low income,(Intercept),8.55136555973879e-4,8.950252239763515e-4,0.9554329119069314,0.35022893855717296,-8.9911288301977e-4,0.002609385994967528
ctrl,BDI,Burundi,Low income,"L(dy, 1)",0.5901777704910178,0.12909161120815532,4.571774764971975,1.6567267887959746e-4,0.3371582125230334,0.8431973284590022
ctrl,BDI,Burundi,Low income,dd,-0.0021247342844725866,0.00288664239984096,-0.7360573254898665,0.46983850568761754,-0.007782553388160868,0.003533084819215695
ctrl,BDI,Burundi,Low income,d_inf,0.0025247712841839475,0.008040529950129062,0.31400558170216397,0.7566148340244967,-0.013234667418069014,0.018284209986436907
ctrl,BDI,Burundi,Low income,d_gov,-0.03764713649039021,0.046928932080485326,-0.8022159214239865,0.43141331622889,-0.12962784336814145,0.05433357038736103
ctrl,BDI,Burundi,Low income,"L(d_gov, 1)",-0.09243298555705248,0.05067380391907809,-1.8240782891424607,0.0824040807768646,-0.19175364123844552,0.006887670124340564
ctrl,BDI,Burundi,Low income,d_log_gdp,0.003405931763909031,0.019185337086454642,0.17752785622483067,0.860795002699687,-0.034197328925542066,0.041009192453360134
ctrl,BDI,Burundi,Low income,"L(d_log_gdp, 1)",-0.0616862252728601,0.019870953842587014,-3.1043414302868273,0.005369042542545965,-0.10063329480433064,-0.02273915574138955
ctrl,BEL,Belgium,High income,(Intercept),0.0026618307846298012,0.0012164253693651586,2.188240110463157,0.03955963745934749,2.776370606740906e-4,0.005046024508585512
ctrl,BEL,Belgium,High income,"L(dy, 1)",-0.08961304802256262,0.15716545450596053,-0.5701828579585473,0.5743312242012841,-0.39765733885424526,0.21843124280912005
ctrl,BEL,Belgium,High income,dd,-0.06990917565594398,0.0260278116049535,-2.6859413583060965,0.013497415781651033,-0.12092368640165284,-0.01889466491023513
ctrl,BEL,Belgium,High income,d_inf,-0.0546739828135356,0.10447616201198309,-0.5233153837261428,0.6059863763176491,-0.2594472603570225,0.15009929472995126
ctrl,BEL,Belgium,High income,d_gov,-0.1505212486266791,0.11336255173840872,-1.327786348476139,0.19786183566106647,-0.3727118500339602,0.07166935278060199
ctrl,BEL,Belgium,High income,d_log_gdp,-0.08036391959560996,0.028879960568503345,-2.7826879958851234,0.010853548331582584,-0.13696864230987651,-0.023759196881343404
ctrl,BEL,Belgium,High income,"L(d_log_gdp, 1)",-0.08692284350956168,0.02725512570912216,-3.189229227457536,0.004238228346946647,-0.1403428898994411,-0.03350279711968226
ctrl,BEN,Benin,Low income,(Intercept),-4.6554882855744556e-4,0.0014083247785112323,-0.330569223563322,0.7440974600048044,-0.0032258653944394608,0.00229476773732457
ctrl,BEN,Benin,Low income,"L(dy, 1)",0.7439299881908253,0.1388433604620786,5.358052309559377,2.223790218240698e-5,0.4717970016851513,1.0160629746964993
ctrl,BEN,Benin,Low income,dd,-0.004396567443907957,0.004591764574386223,-0.9574897346507888,0.3487248387634909,-0.013396426009704955,0.00460329112188904
ctrl,BEN,Benin,Low income,"L(dd, 1)",-0.007932282197311314,0.004671009748517624,-1.698194314372535,0.10357241480097801,-0.017087461304405856,0.001222896909783229
ctrl,BEN,Benin,Low income,d_inf,0.002783500374673862,0.009086652940823264,0.30632845700186645,0.7622348281057647,-0.015026339389339734,0.02059334013868746
ctrl,BEN,Benin,Low income,d_gov,0.1288993185065533,0.1172968806593052,1.0989151440518523,0.2836861419291344,-0.10100256758568488,0.3588012045987915
ctrl,BEN,Benin,Low income,d_log_gdp,0.0013262847983129015,0.025324659577948043,0.05237127844623786,0.958705495014819,-0.04831004797446527,0.050962617571091065
ctrl,BFA,Burkina Faso,Low income,(Intercept),-0.0010077399929813288,0.002804646349968744,-0.35931089600389704,0.722640324749924,-0.006504846838920067,0.004489366852957409
ctrl,BFA,Burkina Faso,Low income,"L(dy, 1)",0.6576711966085109,0.19797484894141368,3.3219936781117805,0.002968675886520345,0.2696404926833401,1.0457019005336816
ctrl,BFA,Burkina Faso,Low income,dd,0.008716166784766886,0.012623369606294123,0.6904786167728884,0.496802761741279,-0.016025637643569596,0.033457971213103364
ctrl,BFA,Burkina Faso,Low income,d_inf,-0.03153798243920951,0.03642206097673768,-0.8659032902984931,0.3954861765620027,-0.10292522195361536,0.03984925707519635
ctrl,BFA,Burkina Faso,Low income,d_gov,-0.07705737943493482,0.21932537923702958,-0.3513381793889766,0.7285327821226293,-0.5069351227395128,0.3528203638696431
ctrl,BFA,Burkina Faso,Low income,d_log_gdp,-0.008412361008297889,0.06711106683434423,-0.12534983282359097,0.9013358251299914,-0.13995005200361257,0.1231253299870168
ctrl,BGD,Bangladesh,Low income,(Intercept),0.004853535798045483,0.0017469158061658818,2.7783455739048972,0.010960859641017668,0.0014295808179603546,0.00827749077813061
ctrl,BGD,Bangladesh,Low income,"L(dy, 1)",0.3590748046608518,0.16529414566826922,2.172338307622118,0.04088221240880482,0.03509827915104413,0.6830513301706594
ctrl,BGD,Bangladesh,Low income,dd,0.010746662528002618,0.018947903711806952,0.5671689434069733,0.5763415018887905,-0.026391228747139006,0.04788455380314424
ctrl,BGD,Bangladesh,Low income,d_inf,1.6188004958834584e-5,0.013734390819659584,0.0011786474676155905,0.9990701981317499,-0.02690321800157395,0.02693559401149162
ctrl,BGD,Bangladesh,Low income,d_gov,0.13977241413754798,0.15089529880499117,0.9262874008963142,0.36434725946019497,-0.1559823715202347,0.43552719979533067
ctrl,BGD,Bangladesh,Low income,"L(d_gov, 1)",0.29544880844521665,0.1600698267596558,1.8457495358499503,0.07842993148994093,-0.018288052003708755,0.609185668894142
ctrl,BGD,Bangladesh,Low income,d_log_gdp,-0.05721429361546473,0.02319325124947201,-2.4668509386654964,0.02189233410060337,-0.10267306606442986,-0.01175552116649959
ctrl,BGR,Bulgaria,Lower middle income,(Intercept),0.006243865610310621,0.0035663659939297577,1.7507641170138408,0.1035319240878831,-7.462117377917037e-4,0.013233942958412945
ctrl,BGR,Bulgaria,Lower middle income,"L(dy, 1)",0.19738062992272393,0.1925191085320479,1.0252521499177145,0.32394436038984,-0.17995682280008996,0.5747180826455378
ctrl,BGR,Bulgaria,Lower middle income,"L(dy, 2)",-0.4891850798216429,0.20764941501904355,-2.3558220945470985,0.03484576959420854,-0.8961779332589682,-0.08219222638431756
ctrl,BGR,Bulgaria,Lower middle income,dd,0.0017378097876085783,0.013460084078396762,0.12910839022155424,0.8992480199185706,-0.024643955006049073,0.02811957458126623
ctrl,BGR,Bulgaria,Lower middle income,"L(dd, 1)",-1.6057034590242816e-4,0.010927633349753994,-0.014693972680373923,0.9884994444117341,-0.021578731711420256,0.021257591019615402
ctrl,BGR,Bulgaria,Lower middle income,"L(dd, 2)",0.06935541328538594,0.013411138089310362,5.171478574265608,1.7980492163582594e-4,0.04306958263033763,0.09564124394043425
ctrl,BGR,Bulgaria,Lower middle income,d_inf,0.004855813882773815,0.00248820947771741,1.9515293733340957,0.07287860170789336,-2.1076693552308547e-5,0.009732704459099937
ctrl,BGR,Bulgaria,Lower middle income,"L(d_inf, 1)",3.426209210132918e-4,0.0024395853468276428,0.14044227698728592,0.8904632972561519,-0.004438966358768888,0.005124208200795471
ctrl,BGR,Bulgaria,Lower middle income,"L(d_inf, 2)",0.0017628485960319306,0.0023149451615553374,0.7615077131449323,0.4599460448267022,-0.0027744439206165306,0.0063001411126803915
ctrl,BGR,Bulgaria,Lower middle income,d_gov,-0.44347968385002945,0.1109902669991401,-3.995662825583304,0.0015244799042464275,-0.661020607168344,-0.22593876053171486
ctrl,BGR,Bulgaria,Lower middle income,"L(d_gov, 1)",0.1380140552009893,0.13223745895457603,1.0436835091363752,0.3156520953929981,-0.12117136434997972,0.3971994747519583
ctrl,BGR,Bulgaria,Lower middle income,"L(d_gov, 2)",-0.044390427790194746,0.15475294209936988,-0.28684706854678593,0.7787502883215263,-0.3477061943049597,0.2589253387245702
ctrl,BGR,Bulgaria,Lower middle income,d_log_gdp,0.011726498015814426,0.05956100464945156,0.19688213932641252,0.8469644726259457,-0.10501307109711064,0.12846606712873948
ctrl,BGR,Bulgaria,Lower middle income,"L(d_log_gdp, 1)",-0.03202211809287312,0.05547920280403211,-0.5771913883835732,0.5736706048635771,-0.14076135558877606,0.0767171194030298
ctrl,BGR,Bulgaria,Lower middle income,"L(d_log_gdp, 2)",0.0663755791116437,0.04905806924041027,1.3530002329763233,0.19911794500412502,-0.02977823659956043,0.16252939482284784
ctrl,BHR,Bahrain,High income,(Intercept),-6.189093254109031e-4,0.00210217918591753,-0.2944132115649172,0.771332743218204,-0.0047391805298092615,0.0035013618789874554
ctrl,BHR,Bahrain,High income,"L(dy, 1)",0.5491775753446805,0.1291065706413922,4.253676421086903,3.5424156696738015e-4,0.2961286968875518,0.8022264538018091
ctrl,BHR,Bahrain,High income,dd,0.006177478607072761,0.007247559263045506,0.8523529622684196,0.4036347277128085,-0.008027737548496432,0.020382694762641953
ctrl,BHR,Bahrain,High income,"L(dd, 1)",0.008165654696566518,0.006212690496004104,1.3143507956526286,0.20290386813918218,-0.0040112186756015265,0.020342528068734562
ctrl,BHR,Bahrain,High income,d_inf,0.021556431414418178,0.021349571795526254,1.0096891694537533,0.32413732984730115,-0.02028872930481328,0.06340159213364964
ctrl,BHR,Bahrain,High income,d_gov,0.2600960762363405,0.14213112865682803,1.829972636496371,0.08148684069066987,-0.01848093593104244,0.5386730884037234
ctrl,BHR,Bahrain,High income,d_log_gdp,0.02116016050302452,0.01973115597538396,1.0724237611533427,0.2956997774893137,-0.017512905208728047,0.05983322621477709
ctrl,BHR,Bahrain,High income,"L(d_log_gdp, 1)",-0.021340876466934375,0.0158719006153618,-1.34456968853997,0.19310862875567888,-0.0524498016730435,0.009768048739174754
ctrl,BHS,Bahamas,High income,(Intercept),7.253376204916109e-4,0.001424490312045575,0.5091909817554481,0.6156877555123703,-0.002066663391117716,0.0035173386321009376
ctrl,BHS,Bahamas,High income,"L(dy, 1)",-0.15824484860604016,0.21814111814008724,-0.7254242114245397,0.4758382207697155,-0.5858014401606111,0.26931174294853083
ctrl,BHS,Bahamas,High income,dd,-0.009093229953918015,0.017451092296714276,-0.5210693863346368,0.6075241485599592,-0.043297370855477996,0.025110910947641965
ctrl,BHS,Bahamas,High income,"L(dd, 1)",-0.01931257562403328,0.015236313297050915,-1.2675360008363277,0.21821628573964333,-0.04917574968625307,0.010550598438186513
ctrl,BHS,Bahamas,High income,d_inf,-3.991446759243884e-4,0.0049679065434241765,-0.08034464264484213,0.9366895657552415,-0.010136241501035774,0.009337952149186998
ctrl,BHS,Bahamas,High income,d_gov,-0.057420309297993244,0.08311617809466249,-0.6908439561861981,0.4968888048696106,-0.22032801836353172,0.10548739976754523
ctrl,BHS,Bahamas,High income,d_log_gdp,-0.021013976848050734,0.01861598671103068,-1.1288134856477499,0.27113580530695974,-0.05750131080167087,0.015473357105569397
ctrl,BLR,Belarus,Upper middle income,(Intercept),0.003283653608309335,0.0023511387241510456,1.3966226554730428,0.17783448003376065,-0.0013245782910267143,0.007891885507645384
ctrl,BLR,Belarus,Upper middle income,"L(dy, 1)",0.20512852761893324,0.17655141987427597,1.1618628032842064,0.2589696168020619,-0.14091225533464763,0.5511693105725142
ctrl,BLR,Belarus,Upper middle income,dd,0.018884830412817164,0.00824733373325165,2.2898103828001033,0.033037270908637874,0.0027200562956439314,0.0350496045299904
ctrl,BLR,Belarus,Upper middle income,d_inf,0.0014566446917885247,9.212605962162067e-4,1.5811429445384322,0.129531404292742,-3.490260767952404e-4,0.0032623154603722898
ctrl,BLR,Belarus,Upper middle income,d_gov,0.0477207064941885,0.08354581571855474,0.5711920589170832,0.5742326744544433,-0.1160290923141788,0.2114705053025558
ctrl,BLR,Belarus,Upper middle income,d_log_gdp,0.016696302615373436,0.03737453439927468,0.44672938094708303,0.6598702499144357,-0.056557784807204935,0.0899503900379518
ctrl,BLR,Belarus,Upper middle income,"L(d_log_gdp, 1)",-0.023310674687766056,0.030264191025925237,-0.7702394776651197,0.45016095861244454,-0.08262848909857952,0.03600713972304741
ctrl,BLR,Belarus,Upper middle income,"L(d_log_gdp, 2)",-0.10755100087415483,0.031039096136105095,-3.465017164241779,0.002445246325867113,-0.16838762930092083,-0.04671437244738884
ctrl,BLZ,Belize,Lower middle income,(Intercept),-0.0013388661437817417,9.835422484913898e-4,-1.3612695802700563,0.1872093689082727,-0.0032666089508248657,5.888766632613823e-4
ctrl,BLZ,Belize,Lower middle income,"L(dy, 1)",-0.14938155866831712,0.21086940417018624,-0.7084079326546389,0.48613096211059026,-0.5626855908418822,0.2639224735052479
ctrl,BLZ,Belize,Lower middle income,dd,-0.003131166696198266,0.006413044405504933,-0.4882496515243968,0.6302041073943652,-0.015700733730987935,0.009438400338591401
ctrl,BLZ,Belize,Lower middle income,"L(dd, 1)",0.009715947998818567,0.006315773999411478,1.5383622022770174,0.13821997586419438,-0.00266296904002793,0.022094865037665064
ctrl,BLZ,Belize,Lower middle income,d_inf,-0.0012329590390652019,0.012299157008396377,-0.10024744283071486,0.9210558310892923,-0.0253393067755221,0.022873388697391698
ctrl,BLZ,Belize,Lower middle income,d_gov,0.010652340123293571,0.03777469876298768,0.28199669281627526,0.780581802763318,-0.0633860694521623,0.08469074969874943
ctrl,BLZ,Belize,Lower middle income,d_log_gdp,0.008606740345732534,0.017823532814775892,0.48288632984126795,0.6339469319599512,-0.026327383971228212,0.04354086466269328
ctrl,BOL,Bolivia,Lower middle income,(Intercept),0.0010867006593111494,0.0018535029637342122,0.5862956146138537,0.5636446448250323,-0.0025461651496079063,0.004719566468230205
ctrl,BOL,Bolivia,Lower middle income,"L(dy, 1)",-0.26590217880681916,0.2026416114133868,-1.3121795516340493,0.20298644932013582,-0.6630797371770573,0.13127537956341895
ctrl,BOL,Bolivia,Lower middle income,dd,-0.005280209685321104,0.007828826714886876,-0.6744573456046155,0.5070467376495679,-0.02062471004649938,0.010064290675857172
ctrl,BOL,Bolivia,Lower middle income,d_inf,-0.00950930780446013,0.022918017407249868,-0.41492715689499227,0.6822136801190335,-0.054428621922669874,0.03541000631374961
ctrl,BOL,Bolivia,Lower middle income,d_gov,0.0021051524206907412,0.08293763501339688,0.02538235410680202,0.9799788167655452,-0.16045261220556714,0.1646629170469486
ctrl,BOL,Bolivia,Lower middle income,d_log_gdp,0.013940136430254413,0.03841005705611857,0.3629293341034963,0.720121367306716,-0.06134357539973798,0.0892238482602468
ctrl,BOL,Bolivia,Lower middle income,"L(d_log_gdp, 1)",-0.06556511789206779,0.03808372469173539,-1.721604659806192,0.09917459192906417,-0.14020921828786914,0.009078982503733582
ctrl,BRA,Brazil,Upper middle income,(Intercept),-8.488409376041543e-4,0.0018652794655154232,-0.45507440214573874,0.6533223024413866,-0.004504788690014383,0.0028071068148060752
ctrl,BRA,Brazil,Upper middle income,"L(dy, 1)",-0.04544758569258068,0.2159886513078473,-0.21041654465356383,0.8351955408943367,-0.4687853422559614,0.37789017087080007
ctrl,BRA,Brazil,Upper middle income,dd,0.0023297087448782834,0.009185175623453156,0.25363790964754923,0.8020288705226812,-0.0156732354770899,0.020332652966846467
ctrl,BRA,Brazil,Upper middle income,d_inf,-1.0059763761889052e-5,2.6357216468690577e-4,-0.03816701878910061,0.9698838688495489,-5.266612065482243e-4,5.065416790244463e-4
ctrl,BRA,Brazil,Upper middle income,d_gov,0.004158037347955288,0.08699020018225102,0.04779891688079676,0.9622891365418444,-0.16634275500925672,0.17465882970516727
ctrl,BRA,Brazil,Upper middle income,d_log_gdp,7.884578096482675e-4,0.0363050179639423,0.0217175986644974,0.9828605400311757,-0.07036937739967863,0.07194629301897518
ctrl,BRB,Barbados,High income,(Intercept),-2.115160167929687e-4,2.9032249878216014e-4,-0.7285553743861826,0.4743206099545071,-7.805481144060026e-4,3.5751608082006516e-4
ctrl,BRB,Barbados,High income,"L(dy, 1)",0.9178115998050793,0.08725377481650567,10.518875564240439,7.931862657487713e-10,0.7467942011647282,1.0888289984454305
ctrl,BRB,Barbados,High income,dd,-0.004733210916498218,0.0029146367339671062,-1.6239453998975215,0.11930377801983766,-0.010445898915073746,9.794770820773097e-4
ctrl,BRB,Barbados,High income,d_inf,-0.009807849968086223,0.005895775384238796,-1.6635386066954982,0.11105787644040412,-0.021363569721194263,0.0017478697850218175
ctrl,BRB,Barbados,High income,"L(d_inf, 1)",-0.01114650388716892,0.005609072600032475,-1.9872276010662415,0.060096247117936305,-0.02214028618323257,-1.527215911052704e-4
ctrl,BRB,Barbados,High income,d_gov,-0.0036238241407662666,0.008701444881736022,-0.4164623450494441,0.6812975268821148,-0.02067865610896887,0.013431007827436335
ctrl,BRB,Barbados,High income,"L(d_gov, 1)",0.012089280322873062,0.006220421200244008,1.9434825928505994,0.06548117929982514,-1.027452296051938e-4,0.02428130587535132
ctrl,BRB,Barbados,High income,d_log_gdp,0.0016606001540714315,0.0015122974635039155,1.098064497327071,0.28460740482194924,-0.001303502874396243,0.004624703182539106
ctrl,BTN,Bhutan,Low income,(Intercept),-4.7855669080051053e-4,0.001235523147712569,-0.38733122215193133,0.7022327894351298,-0.0029001820603171457,0.0019430686787161248
ctrl,BTN,Bhutan,Low income,"L(dy, 1)",0.6683089065208364,0.1490972673299464,4.482368580517945,1.8569792208146204e-4,0.37607826255414145,0.9605395504875314
ctrl,BTN,Bhutan,Low income,dd,-0.007026736288820428,0.007590206778999818,-0.9257634862151094,0.36461351126510766,-0.021903541575660074,0.007850068998019216
ctrl,BTN,Bhutan,Low income,"L(dd, 1)",-0.013941130186686865,0.006977430080867661,-1.9980322303642848,0.05822342329223976,-0.02761689314518748,-2.6536722818625014e-4
ctrl,BTN,Bhutan,Low income,d_inf,-0.005934526451551031,0.021248382362801993,-0.2792930939505389,0.7826287205284463,-0.04758135588264294,0.03571230297954088
ctrl,BTN,Bhutan,Low income,d_gov,0.00992351152559091,0.023256322983374857,0.4267016558329056,0.6737432293017356,-0.03565888152182381,0.055505904573005624
ctrl,BTN,Bhutan,Low income,d_log_gdp,0.0118395097744627,0.012487353949565724,0.9481199798036033,0.35336762453894066,-0.012635703966686118,0.03631472351561152
ctrl,BWA,Botswana,Upper middle income,(Intercept),-8.063606690002879e-4,5.848738240203184e-4,-1.3786916696963942,0.18184847077804067,-0.001952713364080112,3.399920260795361e-4
ctrl,BWA,Botswana,Upper middle income,"L(dy, 1)",0.7391386504333212,0.10545843467799298,7.0088149202120125,4.930354608456059e-7,0.5324401184644549,0.9458371824021874
ctrl,BWA,Botswana,Upper middle income,dd,-0.0013783454988028963,0.0022502306833543156,-0.6125351987238303,0.5464636768569182,-0.005788797638177355,0.0030321066405715625
ctrl,BWA,Botswana,Upper middle income,d_inf,0.011697070244112885,0.00796275545453193,1.4689726829995267,0.15599531251636586,-0.003909930446769697,0.027304070934995466
ctrl,BWA,Botswana,Upper middle income,d_gov,0.009624694512152197,0.03139318930442209,0.3065854322356617,0.7620417990486001,-0.05190595652451509,0.07115534554881948
ctrl,BWA,Botswana,Upper middle income,"L(d_gov, 1)",-0.02447245027370183,0.018560798130696124,-1.3185020440057977,0.20089808257349376,-0.060851614609866225,0.011906714062462572
ctrl,BWA,Botswana,Upper middle income,d_log_gdp,0.004134293529849949,0.010273688241974726,0.40241570821262224,0.6912614232050496,-0.016002135424420513,0.024270722484120412
ctrl,CAF,Central African Republic,Low income,(Intercept),-5.402875079500531e-4,4.832766970522738e-4,-1.1179672250814376,0.27512275228791827,-0.0014875098341725099,4.069348182724036e-4
ctrl,CAF,Central African Republic,Low income,"L(dy, 1)",0.9640013234747987,0.07781231661353914,12.388801226193861,1.1665786118761835e-11,0.811489182912262,1.1165134640373355
ctrl,CAF,Central African Republic,Low income,dd,0.0028822837179903857,0.001806330279181677,1.5956570906269414,0.12421555227021276,-6.58123629205701e-4,0.006422691065186472
ctrl,CAF,Central African Republic,Low income,d_inf,0.0036584996094193574,0.005945459741217846,0.6153434332514652,0.5443691730988833,-0.00799460148336762,0.015311600702206336
ctrl,CAF,Central African Republic,Low income,d_gov,-0.01476382139739242,0.01755497583782332,-0.841004939783672,0.4090039556072278,-0.04917157403952613,0.019643931244741286
ctrl,CAF,Central African Republic,Low income,d_log_gdp,-0.003524126678505127,0.005117305175188501,-0.6886684608125433,0.4979203714086925,-0.013554044821874587,0.006505791464864334
ctrl,CAN,Canada,High income,(Intercept),0.001616500296271644,0.0013812742880205317,1.1702963779831221,0.25440353990906495,-0.001090797308248598,0.004323797900791886
ctrl,CAN,Canada,High income,"L(dy, 1)",0.048271398384062025,0.22738148678332384,0.21229256201522143,0.8338334041668083,-0.3973963157112527,0.4939391124793768
ctrl,CAN,Canada,High income,dd,-0.02482773840346107,0.02635706643047368,-0.9419765461741819,0.356434330064193,-0.07648758860718947,0.02683211180026734
ctrl,CAN,Canada,High income,d_inf,0.13290692226677353,0.11177983354981266,1.189006263885211,0.24711304059229872,-0.08618155149085929,0.3519953960244063
ctrl,CAN,Canada,High income,d_gov,-0.18276461702152047,0.2101918161089761,-0.8695134777595921,0.39395431981731965,-0.5947405765951137,0.2292113425520727
ctrl,CAN,Canada,High income,"L(d_gov, 1)",-0.23008706359723505,0.17481990915779985,-1.3161376453384879,0.2016770911228692,-0.5727340855465227,0.11255995835205265
ctrl,CAN,Canada,High income,d_log_gdp,-0.00633082324983435,0.06822424047231755,-0.09279433828806236,0.926906806241488,-0.14005033457557675,0.12738868807590803
ctrl,CHE,Switzerland,High income,(Intercept),0.0044548204982185514,0.002185984285418401,2.0379014286307604,0.05435348313065508,1.7029129879848545e-4,0.008739349697638617
ctrl,CHE,Switzerland,High income,"L(dy, 1)",0.18249425112298473,0.21685236149377143,0.8415598975537393,0.4095158002910313,-0.24253637740480727,0.6075248796507767
ctrl,CHE,Switzerland,High income,dd,-0.05544258100215427,0.038632921304768905,-1.435112311719237,0.16598221167197755,-0.13116310675950132,0.02027794475519279
ctrl,CHE,Switzerland,High income,d_inf,0.00996214134693688,0.2138140167968164,0.0465925550447131,0.9632782153221033,-0.4091133315748232,0.429037614268697
ctrl,CHE,Switzerland,High income,"L(d_inf, 1)",-0.32672932843764874,0.1916852656140057,-1.7045093549108759,0.10303822456196797,-0.7024324490410999,0.04897379216580244
ctrl,CHE,Switzerland,High income,d_gov,-0.9368003017392692,0.5488075203260853,-1.7069742433242352,0.10257189269367728,-2.012463041578396,0.138862438099858
ctrl,CHE,Switzerland,High income,d_log_gdp,-0.09237546184675223,0.06489501509997267,-1.423460056283909,0.1692912114369728,-0.21956969144269867,0.03481876774919419
ctrl,CHE,Switzerland,High income,"L(d_log_gdp, 1)",-0.10457397329594931,0.055481470057305644,-1.8848450336290126,0.07336613400631065,-0.21331765460826835,0.004169708016369747
ctrl,CHL,Chile,Upper middle income,(Intercept),-0.00658807616349016,0.002022553231084309,-3.2573066865381004,0.003766766915721887,-0.010552280496415406,-0.0026238718305649144
ctrl,CHL,Chile,Upper middle income,"L(dy, 1)",0.3619427030889115,0.1621887853564231,2.2316136241695927,0.03666831197600928,0.04405268379032229,0.6798327223875007
ctrl,CHL,Chile,Upper middle income,dd,0.04208928120274853,0.01394455881674037,3.0183300709535943,0.0065417470996514664,0.014757945921937406,0.06942061648355966
ctrl,CHL,Chile,Upper middle income,"L(dd, 1)",-0.017215094195765408,0.010850960788204111,-1.586504138368985,0.127568920442543,-0.038482977340645465,0.00405278894911465
ctrl,CHL,Chile,Upper middle income,d_inf,0.08360315052814331,0.04108637681996857,2.034814383718327,0.05468877752952954,0.003073851961004903,0.1641324490952817
ctrl,CHL,Chile,Upper middle income,d_gov,-0.03198491004716509,0.1718308528104519,-0.18614183380936786,0.8541198914308304,-0.3687733815556508,0.30480356146132065
ctrl,CHL,Chile,Upper middle income,"L(d_gov, 1)",-0.3017681698748947,0.2059531063607627,-1.4652275714953056,0.15767149411182318,-0.7054362583419895,0.10189991859220021
ctrl,CHL,Chile,Upper middle income,d_log_gdp,0.14925082690209623,0.034878190815272124,4.279202086271738,3.3326297246701357e-4,0.08088957290416288,0.2176120809000296
ctrl,CHN,China,Lower middle income,(Intercept),-0.0037925667105762066,0.004219733265199107,-0.8987692994375215,0.378088880131238,-0.012063243910366457,0.004478110489214045
ctrl,CHN,China,Lower middle income,"L(dy, 1)",0.08225996556996024,0.1892829296902867,0.434587343425832,0.6679121295824224,-0.2887345766230017,0.4532545077629222
ctrl,CHN,China,Lower middle income,dd,0.029611367387720338,0.017851445735481173,1.6587657843793224,0.11073980570682804,-0.005377466253822762,0.06460020102926343
ctrl,CHN,China,Lower middle income,d_inf,0.05542453344765065,0.03027806582560942,1.8305176350060033,0.08016174081745736,-0.003920475570543813,0.11476954246584511
ctrl,CHN,China,Lower middle income,d_gov,0.04359125376515976,0.09558963455207453,0.4560249023801056,0.65264876589129,-0.1437644299569063,0.23094693748722583
ctrl,CHN,China,Lower middle income,d_log_gdp,0.08994657719557737,0.05091384177848278,1.7666429020799335,0.09055811406809226,-0.009844552690248878,0.18973770708140364
ctrl,CIV,Cote d'Ivoire,Lower middle income,(Intercept),5.42642507905062e-4,0.0013989792594883165,0.38788459816304643,0.7021989864023255,-0.002199356840692038,0.003284641856502162
ctrl,CIV,Cote d'Ivoire,Lower middle income,"L(dy, 1)",0.4238336270710375,0.20692835803527096,2.0482143244900004,0.05389523929939977,0.018254045321906442,0.8294132088201686
ctrl,CIV,Cote d'Ivoire,Lower middle income,dd,-0.001274444741283978,0.008942350642186542,-0.14251786720055934,0.888096951355418,-0.0188014519999696,0.016252562517401644
ctrl,CIV,Cote d'Ivoire,Lower middle income,"L(dd, 1)",-0.013350016101661727,0.00757846226273629,-1.7615732108747812,0.09342206162331225,-0.028203802136624857,0.0015037699333014017
ctrl,CIV,Cote d'Ivoire,Lower middle income,d_inf,0.012276231043720066,0.014536991234950385,0.8444822484452689,0.40838851061393766,-0.016216271776782684,0.04076873386422282
ctrl,CIV,Cote d'Ivoire,Lower middle income,"L(d_inf, 1)",0.02538172472579015,0.013582094183140863,1.8687637107756103,0.07637378985886635,-0.0012391798731659388,0.05200262932474624
ctrl,CIV,Cote d'Ivoire,Lower middle income,d_gov,0.09948619818278112,0.16164806092764963,0.6154493757107864,0.5451984281266564,-0.21734400123541217,0.4163163976009744
ctrl,CIV,Cote d'Ivoire,Lower middle income,d_log_gdp,-0.003548905706021873,0.024349612639715773,-0.14574793277135675,0.8855793288917846,-0.051274146479864786,0.044176335067821045
ctrl,CIV,Cote d'Ivoire,Lower middle income,"L(d_log_gdp, 1)",-0.051845405487882815,0.023950251106719174,-2.1647123972465465,0.04268075812381898,-0.0987878976570524,-0.004902913318713231
ctrl,CMR,Cameroon,Lower middle income,(Intercept),-2.917557666006022e-4,5.299272592446846e-4,-0.5505581407841659,0.5872447773507183,-0.001330413194720184,7.469016615189796e-4
ctrl,CMR,Cameroon,Lower middle income,"L(dy, 1)",0.7906260873502154,0.13985351785745442,5.653244190511249,9.369582871810396e-6,0.5165131923496048,1.0647389823508262
ctrl,CMR,Cameroon,Lower middle income,dd,-0.001358665195127232,0.001982640469779954,-0.685280672838291,0.5000158565706061,-0.0052446405158959415,0.0025273101256414778
ctrl,CMR,Cameroon,Lower middle income,d_inf,0.001361117716914621,0.0035907670895037776,0.37906042998258604,0.7081199042938606,-0.005676785778512783,0.008399021212342025
ctrl,CMR,Cameroon,Lower middle income,d_gov,-0.044522992568003704,0.07606114827238458,-0.5853578808534581,0.5640068027197942,-0.19360284318187748,0.10455685804587006
ctrl,CMR,Cameroon,Lower middle income,d_log_gdp,-0.02181734184052802,0.020839052220078074,-1.0469450150668262,0.3060032271190991,-0.06266188419188104,0.01902720051082501
ctrl,COD,DR Congo,Low income,(Intercept),3.375859543914473e-4,2.978592438956957e-4,1.1333741064274743,0.2687335110331381,-2.462181636441163e-4,9.213900724270108e-4
ctrl,COD,DR Congo,Low income,"L(dy, 1)",0.9206408047738509,0.10146232503683254,9.073720757331776,4.629400649952663e-9,0.7217746477016591,1.1195069618460427
ctrl,COD,DR Congo,Low income,dd,9.974168608926071e-5,8.636392221670208e-4,0.11548999110877746,0.909059151340371,-0.0015929911893581001,0.0017924745615366215
ctrl,COD,DR Congo,Low income,d_inf,5.490258424676469e-7,4.2771244406572694e-6,0.12836330812560542,0.898977284826963,-7.834138061220601e-6,8.932189746155896e-6
ctrl,COD,DR Congo,Low income,d_gov,-0.002840841627274688,0.00665851287872944,-0.4266480637665704,0.6736026623935201,-0.01589152686958439,0.010209843615035016
ctrl,COD,DR Congo,Low income,d_log_gdp,0.0028644584111459544,0.003529810918567195,0.8115047738332348,0.42539480742324187,-0.0040539709892457474,0.009782887811537657
ctrl,COG,Congo,Lower middle income,(Intercept),1.1823345561911602e-4,1.3679444672169924e-4,0.8643147324514968,0.3963399502444137,-1.498836599554145e-4,3.8635057119364657e-4
ctrl,COG,Congo,Lower middle income,"L(dy, 1)",0.7396898390848196,0.13813850130319086,5.354697148923922,1.943477015409931e-5,0.46893837653056547,1.0104413016390736
ctrl,COG,Congo,Lower middle income,dd,-6.275091843885573e-4,8.352706302551971e-4,-0.7512645143488844,0.46011195679154215,-0.0022646396196887436,0.0010096212509116292
ctrl,COG,Congo,Lower middle income,d_inf,-4.995324617755256e-4,5.827047764124559e-4,-0.8572650885942654,0.40014309482578314,-0.0016416338235439392,6.42568899992888e-4
ctrl,COG,Congo,Lower middle income,d_gov,-6.217240125487043e-4,0.0015310349495305357,-0.4060808753838995,0.6884365698489949,-0.0036225525136285544,0.0023791044885311456
ctrl,COG,Congo,Lower middle income,d_log_gdp,-3.6882860433873474e-4,0.0011240488211522051,-0.3281250755288968,0.7457855377218154,-0.002571964293797057,0.0018343070851195875
ctrl,COL,Colombia,Lower middle income,(Intercept),-0.00447960339907141,0.004204478767738419,-1.0654360853107554,0.2982326448343567,-0.012720381783838712,0.003761174985695892
ctrl,COL,Colombia,Lower middle income,"L(dy, 1)",-0.42104995921140537,0.20678102130108986,-2.036211817516476,0.05394407329854221,-0.8263407609615414,-0.01575915746126927
ctrl,COL,Colombia,Lower middle income,dd,0.006162096996556473,0.012949406772561506,0.47585940458781006,0.6388658949449834,-0.019218740277664077,0.03154293427077703
ctrl,COL,Colombia,Lower middle income,d_inf,-0.03339703859472414,0.036446920398297666,-0.9163199038425212,0.3694349918563258,-0.10483300257538758,0.03803892538593929
ctrl,COL,Colombia,Lower middle income,d_gov,-0.44480757400831106,0.4780057396748954,-0.930548604522692,0.36218655734633054,-1.381698823771106,0.49208367575448386
ctrl,COL,Colombia,Lower middle income,"L(d_gov, 1)",0.770286633788727,0.46170749314067666,1.6683433672453525,0.10941948479520995,-0.13466005276699922,1.6752333203444532
ctrl,COL,Colombia,Lower middle income,d_log_gdp,0.01467633733703253,0.07072479028782737,0.20751333835426747,0.83751784270832,-0.12394425162710912,0.15329692630117417
ctrl,COM,Comoros,Low income,(Intercept),-2.159686693654609e-4,9.689657995375551e-4,-0.22288575042435274,0.8256808315328685,-0.002115141636459069,0.0016832042977281473
ctrl,COM,Comoros,Low income,"L(dy, 1)",0.7877390890277448,0.1007490894839642,7.818820924958591,8.616410219078761e-8,0.590270873639175,0.9852073044163147
ctrl,COM,Comoros,Low income,dd,0.004995198886143266,0.004235610932000224,1.1793337410677458,0.2508622837905103,-0.003306598540577174,0.013296996312863706
ctrl,COM,Comoros,Low income,"L(dd, 1)",0.0065755194704942895,0.004489541796729693,1.464630416245168,0.15716676765662488,-0.0022239824510959082,0.015375021392084487
ctrl,COM,Comoros,Low income,d_inf,-0.011250133934262385,0.015697551503412347,-0.7166808104956255,0.4811108744316318,-0.04201733488095058,0.019517067012425813
ctrl,COM,Comoros,Low income,d_gov,0.09058349302246572,0.043162473931039357,2.0986631388921517,0.047546862780358065,0.005985044117628582,0.17518194192730285
ctrl,COM,Comoros,Low income,d_log_gdp,-0.0062536832008167256,0.010482821180438272,-0.5965649030135672,0.556887519189019,-0.02680001271447574,0.014292646312842288
ctrl,CPV,Cabo Verde,Lower middle income,(Intercept),-7.433827775525563e-4,8.050455413739456e-4,-0.9234046266300023,0.36581388628237166,-0.0023212720386454897,8.345064835403771e-4
ctrl,CPV,Cabo Verde,Lower middle income,"L(dy, 1)",0.8525336137003257,0.10369086114050965,8.221878035568364,3.7373079833007764e-8,0.6492995258649268,1.0557677015357245
ctrl,CPV,Cabo Verde,Lower middle income,dd,-0.004128427254452238,0.0051342331353013025,-0.8040981283195979,0.4299440091758816,-0.014191524199642792,0.005934669690738315
ctrl,CPV,Cabo Verde,Lower middle income,"L(dd, 1)",0.009123554863494341,0.005000542543464791,1.8245129971782592,0.08168630647464838,-6.77508521696648e-4,0.01892461824868533
ctrl,CPV,Cabo Verde,Lower middle income,d_inf,-0.002704438997836343,0.0032473831447670776,-0.8328056398871043,0.4139042955425124,-0.009069309961579815,0.003660431965907129
ctrl,CPV,Cabo Verde,Lower middle income,d_gov,-0.025364131810814133,0.03024563152842984,-0.8386048010593772,0.4107106520600716,-0.08464556960653662,0.03391730598490836
ctrl,CPV,Cabo Verde,Lower middle income,d_log_gdp,0.0014293643292934278,0.00924498979560005,0.15460961676493168,0.8785387328650145,-0.016690815670082668,0.019549544328669524
ctrl,CRI,Costa Rica,Upper middle income,(Intercept),-0.0017760378762667114,0.0024302220392227025,-0.7308130070430809,0.47296912307177186,-0.0065392730731432085,0.0029871973206097857
ctrl,CRI,Costa Rica,Upper middle income,"L(dy, 1)",-0.4295946886101222,0.259958642226367,-1.6525501323246616,0.11329661882452687,-0.9391136273738014,0.07992425015355709
ctrl,CRI,Costa Rica,Upper middle income,dd,0.013039574320951987,0.012870865777839658,1.0131077851346102,0.3225399471384929,-0.012187322603613741,0.038266471245517714
ctrl,CRI,Costa Rica,Upper middle income,d_inf,-0.002800961604730343,0.01369568188465432,-0.20451421318925,0.8399208290927709,-0.02964449809865281,0.024042574889192123
ctrl,CRI,Costa Rica,Upper middle income,d_gov,0.9191251986184694,0.2389350907590001,3.8467568564281645,9.366147216439102e-4,0.4508124207308292,1.3874379765061096
ctrl,CRI,Costa Rica,Upper middle income,"L(d_gov, 1)",-0.4803739019008406,0.26185432725887325,-1.8345081669241827,0.08078711050252657,-0.9936083833282322,0.03286057952655097
ctrl,CRI,Costa Rica,Upper middle income,d_log_gdp,0.11197062110472532,0.05657269418462448,1.979234376558242,0.06104981083468482,0.0010881405028613372,0.22285310170658928
ctrl,CRI,Costa Rica,Upper middle income,"L(d_log_gdp, 1)",-0.07261942908280067,0.04845446935592263,-1.4987147738503577,0.14883064049448713,-0.167590189020409,0.022351330854807686
ctrl,CYP,Cyprus,High income,(Intercept),-0.002841062160675458,0.0045864322947558565,-0.6194492751858429,0.5419831026057054,-0.011830469458396936,0.006148345137046022
ctrl,CYP,Cyprus,High income,"L(dy, 1)",-0.38176986812966845,0.17317047796789875,-2.204589792726902,0.038240390530643265,-0.72118400494675,-0.04235573131258691
ctrl,CYP,Cyprus,High income,dd,0.06215022064175941,0.05565851333511506,1.1166345796474717,0.27619819561999814,-0.04694046549506611,0.17124090677858492
ctrl,CYP,Cyprus,High income,d_inf,0.11276420406280202,0.13986207070241857,0.806252928306259,0.4287268057266871,-0.16136545451393836,0.3868938626395424
ctrl,CYP,Cyprus,High income,d_gov,0.5330772888045219,0.3053397352329906,1.745849711953655,0.09478888598349773,-0.06538859225213967,1.1315431698611835
ctrl,CYP,Cyprus,High income,d_log_gdp,-0.1002343808202303,0.08474674154713734,-1.1827520325896956,0.24953246964538042,-0.26633799425261945,0.06586923261215887
ctrl,CYP,Cyprus,High income,"L(d_log_gdp, 1)",0.13467507822382332,0.07303819919739357,1.8438992158041776,0.07870909760136559,-0.008479792203068076,0.27782994865071475
ctrl,CZE,Czech Republic,High income,(Intercept),0.00460187846404765,0.003054119910087169,1.5067772712029195,0.14750063332153196,-0.0013841965597232008,0.010587953487818502
ctrl,CZE,Czech Republic,High income,"L(dy, 1)",-0.13907524846684846,0.19217541674509822,-0.7236890691972225,0.47763659933293134,-0.515739065287241,0.23758856835354406
ctrl,CZE,Czech Republic,High income,dd,-0.025101307532000544,0.019608199589755695,-1.2801434123056725,0.21514412243888723,-0.0635333787279217,0.013330763663920615
ctrl,CZE,Czech Republic,High income,d_inf,-0.04760376119713469,0.04921821278588873,-0.9671980858838313,0.3449962713022193,-0.1440714582574766,0.048863935863207225
ctrl,CZE,Czech Republic,High income,d_gov,-0.20772582657514502,0.18393350497493194,-1.1293528419602274,0.27211306823212916,-0.5682354963260116,0.15278384317572155
ctrl,CZE,Czech Republic,High income,d_log_gdp,-0.04778812189408842,0.06656543207736665,-0.7179119912952112,0.4811141507492578,-0.17825636876572704,0.08268012497755022
ctrl,CZE,Czech Republic,High income,"L(d_log_gdp, 1)",-0.011235889573638507,0.05416629792698588,-0.20743321961534203,0.8377690785245688,-0.11740183351053084,0.09493005436325382
ctrl,CZE,Czech Republic,High income,"L(d_log_gdp, 2)",-0.12190525596345608,0.044853061539385085,-2.717880380504509,0.013248789706302817,-0.20981725658065087,-0.03399325534626131
ctrl,DEU,Germany,High income,(Intercept),0.0014725726445973437,0.0023315673861860177,0.6315805639253604,0.5341692052072196,-0.003097299432327251,0.006042444721521938
ctrl,DEU,Germany,High income,"L(dy, 1)",0.359152292563703,0.21024491617036425,1.7082567279423637,0.10166219064026275,-0.052927743130210925,0.771232328257617
ctrl,DEU,Germany,High income,dd,-0.03757922702882541,0.03453941639490215,-1.0880099014751135,0.28836700419039685,-0.10527648316283361,0.030118029105182798
ctrl,DEU,Germany,High income,"L(dd, 1)",0.06685880916286503,0.040492751129314004,1.6511303208159593,0.11291624247680927,-0.01250698305059042,0.14622460137632048
ctrl,DEU,Germany,High income,d_inf,0.24340646513581451,0.17881633995744295,1.3612093010836905,0.1872281316327596,-0.10707356118077369,0.5938864914524027
ctrl,DEU,Germany,High income,d_gov,-4.4587155727833195e-5,0.3909417213633894,-1.1405064563674031e-4,0.999910028628805,-0.7662903610279711,0.7662011867165154
ctrl,DEU,Germany,High income,d_log_gdp,-0.036066794182381005,0.06739749291168859,-0.5351355462085152,0.5979243058140353,-0.16816588028929064,0.09603229192452861
ctrl,DJI,Djibouti,Lower middle income,(Intercept),2.677643402280568e-4,3.086554454106878e-4,0.8675186011112731,0.39546323780508186,-3.3720033277689123e-4,8.727290132330048e-4
ctrl,DJI,Djibouti,Lower middle income,"L(dy, 1)",0.5779514263952494,0.1562785725295785,3.6982128582334077,0.0013337538208812935,0.2716454242372756,0.8842574285532232
ctrl,DJI,Djibouti,Lower middle income,dd,-0.003633502724744638,0.002386617979250398,-1.522448400345106,0.14281381423977052,-0.008311273964075418,0.001044268514586142
ctrl,DJI,Djibouti,Lower middle income,"L(dd, 1)",-0.003938691132243136,0.002530690114910458,-1.5563703785923615,0.1345630870286834,-0.008898843757467634,0.001021461492981361
ctrl,DJI,Djibouti,Lower middle income,d_inf,0.04179618576832896,0.020082898887185043,2.081182901090003,0.049842528470134394,0.002433703949446281,0.08115866758721164
ctrl,DJI,Djibouti,Lower middle income,"L(d_inf, 1)",0.031622501464888375,0.020388932036921152,1.5509640920684318,0.13585096945765185,-0.008339805327477079,0.07158480825725383
ctrl,DJI,Djibouti,Lower middle income,d_gov,0.0016955755405619996,0.0068136488375617615,0.24884985724752362,0.805894527073088,-0.011659176181059053,0.015050327262183052
ctrl,DJI,Djibouti,Lower middle income,d_log_gdp,0.00107203700331689,0.002942360150030557,0.3643459497321416,0.7192426999845025,-0.0046949888907430026,0.006839062897376782
ctrl,DMA,Dominica,Upper middle income,(Intercept),-3.415673717312849e-4,2.7076246324421075e-4,-1.2615019365635352,0.220961487468343,-8.72261799689938e-4,1.8912705622736817e-4
ctrl,DMA,Dominica,Upper middle income,"L(dy, 1)",0.8812046322921899,0.10298582700011634,8.556562179096687,2.7555322169152464e-8,0.6793524113719619,1.083056853212418
ctrl,DMA,Dominica,Upper middle income,dd,-6.355311098503955e-4,0.0019115633953169168,-0.33246666650311707,0.7428327765467928,-0.004382195364671553,0.0031111331449707614
ctrl,DMA,Dominica,Upper middle income,"L(dd, 1)",-0.003127599324878541,0.0018444063319024095,-1.6957214203730175,0.10471554964839266,-0.006742635735407263,4.8743708565018124e-4
ctrl,DMA,Dominica,Upper middle income,d_inf,0.0020786821278146973,0.004321679122821499,0.4809894646823261,0.6354974491313355,-0.006391808952915441,0.010549173208544836
ctrl,DMA,Dominica,Upper middle income,d_gov,-0.002528749361345083,0.006642813405739806,-0.38067445326103627,0.7072683822990053,-0.015548663636595102,0.010491164913904937
ctrl,DMA,Dominica,Upper middle income,d_log_gdp,4.7687856966532763e-4,0.002719273738664003,0.17536982867330642,0.8624689868444656,-0.004852897958116118,0.005806655097446774
ctrl,DMA,Dominica,Upper middle income,"L(d_log_gdp, 1)",-0.005265813365569683,0.002347500824122547,-2.24315719571172,0.035801864799016876,-0.009866914980849874,-6.647117502894912e-4
ctrl,DNK,Denmark,High income,(Intercept),0.003218467543260804,0.0021217320403517565,1.5169057553220635,0.14352942640880578,-9.401272558286389e-4,0.007377062342350247
ctrl,DNK,Denmark,High income,"L(dy, 1)",0.1997942126938234,0.19435963038191365,1.0279614768829868,0.3151381264101266,-0.18115066285472733,0.5807390882423741
ctrl,DNK,Denmark,High income,dd,0.00664108424868974,0.016643295815717104,0.39902458757106446,0.6937219513134831,-0.025979775550115783,0.039261944047495265
ctrl,DNK,Denmark,High income,d_inf,0.1013549614241419,0.1405905259964019,0.7209231255506922,0.4785483327765909,-0.1742024695288058,0.3769123923770896
ctrl,DNK,Denmark,High income,d_gov,-0.2938661773863726,0.16303555340306905,-1.8024668316355146,0.0851902304307358,-0.6134158620563879,0.025683507283642715
ctrl,DNK,Denmark,High income,d_log_gdp,0.06616323615562307,0.06355872078276258,1.0409780961728679,0.30919121975914265,-0.058411856578591576,0.19073832888983772
ctrl,DNK,Denmark,High income,"L(d_log_gdp, 1)",-0.12870808538226064,0.05978450098669821,-2.1528671019751027,0.042556125477460065,-0.24588570731618914,-0.011530463448332154
ctrl,DZA,Algeria,Lower middle income,(Intercept),0.002202793568770167,0.001458299536037769,1.51052202536881,0.1445279478832165,-6.5547352186386e-4,0.005061060659404194
ctrl,DZA,Algeria,Lower middle income,"L(dy, 1)",0.24162588128820725,0.15703320131657642,1.5386929595932606,0.13752470216950724,-0.06615919329228251,0.549410955868697
ctrl,DZA,Algeria,Lower middle income,dd,-0.010237392101017016,0.006360271398500586,-1.6095841607372996,0.1211296733094162,-0.022703524042078163,0.002228739840044132
ctrl,DZA,Algeria,Lower middle income,d_inf,-0.007839999624826854,0.011841515788369705,-0.6620773695650526,0.5145012931856192,-0.031049370570031477,0.01536937132037777
ctrl,DZA,Algeria,Lower middle income,d_gov,-0.34533133957654755,0.09229764164923916,-3.74149689424263,0.0010665481015176552,-0.5262347172090562,-0.1644279619440388
ctrl,DZA,Algeria,Lower middle income,d_log_gdp,-0.10292230239846151,0.039258636986878835,-2.6216473697968827,0.015251428524593621,-0.17986923089274404,-0.02597537390417899
ctrl,ECU,Ecuador,Lower middle income,(Intercept),-0.005568871297966938,0.003820574306485153,-1.4576005729071086,0.15907837811682762,-0.013057196938677837,0.0019194543427439618
ctrl,ECU,Ecuador,Lower middle income,"L(dy, 1)",-0.40369648902561545,0.1794323916532872,-2.2498529128768916,0.03479410195290975,-0.7553839766660584,-0.05200900138517256
ctrl,ECU,Ecuador,Lower middle income,dd,0.051819575146957744,0.026167698584083743,1.980287833889852,0.06031302138095465,5.308859221536122e-4,0.10310826437176188
ctrl,ECU,Ecuador,Lower middle income,"L(dd, 1)",-0.04065803751363659,0.027375691960930565,-1.4851875734013238,0.15168334959934018,-0.0943143937570605,0.012998318729787316
ctrl,ECU,Ecuador,Lower middle income,d_inf,0.05022174551609671,0.04067022475454847,1.2348529131371475,0.2299119265982176,-0.029491895002818284,0.1299353860350117
ctrl,ECU,Ecuador,Lower middle income,d_gov,-0.14372440930734023,0.2657524730344632,-0.5408205901764152,0.5940653933852796,-0.664599256454888,0.37715043784020763
ctrl,ECU,Ecuador,Lower middle income,d_log_gdp,-0.010541683013914315,0.05608336666856234,-0.1879645185392103,0.852627394292988,-0.1204650816842965,0.09938171565646788
ctrl,EGY,Egypt,Lower middle income,(Intercept),-2.5595321771166863e-4,0.0016663757384012237,-0.15359874235641396,0.8792658452339246,-0.003522049664978067,0.0030101432295547297
ctrl,EGY,Egypt,Lower middle income,"L(dy, 1)",0.6124838010114184,0.19736860301800802,3.1032483973934553,0.005008879428602613,0.22564133909612272,0.9993262629267141
ctrl,EGY,Egypt,Lower middle income,dd,-0.006673267314565227,0.009908367967184127,-0.6734981317474943,0.5073425471672381,-0.026093668530246118,0.012747133901115662
ctrl,EGY,Egypt,Lower middle income,d_inf,-0.014545867270927753,0.01491981779329306,-0.9749359859787692,0.33973520230424514,-0.043788710145782145,0.014696975603926642
ctrl,EGY,Egypt,Lower middle income,d_gov,-0.015425959548448859,0.08680994512998508,-0.17769806818044592,0.8605158358510238,-0.18557345200321962,0.1547215329063219
ctrl,EGY,Egypt,Lower middle income,d_log_gdp,0.009913203895487239,0.02334815423740028,0.42458190890343517,0.67508688310814,-0.035849178409817314,0.055675586200791785
ctrl,ESP,Spain,High income,(Intercept),-2.0353333010696741e-4,0.002147266199773248,-0.094787190395145507,0.9253419120448857,-0.0044121750816625335,0.0040051084214485985
ctrl,ESP,Spain,High income,"L(dy, 1)",0.009585285511408368,0.21835091332646506,0.04389853637606283,0.965381294111685,-0.41838250460846316,0.4375530756312799
ctrl,ESP,Spain,High income,dd,0.023754601009000294,0.020159515435057562,1.178331943817005,0.25125301231570085,-0.015758049243712526,0.06326725126171312
ctrl,ESP,Spain,High income,"L(dd, 1)",-0.025278564714200993,0.017306977026574778,-1.4605996573165771,0.1582605545203934,-0.059200239686287556,0.00864311025788557
ctrl,ESP,Spain,High income,d_inf,0.05607261339028907,0.17733977737225148,0.3161874578910056,0.7548406084647468,-0.29151335025932384,0.403658577039902
ctrl,ESP,Spain,High income,d_gov,-0.08445048046322692,0.22399352138246706,-0.37702197787688885,0.7097695269368416,-0.5234777823728624,0.35457682144640845
ctrl,ESP,Spain,High income,d_log_gdp,-0.014177366095153847,0.05265412556282172,-0.269254610984638,0.790242922886788,-0.11737945219828441,0.08902472000797673
ctrl,EST,Estonia,High income,(Intercept),0.004679560772285573,0.004894573431743673,0.9560712159176857,0.3494250524812187,-0.004913803153932026,0.014272924698503173
ctrl,EST,Estonia,High income,"L(dy, 1)",0.3606554265387197,0.18874861203727952,1.9107712774464642,0.0691524722294832,-0.009291853054348154,0.7306027061317875
ctrl,EST,Estonia,High income,dd,0.026580974763452933,0.027696952015549458,0.9597075789613962,0.34763197092499387,-0.027705051187024002,0.08086700071392987
ctrl,EST,Estonia,High income,d_inf,0.03922449556569687,0.07879608813901347,0.49779749848109606,0.6235661914618915,-0.1152158371867695,0.19366482831816326
ctrl,EST,Estonia,High income,d_gov,-0.17291888688412202,0.17980139158851985,-0.9617216271598797,0.3466415460552613,-0.5253296143976209,0.17949184062937687
ctrl,EST,Estonia,High income,d_log_gdp,0.10426142653759607,0.05760863917161454,1.8098227633359671,0.0840069252895406,-0.008651506238768425,0.21717435931396056
ctrl,EST,Estonia,High income,"L(d_log_gdp, 1)",-0.1820197702197792,0.0682087832564452,-2.668567910608195,0.014032474899442962,-0.31570898540241177,-0.048330555037146616
ctrl,ETH,Ethiopia,Low income,(Intercept),-0.0025309374230387534,0.0025440611379013264,-0.9948414310226054,0.33016525405740016,-0.007517297253325353,0.0024554224072478466
ctrl,ETH,Ethiopia,Low income,"L(dy, 1)",0.6594096147932103,0.17991570781924018,3.6651030795805424,0.0012871314938327101,0.3067748274674995,1.012044402118921
ctrl,ETH,Ethiopia,Low income,dd,0.007266917062995416,0.010768096013970448,0.6748562655428937,0.5064949684066444,-0.013838551124386662,0.028372385250377493
ctrl,ETH,Ethiopia,Low income,d_inf,0.02211313370258171,0.018508516258169416,1.1947545332177163,0.2443583506258325,-0.014163558163430342,0.05838982556859376
ctrl,ETH,Ethiopia,Low income,d_gov,-0.03820778214783405,0.10390164503479182,-0.36773029084419256,0.7164367308929506,-0.241855006416026,0.1654394421203579
ctrl,ETH,Ethiopia,Low income,d_log_gdp,0.010873859722708249,0.02365538540125842,0.4596779776891642,0.650062963835478,-0.03549069566375825,0.057238415109174746
ctrl,FIN,Finland,High income,(Intercept),-0.0017029089188786157,0.003155640508414387,-0.5396397068480641,0.5951219449939409,-0.007887964315370814,0.004482146477613583
ctrl,FIN,Finland,High income,"L(dy, 1)",-0.16968142841951672,0.18168072457779055,-0.9339539393286816,0.36094315253152054,-0.5257756485919862,0.18641279175295278
ctrl,FIN,Finland,High income,dd,-0.00356763914955651,0.020909832267649787,-0.17062017063982426,0.8661556251545529,-0.044550910394150094,0.03741563209503707
ctrl,FIN,Finland,High income,"L(dd, 1)",0.033759125322022195,0.01800564422014715,1.8749190481198066,0.07478035782410913,-0.001531937349466224,0.06905018799351062
ctrl,FIN,Finland,High income,d_inf,-0.07279170902433067,0.13136829906527828,-0.5541040688070393,0.5853605030872472,-0.3302735751922761,0.18469015714361475
ctrl,FIN,Finland,High income,d_gov,0.1904542401629564,0.3046790799862786,0.6250978576262395,0.5386407005523202,-0.4067167566101496,0.7876252369360625
ctrl,FIN,Finland,High income,"L(d_gov, 1)",-0.2996225379630125,0.20522914258492522,-1.4599414790179064,0.1591053228660135,-0.7018716574294659,0.1026265815034409
ctrl,FIN,Finland,High income,d_log_gdp,0.18839645940922706,0.07575993744640544,2.4867557413508115,0.021380812595967035,0.039906982014272396,0.3368859368041817
ctrl,FJI,Fiji,Lower middle income,(Intercept),0.00104253975555356,5.234898798428442e-4,1.9915184527856364,0.05842933065542144,1.6499591061585207e-5,0.0020685799200455346
ctrl,FJI,Fiji,Lower middle income,"L(dy, 1)",0.7860322571998508,0.10379625134950751,7.57283858501871,1.085228818657403e-7,0.5825916045548161,0.9894729098448856
ctrl,FJI,Fiji,Lower middle income,dd,0.0049992311254684774,0.00293133193681095,1.7054469549112998,0.1015823231311811,-7.461794706809851e-4,0.01074464172161794
ctrl,FJI,Fiji,Lower middle income,d_inf,0.007910616272193216,0.006512494196859414,1.2146830435577252,0.23681090297100238,-0.004853872353651235,0.020675104898037668
ctrl,FJI,Fiji,Lower middle income,d_gov,-0.023062328483124242,0.01739970642522717,-1.325443540224739,0.19804011796856774,-0.057165753076569494,0.01104109611032101
ctrl,FJI,Fiji,Lower middle income,d_log_gdp,-0.008607638278539997,0.005238278408464505,-1.643218937090278,0.11394004695099252,-0.018874663959130428,0.0016593874020504329
ctrl,FRA,France,High income,(Intercept),6.990699904536143e-4,0.0015996782468831743,0.4370066241856372,0.6665673143162061,-0.002436299373437407,0.0038344393543446355
ctrl,FRA,France,High income,"L(dy, 1)",0.36057061204110663,0.22027044586420585,1.636945031942207,0.11654135194811965,-0.07115946185273686,0.7923006859349502
ctrl,FRA,France,High income,dd,-0.04306577084394245,0.028757940327649813,-1.497526260687596,0.14913732620379616,-0.09943133388613608,0.013299792198251184
ctrl,FRA,France,High income,"L(dd, 1)",0.035317638067747445,0.02722767427468569,1.2971228358120626,0.2086595442196616,-0.01804860351063651,0.08868387964613139
ctrl,FRA,France,High income,d_inf,0.404246991668158,0.20866458826036835,1.9373051989240504,0.0662750404765217,-0.004735601322163996,0.8132295846584799
ctrl,FRA,France,High income,d_gov,-0.13149415292068822,0.16642973651234347,-0.7900880916850805,0.4383076553447327,-0.4576964364848814,0.19470813064350495
ctrl,FRA,France,High income,"L(d_gov, 1)",0.3014222621812617,0.15082899375596726,1.9984371351634542,0.058781297407209054,0.005797434419565928,0.5970470899429575
ctrl,FRA,France,High income,d_log_gdp,0.004102166634025041,0.04375784560164821,0.09374699731264938,0.9261988257973179,-0.08166321074520544,0.08986754401325553
ctrl,GAB,Gabon,Upper middle income,(Intercept),-3.400760498163064e-4,4.65264161553201e-4,-0.7309311095035205,0.47220240630657606,-0.0012519938064605805,5.718417068279676e-4
ctrl,GAB,Gabon,Upper middle income,"L(dy, 1)",0.8717291801990855,0.11766375395736929,7.408646680735015,1.5605946441810666e-7,0.6411082224426417,1.1023501379555294
ctrl,GAB,Gabon,Upper middle income,dd,0.0012332299442124627,0.0018234382211505568,0.6763212100678228,0.5055816223430916,-0.0023407089692426284,0.004807168857667554
ctrl,GAB,Gabon,Upper middle income,d_inf,2.751966030804912e-4,0.0018629144327277094,0.14772369479018094,0.8838482237087661,-0.0033761156850658195,0.003926508891226802
ctrl,GAB,Gabon,Upper middle income,d_gov,-0.0021915524656428422,0.01651089709826457,-0.1327337002102201,0.8955584296520721,-0.0345529107782414,0.030169805846955715
ctrl,GAB,Gabon,Upper middle income,d_log_gdp,0.0015762468334113932,0.003370606335003946,0.4676448913781407,0.6444392398456932,-0.00503014158319634,0.008182635250019128
ctrl,GBR,United Kingdom,High income,(Intercept),-5.410943381302929e-4,0.0034302939889523042,-0.1577399312924652,0.8761005831484273,-0.0072644705564768085,0.006182281880216223
ctrl,GBR,United Kingdom,High income,"L(dy, 1)",-0.2914931340464439,0.1682554220105671,-1.7324442241637656,0.09719284745998148,-0.6212737611871554,0.0382874930942676
ctrl,GBR,United Kingdom,High income,dd,0.01192767617624568,0.03133305500041975,0.3806738977761948,0.707096209200813,-0.04948511162457704,0.07334046397706839
ctrl,GBR,United Kingdom,High income,d_inf,0.015244945480957763,0.08335208800435255,0.1828981834283706,0.8565529412990487,-0.14812514700757323,0.17861503796948874
ctrl,GBR,United Kingdom,High income,d_gov,-0.34327724479814,0.3476183666815011,-0.9875118166948337,0.33412893215768547,-1.024609243493882,0.33805475389760214
ctrl,GBR,United Kingdom,High income,d_log_gdp,-0.10457683625766521,0.09475504319747026,-1.1036545679128262,0.281669074533454,-0.29029672092470693,0.08114304840937649
ctrl,GBR,United Kingdom,High income,"L(d_log_gdp, 1)",0.22305561039706223,0.08049454490193354,2.77106492954039,0.011143044431747889,0.0652863023892725,0.380824918404852
ctrl,GEO,Georgia,Lower middle income,(Intercept),0.007917221079627348,0.004304128601350576,1.8394480771654997,0.0800309509878914,-5.188709790197813e-4,0.016353313138274476
ctrl,GEO,Georgia,Lower middle income,"L(dy, 1)",-0.27849975824212037,0.1986954832142184,-1.4016411130084072,0.1756298649393952,-0.6679429053419884,0.11094338885774768
ctrl,GEO,Georgia,Lower middle income,dd,0.006883509694547034,0.022508413611627077,0.30581940661474466,0.7627531937655229,-0.037232980984242034,0.0510000003733361
ctrl,GEO,Georgia,Lower middle income,d_inf,-6.381483692789035e-5,2.8950961338212485e-4,-0.22042389605785181,0.8276698627545475,-6.31253679156855e-4,5.036240053010744e-4
ctrl,GEO,Georgia,Lower middle income,"L(d_inf, 1)",-5.267253514579747e-4,2.923695889297855e-4,-1.8015736636154431,0.08598910538416697,-0.0010997697457603543,4.631904284440485e-5
ctrl,GEO,Georgia,Lower middle income,d_gov,-0.042138938156893596,0.09271382401805141,-0.45450544838587537,0.6541282611396549,-0.22385803323227435,0.13958015691848716
ctrl,GEO,Georgia,Lower middle income,"L(d_gov, 1)",-0.21242777182076036,0.11672596181174826,-1.8198845271744841,0.0830621394487528,-0.44121065697178696,0.016355113330266208
ctrl,GEO,Georgia,Lower middle income,d_log_gdp,-0.06140888488798624,0.02402232069045149,-2.5563260802023735,0.018388732070642535,-0.10849263344127116,-0.014325136334701317
ctrl,GHA,Ghana,Low income,(Intercept),-1.0297512374680028e-4,5.688676330340616e-4,-0.1810177232225032,0.8579393389653514,-0.001217955684493561,0.0010120054369999604
ctrl,GHA,Ghana,Low income,"L(dy, 1)",0.7415234908530693,0.14866385980440683,4.987920344787715,4.806137341877837e-5,0.450142325636432,1.0329046560697068
ctrl,GHA,Ghana,Low income,dd,0.003328548812741533,0.0027538908760409504,1.2086712809502178,0.23906899219134772,-0.0020690773042987298,0.008726174929781796
ctrl,GHA,Ghana,Low income,d_inf,-8.640526362126181e-4,0.0024037584583578553,-0.3594590102047532,0.7225310212891713,-0.005575419214594014,0.0038473139421687785
ctrl,GHA,Ghana,Low income,d_gov,-0.024547705045940317,0.022891428037305196,-1.0723535904328885,0.2946846219009605,-0.0694149039990585,0.02031949390717787
ctrl,GHA,Ghana,Low income,d_log_gdp,0.0011754832011632971,0.007882657251448578,0.14912270870933544,0.8827566483485332,-0.014274525011675915,0.01662549141400251
ctrl,GIN,Guinea,Low income,(Intercept),-6.761501548230522e-4,0.0014511655058398907,-0.46593593363543806,0.6460578914711944,-0.003520434546269238,0.0021681342366231334
ctrl,GIN,Guinea,Low income,"L(dy, 1)",0.7417680257414205,0.1416464328452086,5.2367575437076175,3.434241350868455e-5,0.4641410173648117,1.0193950341180293
ctrl,GIN,Guinea,Low income,dd,0.009019528704604306,0.009006348279998898,1.0014634593506315,0.3280034933635184,-0.008632913924193535,0.02667197133340215
ctrl,GIN,Guinea,Low income,d_inf,-0.00846269238216714,0.006985652032470119,-1.2114391531143502,0.23918347125193223,-0.022154570365808573,0.005229185601474291
ctrl,GIN,Guinea,Low income,d_gov,-0.07026385192264067,0.07121984843278228,-0.9865768247029635,0.33508166992905686,-0.20985475485089394,0.0693270510056126
ctrl,GIN,Guinea,Low income,"L(d_gov, 1)",0.12381798501443579,0.07201425540351515,1.7193538184995523,0.10025694705907853,-0.017329955576453906,0.2649659256053255
ctrl,GIN,Guinea,Low income,d_log_gdp,-0.02194899944729168,0.024666582574888157,-0.8898273354508737,0.38363931592397116,-0.07029550129407247,0.026397502399489105
ctrl,GIN,Guinea,Low income,"L(d_log_gdp, 1)",0.03440363733699051,0.026700897791481687,1.288482417545009,0.21159361814852912,-0.01793012233431359,0.08673739700829461
ctrl,GMB,Gambia,Low income,(Intercept),-6.591610917802474e-4,9.216613982635536e-4,-0.7151879128518703,0.48169040127402174,-0.002465617432376812,0.0011472952488163176
ctrl,GMB,Gambia,Low income,"L(dy, 1)",0.6998681349300703,0.14725248509933647,4.7528443031568495,8.619501532224656e-5,0.4112532641353708,0.9884830057247698
ctrl,GMB,Gambia,Low income,dd,0.0014004545756936342,0.0057077870883148855,0.24535858714153466,0.808354862227926,-0.009786808117403541,0.012587717268790809
ctrl,GMB,Gambia,Low income,d_inf,-5.80501810464148e-4,0.0021330649206200603,-0.2721444644523065,0.7879390929304106,-0.004761309054879466,0.00360030543395117
ctrl,GMB,Gambia,Low income,d_gov,-0.013774354949569618,0.08259961282191024,-0.1667605268231458,0.8690158869128844,-0.17566959608051366,0.14812088618137445
ctrl,GMB,Gambia,Low income,d_log_gdp,0.019698404383450264,0.014973568625263363,1.3155450698783435,0.2012905995357207,-0.009649790122065929,0.04904659888896645
ctrl,GNB,Guinea-Bissau,Low income,(Intercept),-3.683540864294137e-4,0.0016332676499061756,-0.2255319796792486,0.8250722578699621,-0.003569558680245518,0.002832850507386691
ctrl,GNB,Guinea-Bissau,Low income,"L(dy, 1)",0.9161760002990875,0.18557796976312876,4.936879099757865,2.716893069548712e-4,0.5524431795633551,1.27990882103482
ctrl,GNB,Guinea-Bissau,Low income,"L(dy, 2)",0.45577294306170124,0.2431413478568774,1.874518452246087,0.08350328262399119,-0.020784098737778478,0.932329984861181
ctrl,GNB,Guinea-Bissau,Low income,dd,0.018792024574151727,0.009271680748159303,2.0268196333100112,0.06370034702627182,6.19530307759495e-4,0.036964518840543956
ctrl,GNB,Guinea-Bissau,Low income,"L(dd, 1)",0.05103465617718626,0.009381245034709646,5.440072824914312,1.1312043544910425e-4,0.03264741590915536,0.06942189644521717
ctrl,GNB,Guinea-Bissau,Low income,"L(dd, 2)",-0.004711636860263496,0.010580610321299389,-0.4453086085949782,0.6634218070583475,-0.025449633090010297,0.01602635936948331
ctrl,GNB,Guinea-Bissau,Low income,d_inf,-0.024638918268356097,0.01064513563890835,-2.314570626822262,0.03762698170935051,-0.04550338412061646,-0.003774452416095732
ctrl,GNB,Guinea-Bissau,Low income,"L(d_inf, 1)",-0.04791713918380515,0.011438694529406856,-4.189039147834456,0.0010610182756693165,-0.07033698046144259,-0.025497297906167712
ctrl,GNB,Guinea-Bissau,Low income,"L(d_inf, 2)",-0.03741437315496528,0.010220319776670974,-3.66078302563172,0.002877472958490915,-0.057446199917240384,-0.017382546392690167
ctrl,GNB,Guinea-Bissau,Low income,d_gov,-0.11196083966024438,0.05692200156390967,-1.966916773552655,0.07090962389606863,-0.22352796272550735,-3.937165949814275e-4
ctrl,GNB,Guinea-Bissau,Low income,"L(d_gov, 1)",-0.031210461140842756,0.05096071557486265,-0.6124415795338226,0.5508087112474968,-0.13109346366757355,0.06867254138588802
ctrl,GNB,Guinea-Bissau,Low income,"L(d_gov, 2)",-0.03730288431668609,0.05300412805836068,-0.7037731905638256,0.4939875771452015,-0.14119097531107302,0.06658520667770085
ctrl,GNB,Guinea-Bissau,Low income,d_log_gdp,0.0652042110849079,0.027810473921932644,2.344591870959984,0.035582889099046174,0.010695682197919915,0.11971273997189588
ctrl,GNB,Guinea-Bissau,Low income,"L(d_log_gdp, 1)",0.06831382027643934,0.026962621399300304,2.5336490567720586,0.02495226806505788,0.01546708233381075,0.12116055821906793
ctrl,GNB,Guinea-Bissau,Low income,"L(d_log_gdp, 2)",2.272975209258161e-4,0.0243975795758755,0.009316396334272828,0.992708151888962,-0.04759195844779016,0.0480465534896418
ctrl,GNQ,Equatorial Guinea,Low income,(Intercept),-0,0,NA,NA,-0,0
ctrl,GNQ,Equatorial Guinea,Low income,"L(dy, 1)",NA,NA,NA,NA,NA,NA
ctrl,GNQ,Equatorial Guinea,Low income,dd,0,0,NA,NA,0,0
ctrl,GNQ,Equatorial Guinea,Low income,"L(dd, 1)",0,0,NA,NA,0,0
ctrl,GNQ,Equatorial Guinea,Low income,d_inf,-0,0,NA,NA,-0,0
ctrl,GNQ,Equatorial Guinea,Low income,"L(d_inf, 1)",-0,0,NA,NA,-0,0
ctrl,GNQ,Equatorial Guinea,Low income,d_gov,0,0,NA,NA,0,0
ctrl,GNQ,Equatorial Guinea,Low income,"L(d_gov, 1)",0,0,NA,NA,0,0
ctrl,GNQ,Equatorial Guinea,Low income,d_log_gdp,-0,0,NA,NA,-0,0
ctrl,GNQ,Equatorial Guinea,Low income,"L(d_log_gdp, 1)",0,0,NA,NA,0,0
ctrl,GRC,Greece,High income,(Intercept),5.083680576586238e-4,0.002120096423624438,0.2397853474935525,0.8137425202718421,-0.003647020932645275,0.004663757047962523
ctrl,GRC,Greece,High income,"L(dy, 1)",0.09407285733622464,0.13821377444200414,0.6806330101034795,0.5064748840250368,-0.17682614057010346,0.3649718552425527
ctrl,GRC,Greece,High income,dd,-0.07369543443655036,0.03062584160268774,-2.4063154048992015,0.029458926610321783,-0.13372208397781832,-0.013668784895282386
ctrl,GRC,Greece,High income,"L(dd, 1)",-0.021919422077781286,0.02571392199742871,-0.8524340269824705,0.4073783842988993,-0.07231870919274155,0.028479865037178986
ctrl,GRC,Greece,High income,"L(dd, 2)",-0.09181559493175502,0.021619078442261738,-4.246970802986248,7.030092595481908e-4,-0.13418898867858803,-0.04944220118492201
ctrl,GRC,Greece,High income,d_inf,-0.5530260476738369,0.10303115309855254,-5.367561470896575,7.834360939003338e-5,-0.7549671077469999,-0.3510849876006739
ctrl,GRC,Greece,High income,"L(d_inf, 1)",-0.6434015823751983,0.13757587559430207,-4.676703525206173,2.981173836867917e-4,-0.9130502985400304,-0.37375286621036624
ctrl,GRC,Greece,High income,d_gov,0.04507095403621464,0.20216342006831178,0.2229431715242302,0.8265872104898805,-0.35116934929767646,0.44131125737010574
ctrl,GRC,Greece,High income,"L(d_gov, 1)",0.2522867178221553,0.17952773492799662,1.4052799024247713,0.18031032344046713,-0.0995876426367181,0.6041610782810287
ctrl,GRC,Greece,High income,"L(d_gov, 2)",-0.2980793316946612,0.16361846922494191,-1.821795137839012,0.0884854804904103,-0.6187715313755473,0.022612867986224916
ctrl,GRC,Greece,High income,d_log_gdp,0.029018403715992108,0.04425132577478981,0.6557634874868321,0.5219082587252686,-0.05771419480259592,0.11575100223458014
ctrl,GRC,Greece,High income,"L(d_log_gdp, 1)",-0.10865263840554282,0.04395541433527099,-2.4718829306622427,0.025902368302410817,-0.19480525050267394,-0.022500026308411678
ctrl,GRC,Greece,High income,"L(d_log_gdp, 2)",-0.12161383547698974,0.04775815540295584,-2.5464516887405337,0.022354647875310312,-0.2152198200667832,-0.028007850887196303
ctrl,GRD,Grenada,Upper middle income,(Intercept),3.479324967970933e-4,2.8771225979984556e-4,1.2093071634804213,0.2430949887134207,-2.15983532410604e-4,9.118485260047905e-4
ctrl,GRD,Grenada,Upper middle income,"L(dy, 1)",1.0173818999926998,0.07813831587139551,13.020269104176302,2.8597056230064205e-10,0.8642308008847646,1.170532999100635
ctrl,GRD,Grenada,Upper middle income,dd,-0.0016466845252310072,0.0013036126894722616,-1.2631700646436868,0.2235784403616001,-0.00420176539659664,9.083963461346256e-4
ctrl,GRD,Grenada,Upper middle income,d_inf,0.0109648419413868,0.007164028396091573,1.5305413847003746,0.14427825509871972,-0.0030766537149526825,0.02500633759772628
ctrl,GRD,Grenada,Upper middle income,"L(d_inf, 1)",0.021510044835710004,0.008119974856046567,2.6490285028028717,0.016874666225766298,0.005594894117858733,0.037425195553561275
ctrl,GRD,Grenada,Upper middle income,"L(d_inf, 2)",0.026213319605697945,0.005963076645612399,4.395938734912216,3.94608691575217e-4,0.014525689380297644,0.03790094983109825
ctrl,GRD,Grenada,Upper middle income,d_gov,-0.004088455262673668,0.006037072568673509,-0.6772247999616146,0.5073753988829103,-0.015921117497273745,0.00774420697192641
ctrl,GRD,Grenada,Upper middle income,"L(d_gov, 1)",0.011787345576404526,0.006725830498187249,1.752548711951849,0.097694257420025285,-0.001395282200042482,0.024969973352851532
ctrl,GRD,Grenada,Upper middle income,"L(d_gov, 2)",0.010433044840065688,0.007541145555850938,1.383482756405758,0.18441628244479033,-0.004347600449402151,0.025213690129533527
ctrl,GRD,Grenada,Upper middle income,d_log_gdp,-0.0024515967223339877,0.0020771713302527683,-1.1802573464345167,0.2541497704089888,-0.006522852529629414,0.0016196590849614383
ctrl,GRD,Grenada,Upper middle income,"L(d_log_gdp, 1)",-0.003693842431805611,0.0021389966125654036,-1.726904292464215,0.10230889293934052,-0.007886275792433802,4.985909288225802e-4
ctrl,GTM,Guatemala,Lower middle income,(Intercept),-8.308799464476325e-4,0.0021191605133811025,-0.3920797604528647,0.698608826254195,-0.004984434552674594,0.0033226746597793287
ctrl,GTM,Guatemala,Lower middle income,"L(dy, 1)",-0.2387485083958264,0.23239488245987555,-1.027339784201349,0.3149442808623321,-0.6942424780171825,0.21674546122552968
ctrl,GTM,Guatemala,Lower middle income,dd,-0.0054387478661529366,0.012499195876292672,-0.43512782101996295,0.6675254727366178,-0.029937171783686573,0.019059676051380696
ctrl,GTM,Guatemala,Lower middle income,d_inf,-0.008209553014776895,0.016668953699841803,-0.49250559828808016,0.6270306567987279,-0.04088070226646683,0.02446159623691304
ctrl,GTM,Guatemala,Lower middle income,d_gov,-0.047878404515659834,0.23145371909712362,-0.20685951689360796,0.8379399822041931,-0.501527693946022,0.4057708849147024
ctrl,GTM,Guatemala,Lower middle income,d_log_gdp,-0.01940066964648923,0.06379966032547708,-0.3040873501130847,0.7637954789640728,-0.1444480038844243,0.10564666459144584
ctrl,GUY,Guyana,Lower middle income,(Intercept),-0.001017804266883576,0.0011949290956907526,-0.851769590810084,0.40351899519874634,-0.003359865294437451,0.0013242567606702989
ctrl,GUY,Guyana,Lower middle income,"L(dy, 1)",-0.1690918022102257,0.17947617671159266,-0.9421406523604856,0.3563521783082185,-0.5208651085649473,0.18268150414449588
ctrl,GUY,Guyana,Lower middle income,dd,-0.012824546784537219,0.006362456387131943,-2.015659676736621,0.05621150127476369,-0.02529496130331583,-3.5413226575861136e-4
ctrl,GUY,Guyana,Lower middle income,d_inf,-0.0026198097501069534,0.0016077137494358868,-1.629525001590731,0.11743805587327924,-0.0057709286990012916,5.313091987873848e-4
ctrl,GUY,Guyana,Lower middle income,d_gov,-0.016592626861376476,0.026513043454807487,-0.625828826089289,0.537866369672185,-0.06855819203279914,0.0353729383100462
ctrl,GUY,Guyana,Lower middle income,"L(d_gov, 1)",-0.05071684869082394,0.03983978585894036,-1.2730201128689722,0.21629935047105886,-0.12880282897434706,0.027369131592699165
ctrl,GUY,Guyana,Lower middle income,d_log_gdp,-0.009914073735620641,0.0172955065074019,-0.5732167329923381,0.5723112242323593,-0.043813266490128365,0.02398511901888708
ctrl,HND,Honduras,Lower middle income,(Intercept),-0.0014218873468321072,0.0010157676655498,-1.3998155238210783,0.17551266142560396,-0.003412791971309715,5.690172776455008e-4
ctrl,HND,Honduras,Lower middle income,"L(dy, 1)",-0.32352637768199166,0.19376562303881203,-1.6696789276041397,0.10915203773052738,-0.7033069988380632,0.056254243474079924
ctrl,HND,Honduras,Lower middle income,dd,-0.01236541809210852,0.0051602514701462885,-2.3962820733924373,0.0254990435286436,-0.022479510973595247,-0.0022513252106217945
ctrl,HND,Honduras,Lower middle income,d_inf,-0.007962179214258035,0.01735590933371201,-0.4587589771970258,0.6509073298925769,-0.041979761508333574,0.026055403079817505
ctrl,HND,Honduras,Lower middle income,"L(d_inf, 1)",-0.020567560416853425,0.015357318177822186,-1.3392677144994922,0.1941568634489666,-0.050667904045384904,0.009532783211678057
ctrl,HND,Honduras,Lower middle income,d_gov,0.037160335024382055,0.11235512417753897,0.3307400111601747,0.743970196465504,-0.1830557083635943,0.25737637841235844
ctrl,HND,Honduras,Lower middle income,d_log_gdp,-0.033516630097297086,0.025158300005959516,-1.3322295262143167,0.19642153715924848,-0.08282689810897773,0.01579363791438356
ctrl,HRV,Croatia,Upper middle income,(Intercept),0.003088329591034473,0.0016475702941465492,1.87447516018383,0.07362209816856913,-1.4090818549276343e-4,0.00631756736756171
ctrl,HRV,Croatia,Upper middle income,"L(dy, 1)",-0.0033541794814423427,0.1963221837981541,-0.017085076258579596,0.9865160905220985,-0.3881456597258244,0.3814373007629397
ctrl,HRV,Croatia,Upper middle income,dd,-0.022129418611891546,0.016634399508437963,-1.330340695536751,0.19644718491555416,-0.05473284164842995,0.010474004424646858
ctrl,HRV,Croatia,Upper middle income,d_inf,6.064773797358713e-4,7.82712847769083e-4,0.7748402002911738,0.4463273928651659,-9.276398018915312e-4,0.002140594561363274
ctrl,HRV,Croatia,Upper middle income,d_gov,0.18132933402705328,0.12074631232616198,1.5017380699564837,0.1467703228776619,-0.05533343813222419,0.41799210618633076
ctrl,HRV,Croatia,Upper middle income,d_log_gdp,-0.010621827939361441,0.01905830815366862,-0.5573332036462427,0.5826837415614825,-0.047976111920551935,0.02673245604182905
ctrl,HTI,Haiti,Low income,(Intercept),-7.169434825800543e-4,0.001101881142237981,-0.6506540997007197,0.5220078000528019,-0.002876630521366497,0.0014427435562063885
ctrl,HTI,Haiti,Low income,"L(dy, 1)",-0.21241253858486495,0.19725862988771606,-1.0768225385412786,0.29322655490049254,-0.5990394531647885,0.17421437599505854
ctrl,HTI,Haiti,Low income,dd,-7.128940922025099e-4,0.0034252262969082206,-0.20813050887937054,0.8370418322485003,-0.007426337634142622,0.006000549449737602
ctrl,HTI,Haiti,Low income,d_inf,-0.0045268782419123615,0.0038752596597879767,-1.1681483666464911,0.2552506750588785,-0.012122387175096797,0.0030686306912720727
ctrl,HTI,Haiti,Low income,d_gov,-0.010021896748738324,0.1424761476061513,-0.07034087401381729,0.944557846443094,-0.28927514605679483,0.2692313525593182
ctrl,HTI,Haiti,Low income,"L(d_gov, 1)",-0.13991386348578042,0.09376029811227829,-1.4922506252938004,0.14983567901803113,-0.32368404778584586,0.04385632081428503
ctrl,HTI,Haiti,Low income,d_log_gdp,-0.003701696605620213,0.015019853596003763,-0.2464535743946998,0.807616160882842,-0.03314060965378759,0.025737216442547166
ctrl,HUN,Hungary,Upper middle income,(Intercept),8.731974176091402e-4,0.002162001022335094,0.40388390596875545,0.6903814973614271,-0.003364324586167644,0.005110719421385924
ctrl,HUN,Hungary,Upper middle income,"L(dy, 1)",0.20889945620849867,0.19338770459503332,1.0802106403090517,0.29229872952961045,-0.1701404447977666,0.587939357214764
ctrl,HUN,Hungary,Upper middle income,dd,-0.0034010141349644072,0.02864994370161767,-0.11870927811883884,0.9066339059597013,-0.05955490379013504,0.05275287552020622
ctrl,HUN,Hungary,Upper middle income,d_inf,-0.12025238985382877,0.05084276071402086,-2.3651821452068966,0.027723673373384338,-0.21990420085330964,-0.020600578854347892
ctrl,HUN,Hungary,Upper middle income,"L(d_inf, 1)",0.08250675783509231,0.04147524108540203,1.9893014645822535,0.05985101547073852,0.0012152853077043446,0.16379823036248028
ctrl,HUN,Hungary,Upper middle income,d_gov,0.1930690751933417,0.17025225294877241,1.134017740437389,0.2695671236852503,-0.1406253405862522,0.5267634909729356
ctrl,HUN,Hungary,Upper middle income,"L(d_gov, 1)",-0.28172744160849034,0.15875410517745614,-1.7746151590447,0.09046081369603398,-0.5928854877563043,0.029430604539323668
ctrl,HUN,Hungary,Upper middle income,d_log_gdp,0.0482909175324925,0.051141882825949454,0.9442538065491329,0.35577807538647876,-0.05194717280636843,0.14852900787135342
ctrl,IDN,Indonesia,Lower middle income,(Intercept),0.013296583961896329,0.006067518239710844,2.1914369988824287,0.047234196424602366,0.001404248212063074,0.025188919711729582
ctrl,IDN,Indonesia,Lower middle income,"L(dy, 1)",-0.5175333225889832,0.23006486723664188,-2.24951044809747,0.042445778243443415,-0.9684604623728013,-0.06660618280516512
ctrl,IDN,Indonesia,Lower middle income,"L(dy, 2)",-0.6341551393443353,0.2605725970901037,-2.4336985025522466,0.030121121719299204,-1.1448774296409385,-0.123432849047732
ctrl,IDN,Indonesia,Lower middle income,dd,-0.06030906822229256,0.04067124734537099,-1.4828428474337574,0.161949403272373,-0.1400247130192197,0.019406576574634578
ctrl,IDN,Indonesia,Lower middle income,"L(dd, 1)",0.04893217843053844,0.05223684864554423,0.9367367997746227,0.3659708748905758,-0.05345204491472825,0.15131640177580513
ctrl,IDN,Indonesia,Lower middle income,"L(dd, 2)",-0.0281746473618956,0.0399201870333404,-0.7057744328293051,0.49278280481955017,-0.1064182139472428,0.05006891922345159
ctrl,IDN,Indonesia,Lower middle income,d_inf,0.09916349476503658,0.05478116138597313,1.8101751086720785,0.09343471983705398,-0.00820758155147075,0.2065345710815439
ctrl,IDN,Indonesia,Lower middle income,"L(d_inf, 1)",0.10054740711871168,0.06874203700105243,1.4626771551324893,0.16730883446305764,-0.03418698540335108,0.23528179964077445
ctrl,IDN,Indonesia,Lower middle income,"L(d_inf, 2)",-0.019139149286561942,0.03196739286350195,-0.5987084829934203,0.5596556322187576,-0.08179523929902577,0.04351694072590188
ctrl,IDN,Indonesia,Lower middle income,d_gov,1.2020840354047848,0.3550820101076181,3.385370143197223,0.004877533553991935,0.5061232955938534,1.8980447752157161
ctrl,IDN,Indonesia,Lower middle income,"L(d_gov, 1)",1.6204441237604235,0.910994940899443,1.7787630326031532,0.09865810162890445,-0.1651059604024847,3.4059942079233316
ctrl,IDN,Indonesia,Lower middle income,"L(d_gov, 2)",-0.02449298599128584,0.4973790027411774,-0.04924410933372539,0.9614733075688393,-0.9993558313639935,0.9503698593814219
ctrl,IDN,Indonesia,Lower middle income,d_log_gdp,-0.025849871619169896,0.12906996318150962,-0.20027798088713727,0.8443623012036551,-0.2788269994549288,0.22712725621658897
ctrl,IDN,Indonesia,Lower middle income,"L(d_log_gdp, 1)",0.2371421725149309,0.19700195735257084,1.2037554128993848,0.25014595439709986,-0.14898166389610792,0.6232660089259697
ctrl,IDN,Indonesia,Lower middle income,"L(d_log_gdp, 2)",-0.29783570657298775,0.1376849253161609,-2.1631685959016824,0.04974465047956761,-0.5676981601926631,-0.027973252953312433
ctrl,IND,India,Low income,(Intercept),-0.0047361457160318325,0.007571777827893812,-0.6254998262870654,0.5424684369907644,-0.019576830258703704,0.010104538826640037
ctrl,IND,India,Low income,"L(dy, 1)",0.4773975045788841,0.19562366946507267,2.440387228622763,0.029745268880189607,0.09397511242734163,0.8608198967304266
ctrl,IND,India,Low income,"L(dy, 2)",-0.37915564813724767,0.31220828568300873,-1.2144317288305793,0.24618277680961653,-0.9910838880759448,0.2327725918014495
ctrl,IND,India,Low income,dd,-0.07494825624039268,0.04546897363318456,-1.6483384218220685,0.12322676449876048,-0.1640674445614344,0.014170932080649054
ctrl,IND,India,Low income,"L(dd, 1)",0.04796462043825758,0.037101036188425876,1.2928108043845077,0.2185812041244487,-0.02475341049105713,0.1206826513675723
ctrl,IND,India,Low income,"L(dd, 2)",0.028034861688894606,0.014208450187356527,1.9731118678827895,0.07013074486058003,1.8629932167581187e-4,0.0558834240561134
ctrl,IND,India,Low income,d_inf,0.06890195211559925,0.07798314767320975,0.8835492561076725,0.39298636509339224,-0.08394501732389185,0.22174892155509035
ctrl,IND,India,Low income,"L(d_inf, 1)",-0.17329155678263566,0.11379268032615117,-1.522870858529297,0.15173996802813774,-0.39632521022189193,0.04974209665662063
ctrl,IND,India,Low income,"L(d_inf, 2)",-0.20493692960171667,0.0911309210003123,-2.2488188131119005,0.04250001135108387,-0.3835535347623288,-0.026320324441104576
ctrl,IND,India,Low income,d_gov,0.2963221844827226,0.2945500590808885,1.0060163810775113,0.33276660517987666,-0.28099593131581885,0.873640300281264
ctrl,IND,India,Low income,"L(d_gov, 1)",-0.5553801952433542,0.22366741965664239,-2.483062558221187,0.027451227970884215,-0.9937683377703733,-0.11699205271633517
ctrl,IND,India,Low income,"L(d_gov, 2)",0.4464478766732937,0.24622702871972127,1.8131554403049823,0.0929522323385886,-0.03615709961735997,0.9290528529639475
ctrl,IND,India,Low income,d_log_gdp,0.04605511217663195,0.0632447649069199,0.7282043382470199,0.47940084745879186,-0.07790462704093104,0.17001485139419495
ctrl,IND,India,Low income,"L(d_log_gdp, 1)",0.09281983875013679,0.05288852615447047,1.7550089877535957,0.10277950490720285,-0.010841672512625328,0.1964813500128989
ctrl,IND,India,Low income,"L(d_log_gdp, 2)",0.07507108708543937,0.043588606721281085,1.722263975204964,0.10871148393998036,-0.010362582088271552,0.16050475625915028
ctrl,IRL,Ireland,High income,(Intercept),-0.004077289640640506,0.005339659486507572,-0.7635860771540088,0.4536079132414115,-0.014543022234195346,0.0063884429529143345
ctrl,IRL,Ireland,High income,"L(dy, 1)",-0.28637552126314875,0.1937333959898596,-1.4781938849517622,0.15419887985143904,-0.6660929774032736,0.09334193487697606
ctrl,IRL,Ireland,High income,dd,-0.0663235323930126,0.023043377896432203,-2.8782035642127557,0.008997645188133075,-0.11148855307001972,-0.021158511716005482
ctrl,IRL,Ireland,High income,"L(dd, 1)",0.04890518833264071,0.027799944857501386,1.7591829258411065,0.09310985123839634,-0.005582703588062003,0.10339308025334343
ctrl,IRL,Ireland,High income,d_inf,0.09438814224771189,0.0924886561561227,1.020537503414287,0.3190873547898837,-0.0868896238182886,0.2756659083137124
ctrl,IRL,Ireland,High income,d_gov,0.26542575397718016,0.4573958184780106,0.5802977273827888,0.5678890840345224,-0.6310700502397206,1.161921558194081
ctrl,IRL,Ireland,High income,d_log_gdp,0.023784781564350325,0.06783254440560882,0.3506396785314108,0.729351580775139,-0.10916700547064295,0.1567365685993436
ctrl,IRL,Ireland,High income,"L(d_log_gdp, 1)",0.09638486212340139,0.06255308665392777,1.54084901767752,0.13828798651209062,-0.026219187718297038,0.21898891196509981
ctrl,IRN,Iran,Lower middle income,(Intercept),-0.0016035389968752731,0.004155075338158674,-0.38592296561965184,0.7031004101745639,-0.009747486659666274,0.006540408665915728
ctrl,IRN,Iran,Lower middle income,"L(dy, 1)",-0.5937986954875378,0.19401514430828556,-3.060579098629566,0.005540890380623942,-0.9740683783317775,-0.21352901264329816
ctrl,IRN,Iran,Lower middle income,dd,-0.014123148297806,0.014255322738121926,-0.990728063983956,0.33212744264204097,-0.042063580864524976,0.013817284268912974
ctrl,IRN,Iran,Lower middle income,d_inf,0.027613885596226375,0.030050202633193482,0.9189251045423584,0.3676719428825288,-0.03128451156483285,0.0865122827572856
ctrl,IRN,Iran,Lower middle income,d_gov,-0.18881114542405852,0.2589221156716567,-0.7292198464170322,0.47322839351965895,-0.6962984921405057,0.3186762012923886
ctrl,IRN,Iran,Lower middle income,d_log_gdp,-0.03014010793135837,0.039932894518066496,-0.7547689265981543,0.458047000279417,-0.10840858118676872,0.048128365324051965
ctrl,ISL,Iceland,High income,(Intercept),0.003000036004615702,0.002953317194093049,1.0158190967824574,0.32127698184961373,-0.002788465695806674,0.008788537705038079
ctrl,ISL,Iceland,High income,"L(dy, 1)",0.063614129143808,0.19043904556903882,0.33403931926736274,0.7416627196151394,-0.3096464001715081,0.43687465845912404
ctrl,ISL,Iceland,High income,dd,-0.024993302461761693,0.015451662145782296,-1.6175154637706013,0.120690356932746,-0.05527856026749499,0.005291955343971606
ctrl,ISL,Iceland,High income,d_inf,-0.04324793231269654,0.08317157415643245,-0.519984534996946,0.6085128763671759,-0.20626421765930414,0.11976835303391105
ctrl,ISL,Iceland,High income,"L(d_inf, 1)",0.185487679708062,0.08377294809782006,2.214171566356619,0.038013857237696916,0.021292701436334688,0.34968265797978926
ctrl,ISL,Iceland,High income,d_gov,0.19532952209250332,0.30030495642059646,0.6504372236165551,0.5224630372647493,-0.39326819249186573,0.7839272366768724
ctrl,ISL,Iceland,High income,d_log_gdp,-0.08857490675103445,0.07271492538188766,-1.2181117739700975,0.23669094430263032,-0.23109616049953424,0.05394634699746535
ctrl,ISL,Iceland,High income,"L(d_log_gdp, 1)",-0.1408365628392346,0.07557811277838769,-1.8634569938548162,0.07644308662344751,-0.28896966388487444,0.007296538206405273
ctrl,ISR,Israel,High income,(Intercept),1.0233512671543848e-4,5.533794906152559e-4,0.18492757402638957,0.854906841647662,-9.82288674890463e-4,0.00118695892832134
ctrl,ISR,Israel,High income,"L(dy, 1)",0.7608267372072455,0.13480227154941932,5.644020152348262,9.582077852508681e-6,0.4966142849703836,1.0250391894441073
ctrl,ISR,Israel,High income,dd,0.0016954176702948828,0.011978636072142236,0.14153678766798677,0.8886783250525809,-0.021782709031103898,0.025173544371693665
ctrl,ISR,Israel,High income,d_inf,0.004879226247661687,0.020914523657435995,0.23329368278138699,0.8175971630568809,-0.03611324012091287,0.045871692616236234
ctrl,ISR,Israel,High income,d_gov,-0.007012919734131671,0.052240463272241515,-0.13424306169692898,0.8943781684640923,-0.10940422774772503,0.0953783882794617
ctrl,ISR,Israel,High income,d_log_gdp,-0.008881234974076103,0.017506555531024835,-0.507309102486604,0.6167679517800144,-0.04319408381488478,0.025431613866732577
ctrl,ITA,Italy,High income,(Intercept),3.769691658244836e-4,9.116664883908951e-4,0.41349459547409684,0.6832472059909289,-0.0014098971514216706,0.002163835483070638
ctrl,ITA,Italy,High income,"L(dy, 1)",0.05597127737593221,0.1640958878641686,0.3410888481389783,0.7362727704049998,-0.26565666283783823,0.37759921758970266
ctrl,ITA,Italy,High income,dd,0.001432306739018316,0.02475155199562507,0.05786735067245407,0.9543766823571833,-0.047080735172406823,0.04994534865044345
ctrl,ITA,Italy,High income,d_inf,0.053932306475281994,0.07853726228230164,0.6867097847315163,0.49944056306234474,-0.10000072759802922,0.2078653405485932
ctrl,ITA,Italy,High income,"L(d_inf, 1)",-0.11710894078253935,0.06405853504941157,-1.8281551504761595,0.08111962647347411,-0.242663669479386,0.00844578791430732
ctrl,ITA,Italy,High income,d_gov,-0.04354236133435893,0.09280424847885416,-0.4691850001272328,0.6435538789486459,-0.22543868835291309,0.13835396568419522
ctrl,ITA,Italy,High income,d_log_gdp,0.08840328910187077,0.029031496577021976,3.0450820496743094,0.005939138605802691,0.0315015558109077,0.14530502239283383
ctrl,JAM,Jamaica,Lower middle income,(Intercept),-0.0013291358163152556,0.00112426099242613,-1.1822306610914342,0.24919277547587937,-0.0035326873614704704,8.74415728839959e-4
ctrl,JAM,Jamaica,Lower middle income,"L(dy, 1)",-0.240419174165939,0.21980635084172678,-1.093777196360694,0.28537619092736954,-0.6712396218157235,0.1904012734838455
ctrl,JAM,Jamaica,Lower middle income,dd,-4.837741923238812e-4,0.0067272513228087815,-0.07191260874759386,0.94329314405758,-0.013669186785029094,0.01270163840038133
ctrl,JAM,Jamaica,Lower middle income,d_inf,0.006203153477972846,0.01439668364553671,0.4308737783438035,0.6705713454710709,-0.022014346467279105,0.0344206534232248
ctrl,JAM,Jamaica,Lower middle income,d_gov,0.045606380468286675,0.05690916641701924,0.8013890088301775,0.43110828941896207,-0.06593558570907104,0.1571483466456444
ctrl,JAM,Jamaica,Lower middle income,d_log_gdp,0.00915610304736856,0.04025526053424424,0.22745109399005553,0.8220826970171036,-0.06974420759975014,0.08805641369448727
ctrl,JOR,Jordan,Lower middle income,(Intercept),0.0015668408117524284,0.0015234152471836865,1.0285054023510807,0.32115484513016246,-0.0014190530727275971,0.004552734696232454
ctrl,JOR,Jordan,Lower middle income,"L(dy, 1)",0.5366529811836512,0.1348841090146646,3.97862272363979,0.0013724146194996848,0.2722801275149086,0.8010258348523939
ctrl,JOR,Jordan,Lower middle income,dd,0.015227687688138926,0.020281875052316496,0.7508027560992047,0.46520460177227296,-0.02452478741440141,0.05498016279067926
ctrl,JOR,Jordan,Lower middle income,"L(dd, 1)",0.0027328090767487134,0.02035871766793222,0.13423286875544543,0.895129053977181,-0.037170277552398434,0.04263589570589586
ctrl,JOR,Jordan,Lower middle income,"L(dd, 2)",0.03208883073614964,0.01518799232066529,2.1127763340048906,0.053062831743432154,0.0023203657876456722,0.061857295684653604
ctrl,JOR,Jordan,Lower middle income,d_inf,0.06348712248630435,0.02991355618444684,2.1223528922754307,0.05212875725409315,0.004856552364788547,0.12211769260782016
ctrl,JOR,Jordan,Lower middle income,"L(d_inf, 1)",0.09918382447400016,0.03323676259389645,2.9841602109651357,0.009856082387861955,0.03403976978996312,0.1643278791580372
ctrl,JOR,Jordan,Lower middle income,"L(d_inf, 2)",0.13512126148195708,0.023909854809967608,5.6512790460621005,5.978120617944866e-5,0.08825794605442057,0.1819845769094936
ctrl,JOR,Jordan,Lower middle income,d_gov,-0.24356343422846957,0.09133480500426915,-2.666709960316716,0.018417976578250762,-0.4225796520368371,-0.06454721642010205
ctrl,JOR,Jordan,Lower middle income,"L(d_gov, 1)",0.20939856071371551,0.09986722480933614,2.0967695969673104,0.05465876171595799,0.013658800087416684,0.4051383213400144
ctrl,JOR,Jordan,Lower middle income,"L(d_gov, 2)",-0.16857761063816554,0.0848678435765403,-1.986354354416103,0.06693059712604305,-0.33491858404818453,-0.002236637228146543
ctrl,JOR,Jordan,Lower middle income,d_log_gdp,-0.012656016061090783,0.0233515952318925,-0.5419765089027321,0.5963560546477618,-0.058425142715600085,0.03311311059341852
ctrl,JOR,Jordan,Lower middle income,"L(d_log_gdp, 1)",0.032273391829632576,0.025123821682777915,1.2845733518223308,0.2197904699019052,-0.01696929866861214,0.0815160823278773
ctrl,JOR,Jordan,Lower middle income,"L(d_log_gdp, 2)",-0.04060497061755619,0.02179944100370559,-1.8626610934956511,0.08362654126348343,-0.08333187498481914,0.0021219337497067683
ctrl,JPN,Japan,High income,(Intercept),-0.001220311249882095,0.0032955298932259465,-0.370292878359404,0.7147054322052375,-0.00767954984060495,0.00523892734084076
ctrl,JPN,Japan,High income,"L(dy, 1)",0.1791904932537596,0.15588940871000684,1.1494718899543623,0.2627048130662195,-0.1263527478178538,0.48473373432537303
ctrl,JPN,Japan,High income,dd,-0.1151525250032233,0.05635053373845092,-2.043503714404904,0.05315941282322694,-0.2255995711305871,-0.004705478875859495
ctrl,JPN,Japan,High income,"L(dd, 1)",0.2119728816575305,0.04885662836853981,4.338671921004396,2.6380320501382504e-4,0.11621389005519248,0.3077318732598685
ctrl,JPN,Japan,High income,d_inf,-0.02511317176158586,0.2160497249111325,-0.11623792519021088,0.9085185244523991,-0.44857063258740554,0.39834428906423386
ctrl,JPN,Japan,High income,d_gov,-0.29330664149626634,0.6328816616883419,-0.46344626373564146,0.6475968416924333,-1.5337546984054165,0.9471414154128837
ctrl,JPN,Japan,High income,d_log_gdp,-0.11744077765295499,0.0954343061765022,-1.2305928796270875,0.23147088743384875,-0.30449201775889934,0.06961046245298932
ctrl,KAZ,Kazakhstan,Upper middle income,(Intercept),0.008111526702111944,0.0035873005353395894,2.2611784605730203,0.03351385760134948,0.0010804176528463492,0.015142635751377538
ctrl,KAZ,Kazakhstan,Upper middle income,"L(dy, 1)",-0.01939782601702949,0.2235407397253525,-0.08677535039412558,0.9316011265555375,-0.45753767587872035,0.41874202384466136
ctrl,KAZ,Kazakhstan,Upper middle income,dd,-0.010982441542173264,0.01218964767756314,-0.9009646408721131,0.37694495734039435,-0.034874150990197014,0.01290926790585049
ctrl,KAZ,Kazakhstan,Upper middle income,d_inf,7.063160831404032e-4,8.93123102183802e-4,0.7908384425544123,0.43711764788943996,-0.0010442051971398486,0.002456837363420655
ctrl,KAZ,Kazakhstan,Upper middle income,d_gov,-0.049128139730659444,0.09978749489203019,-0.4923276186441594,0.6271545185016731,-0.2447116297190386,0.14645535025771972
ctrl,KAZ,Kazakhstan,Upper middle income,d_log_gdp,-0.07907205538816549,0.03258710491190988,-2.4264829785252378,0.023491943356660914,-0.14294278101550884,-0.015201329760822127
ctrl,KEN,Kenya,Low income,(Intercept),-0.0026926716322134133,0.002267422943117558,-1.1875471404162323,0.25044718526829046,-0.007136820600723827,0.0017514773362970002
ctrl,KEN,Kenya,Low income,"L(dy, 1)",0.5899293650025431,0.10869838264314376,5.427213824692114,3.718076896326226e-5,0.3768805350219814,0.8029781949831049
ctrl,KEN,Kenya,Low income,dd,-0.10361395754125234,0.01876675839481206,-5.52114304247108,3.048740332474709e-5,-0.14039680399508397,-0.06683111108742071
ctrl,KEN,Kenya,Low income,d_inf,-0.0028980612848827545,0.026692554048311657,-0.10857189910105515,0.9147432040418451,-0.05521546721957361,0.04941934464980809
ctrl,KEN,Kenya,Low income,"L(d_inf, 1)",-0.02200399164498276,0.027693114786318876,-0.7945654295216119,0.43721783420882443,-0.07628249662616775,0.03227451333620224
ctrl,KEN,Kenya,Low income,"L(d_inf, 2)",-0.04674435455108217,0.02247394598306779,-2.0799353431880663,0.05209487554002297,-0.09079328867789503,-0.002695420424269304
ctrl,KEN,Kenya,Low income,d_gov,0.19511097129044608,0.41750796199320295,0.4673227556163887,0.6458765432381341,-0.6232046342162317,1.0134265767971238
ctrl,KEN,Kenya,Low income,"L(d_gov, 1)",0.7748762412894362,0.4295387583984781,1.803972810692423,0.08799757017323215,-0.06701972517158084,1.6167722077504534
ctrl,KEN,Kenya,Low income,d_log_gdp,-0.18799139010330623,0.05085033096428902,-3.6969550942613947,0.0016498094374525535,-0.2876580387933127,-0.08832474141329975
ctrl,KEN,Kenya,Low income,"L(d_log_gdp, 1)",0.20582210489491534,0.059913578623509774,3.435316494584282,0.002951282342283226,0.08839149079283619,0.3232527189969945
ctrl,KGZ,Kyrgyzstan,Low income,(Intercept),0.00613705891253729,0.004105230968296871,1.4949363287794155,0.1485260970904814,-0.001909193785324578,0.014183311610399157
ctrl,KGZ,Kyrgyzstan,Low income,"L(dy, 1)",-0.13429844889987536,0.20014631398592408,-0.6710013600816067,0.5089027927747354,-0.5265852243122866,0.25798832651253584
ctrl,KGZ,Kyrgyzstan,Low income,dd,-0.024460256944969814,0.031069583070980945,-0.7872734207307643,0.4391597747013769,-0.08535663976409247,0.03643612587415283
ctrl,KGZ,Kyrgyzstan,Low income,d_inf,1.5501355334346725e-4,0.0022712734351624806,0.06824962197137573,0.9461767991422124,-0.004296682379574994,0.004606709486261929
ctrl,KGZ,Kyrgyzstan,Low income,d_gov,-0.04114128225101967,0.09269238481208385,-0.44384748902971677,0.6613005048710603,-0.222818356482704,0.14053579198066465
ctrl,KGZ,Kyrgyzstan,Low income,d_log_gdp,-0.08649996825888559,0.0317961346958482,-2.7204554605871754,0.012198603800143143,-0.14882039226274807,-0.024179544255023118
ctrl,KHM,Cambodia,Low income,(Intercept),-0.0020284080207768566,0.004389249091507736,-0.46213098835092203,0.6483291343277378,-0.010631336240132018,0.006574520198578305
ctrl,KHM,Cambodia,Low income,"L(dy, 1)",-0.05927124660022496,0.2059793674034012,-0.287753318924147,0.7761124919861759,-0.4629908067108913,0.34444831351044136
ctrl,KHM,Cambodia,Low income,dd,-0.06917649316486858,0.06369087133236279,-1.0861288551679529,0.28867474439535834,-0.19401060097629963,0.05565761464656248
ctrl,KHM,Cambodia,Low income,d_inf,-0.0035277119507717424,0.013698705414233459,-0.2575215572638214,0.7990662194672422,-0.03037717456266932,0.023321750661125837
ctrl,KHM,Cambodia,Low income,d_gov,0.3409101002082388,0.3285886266373399,1.0374981742277343,0.3102888781958612,-0.30312360800094734,0.9849438084174249
ctrl,KHM,Cambodia,Low income,d_log_gdp,-0.04572193227544241,0.05663877600285325,-0.8072549497386581,0.4277893872586104,-0.15673393324103477,0.06529006869014994
ctrl,KNA,Saint Kitts and Nevis,Upper middle income,(Intercept),-2.947749713796717e-4,2.684388649618261e-4,-1.098108395822605,0.2840305278863299,-8.209151467048508e-4,2.3136520394550738e-4
ctrl,KNA,Saint Kitts and Nevis,Upper middle income,"L(dy, 1)",0.9703196035809442,0.10074103345410451,9.631821019813156,2.378269591572057e-9,0.7728671780108993,1.167772029150989
ctrl,KNA,Saint Kitts and Nevis,Upper middle income,dd,3.236414683455966e-4,5.148672413197486e-4,0.628592076505029,0.5360884639623663,-6.854983246411105e-4,0.0013327812613323038
ctrl,KNA,Saint Kitts and Nevis,Upper middle income,d_inf,-0.006352568822020037,0.004062491584876227,-1.5637124875948716,0.1321566168386403,-0.014315052328377442,0.0016099146843373676
ctrl,KNA,Saint Kitts and Nevis,Upper middle income,d_gov,0.0036235917069786113,0.0050021264922664455,0.7244102508364947,0.4764479420087835,-0.006180576217863621,0.013427759631820845
ctrl,KNA,Saint Kitts and Nevis,Upper middle income,"L(d_gov, 1)",0.007621315005029539,0.005448322972601333,1.398836861059046,0.1758022592763695,-0.0030573980212690727,0.01830002803132815
ctrl,KNA,Saint Kitts and Nevis,Upper middle income,d_log_gdp,-6.340921661051975e-4,0.0016370164904388883,-0.38734623005245095,0.7022218402346565,-0.0038426444873654185,0.0025744601551550236
ctrl,KWT,Kuwait,High income,(Intercept),-0.004573665688557389,0.003351481277249429,-1.3646699206122406,0.1855602803688231,-0.01114256899196627,0.0019952376148514913
ctrl,KWT,Kuwait,High income,"L(dy, 1)",-0.2031345577420465,0.24828613137746,-0.8181470169722397,0.42166896403178156,-0.689775375241868,0.2835062597577751
ctrl,KWT,Kuwait,High income,dd,-1.3998690595629266e-4,0.013644848789794571,-0.010259322628843893,0.9919028592047092,-0.026883890533953653,0.026603916722041064
ctrl,KWT,Kuwait,High income,d_inf,-1.9267209067956852e-5,0.023244805447836827,-8.288823544337244e-4,0.9993457950955578,-0.04557908588682814,0.04554055146869223
ctrl,KWT,Kuwait,High income,d_gov,0.00952722162085433,0.011769816864379546,0.809462180306963,0.4265446716121172,-0.01354161943332958,0.03259606267503824
ctrl,KWT,Kuwait,High income,d_log_gdp,0.032966984893605555,0.03171171638178334,1.0395837455377628,0.3093391215784345,-0.029187979214689797,0.09512194900190091
ctrl,LAO,Lao PDR,Low income,(Intercept),1.7930961015315568e-4,8.29349581148325e-4,0.2162051012371429,0.8309142289888239,-0.0014462155688975613,0.0018048347892038728
ctrl,LAO,Lao PDR,Low income,"L(dy, 1)",0.6988973591268134,0.18484199188601563,3.781052952284751,0.0010952942624613494,0.33660705503022276,1.061187663223404
ctrl,LAO,Lao PDR,Low income,dd,-0.00310928705394006,0.002052639380724833,-1.5147751149751891,0.14473683693927994,-0.007132460240160732,9.138861322806123e-4
ctrl,LAO,Lao PDR,Low income,"L(dd, 1)",-0.0035897361154480405,0.0028454295742816093,-1.2615796742586214,0.22093404500295657,-0.009166778081039995,0.0019873058501439136
ctrl,LAO,Lao PDR,Low income,d_inf,4.556362055771266e-4,0.0033647925421688173,0.13541286717291665,0.8935750485184448,-0.006139357177073756,0.007050629588228008
ctrl,LAO,Lao PDR,Low income,d_gov,0.02400515532553045,0.022644406828336662,1.0600920354200216,0.30114383197682654,-0.02037788205800941,0.06838819270907032
ctrl,LAO,Lao PDR,Low income,"L(d_gov, 1)",0.035327818832350096,0.020800958620177612,1.6983745546265812,0.10420672093719922,-0.005442060063198022,0.0760976977278982
ctrl,LAO,Lao PDR,Low income,d_log_gdp,-0.004430294247138193,0.010702848982476245,-0.41393597670974386,0.6831181155655432,-0.025407878252791633,0.016547289758515247
ctrl,LBN,Lebanon,Upper middle income,(Intercept),7.87557043165298e-4,0.0022124867636554827,0.35596011515300185,0.725114700828462,-0.0035489170135994475,0.005124031099930044
ctrl,LBN,Lebanon,Upper middle income,"L(dy, 1)",0.009594781163108513,0.2090798258361855,0.04589051633621526,0.9637936400622316,-0.4002016774758151,0.41939123980203213
ctrl,LBN,Lebanon,Upper middle income,dd,-0.012094453403232995,0.018983253424393418,-0.637111728577129,0.5303432867832989,-0.04930163011504409,0.025112723308578104
ctrl,LBN,Lebanon,Upper middle income,d_inf,-0.0035339899571867656,0.012357532515275129,-0.2859786088216564,0.777454438375653,-0.02775475368712602,0.02068677377275249
ctrl,LBN,Lebanon,Upper middle income,d_gov,0.0012225467508966234,0.050734622679192216,0.024096892542733474,0.9809831693359193,-0.09821731370032011,0.10066240720211336
ctrl,LBN,Lebanon,Upper middle income,d_log_gdp,7.196783201299932e-4,0.015907363211461616,0.04524183615870722,0.9643050640958375,-0.030458753574334776,0.03189811021459476
ctrl,LCA,Saint Lucia,Upper middle income,(Intercept),-2.566140375457888e-4,2.882946865134724e-4,-0.8901101877706542,0.382623070515564,-8.216716231121947e-4,3.084435480206171e-4
ctrl,LCA,Saint Lucia,Upper middle income,"L(dy, 1)",0.9300664310897806,0.08925602450767244,10.420209013564481,3.4964186623606724e-10,0.7551246230547426,1.1050082391248186
ctrl,LCA,Saint Lucia,Upper middle income,dd,-7.821145457405222e-4,0.0022713155319319662,-0.34434429507698594,0.7337159434977372,-0.005233892988327176,0.0036696638968461317
ctrl,LCA,Saint Lucia,Upper middle income,d_inf,0.005288985101904762,0.0054660372309943495,0.967608685852771,0.3433052636520241,-0.005424447870844163,0.016002418074653687
ctrl,LCA,Saint Lucia,Upper middle income,d_gov,-3.2125876791332504e-4,0.009233724066065778,-0.03479189605567281,0.9725458733454937,-0.01841935793740225,0.0177768404015756
ctrl,LCA,Saint Lucia,Upper middle income,d_log_gdp,-9.50334842598571e-4,0.0017527279896503527,-0.5422032672554918,0.5928935140687046,-0.004385681702313262,0.00248501201711612
ctrl,LKA,Sri Lanka,Lower middle income,(Intercept),0.0011926969798178942,0.0015243152788483867,0.7824476972499884,0.4422926015128681,-0.0017949609667249438,0.004180354926360732
ctrl,LKA,Sri Lanka,Lower middle income,"L(dy, 1)",0.7041388989027001,0.24895357049266995,2.8283944572846864,0.009782953646820624,0.216189900737067,1.1920878970683333
ctrl,LKA,Sri Lanka,Lower middle income,dd,0.01600587815434979,0.01340612822155387,1.1939225024430349,0.2452235734577586,-0.010270133159895795,0.042281889468595374
ctrl,LKA,Sri Lanka,Lower middle income,d_inf,0.028778600047521353,0.0139286192673079,2.0661488045026903,0.05078721981045148,0.0014785062835978718,0.056078693811444834
ctrl,LKA,Sri Lanka,Lower middle income,d_gov,-0.12321144105580797,0.114977493997185,-1.071613554725976,0.2955091727405383,-0.34856732929029055,0.10214444717867463
ctrl,LKA,Sri Lanka,Lower middle income,"L(d_gov, 1)",0.17006956776192228,0.0960474563043612,1.7706826844325285,0.09047010463313622,-0.018183446594625674,0.35832258211847023
ctrl,LKA,Sri Lanka,Lower middle income,d_log_gdp,-0.011545375687386625,0.025815160734477875,-0.44723237659206216,0.6590794865445957,-0.06214309072696326,0.03905233935219001
ctrl,LSO,Lesotho,Lower middle income,(Intercept),-0.0011461660950673497,8.092743467456051e-4,-1.4162886784642468,0.17009261384003183,-0.0027323438146887357,0.00044001162455403623
ctrl,LSO,Lesotho,Lower middle income,"L(dy, 1)",0.7570224221987076,0.11755908486449905,6.439505913739179,1.4303962784374683e-6,0.5266066158642895,0.9874382285331258
ctrl,LSO,Lesotho,Lower middle income,dd,-0.0017592273230245619,0.0038824951235378827,-0.4531177160684968,0.654709783264987,-0.009368917765158812,0.005850463119109688
ctrl,LSO,Lesotho,Lower middle income,d_inf,-0.00709386449555213,0.008362060305171145,-0.8483393131194288,0.4049918139844576,-0.023483502693687573,0.009295773702583315
ctrl,LSO,Lesotho,Lower middle income,d_gov,-0.015599036728936925,0.021651397520817156,-0.7204632732801164,0.4784988158570581,-0.05803577586973856,0.026837702411864704
ctrl,LSO,Lesotho,Lower middle income,d_log_gdp,-0.011332517127043338,0.011073151501149717,-1.0234229275980458,0.3167523159783515,-0.03303589406929679,0.010370859815210107
ctrl,LTU,Lithuania,Upper middle income,(Intercept),0.008309213722960706,0.004175266813344542,1.990103649520956,0.0585950484207097,1.2569076880540424e-4,0.01649273667711601
ctrl,LTU,Lithuania,Upper middle income,"L(dy, 1)",-0.29717228920421923,0.22428863007990543,-1.3249547651985218,0.19819965670308048,-0.7367780041608338,0.14243342575239543
ctrl,LTU,Lithuania,Upper middle income,dd,-0.041286478293591215,0.0267252945219105,-1.5448465220745409,0.13603263594998086,-0.09366805555653579,0.011095098969353366
ctrl,LTU,Lithuania,Upper middle income,d_inf,0.003739364008506451,0.10582280685415656,0.035336087934805846,0.97211663903967,-0.2036733374256404,0.21115206544265328
ctrl,LTU,Lithuania,Upper middle income,d_gov,-0.007994718300056403,0.08606966171781036,-0.09288660069639915,0.9267980205887035,-0.17669125526696472,0.1607018186668519
ctrl,LTU,Lithuania,Upper middle income,d_log_gdp,-0.09776441024873711,0.05115170329591653,-1.9112640234707825,0.06851131337312588,-0.1980217487087335,0.0024929282112592793
ctrl,LUX,Luxembourg,High income,(Intercept),0.006294228381003793,0.00642732624917697,0.9792918761218601,0.33858366127568407,-0.0063033310673830684,0.018891787829390654
ctrl,LUX,Luxembourg,High income,"L(dy, 1)",0.015947343317871385,0.22943044477386812,0.06950840082966954,0.9452425871067269,-0.43373632843891013,0.46563101507465293
ctrl,LUX,Luxembourg,High income,dd,-0.009945185174595892,0.023235141985942603,-0.42802343022533657,0.6729917341622569,-0.05548606346704339,0.035595693117851615
ctrl,LUX,Luxembourg,High income,"L(dd, 1)",-0.03619947007997671,0.0237563314389943,-1.5237819935681607,0.1424817530669559,-0.08276187970040555,0.010362939540452122
ctrl,LUX,Luxembourg,High income,d_inf,-0.08777407766448701,0.16553650445941198,-0.5302400093026515,0.6015079043333191,-0.4122256264049345,0.23667747107596043
ctrl,LUX,Luxembourg,High income,d_gov,-0.5378592708687515,0.6920200874438637,-0.7772307200726777,0.4456904656535954,-1.8942186422587244,0.8185001005212214
ctrl,LUX,Luxembourg,High income,d_log_gdp,-0.06513144232775181,0.12582807571346805,-0.5176224936958203,0.6101317704188834,-0.31175447072614915,0.18149158607064556
ctrl,LUX,Luxembourg,High income,"L(d_log_gdp, 1)",-0.09067838393851117,0.07238365204110522,-1.2527467374403372,0.22406898798973643,-0.23255034193907742,0.05119357406205506
ctrl,LVA,Latvia,High income,(Intercept),0.005576915008951379,0.0030645279882004226,1.8198283815401866,0.08242022741512722,-4.2955984792144956e-4,0.011583389865824207
ctrl,LVA,Latvia,High income,"L(dy, 1)",-0.3313067859658707,0.19967181683010077,-1.6592566303324476,0.11125384913926731,-0.7226635469528682,0.0600499750211268
ctrl,LVA,Latvia,High income,dd,-0.020133623730259242,0.011061834333826025,-1.820098106938065,0.08237781603264663,-0.04181481902455825,0.0015475715640397673
ctrl,LVA,Latvia,High income,d_inf,-0.022436576515311835,0.021501243711073804,-1.0435013349370252,0.3080476601490982,-0.06457901418901649,0.019705861158392818
ctrl,LVA,Latvia,High income,d_gov,0.03927031156680642,0.14714068750607234,0.26688954790418373,0.7920399793757764,-0.24912543594509534,0.3276660590787082
ctrl,LVA,Latvia,High income,"L(d_gov, 1)",0.2517063981981028,0.10957599062868388,2.297094434227394,0.031501562161022005,0.036937456565882404,0.4664753398303232
ctrl,LVA,Latvia,High income,d_log_gdp,-0.01957860825592973,0.05126084891120837,-0.38194077296384366,0.7061697171326982,-0.12004987212189813,0.08089265561003867
ctrl,MAR,Morocco,Lower middle income,(Intercept),-0,0,NA,NA,-0,0
ctrl,MAR,Morocco,Lower middle income,"L(dy, 1)",NA,NA,NA,NA,NA,NA
ctrl,MAR,Morocco,Lower middle income,dd,-0,0,NA,NA,-0,0
ctrl,MAR,Morocco,Lower middle income,"L(dd, 1)",-0,0,NA,NA,-0,0
ctrl,MAR,Morocco,Lower middle income,d_inf,0,0,NA,NA,0,0
ctrl,MAR,Morocco,Lower middle income,"L(d_inf, 1)",0,0,NA,NA,0,0
ctrl,MAR,Morocco,Lower middle income,d_gov,0,0,NA,NA,0,0
ctrl,MAR,Morocco,Lower middle income,"L(d_gov, 1)",0,0,NA,NA,0,0
ctrl,MAR,Morocco,Lower middle income,d_log_gdp,0,0,NA,NA,0,0
ctrl,MAR,Morocco,Lower middle income,"L(d_log_gdp, 1)",-0,0,NA,NA,-0,0
ctrl,MDA,Moldova,Lower middle income,(Intercept),0.002074036499704732,0.0011243987315263156,1.8445738522751,0.08259663487811937,-1.297850140868466e-4,0.004277858013496311
ctrl,MDA,Moldova,Lower middle income,"L(dy, 1)",0.07374782512019344,0.17550075905330287,0.4202137102882549,0.679592749716007,-0.27023366262428017,0.4177293128646671
ctrl,MDA,Moldova,Lower middle income,dd,-0.008935218617012092,0.004817502654518438,-1.8547407770770112,0.08106182941199078,-0.01837752381986823,5.070865858440455e-4
ctrl,MDA,Moldova,Lower middle income,"L(dd, 1)",-0.01833909964787528,0.005068094681462965,-3.618539273733829,0.0021217811591251455,-0.02827256522354269,-0.008405634072207869
ctrl,MDA,Moldova,Lower middle income,d_inf,0.0015627259795255976,0.001345281921889794,1.1616345645456587,0.2614347007543528,-0.0010740265873783984,0.004199478546429594
ctrl,MDA,Moldova,Lower middle income,"L(d_inf, 1)",-0.0029400850893254167,0.0010955626063235027,-2.6836303761697167,0.015702166630943856,-0.005087387797719482,-7.927823809313513e-4
ctrl,MDA,Moldova,Lower middle income,d_gov,0.09302192514740112,0.03340920142744677,2.7843205216806086,0.012717957524969714,0.027539890349605453,0.15850395994519678
ctrl,MDA,Moldova,Lower middle income,"L(d_gov, 1)",-0.07013832232848738,0.03420876488880978,-2.0503026799260655,0.05608234084612059,-0.13718750151055453,-0.003089143146420212
ctrl,MDA,Moldova,Lower middle income,"L(d_gov, 2)",0.08322616185714395,0.023844706596842017,3.490341200850271,0.002802110085528239,0.036490536927333596,0.1299617867869543
ctrl,MDA,Moldova,Lower middle income,d_log_gdp,-0.03840622733735099,0.008901432755996048,-4.314611859700942,4.6996342547534164e-4,-0.055853035539103243,-0.020959419135598734
ctrl,MDA,Moldova,Lower middle income,"L(d_log_gdp, 1)",-0.01592367049903862,0.008899784873157873,-1.7892197087892632,0.09141076297328025,-0.03336724885042805,0.0015199078523508124
ctrl,MDG,Madagascar,Low income,(Intercept),-0.0017435769656722504,0.0027342468550165555,-0.6376808891535484,0.5299792021375077,-0.007102700801504699,0.003615546870160198
ctrl,MDG,Madagascar,Low income,"L(dy, 1)",0.5322560090051763,0.18455292554818578,2.8840291066868358,0.008376647682784651,0.1705322749307322,0.8939797430796205
ctrl,MDG,Madagascar,Low income,dd,-0.010882591819912723,0.014912529623097746,-0.7297616229413469,0.4729034301730324,-0.040111149881184305,0.01834596624135886
ctrl,MDG,Madagascar,Low income,d_inf,-0.008567143512084157,0.027813373035076378,-0.30802245744447626,0.7608374942235157,-0.06308135466083385,0.04594706763666554
ctrl,MDG,Madagascar,Low income,d_gov,0.07943875748031076,0.1446364852230258,0.5492304196815776,0.588140673412834,-0.20404875355681978,0.3629262685174413
ctrl,MDG,Madagascar,Low income,d_log_gdp,0.04255978235193613,0.058738606194312724,0.7245623468004067,0.4760274096767094,-0.07256788578891682,0.15768745049278907
ctrl,MDV,Maldives,Lower middle income,(Intercept),4.692613499976969e-6,0.0010663626227304956,0.004400579502647239,0.996530393355353,-0.002085378127051794,0.0020947633540517483
ctrl,MDV,Maldives,Lower middle income,"L(dy, 1)",0.8703303164926184,0.09746495143697183,8.929674756524548,1.3530036911276842e-8,0.6792990116761536,1.061361621309083
ctrl,MDV,Maldives,Lower middle income,dd,0.0010345045325717084,0.008829481595275383,0.11716480989385235,0.9078427983961248,-0.01627127939416804,0.018340288459311457
ctrl,MDV,Maldives,Lower middle income,d_inf,0.0073723354218340285,0.005493458502903754,1.342020772148753,0.1939201984217705,-0.0033948432438573282,0.018139514087525385
ctrl,MDV,Maldives,Lower middle income,"L(d_inf, 1)",0.016883552151056386,0.006307277439795787,2.6768367670858364,0.014115566254007643,0.004521288369056645,0.029245815933056127
ctrl,MDV,Maldives,Lower middle income,d_gov,-0.006818415536990321,0.037378917221402914,-0.18241340423542665,0.8570077684181976,-0.08008109329094003,0.06644426221695938
ctrl,MDV,Maldives,Lower middle income,d_log_gdp,-0.003660327810457402,0.011422610498588708,-0.3204458219869831,0.7517971831086314,-0.026048644387691267,0.018727988766776466
ctrl,MDV,Maldives,Lower middle income,"L(d_log_gdp, 1)",-0.0138883904654671,0.006254089237965289,-2.2206895260077166,0.037505854120575215,-0.026146405371879067,-0.0016303755590551337
ctrl,MEX,Mexico,Upper middle income,(Intercept),0.001691133232620286,0.002973654826421145,0.568705290740015,0.5750677997463136,-0.004137230227165159,0.0075194966924057305
ctrl,MEX,Mexico,Upper middle income,"L(dy, 1)",0.2576880709491181,0.22713772270888133,1.1345014288066657,0.2682703084597397,-0.1875018655602893,0.7028780074585255
ctrl,MEX,Mexico,Upper middle income,dd,0.00833353426677849,0.01987871850686259,0.419218887973164,0.6789456856483446,-0.030628754006672185,0.04729582254022917
ctrl,MEX,Mexico,Upper middle income,d_inf,0.019207693925921893,0.02531723071861154,0.7586806842899163,0.45574857803935553,-0.030414078282556725,0.06882946613440051
ctrl,MEX,Mexico,Upper middle income,d_gov,-0.2049110502796779,0.38827065544203065,-0.5277531211994243,0.602725488050011,-0.965921534946058,0.5560994343867022
ctrl,MEX,Mexico,Upper middle income,d_log_gdp,0.09332184384663537,0.08395230508736645,1.1116054973060996,0.2777929782084623,-0.07122467412460286,0.2578683618178736
ctrl,MKD,North Macedonia,Lower middle income,(Intercept),0.006532951299960159,0.002129054662555177,3.068475138219167,0.005624187795370549,0.0023600041613520122,0.010705898438568305
ctrl,MKD,North Macedonia,Lower middle income,"L(dy, 1)",-0.15595018460447252,0.11612956804567272,-1.3428981716623514,0.19299672988075625,-0.383564137973991,0.07166376876504602
ctrl,MKD,North Macedonia,Lower middle income,dd,-0.007173757011820463,0.006542980412259949,-1.096405087562022,0.2847586325056582,-0.019997998619849962,0.005650484596209037
ctrl,MKD,North Macedonia,Lower middle income,"L(dd, 1)",-0.048720142508672876,0.006870690087598024,-7.091011512310158,4.1141439347257864e-7,-0.062186695080365006,-0.035253589936980745
ctrl,MKD,North Macedonia,Lower middle income,d_inf,-5.475157231195474e-4,5.237422919461767e-4,-1.0453914674047629,0.3071929937311018,-0.0015740506153340537,4.7901916909495886e-4
ctrl,MKD,North Macedonia,Lower middle income,d_gov,0.3070418325364652,0.06943723413625197,4.421861503497935,2.1527762627951283e-4,0.17094485362941136,0.4431388114435191
ctrl,MKD,North Macedonia,Lower middle income,d_log_gdp,-0.13671181542354138,0.04235600403106593,-3.227684446419222,0.003870925624573548,-0.2197295833244306,-0.053694047522652166
ctrl,MLI,Mali,Low income,(Intercept),5.216406800555527e-5,0.0014648646584128643,0.03561016214431266,0.9719143425657795,-0.002818970662483659,0.0029232987984947694
ctrl,MLI,Mali,Low income,"L(dy, 1)",0.5958071122902934,0.13610015790705038,4.377710661417454,2.398002839422864e-4,0.3290508027924746,0.8625634217881122
ctrl,MLI,Mali,Low income,dd,-0.003599948794336932,0.005126170665903499,-0.7022686190067441,0.4898758814938007,-0.01364724329950779,0.006447345710833927
ctrl,MLI,Mali,Low income,"L(dd, 1)",0.011594101081864594,0.005204733464292369,2.227607073716102,0.03645085474124054,0.0013928234918515504,0.021795378671877638
ctrl,MLI,Mali,Low income,d_inf,-0.006909448613842077,0.01281574086129363,-0.539137665830162,0.5952064646073849,-0.03202830070197759,0.018209403474293437
ctrl,MLI,Mali,Low income,d_gov,-0.032353096163949976,0.04077246578319163,-0.7935035456523083,0.43595982822715473,-0.11226712909900557,0.04756093677110562
ctrl,MLI,Mali,Low income,d_log_gdp,-0.04729684030569663,0.01827284843042048,-2.5883671331152325,0.01677186304597688,-0.08311162322932077,-0.011482057382072489
ctrl,MLT,Malta,High income,(Intercept),0.0011951107370130442,0.0017963935623610456,0.665283355526102,0.5127842060032675,-0.002325820645214605,0.004716042119240694
ctrl,MLT,Malta,High income,"L(dy, 1)",-0.5382975772261427,0.2005874526635544,-2.6836054303407995,0.013568219316732204,-0.9314489844467093,-0.14514617000557606
ctrl,MLT,Malta,High income,dd,-0.015775118172082277,0.015687701130546843,-1.0055723296108197,0.3255540680626937,-0.04652301238795409,0.014972776043789535
ctrl,MLT,Malta,High income,d_inf,0.0264927608556603,0.03708325650658127,0.7144130087647117,0.48248399573390444,-0.046190421897239,0.0991759436085596
ctrl,MLT,Malta,High income,d_gov,0.09590217414686526,0.11172714980851516,0.858360517664939,0.39994897568956234,-0.12308303947782444,0.31488738777155495
ctrl,MLT,Malta,High income,"L(d_gov, 1)",0.23025821062100435,0.09642390667599471,2.387978443921817,0.025957824632724547,0.041267353536054735,0.41924906770595394
ctrl,MLT,Malta,High income,d_log_gdp,-0.0021218116377325026,0.03171069951989913,-0.06691153679536527,0.9472565024309729,-0.0642747826967348,0.0600311594212698
ctrl,MMR,Myanmar,Low income,(Intercept),-0.003042014405342301,0.0022792534598782325,-1.3346538499956115,0.1950525169022426,-0.007509351186703636,0.0014253223760190346
ctrl,MMR,Myanmar,Low income,"L(dy, 1)",0.4696517328243235,0.18729545705802966,2.5075447114492024,0.019663958918560813,0.10255263699058537,0.8367508286580616
ctrl,MMR,Myanmar,Low income,dd,-0.0017760241782212235,0.009039333949199459,-0.19647732766621723,0.8459623156081214,-0.019493118718652162,0.015941070362209715
ctrl,MMR,Myanmar,Low income,d_inf,-0.00644795981114622,0.019170153941772544,-0.33635409661973836,0.7396533378907213,-0.04402146153702041,0.03112554191472797
ctrl,MMR,Myanmar,Low income,d_gov,-0.01297664523862774,0.07369951977220413,-0.17607503113638875,0.8617761083631208,-0.1574277039921478,0.13147441351489234
ctrl,MMR,Myanmar,Low income,d_log_gdp,0.02165052133307538,0.017184076638266085,1.259917642875455,0.22033368381090124,-0.012030268877926145,0.0553313115440769
ctrl,MRT,Mauritania,Low income,(Intercept),-0.004661296093468768,0.004708742909122517,-0.9899236767499394,0.3340374952151671,-0.013890432195348901,0.0045678400084113654
ctrl,MRT,Mauritania,Low income,"L(dy, 1)",0.4005306735470889,0.17712390809083361,2.2613021464142866,0.03503986752075787,0.05336781368905502,0.7476935334051227
ctrl,MRT,Mauritania,Low income,dd,-0.014830355694392169,0.012692036326910834,-1.1684772492296978,0.2563543428511961,-0.0397067468951374,0.010046035506353065
ctrl,MRT,Mauritania,Low income,"L(dd, 1)",-0.015414907364247771,0.012733054469690152,-1.2106213321353112,0.24015356413739608,-0.04037169412484047,0.009541879396344927
ctrl,MRT,Mauritania,Low income,d_inf,-0.005224591998886017,0.034079824762569884,-0.15330454411914182,0.879694351966157,-0.072021048533523,0.06157186453575096
ctrl,MRT,Mauritania,Low income,d_gov,0.4415287261122435,0.2883754962203387,1.531089610245127,0.14141221480003563,-0.12368724647962037,1.0067446987041073
ctrl,MRT,Mauritania,Low income,"L(d_gov, 1)",-0.4648319140215268,0.2482218282393291,-1.872647209629557,0.07581089240903684,-0.9513466973706117,0.021682869327558196
ctrl,MRT,Mauritania,Low income,d_log_gdp,0.10334612615627588,0.09423123064505444,1.0967290297370198,0.2857901093577575,-0.08134708590803082,0.2880393382205826
ctrl,MRT,Mauritania,Low income,"L(d_log_gdp, 1)",-0.13021007270222873,0.08562003312492282,-1.5207897959143204,0.1439657208322064,-0.29802533762707745,0.03760519222261999
ctrl,MUS,Mauritius,Upper middle income,(Intercept),0.001442053743104559,6.849292884397657e-4,2.10540528408339,0.047467503444075826,9.959233776261835e-5,0.0027845151484464994
ctrl,MUS,Mauritius,Upper middle income,"L(dy, 1)",0.779460597211456,0.10465647799540535,7.4478007682016205,2.5418012571949556e-7,0.5743339003404615,0.9845872940824505
ctrl,MUS,Mauritius,Upper middle income,dd,-0.0067865199102589025,0.003834223924802701,-1.7699852808174523,0.09124865195978503,-0.014301598802872196,7.285589823543912e-4
ctrl,MUS,Mauritius,Upper middle income,d_inf,-0.048603815852644026,0.016195952419251303,-3.000985344639019,0.0068064807827033155,-0.08034788259437659,-0.016859749110911475
ctrl,MUS,Mauritius,Upper middle income,d_gov,-0.24041514256079174,0.052654863923522664,-4.565867702364157,1.680231548360921e-4,-0.34361867585089617,-0.13721160927068732
ctrl,MUS,Mauritius,Upper middle income,"L(d_gov, 1)",0.06653120360165934,0.05376741036257812,1.237389027163651,0.2296007073896184,-0.03885292070899378,0.17191532791231245
ctrl,MUS,Mauritius,Upper middle income,d_log_gdp,-0.018826580038462618,0.011658895578251496,-1.614782456202946,0.12128379753337037,-0.04167801537183555,0.004024855294910316
ctrl,MUS,Mauritius,Upper middle income,"L(d_log_gdp, 1)",-0.01921692925879575,0.012401991511019776,-1.5495035004435027,0.13620065702144615,-0.04352483262039451,0.005090974102803011
ctrl,MWI,Malawi,Low income,(Intercept),-0.0029038412879889013,0.003161001024168753,-0.9186461079216268,0.36781482177393254,-0.009099403295359658,0.0032917207193818546
ctrl,MWI,Malawi,Low income,"L(dy, 1)",0.8192858899335765,0.14980173913418712,5.46913470209908,1.4680428382585828e-5,0.5256744812305698,1.1128972986365833
ctrl,MWI,Malawi,Low income,dd,-0.012541237823663308,0.010334657059005764,-1.213512722488909,0.23724922508766455,-0.032797165659314606,0.00771469001198799
ctrl,MWI,Malawi,Low income,d_inf,0.005034752545719383,0.010791069129864005,0.46656661032648145,0.6451991235139134,-0.016115742948814068,0.026185248040252834
ctrl,MWI,Malawi,Low income,d_gov,0.10636046026015288,0.24315094488247757,0.4374256506038264,0.6658826605391438,-0.37021539170950313,0.5829363122298089
ctrl,MWI,Malawi,Low income,d_log_gdp,0.02512760610064987,0.02643115032290186,0.9506815175909124,0.3516500275666862,-0.02667744853223777,0.07693266073353751
ctrl,MYS,Malaysia,Upper middle income,(Intercept),-0.0056189487926338886,0.002567188669849375,-2.1887556838444486,0.039517413336692966,-0.010650638585538663,-5.87258999729114e-4
ctrl,MYS,Malaysia,Upper middle income,"L(dy, 1)",-0.05673116603503669,0.199574802416524,-0.28426016384891867,0.7788693586640636,-0.4478977787714237,0.33443544670135034
ctrl,MYS,Malaysia,Upper middle income,dd,-0.036663466229772367,0.026674652175917375,-1.3744683899898487,0.1831366977951133,-0.08894578449457041,0.015618852035025686
ctrl,MYS,Malaysia,Upper middle income,d_inf,0.013716681530002918,0.04189754676774036,0.32738626932124537,0.7464706241089183,-0.0684025101347682,0.09583587319477402
ctrl,MYS,Malaysia,Upper middle income,d_gov,0.30624910732717797,0.22528016321000333,1.3594144418374574,0.18778748668757422,-0.13530001256442853,0.7477982272187844
ctrl,MYS,Malaysia,Upper middle income,d_log_gdp,0.011854130457930576,0.036368318879834174,0.3259466157096296,0.7475448555715027,-0.05942777454654441,0.08313603546240556
ctrl,MYS,Malaysia,Upper middle income,"L(d_log_gdp, 1)",0.04132167619694302,0.03130538299970639,1.3199543413134596,0.2004207529426283,-0.020036874482481495,0.10268022687636753
ctrl,NAM,Namibia,Lower middle income,(Intercept),-9.202396707698569e-4,6.113046908583885e-4,-1.5053698826973905,0.14583977352968827,-0.0021183968648522985,2.779175233125847e-4
ctrl,NAM,Namibia,Lower middle income,"L(dy, 1)",0.664925971988591,0.13540350986881472,4.910699675605179,5.82125592778314e-5,0.3995350926457142,0.9303168513314679
ctrl,NAM,Namibia,Lower middle income,dd,-5.614219698686165e-4,0.002293223329784619,-0.24481783460721449,0.8087685059983685,-0.00505613969624647,0.003933295756509237
ctrl,NAM,Namibia,Lower middle income,d_inf,0.0050369032332695605,0.007550171566857647,0.6671243413036639,0.511330867036274,-0.009761433037771428,0.01983523950431055
ctrl,NAM,Namibia,Lower middle income,d_gov,-0.024080335512809834,0.03349165881619338,-0.7189950084277963,0.47938587487370676,-0.08972398679254885,0.04156331576692919
ctrl,NAM,Namibia,Lower middle income,d_log_gdp,-0.016964148754065135,0.008122581168750639,-2.088516987596253,0.04801357762004708,-0.03288440784481639,-0.0010438896633138822
ctrl,NER,Niger,Low income,(Intercept),3.7804994729195065e-4,0.001324559743397259,0.2854155497148963,0.7781219318298278,-0.002218087149766677,0.0029741870443505784
ctrl,NER,Niger,Low income,"L(dy, 1)",0.4789083703603967,0.13239986431165485,3.6171364136227404,0.0016165969025061539,0.2194046363095532,0.7384121044112402
ctrl,NER,Niger,Low income,dd,0.021975636676501674,0.0057495202741710445,3.8221687425339295,9.93134874421268e-4,0.010706576939126427,0.03324469641387692
ctrl,NER,Niger,Low income,"L(dd, 1)",0.012644576910423491,0.007384689664703816,1.7122692333111926,0.10157621970711592,-0.0018294148323959886,0.02711856865324297
ctrl,NER,Niger,Low income,d_inf,-0.001564194693213753,0.013558326546503411,-0.11536782860692693,0.9092496269574681,-0.028138514724360436,0.025010125337932933
ctrl,NER,Niger,Low income,d_gov,0.04486468190131026,0.09921171185007359,0.4522115490669964,0.6557531251722273,-0.14959027332483396,0.2393196371274545
ctrl,NER,Niger,Low income,d_log_gdp,-0.04881399408298307,0.033073425335283485,-1.4759279871416036,0.1548011960741793,-0.11363790774013871,0.01600991957417256
ctrl,NER,Niger,Low income,"L(d_log_gdp, 1)",-0.07195942533113153,0.03255753480023067,-2.2102234021299947,0.03832461585998257,-0.13577219353958364,-0.00814665712267941
ctrl,NGA,Nigeria,Low income,(Intercept),-2.191122920236109e-4,3.002918970766492e-4,-0.7296643504426052,0.47296176560894343,-8.076844102938433e-4,3.6945982624662146e-4
ctrl,NGA,Nigeria,Low income,"L(dy, 1)",0.7148707224601479,0.10449420359944624,6.841247627480232,5.627512858598627e-7,0.5100620834052333,0.9196793615150626
ctrl,NGA,Nigeria,Low income,dd,0.001498254568135279,0.0010141981467404154,1.4772799308996942,0.15316372938867662,-4.895737994759352e-4,0.003486082935746493
ctrl,NGA,Nigeria,Low income,d_inf,-5.919152295585252e-4,0.001932048984670723,-0.3063665746856852,0.7620817550696549,-0.004378731239513142,0.003194900780396092
ctrl,NGA,Nigeria,Low income,d_gov,-0.03318146935327619,0.021073559370592264,-1.5745545766502207,0.12901567608198805,-0.07448564571963703,0.008122707013084644
ctrl,NGA,Nigeria,Low income,d_log_gdp,-0.0013478434159345497,0.0019871220378156816,-0.6782891992965612,0.5043561007580007,-0.0052426026100532855,0.0025469157781841858
ctrl,NLD,Netherlands,High income,(Intercept),0.0011797870662070466,0.0011294365702221208,1.0445801891955948,0.3075596257769594,-0.00103390861142831,0.0033934827438424032
ctrl,NLD,Netherlands,High income,"L(dy, 1)",-0.5927986618091272,0.21034776486982557,-2.8181837928060833,0.0100130299214501,-1.0050802809539854,-0.1805170426642691
ctrl,NLD,Netherlands,High income,dd,-0.03798857103555533,0.016376532431491113,-2.319695649520135,0.030029543157615125,-0.0700865746012779,-0.005890567469832748
ctrl,NLD,Netherlands,High income,"L(dd, 1)",-0.036930882750257216,0.020937384395594685,-1.7638727957837765,0.09163727169845565,-0.0779681561656228,0.004106390665108366
ctrl,NLD,Netherlands,High income,d_inf,-0.041438089159303595,0.10231581366254089,-0.40500180447154677,0.6893873435042361,-0.24197708393788375,0.15910090561927653
ctrl,NLD,Netherlands,High income,d_gov,-0.28956227073966473,0.10345375727261527,-2.7989536424146224,0.010460388087281395,-0.4923316349939907,-0.0867929064853388
ctrl,NLD,Netherlands,High income,d_log_gdp,-0.0331696181988753,0.03308574957700983,-1.0025348865580408,0.32698540457987335,-0.09801768736981457,0.03167845097206397
ctrl,NOR,Norway,High income,(Intercept),0.005092642518518803,0.003972862792977513,1.2818571352427846,0.2138649907566189,-0.0026941685557171227,0.01287945359275473
ctrl,NOR,Norway,High income,"L(dy, 1)",-0.3301234432156252,0.1816544692870477,-1.817315282752383,0.08346754035191213,-0.6861662030182387,0.025919316586988317
ctrl,NOR,Norway,High income,dd,0.004734829800043357,0.01547954457387308,0.30587655712009576,0.7627102836880418,-0.02560507756474788,0.0350747371648346
ctrl,NOR,Norway,High income,d_inf,-0.01611548118219319,0.09214613979013059,-0.17489046441768855,0.8628409204304637,-0.19672191517084914,0.16449095280646275
ctrl,NOR,Norway,High income,d_gov,-0.523461486368623,0.3795235169954947,-1.3792596846504166,0.18232775176164867,-1.2673275796797925,0.2204046069425466
ctrl,NOR,Norway,High income,"L(d_gov, 1)",-0.5673649785640725,0.37517317499672964,-1.5122749076317041,0.14536799830572575,-1.3027044015576625,0.1679744444295176
ctrl,NOR,Norway,High income,d_log_gdp,0.07337488653946593,0.08375182117768515,0.8760989971047454,0.3908878038879905,-0.09077868296879694,0.23752845604772882
ctrl,NOR,Norway,High income,"L(d_log_gdp, 1)",-0.11502836358394329,0.08017654021316267,-1.4346885420363769,0.1661016328616497,-0.27217438240174213,0.042117655233855536
ctrl,NPL,Nepal,Low income,(Intercept),-0.001188049320568784,7.960136636197443e-4,-1.4924986528074413,0.15044038436865526,-0.0027482361012634827,3.721374601259146e-4
ctrl,NPL,Nepal,Low income,"L(dy, 1)",0.5582739756017273,0.11990363633532398,4.656022057917005,1.355367206049606e-4,0.3232628483844923,0.7932851028189623
ctrl,NPL,Nepal,Low income,dd,0.004374867958939427,0.006203922665997527,0.705177706826878,0.4884482904877341,-0.007784820466415725,0.01653455638429458
ctrl,NPL,Nepal,Low income,"L(dd, 1)",0.009250890063799071,0.006353018036039286,1.456141004373164,0.160142708891299,-0.00320102528683793,0.021702805414436074
ctrl,NPL,Nepal,Low income,d_inf,-0.00638315791086087,0.00882973218309152,-0.7229163669408102,0.4777062136070266,-0.023689432989720247,0.010923117167998507
ctrl,NPL,Nepal,Low income,d_gov,-0.03814823276064881,0.052480247460795625,-0.7269064954228108,0.4753091151808627,-0.1410095177838082,0.0647130522625106
ctrl,NPL,Nepal,Low income,"L(d_gov, 1)",-0.06901639867463545,0.043740643409367154,-1.5778551318670233,0.12954469112190542,-0.15474805975699507,0.01671526240772417
ctrl,NPL,Nepal,Low income,d_log_gdp,0.007158360402890741,0.008432691996254463,0.84888199474975,0.40552009421977364,-0.009369715909768008,0.02368643671554949
ctrl,NZL,New Zealand,High income,(Intercept),0.009532216523257794,0.00728099385279875,1.3091916730013025,0.20788980219474182,-0.004738531428227756,0.023802964474743345
ctrl,NZL,New Zealand,High income,"L(dy, 1)",-0.06410995371180882,0.19544465720525958,-0.32802100926442496,0.7469012092476075,-0.4471814818341176,0.31896157441049994
ctrl,NZL,New Zealand,High income,dd,0.14781453599356656,0.05180476151773065,2.8533001921642995,0.010997309469127085,0.046277203418814486,0.24935186856831865
ctrl,NZL,New Zealand,High income,"L(dd, 1)",0.04066508044565027,0.08058502606641169,0.5046232833893656,0.6203015903638588,-0.11728157064451662,0.19861173153581718
ctrl,NZL,New Zealand,High income,"L(dd, 2)",-0.18465465118144075,0.06544792870487458,-2.8213979393313884,0.011763144388124206,-0.3129325914429949,-0.05637671091988658
ctrl,NZL,New Zealand,High income,d_inf,0.5917276520224556,0.27699055927548205,2.136273718390346,0.047494386515699184,0.04882615584251082,1.1346291482024005
ctrl,NZL,New Zealand,High income,"L(d_inf, 1)",0.5814823036247858,0.2645421878843653,2.198070214339344,0.04208409470189482,0.06297961537142982,1.099984991878142
ctrl,NZL,New Zealand,High income,d_gov,-0.895647665040403,0.7254488924630963,-1.2346116650608365,0.23376896164389963,-2.317527494268072,0.5262321641872656
ctrl,NZL,New Zealand,High income,"L(d_gov, 1)",-1.3092012389661518,0.7187680159398024,-1.8214517200718052,0.08618302262590362,-2.7179865502081646,0.09958407227586097
ctrl,NZL,New Zealand,High income,d_log_gdp,-0.1333010100378253,0.2220627176985409,-0.600285412244602,0.5562345033722715,-0.5685439367269655,0.30194191665131487
ctrl,NZL,New Zealand,High income,"L(d_log_gdp, 1)",-0.24043004472958146,0.17299248298989847,-1.3898294340547783,0.18251400973509518,-0.5794953113897825,0.09863522193061952
ctrl,OMN,Oman,Upper middle income,(Intercept),-0,0,NA,NA,-0,0
ctrl,OMN,Oman,Upper middle income,"L(dy, 1)",NA,NA,NA,NA,NA,NA
ctrl,OMN,Oman,Upper middle income,dd,0,0,NA,NA,0,0
ctrl,OMN,Oman,Upper middle income,"L(dd, 1)",0,0,NA,NA,0,0
ctrl,OMN,Oman,Upper middle income,d_inf,-0,0,NA,NA,-0,0
ctrl,OMN,Oman,Upper middle income,"L(d_inf, 1)",-0,0,NA,NA,-0,0
ctrl,OMN,Oman,Upper middle income,d_gov,0,0,NA,NA,0,0
ctrl,OMN,Oman,Upper middle income,"L(d_gov, 1)",0,0,NA,NA,0,0
ctrl,OMN,Oman,Upper middle income,d_log_gdp,0,0,NA,NA,0,0
ctrl,OMN,Oman,Upper middle income,"L(d_log_gdp, 1)",0,0,NA,NA,0,0
ctrl,PAK,Pakistan,Low income,(Intercept),-0.001379000419008355,0.002949020451930454,-0.4676130401556386,0.64466021645424465,-0.007159080504792045,0.004401079666775335
ctrl,PAK,Pakistan,Low income,"L(dy, 1)",0.23081028125888278,0.22552220148063282,1.0234481560730246,0.3172187782091803,-0.21121323364315756,0.6728337961609231
ctrl,PAK,Pakistan,Low income,dd,-0.012181206720627023,0.02743210169244698,-0.4440493425256198,0.6613439497914733,-0.0659481260378231,0.041585712596569055
ctrl,PAK,Pakistan,Low income,d_inf,-0.005082875860375395,0.011460441610368154,-0.44351483417331533,0.66172453385444,-0.027545341416696976,0.017379589695946183
ctrl,PAK,Pakistan,Low income,"L(d_inf, 1)",-0.015835330686356616,0.012030085510875874,-1.3163107337882667,0.20161998315322927,-0.03941429828767333,0.0077436369149600955
ctrl,PAK,Pakistan,Low income,d_gov,-0.17667219575730156,0.13593778874757165,-1.299654771384955,0.20717334160864614,-0.443110261702542,0.08976587018793888
ctrl,PAK,Pakistan,Low income,d_log_gdp,0.032544284779441164,0.08726953713473631,0.37291689457680655,0.7127791404136754,-0.13850400800464202,0.20359257756352434
ctrl,PAN,Panama,Upper middle income,(Intercept),0.0015223334468402621,0.0015598399622357476,0.9759548951792935,0.3407446267976778,-0.0015349528791418032,0.004579619772822327
ctrl,PAN,Panama,Upper middle income,"L(dy, 1)",-0.36477564979197175,0.22388656995334114,-1.6292877677655808,0.11890213466469846,-0.8035933269005204,0.07404202731657689
ctrl,PAN,Panama,Upper middle income,dd,0.0064589387150505405,0.013069132711853063,0.4942132624602243,0.6265400373739136,-0.019156561400181463,0.03207443883028255
ctrl,PAN,Panama,Upper middle income,d_inf,0.0929714080122535,0.049037422948091686,1.895927689974,0.07251226601279352,-0.0031419409660062014,0.1890847569905132
ctrl,PAN,Panama,Upper middle income,"L(d_inf, 1)",-0.05740393998667356,0.04280981814772042,-1.3409059526624096,0.19498278015684992,-0.1413111835562056,0.026503303582858462
ctrl,PAN,Panama,Upper middle income,d_gov,0.18969562194249479,0.11125955298511596,1.7049827799314619,0.10368312153770949,-0.028373101908332476,0.40776434579332205
ctrl,PAN,Panama,Upper middle income,"L(d_gov, 1)",-0.17743442730204292,0.10160816491078911,-1.7462615081950201,0.09610820880636788,-0.37658643052718954,0.02171757592310372
ctrl,PAN,Panama,Upper middle income,d_log_gdp,-0.019156723594041383,0.017582165758095476,-1.089554259561051,0.28886404544879773,-0.05361776847990851,0.01530432129182575
ctrl,PAN,Panama,Upper middle income,"L(d_log_gdp, 1)",-0.029106165649583328,0.02076746438487828,-1.4015271729935805,0.17638462853787137,-0.06981039584394476,0.011598064544778103
ctrl,PHL,Philippines,Lower middle income,(Intercept),-0.0045501688125031345,0.0013858426866682557,-3.2833227438262322,0.0033936377400501706,-0.007266420478372915,-0.0018339171466333535
ctrl,PHL,Philippines,Lower middle income,"L(dy, 1)",0.35510324211798683,0.17176071506030002,2.0674299242019383,0.05065589139017034,0.018452240599798775,0.6917542436361749
ctrl,PHL,Philippines,Lower middle income,dd,0.00567574758437768,0.014227422446173268,0.3989301369134701,0.6937905324005733,-0.022210000410121927,0.03356149557887729
ctrl,PHL,Philippines,Lower middle income,d_inf,-0.0201092600704701,0.03460904629372182,-0.5810405724505033,0.5671187057509474,-0.08794299080616486,0.047724470665224665
ctrl,PHL,Philippines,Lower middle income,d_gov,-0.11396916492222778,0.13566168033424203,-0.8400984319332591,0.4098906387369208,-0.3798660583773421,0.15192772853288658
ctrl,PHL,Philippines,Lower middle income,d_log_gdp,0.006840549968618712,0.03867073955755895,0.17689214240231907,0.8612115134349091,-0.06895409956419683,0.08263519950143426
ctrl,PHL,Philippines,Lower middle income,"L(d_log_gdp, 1)",0.10655202896940491,0.037997354592656796,2.8041959792115816,0.010336584902205452,0.032077213967797585,0.18102684397101224
ctrl,POL,Poland,High income,(Intercept),0.005564219539220256,0.0026226767928365646,2.121580346620697,0.044862827359137776,4.237730252605893e-4,0.010704666053179922
ctrl,POL,Poland,High income,"L(dy, 1)",-0.14978168632418423,0.1678143719091239,-0.8925438543803336,0.3813451466785821,-0.4786978552660671,0.17913448261769863
ctrl,POL,Poland,High income,dd,-0.057477260358575616,0.015436601077001691,-3.7234401583525045,0.0011150646449048411,-0.08773299846949893,-0.027221522247652303
ctrl,POL,Poland,High income,d_inf,-2.0711737435740154e-4,0.002062064019197246,-0.10044177699101291,0.920864018627819,-0.004248762851984004,0.0038345281032692007
ctrl,POL,Poland,High income,d_gov,0.06538944329298634,0.21834458399227802,0.29947820137044895,0.7672648121832918,-0.3625659413318786,0.4933448279178513
ctrl,POL,Poland,High income,d_log_gdp,-0.03510845031472085,0.05146155435585509,-0.6822267759723498,0.5019090853430901,-0.13597309685219683,0.06575619622275511
ctrl,PRT,Portugal,High income,(Intercept),6.453044536036369e-4,0.002601726657896738,0.24802930455627017,0.8063127609287504,-0.00445407979587397,0.005744688703081243
ctrl,PRT,Portugal,High income,"L(dy, 1)",-0.27636176410041396,0.22230693838274218,-1.2431540198921118,0.22633491321225274,-0.7120833633305886,0.1593598351297607
ctrl,PRT,Portugal,High income,dd,-0.026613405377554317,0.030650126458879955,-0.8682967560756631,0.3942020431252061,-0.08668765323695903,0.0334608424818504
ctrl,PRT,Portugal,High income,d_inf,-0.13412334086199545,0.12766488799950015,-1.0505891084361472,0.3043612807440974,-0.38434652134101577,0.11609983961702486
ctrl,PRT,Portugal,High income,d_gov,-0.03142379500940569,0.2641726963148514,-0.11895171396499499,0.9063464594704306,-0.5492022797865145,0.4863546897677031
ctrl,PRT,Portugal,High income,d_log_gdp,0.028805709203661583,0.0682150884872554,0.4222776784793491,0.6767437157288009,-0.10489586423135898,0.16250728263868214
ctrl,PRY,Paraguay,Lower middle income,(Intercept),1.6506173998513093e-4,0.0010486500402482417,0.1574040277021843,0.8764300582022733,-0.0018902923389014228,0.0022204158188716848
ctrl,PRY,Paraguay,Lower middle income,"L(dy, 1)",-0.4387519760714294,0.1998586210739692,-2.1953117344337323,0.03951929834857747,-0.830474873376409,-0.047029078766449794
ctrl,PRY,Paraguay,Lower middle income,dd,-0.005130200883198075,0.005709141789220594,-0.8985940571460994,0.37905700493441297,-0.01632011879007044,0.006059717023674289
ctrl,PRY,Paraguay,Lower middle income,d_inf,0.01895759412027895,0.01907731812499353,0.9937242748729065,0.3316701792761415,-0.018433949404708366,0.056349137645266265
ctrl,PRY,Paraguay,Lower middle income,d_gov,-0.12995310922795356,0.12815705552542095,-1.0140144738435906,0.32211721329446946,-0.3811409380577786,0.12123471960187149
ctrl,PRY,Paraguay,Lower middle income,"L(d_gov, 1)",-0.203524539561094,0.11865010270357132,-1.7153338675952785,0.10100372296453924,-0.4360787408600938,0.029029661737905776
ctrl,PRY,Paraguay,Lower middle income,d_log_gdp,0.0025450917662345708,0.015595427077252512,0.1631947463591325,0.8719254008353877,-0.028021945305180353,0.033112128837649496
ctrl,PRY,Paraguay,Lower middle income,"L(d_log_gdp, 1)",-0.02956050281790266,0.016201614673972218,-1.8245405419616234,0.08233182499747689,-0.061315667578888206,0.0021946619430828866
ctrl,QAT,Qatar,High income,(Intercept),-9.870474060132379e-6,1.5867604912344192e-4,-0.062205191739136696,0.9509611241647511,-3.2087553034207856e-4,3.011345822218138e-4
ctrl,QAT,Qatar,High income,"L(dy, 1)",0.8017948923779119,0.13472599328119092,5.951300657360605,5.459937364196949e-6,0.5377319455467777,1.065857839209046
ctrl,QAT,Qatar,High income,dd,7.370590119727968e-4,5.580702797682742e-4,1.3207279417904918,0.2001668535940336,-3.567587363730206e-4,0.001830876760318614
ctrl,QAT,Qatar,High income,d_inf,0.0011016675341158943,0.001093268374017504,1.0076826150815335,0.3245622053902393,-0.0010411384789584136,0.0032444735471902023
ctrl,QAT,Qatar,High income,d_gov,-0.014761816975894952,0.007752175836381474,-1.904215963035406,0.07004206544331086,-0.02995608161520264,4.324476634127352e-4
ctrl,QAT,Qatar,High income,"L(d_gov, 1)",-0.009844282610454952,0.0064619912739899595,-1.523413169881394,0.14190174990617116,-0.02250978550747527,0.002821220286565368
ctrl,QAT,Qatar,High income,d_log_gdp,-1.6190087979689336e-4,0.001407650348176091,-0.11501498224091673,0.90947655328028,-0.0029208955622220313,0.0025970938026282447
ctrl,ROU,Romania,Upper middle income,(Intercept),0.014786348533141445,0.006481632931846613,2.2812690395487767,0.03257133147149443,0.0020823479867220843,0.027490349079560807
ctrl,ROU,Romania,Upper middle income,"L(dy, 1)",-0.18078814656150158,0.20944054304242582,-0.863195558678817,0.39734299604307355,-0.5912916109246562,0.22971531780165302
ctrl,ROU,Romania,Upper middle income,dd,-0.014853610293579296,0.02605068877742542,-0.5701810965724213,0.5743323980065937,-0.06591296029733312,0.03620573971017453
ctrl,ROU,Romania,Upper middle income,"L(dd, 1)",-0.05843203550088016,0.03208531264360609,-1.821145897810798,0.08221324171815501,-0.12131924828234808,0.004455177280587773
ctrl,ROU,Romania,Upper middle income,d_inf,-0.009568595832353142,0.011501115372095506,-0.8319711195636621,0.41436516280059876,-0.03211078196166033,0.01297359029695405
ctrl,ROU,Romania,Upper middle income,d_gov,-0.22894980929512082,0.2909893065995892,-0.7867980166369593,0.439794052658218,-0.7992888502303157,0.341389231640074
ctrl,ROU,Romania,Upper middle income,d_log_gdp,-0.11211819391385697,0.08598297083239025,-1.3039581306444163,0.20572728162453435,-0.2806448167453418,0.0564084289176279
ctrl,RUS,Russian Federation,Upper middle income,(Intercept),0.006358525216553561,0.0040337640495906645,1.5763255208739357,0.13236307713559026,-0.0015476523206441406,0.014264702753751263
ctrl,RUS,Russian Federation,Upper middle income,"L(dy, 1)",-0.4394524107117995,0.18472305384222404,-2.3789797839047493,0.02863432656985082,-0.8015095962425587,-0.07739522518104042
ctrl,RUS,Russian Federation,Upper middle income,dd,-0.07044630663864518,0.016182084012903702,-4.353351928124389,3.830331882940584e-4,-0.10216319130393643,-0.038729421973353925
ctrl,RUS,Russian Federation,Upper middle income,"L(dd, 1)",-0.03228925163552584,0.019234548293112736,-1.6787111994248165,0.11048391115562195,-0.0699889662900268,0.005410463018975124
ctrl,RUS,Russian Federation,Upper middle income,d_inf,0.0055037483902892126,0.0015123545225477735,3.6391919409328546,0.0018762327067581124,0.0025395335260955765,0.008467963254482848
ctrl,RUS,Russian Federation,Upper middle income,"L(d_inf, 1)",0.0018427343303310255,0.0013978918331462198,1.3182238329439293,0.20395831768220865,-8.971336626355654e-4,0.004582602323297616
ctrl,RUS,Russian Federation,Upper middle income,d_gov,0.8861620289691201,0.32722192527367777,2.7081376904312355,0.014400529775385655,0.24480705543271164,1.5275170025055287
ctrl,RUS,Russian Federation,Upper middle income,d_log_gdp,-0.04347243549055405,0.07037498491093266,-0.6177256811574913,0.5444929904308147,-0.18140740591598206,0.09446253493487397
ctrl,RUS,Russian Federation,Upper middle income,"L(d_log_gdp, 1)",0.004721019064096278,0.05966870054938452,0.07912052752328581,0.9378097319848477,-0.11222963401269738,0.12167167214088993
ctrl,RUS,Russian Federation,Upper middle income,"L(d_log_gdp, 2)",-0.1572709790341863,0.04831038966085938,-3.255427665523587,0.004392565346940248,-0.2519593427694707,-0.06258261529890191
ctrl,RWA,Rwanda,Low income,(Intercept),-1.5645698807321756e-4,5.661625298570422e-4,-0.27634641966278384,0.7848615068288399,-0.0012661355465930202,9.532215704465851e-4
ctrl,RWA,Rwanda,Low income,"L(dy, 1)",0.989124435049716,0.10590439459359112,9.3397865012636,4.120887739836445e-9,0.7815518216462775,1.1966970484531547
ctrl,RWA,Rwanda,Low income,dd,0.009316846532677989,0.0026763426751377113,3.4811859554563918,0.002117507515941536,0.004071214889408074,0.014562478175947902
ctrl,RWA,Rwanda,Low income,d_inf,0.0018903259668152357,0.005041697990166577,0.3749383581686494,0.7112965169339515,-0.007991402093911255,0.011772054027541726
ctrl,RWA,Rwanda,Low income,d_gov,0.012494206819523944,0.01928967737530913,0.6477146598375244,0.5238720389714084,-0.025313560836081953,0.05030197447512984
ctrl,RWA,Rwanda,Low income,d_log_gdp,-0.001879222645128702,0.0034099472720450527,-0.5511002063095459,0.5871188503346064,-0.008562719298337004,0.004804274008079601
ctrl,RWA,Rwanda,Low income,"L(d_log_gdp, 1)",0.006285035292712786,0.004535441839251273,1.3857603107860252,0.17970841799698303,-0.002604430712219708,0.01517450129764528
ctrl,SAU,Saudi Arabia,High income,(Intercept),-0,0,NA,NA,-0,0
ctrl,SAU,Saudi Arabia,High income,"L(dy, 1)",NA,NA,NA,NA,NA,NA
ctrl,SAU,Saudi Arabia,High income,dd,-0,0,NA,NA,-0,0
ctrl,SAU,Saudi Arabia,High income,"L(dd, 1)",-0,0,NA,NA,-0,0
ctrl,SAU,Saudi Arabia,High income,d_inf,-0,0,NA,NA,-0,0
ctrl,SAU,Saudi Arabia,High income,"L(d_inf, 1)",-0,0,NA,NA,-0,0
ctrl,SAU,Saudi Arabia,High income,d_gov,0,0,NA,NA,0,0
ctrl,SAU,Saudi Arabia,High income,"L(d_gov, 1)",-0,0,NA,NA,-0,0
ctrl,SAU,Saudi Arabia,High income,d_log_gdp,0,0,NA,NA,0,0
ctrl,SAU,Saudi Arabia,High income,"L(d_log_gdp, 1)",-0,0,NA,NA,-0,0
ctrl,SDN,Sudan,Low income,(Intercept),2.449160161341906e-4,2.6664660241994877e-4,0.9185041696067286,0.3683160485420145,-2.7771132460890896e-4,7.675433568772902e-4
ctrl,SDN,Sudan,Low income,"L(dy, 1)",0.6921834870856585,0.1326935034799816,5.2164082561139296,3.124524135783403e-5,0.43210422026489453,0.9522627539064223
ctrl,SDN,Sudan,Low income,dd,-2.929583502578528e-4,0.0011824408774291102,-0.24775729243631148,0.8066199586796877,-0.0026105424700189088,0.002024625769503203
ctrl,SDN,Sudan,Low income,"L(dd, 1)",0.002351488218895297,0.001175137490584392,2.001032421938908,0.057876540598480054,4.821873734988866e-5,0.004654757700440705
ctrl,SDN,Sudan,Low income,d_inf,0.0012111275989244662,0.0011108350386494345,1.0902857371126577,0.2873855750664205,-9.661090768284253e-4,0.0033883642746773577
ctrl,SDN,Sudan,Low income,d_gov,0.006510289890168416,0.015094611328888986,0.4312989416102836,0.6704478836878534,-0.023075148314453994,0.03609572809479083
ctrl,SDN,Sudan,Low income,d_log_gdp,0.002058229095477708,0.0012818284706563792,1.6056977533224563,0.122600090618983,-4.5415470700879484e-4,0.004570612897964212
ctrl,SEN,Senegal,Low income,(Intercept),-0.003589810204282203,0.0018303510717233961,-1.9612686657440859,0.07162663036298313,-0.007177298304860059,-2.3221037043466737e-6
ctrl,SEN,Senegal,Low income,"L(dy, 1)",0.572691399237639,0.22018240133733233,2.600986253938807,0.021964843034040466,0.14113389261646764,1.0042489058588104
ctrl,SEN,Senegal,Low income,"L(dy, 2)",-0.33988646185028026,0.2675967802787638,-1.2701440633785281,0.2262965416069326,-0.8643761511966573,0.1846032274960968
ctrl,SEN,Senegal,Low income,dd,-0.00414405110692421,0.004493814477112456,-0.9221678215757163,0.373239212411522,-0.012951927482064623,0.004663825268216203
ctrl,SEN,Senegal,Low income,"L(dd, 1)",3.503547223323281e-5,0.004181598405191007,0.008378488041735433,0.9934422235814346,-0.008160897401941142,0.008230968346407607
ctrl,SEN,Senegal,Low income,"L(dd, 2)",-0.008494816640470021,0.004083595687746358,-2.080229604013054,0.057849094479829055,-0.01649866418845288,-4.909690924871594e-4
ctrl,SEN,Senegal,Low income,d_inf,-0.07346970309113501,0.027869763839442955,-2.636179607204145,0.020544673549019007,-0.1280944402164432,-0.01884496596582682
ctrl,SEN,Senegal,Low income,"L(d_inf, 1)",0.007550691598285022,0.033487695309336755,0.22547659755432026,0.8251144369796919,-0.05808519120801501,0.07318657440458505
ctrl,SEN,Senegal,Low income,"L(d_inf, 2)",-0.022236606101173898,0.034954058694032994,-0.6361666407846911,0.5357081535481499,-0.09074656114147857,0.04627334893913078
ctrl,SEN,Senegal,Low income,d_gov,-0.32837819345047764,0.2649519635843064,-1.239387657325247,0.23711100227113904,-0.8476840420757181,0.1909276551747629
ctrl,SEN,Senegal,Low income,"L(d_gov, 1)",0.16930010555382938,0.2750268621583887,0.6155766175899176,0.5487999427684733,-0.3697525442766124,0.7083527553842711
ctrl,SEN,Senegal,Low income,"L(d_gov, 2)",0.39983855007413555,0.2078028766417844,1.9241242303078743,0.07650954080086604,-0.00745508814376189,0.807132188292033
ctrl,SEN,Senegal,Low income,d_log_gdp,0.04119428229611147,0.06251447293629538,0.6589559243039609,0.5214255113653024,-0.08133408465902747,0.1637226492512504
ctrl,SEN,Senegal,Low income,"L(d_log_gdp, 1)",0.10992875693892536,0.0622810310401671,1.7650439484219307,0.10102006944003963,-0.012142063899802158,0.23199957777765287
ctrl,SEN,Senegal,Low income,"L(d_log_gdp, 2)",0.09588047015825886,0.05911629125428112,1.6218958957665555,0.128815833663306,-0.01998746070013213,0.21174840101664985
ctrl,SGP,Singapore,High income,(Intercept),-0.0010192194048258322,0.003019902004099923,-0.3375008207028257,0.7394394544059644,-0.006938227332861681,0.004899788523210017
ctrl,SGP,Singapore,High income,"L(dy, 1)",0.020663065521602627,0.20210941335625734,0.1022370268582193,0.9196398338144616,-0.37547138465666174,0.416797515699867
ctrl,SGP,Singapore,High income,dd,0.02561863149301426,0.04855062886808623,0.5276683760908841,0.6038377474811838,-0.06954060108843475,0.12077786407446327
ctrl,SGP,Singapore,High income,d_inf,-0.16580240019220588,0.1189980676742344,-1.393320105382733,0.1796102766669152,-0.39903861283370534,0.06743381244929356
ctrl,SGP,Singapore,High income,d_gov,0.44934249509070734,0.23243516321649768,1.9331949988658776,0.0682543824048688,-0.0062304248136281215,0.9049154149950428
ctrl,SGP,Singapore,High income,"L(d_gov, 1)",-0.15739810706420926,0.1882446882349707,-0.8361357153820025,0.4134709664776609,-0.5263576960047518,0.21156148187633333
ctrl,SGP,Singapore,High income,"L(d_gov, 2)",-0.5219970713956342,0.21160234388846122,-2.466877548723122,0.023309186556041823,-0.9367376654170182,-0.10725647737425026
ctrl,SGP,Singapore,High income,d_log_gdp,0.05027790449977931,0.03134167665576679,1.6041868165508086,0.12516654683063314,-0.011151781745523587,0.11170759074508221
ctrl,SGP,Singapore,High income,"L(d_log_gdp, 1)",0.05133625589790573,0.027478857257583932,1.868209271465878,0.07723350769992708,-0.0025223043269587755,0.10519481612277023
ctrl,SLE,Sierra Leone,Low income,(Intercept),-1.6547608728036066e-4,6.050952410859527e-4,-0.2734711431267976,0.7869318128232226,-0.0013514627598088277,0.0010205105852481066
ctrl,SLE,Sierra Leone,Low income,"L(dy, 1)",0.7825881437909978,0.1308877508650672,5.979078551038527,4.2655365614074415e-6,0.5260481520954661,1.0391281354865296
ctrl,SLE,Sierra Leone,Low income,dd,0.00113544308729397,0.002639243495380255,0.43021535878802214,0.6710432885684323,-0.0040374741636513296,0.006308360338239269
ctrl,SLE,Sierra Leone,Low income,d_inf,-1.8848549809717292e-4,0.002256386532033041,-0.08353422404420417,0.9341495635909903,-0.004611003100881934,0.004234032104687587
ctrl,SLE,Sierra Leone,Low income,d_gov,0.0165250521123556,0.03439417050719979,0.48046084172596576,0.635438125308299,-0.050887522081755995,0.08393762630646719
ctrl,SLE,Sierra Leone,Low income,d_log_gdp,0.00452667390420501,0.005489890879619698,0.8245471546637712,0.41809829268278476,-0.006233512219849599,0.015286860028259618
ctrl,SLV,El Salvador,Lower middle income,(Intercept),-0.002489650801672448,0.009788747694336504,-0.25433802968615593,0.8021172667102517,-0.021675596282571992,0.0166962946792271
ctrl,SLV,El Salvador,Lower middle income,"L(dy, 1)",-0.6246026102297174,0.18115476639746966,-3.447894983117826,0.0028701095948706857,-0.979665952368758,-0.26953926809067685
ctrl,SLV,El Salvador,Lower middle income,dd,0.06841434427349156,0.04583504770990097,1.4926207714781798,0.15285691152470757,-0.021422349237914334,0.15825103778489746
ctrl,SLV,El Salvador,Lower middle income,d_inf,-0.11411576002554775,0.16604883067040319,-0.6872421778871818,0.500689806461242,-0.43957146813953796,0.21133994808844248
ctrl,SLV,El Salvador,Lower middle income,"L(d_inf, 1)",-0.20540477403896487,0.15611374702884265,-1.3157379023194895,0.2047746252145602,-0.5113877182154964,0.10057817013756673
ctrl,SLV,El Salvador,Lower middle income,d_gov,-0.3121058152835629,0.43355698052736275,-0.7198726564243733,0.48084713134931434,-1.161877497117194,0.537665866550068
ctrl,SLV,El Salvador,Lower middle income,"L(d_gov, 1)",-1.7643449701741227,0.4304257691947085,-4.099069099591942,6.736147852455002e-4,-2.6079794777957512,-0.9207104625524941
ctrl,SLV,El Salvador,Lower middle income,"L(d_gov, 2)",-1.2040038154004298,0.41704921067849543,-2.886958623999411,0.00981794210886164,-2.0214202683302807,-0.3865873624705788
ctrl,SLV,El Salvador,Lower middle income,d_log_gdp,0.060435728918723175,0.1636998797478487,0.36918615341571387,0.7162960733195911,-0.26041603538706026,0.3812874932245066
ctrl,SLV,El Salvador,Lower middle income,"L(d_log_gdp, 1)",-0.21137911355919484,0.15352251183897087,-1.3768607028844704,0.18544001897757695,-0.5122832367635777,0.08952500964518803
ctrl,STP,Sao Tome and Principe,Low income,(Intercept),6.534016370612248e-4,8.589734941583724e-4,0.7606772985485796,0.455306711688673,-0.001030186411489185,0.0023369896856116346
ctrl,STP,Sao Tome and Principe,Low income,"L(dy, 1)",0.6456059490416864,0.10931103686795293,5.9061369056591655,7.313881379655681e-6,0.4313563167804987,0.8598555813028742
ctrl,STP,Sao Tome and Principe,Low income,dd,-4.0625028127278277e-4,0.0021957981282435726,-0.1850125820071374,0.8549943406648928,-0.004710014612630185,0.0038975140500846195
ctrl,STP,Sao Tome and Principe,Low income,d_inf,0.008568101742450838,0.006333396215115655,1.3528447378677657,0.19049230950665358,-0.0038453548391758456,0.020981558324077523
ctrl,STP,Sao Tome and Principe,Low income,d_gov,-0.02397421329858974,0.010762602528871077,-2.22754795917419,0.036978007960856187,-0.04506891425517705,-0.0028795123420024306
ctrl,STP,Sao Tome and Principe,Low income,"L(d_gov, 1)",-0.04141739812070193,0.011730182000607109,-3.5308401965594673,0.0019826659485253813,-0.06440855484189187,-0.018426241399511996
ctrl,STP,Sao Tome and Principe,Low income,d_log_gdp,0.009434551860226362,0.008805996273442198,1.0713781345422335,0.2961586282689934,-0.007825200835720345,0.026694304556173068
ctrl,STP,Sao Tome and Principe,Low income,"L(d_log_gdp, 1)",0.021602671431289133,0.009376041329384325,2.3040290323365786,0.03153497227269436,0.003225630425695857,0.039979712436882406
ctrl,SUR,Suriname,Upper middle income,(Intercept),-8.041637525378385e-4,9.924752980352666e-4,-0.8102607229920833,0.4264685899664231,-0.002749415336686961,0.001141087831611284
ctrl,SUR,Suriname,Upper middle income,"L(dy, 1)",-0.2630366386648668,0.20307259210390002,-1.2952837994518078,0.20865018188054782,-0.6610589191885108,0.1349856418587772
ctrl,SUR,Suriname,Upper middle income,dd,-0.005298314483604334,0.003735305157824954,-1.4184422047834804,0.17007304352688032,-0.012619512592941244,0.0020228836257325756
ctrl,SUR,Suriname,Upper middle income,"L(dd, 1)",0.005373643800292749,0.0037630649516933,1.4279965584635264,0.16733571838460648,-0.0020019635050261197,0.012749251105611616
ctrl,SUR,Suriname,Upper middle income,d_inf,-0.0013656957866714026,0.001274234908312148,-1.0717770936603863,0.2954373157375356,-0.0038631962069632124,0.0011318046336204072
ctrl,SUR,Suriname,Upper middle income,d_gov,-0.015482808665632317,0.02121660788065327,-0.7297494845889376,0.4732424641182339,-0.057067360111712734,0.026101742780448096
ctrl,SUR,Suriname,Upper middle income,d_log_gdp,-0.01078362846709652,0.013289303527781324,-0.8114517397057953,0.4257989365575493,-0.03683066338154792,0.015263406447354877
ctrl,SVK,Slovakia,High income,(Intercept),6.697226690896205e-4,0.0024784907547811034,0.27021390650648985,0.7895143563412467,-0.0041881192102813415,0.005527564548460583
ctrl,SVK,Slovakia,High income,"L(dy, 1)",-0.3983141118972514,0.17677341535422564,-2.253246683609601,0.034547479723367906,-0.7447900059915337,-0.051838217802969155
ctrl,SVK,Slovakia,High income,dd,-0.006217171270419412,0.020411277437864937,-0.30459491275572714,0.7635374068076464,-0.04622327504863469,0.03378893250779587
ctrl,SVK,Slovakia,High income,"L(dd, 1)",0.03467830812264808,0.021854980200407586,1.586746261248104,0.12683994112491717,-0.00815745307015079,0.07751406931544694
ctrl,SVK,Slovakia,High income,d_inf,-0.1841633867369458,0.13390364239879804,-1.3753426227828953,0.18286943871544828,-0.44661452583858996,0.07828775236469834
ctrl,SVK,Slovakia,High income,d_gov,-0.2228206579661454,0.12830391011626166,-1.7366630351657877,0.09643074216945523,-0.47429632179401826,0.02865500586172745
ctrl,SVK,Slovakia,High income,d_log_gdp,-0.06230079413813264,0.03937540902102224,-1.5822259549067974,0.12786906169850648,-0.13947659581933622,0.014875007543070945
ctrl,SVN,Slovenia,High income,(Intercept),0.0055655126164978735,0.0020317860812579906,2.7392217457518746,0.012642442514782491,0.0015832118972322123,0.009547813335763534
ctrl,SVN,Slovenia,High income,"L(dy, 1)",-0.3115669758474178,0.20965870772534884,-1.486067424662218,0.15285548636948823,-0.7224980429891015,0.09936409129426588
ctrl,SVN,Slovenia,High income,dd,0.011703708163152186,0.014920261044208247,0.784417117668014,0.4419878515579089,-0.017540003483495978,0.04094741980980035
ctrl,SVN,Slovenia,High income,"L(dd, 1)",-0.04003201168908466,0.016407113242439833,-2.4399180463711887,0.024127257853456298,-0.07218995364426672,-0.007874069733902582
ctrl,SVN,Slovenia,High income,d_inf,-0.06762401765030901,0.06521638094685803,-1.0369176680535657,0.31214932862736194,-0.19544812430615074,0.060200089005532725
ctrl,SVN,Slovenia,High income,"L(d_inf, 1)",-0.07279229323688588,0.05164301827946509,-1.4095282510981821,0.17403975429416157,-0.17401260906463745,0.028428022590865687
ctrl,SVN,Slovenia,High income,d_gov,-0.4258238241711799,0.20898755494338833,-2.037555893156075,0.05504335270527481,-0.8354394318602211,-0.01620821648213877
ctrl,SVN,Slovenia,High income,d_log_gdp,0.012178380416320387,0.03970007624295333,0.3067596228730674,0.7621972782648655,-0.06563376901986814,0.08999052985250891
ctrl,SVN,Slovenia,High income,"L(d_log_gdp, 1)",-0.12813934126545715,0.04000939320213824,-3.202731434042567,0.004468271267252581,-0.2065577519416481,-0.0497209305892662
ctrl,SWE,Sweden,High income,(Intercept),0.003456052490807342,0.0018636201034537287,1.8544833705122947,0.0784753140533386,-1.9664291196196636e-4,0.0071087478935766505
ctrl,SWE,Sweden,High income,"L(dy, 1)",-0.24123219382770508,0.14292912400867128,-1.6877749409075642,0.10698859900943203,-0.5213732768847008,0.038908889229290616
ctrl,SWE,Sweden,High income,dd,0.042920054402600806,0.02197901902733151,1.9527738862789348,0.06498382127652667,-1.588228909689543e-4,0.08599893169617057
ctrl,SWE,Sweden,High income,"L(dd, 1)",0.029145707149364937,0.020119697005819975,1.4486156099137095,0.16294268727473057,-0.010288898982042216,0.06858031328077209
ctrl,SWE,Sweden,High income,d_inf,0.25852819530304416,0.08011666772097814,3.226896508020264,0.004228304891684604,0.101499526569927,0.4155568640361613
ctrl,SWE,Sweden,High income,d_gov,-0.36194162950761244,0.13735161801483897,-2.6351464565092315,0.015870648672146565,-0.6311508008166968,-0.09273245819852804
ctrl,SWE,Sweden,High income,"L(d_gov, 1)",-0.22429203745324652,0.14194944847472635,-1.5800838951000293,0.12977387825328143,-0.5025129564637102,0.05392888155721712
ctrl,SWE,Sweden,High income,d_log_gdp,0.12737972393593652,0.055174195306550405,2.3086829491251994,0.031770080112949205,0.019238301135097724,0.23552114673677532
ctrl,SWE,Sweden,High income,"L(d_log_gdp, 1)",-0.15351007094810823,0.052192170112395096,-2.941247137597967,0.00807386828420479,-0.2558067243684026,-0.051213417527813845
ctrl,SWZ,Swaziland,Lower middle income,(Intercept),-3.712027361871967e-4,5.460161236389724e-4,-0.679838415234487,0.5036982347324459,-0.0014413943385195825,6.989888661451892e-4
ctrl,SWZ,Swaziland,Lower middle income,"L(dy, 1)",0.8748535794220559,0.09915812003624232,8.82281329156197,1.1195999420733374e-8,0.6805036641510209,1.0692034946930908
ctrl,SWZ,Swaziland,Lower middle income,dd,0.0057250003453045905,0.0031321659591789725,1.8278087495738162,0.08117337557839734,-4.140449346861953e-4,0.011864045625295376
ctrl,SWZ,Swaziland,Lower middle income,"L(dd, 1)",-0.0054435027624118865,0.0037396346319474643,-1.4556242248663502,0.15961917710281978,-0.012773186641028916,0.0018861811162051434
ctrl,SWZ,Swaziland,Lower middle income,d_inf,-0.0037456407871189206,0.0070987621029479,-0.5276470365957847,0.603025885895575,-0.017659214508896806,0.010167932934658964
ctrl,SWZ,Swaziland,Lower middle income,d_gov,-4.749275669186224e-4,0.02513748308687451,-0.018893202842833735,0.9850966064901746,-0.04974439441719266,0.04879453928335541
ctrl,SWZ,Swaziland,Lower middle income,d_log_gdp,-0.008756547384750417,0.009944535560435907,-0.8805385964517165,0.38808584560322856,-0.028247837083204795,0.010734742313703959
ctrl,SYC,Seychelles,Upper middle income,(Intercept),-0.0014078339486611339,0.00254691335568418,-0.5527608332333496,0.5862636338491574,-0.006399784125802127,0.003584116228479859
ctrl,SYC,Seychelles,Upper middle income,"L(dy, 1)",0.7849249329734135,0.1385839440268148,5.663895182702675,1.2732617745293418e-5,0.5133004026808565,1.0565494632659704
ctrl,SYC,Seychelles,Upper middle income,dd,-0.007926943645849914,0.01430518085715166,-0.5541309631109598,0.5853424276563066,-0.035965098125867165,0.020111210834167337
ctrl,SYC,Seychelles,Upper middle income,d_inf,0.002532381988768317,0.029739340227736236,0.08515259482476698,0.9329466894282609,-0.055756724857594704,0.06082148883513134
ctrl,SYC,Seychelles,Upper middle income,d_gov,0.0049243197100379684,0.0430467321551679,0.11439473947261727,0.9100115709885601,-0.07944727531409111,0.08929591473416705
ctrl,SYC,Seychelles,Upper middle income,"L(d_gov, 1)",0.07206816838725989,0.0419542694158817,1.7177791292911573,0.10054890888487245,-0.010162199667868244,0.15429853644238803
ctrl,SYC,Seychelles,Upper middle income,d_log_gdp,-0.007030933718452529,0.024158211656148464,-0.2910370112873441,0.7738780876115161,-0.05438102856450352,0.04031916112759846
ctrl,SYC,Seychelles,Upper middle income,"L(d_log_gdp, 1)",0.033284085708145485,0.023693908801825158,1.40475284118514,0.17471442280281888,-0.01315597554343182,0.0797241469597228
ctrl,TCD,Chad,Low income,(Intercept),-1.4312104157223273e-4,2.5335017537874734e-4,-0.5649139234195243,0.577601315519985,-6.396873853145774e-4,3.5344530217011204e-4
ctrl,TCD,Chad,Low income,"L(dy, 1)",0.8131957564306891,0.12182596515056025,6.675061062932604,8.257704821493451e-7,0.574416864735591,1.0519746481257872
ctrl,TCD,Chad,Low income,dd,2.1662970797591748e-4,0.0016157873917340198,0.1340706760580897,0.8945129546787642,-0.0029503135798227614,0.003383572995774596
ctrl,TCD,Chad,Low income,d_inf,5.234078709915465e-4,0.0017563186542914847,0.2980141842214243,0.7683678321156673,-0.0029189766914197637,0.003965792433402856
ctrl,TCD,Chad,Low income,d_gov,-0.0085201248304073475,0.011644803733955603,-0.731667533868616,0.47176128577242427,-0.03134394014896033,0.014303690488145636
ctrl,TCD,Chad,Low income,d_log_gdp,-8.054943006467164e-4,0.003995578010568409,-0.20159643949290013,0.8420045837657422,-0.008636827201360798,0.007025838600067365
ctrl,TGO,Togo,Low income,(Intercept),-3.8863112162327304e-4,9.295405208129445e-4,-0.41808948929239736,0.6801260028389234,-0.002210530542416644,0.0014332682991700981
ctrl,TGO,Togo,Low income,"L(dy, 1)",0.43111974368881645,0.24454719031245645,1.7629306766435444,0.0924604607226743,-0.04819274932359818,0.9104322367012311
ctrl,TGO,Togo,Low income,dd,-0.001926252149108511,0.007287525511854413,-0.2643218395565313,0.7941086990170869,-0.016209802152343158,0.012357297854126138
ctrl,TGO,Togo,Low income,d_inf,-0.001995805062172232,0.008743205928440205,-0.2282692502621044,0.8216449989978123,-0.019132488681915034,0.01514087855757057
ctrl,TGO,Togo,Low income,d_gov,0.055046423029939534,0.07603279489863213,0.7239826328011237,0.4770649530159047,-0.09397785497137942,0.2040707010312585
ctrl,TGO,Togo,Low income,"L(d_gov, 1)",0.15951165094993044,0.08075177779539101,1.9753329933379464,0.06152009389687651,0.0012381664709640583,0.31778513542889686
ctrl,TGO,Togo,Low income,d_log_gdp,-0.010622996977083382,0.01375528117701423,-0.7722849747946227,0.4485504863881987,-0.03758334808403127,0.01633735412986451
ctrl,TGO,Togo,Low income,"L(d_log_gdp, 1)",0.017887380587587848,0.01379421385082466,1.2967307003521977,0.2087920153922381,-0.009149278560028486,0.04492403973520418
ctrl,THA,Thailand,Lower middle income,(Intercept),-0.002217583958472062,0.004934613480049036,-0.44939364905435825,0.6577515547884221,-0.011889426379368174,0.007454258462424049
ctrl,THA,Thailand,Lower middle income,"L(dy, 1)",-0.42750787578462773,0.19020152859376885,-2.2476574134043696,0.03546918391957452,-0.8003028718284146,-0.054712879740840825
ctrl,THA,Thailand,Lower middle income,dd,0.010351936037013702,0.02064595395243522,0.5014026506531405,0.6213035041873873,-0.030114133709759322,0.05081800578378673
ctrl,THA,Thailand,Lower middle income,d_inf,0.03363768264039855,0.09214097120469514,0.3650675937164911,0.7187118987912169,-0.14695862092080392,0.214233986201601
ctrl,THA,Thailand,Lower middle income,d_gov,-0.36110305050015995,0.3658257655906913,-0.9870902611714468,0.33483580014512404,-1.078121551057915,0.355915450057595
ctrl,THA,Thailand,Lower middle income,"L(d_gov, 1)",-0.705529810628739,0.32693978837335747,-2.1579808751299514,0.042660111579312765,-1.3463317958405197,-0.06472782541695832
ctrl,THA,Thailand,Lower middle income,d_log_gdp,0.07380697792803285,0.06905257222470759,1.0688519710439417,0.2972692891803943,-0.061536063632394014,0.20915001948845974
ctrl,THA,Thailand,Lower middle income,"L(d_log_gdp, 1)",-0.14796352407687205,0.07590907799595094,-1.949220409247555,0.06475135047794914,-0.2967453169489359,8.182687951917844e-4
ctrl,TTO,Trinidad and Tobago,Upper middle income,(Intercept),-3.6355965801423485e-4,8.358105215664359e-4,-0.4349785610892632,0.6678151962862015,-0.002001748280284449,0.0012746289642559792
ctrl,TTO,Trinidad and Tobago,Upper middle income,"L(dy, 1)",-0.2996248226317084,0.1790207847976212,-1.6736873484854133,0.1083526642998518,-0.650505560835046,0.05125591557162912
ctrl,TTO,Trinidad and Tobago,Upper middle income,dd,-0.011164675368132582,0.005819140253576424,-1.918612523778029,0.06810141315282388,-0.022570190265142374,2.4083952887720902e-4
ctrl,TTO,Trinidad and Tobago,Upper middle income,"L(dd, 1)",-0.014825861665252942,0.00585687134767633,-2.531362016537207,0.01901588383178714,-0.026305329506698547,-0.003346393823807336
ctrl,TTO,Trinidad and Tobago,Upper middle income,d_inf,0.020597499206003404,0.007414023793422541,2.7781808879918586,0.01096494916967835,0.006066012570895224,0.035128985841111585
ctrl,TTO,Trinidad and Tobago,Upper middle income,d_gov,-0.08283636619753491,0.06698224696690747,-1.2366913614955342,0.2292416171290354,-0.21412157025267353,0.04844883785760372
ctrl,TTO,Trinidad and Tobago,Upper middle income,d_log_gdp,-0.03908068341148874,0.014077688954174546,-2.776072375139379,0.011017436520303197,-0.06667295376167084,-0.011488413061306626
ctrl,TUN,Tunisia,Lower middle income,(Intercept),3.6160089681635046e-4,7.513676185532513e-4,0.48125696115652195,0.6358297826481456,-0.001111079635548022,0.001834281429180723
ctrl,TUN,Tunisia,Lower middle income,"L(dy, 1)",0.6976828867065287,0.12985723292523815,5.372691770724862,3.4819950999312414e-5,0.4431627101730619,0.9522030632399954
ctrl,TUN,Tunisia,Lower middle income,dd,0.008376409962931892,0.006060967893754795,1.3820251335703202,0.18299766659318634,-0.0035030871088275045,0.020255907034691288
ctrl,TUN,Tunisia,Lower middle income,"L(dd, 1)",-0.011812248511470115,0.0072794433041167535,-1.6226856942192156,0.12113248086308791,-0.026079957387538953,0.0024554603645987206
ctrl,TUN,Tunisia,Lower middle income,d_inf,0.009011223225408194,0.014998386893591458,0.6008128266952847,0.555064961121556,-0.020385615086031064,0.03840806153684745
ctrl,TUN,Tunisia,Lower middle income,"L(d_inf, 1)",0.031075672100908114,0.015874261399629275,1.957613731977089,0.0651275915487693,-3.788024236526383e-5,0.06218922444418149
ctrl,TUN,Tunisia,Lower middle income,d_gov,-0.0018646613775466273,0.06831611579513887,-0.02729460473335795,0.9785094099207414,-0.1357642483360188,0.13203492558092556
ctrl,TUN,Tunisia,Lower middle income,"L(d_gov, 1)",-0.10243896355055146,0.04187669629577476,-2.4462045149652187,0.024341447747808404,-0.18451728829026998,-0.020360638810832943
ctrl,TUN,Tunisia,Lower middle income,d_log_gdp,0.002406058577049164,0.019654324082447463,0.12241879023445656,0.9038529415409812,-0.03611641662454786,0.040928533778646185
ctrl,TUN,Tunisia,Lower middle income,"L(d_log_gdp, 1)",-0.042766352975534994,0.014976456828636669,-2.8555721466616135,0.010118112558551513,-0.07212020835966286,-0.013412497591407124
ctrl,TUR,Turkey,Upper middle income,(Intercept),-8.136657278236505e-4,0.002309417912082753,-0.3523250268245493,0.727802487998888,-0.005340124835505846,0.003712793379858545
ctrl,TUR,Turkey,Upper middle income,"L(dy, 1)",0.4234785448781085,0.20323210213630982,2.083718765030916,0.04848693466685073,0.025143624690941224,0.82181346506527575
ctrl,TUR,Turkey,Upper middle income,dd,0.0041624587464469025,0.01774001830783096,0.2346366657699261,0.8165670075549941,-0.03060797713690178,0.038932894629795586
ctrl,TUR,Turkey,Upper middle income,d_inf,0.0014441947795526529,0.008400438654905635,0.1719189721966818,0.8650049510987532,-0.015020664984062392,0.0179090545431677
ctrl,TUR,Turkey,Upper middle income,d_gov,0.018980300182789935,0.22518384921368592,0.08428801732036639,0.9335568047781349,-0.4223800442760344,0.46034064464161434
ctrl,TUR,Turkey,Upper middle income,d_log_gdp,-0.00354451121946886,0.037861595946686484,-0.09361758612764086,0.9262236930582172,-0.07775323927497436,0.07066421683603664
ctrl,TWN,Taiwan,High income,(Intercept),0.0034255718598409893,0.002615742523911531,1.309598260733421,0.20384391398985713,-0.0017012834870256109,0.00855242720670759
ctrl,TWN,Taiwan,High income,"L(dy, 1)",-0.27571031435522436,0.18603799441217483,-1.4820107861643403,0.15252041416659504,-0.6403447834030871,0.08892415469263831
ctrl,TWN,Taiwan,High income,dd,-0.012631396552701379,0.013538631166400267,-0.932989191998196,0.3609528973806939,-0.0391671136388459,0.013904320533443143
ctrl,TWN,Taiwan,High income,d_inf,-0.18474883777944495,0.16556669669492416,-1.1158574850343612,0.27652353416539915,-0.5092595633014962,0.1397618877426064
ctrl,TWN,Taiwan,High income,"L(d_inf, 1)",-0.45307456643445887,0.1748383540383392,-2.5913911677246,0.016660044833213487,-0.7957577403496037,-0.11039139251931407
ctrl,TWN,Taiwan,High income,d_gov,0.4295384409536702,0.3135319969707223,1.3699987404914868,0.18450793915509242,-0.1849842731089455,1.044061155016286
ctrl,TWN,Taiwan,High income,d_log_gdp,0.08141669880379407,0.07840649225259008,1.0383923124823193,0.31036623452367607,-0.07226002601128248,0.23509342361887062
ctrl,TZA,Tanzania,Low income,(Intercept),0.0017494359082713153,6.507559567987195e-4,2.688313322366437,0.013122113116726022,4.7395423294582513e-4,0.0030249175835968057
ctrl,TZA,Tanzania,Low income,"L(dy, 1)",0.59503368857888606,0.15504911863387807,3.837710873958311,8.41059323146584e-4,0.291137416056485,0.8989299611012871
ctrl,TZA,Tanzania,Low income,dd,-0.004071858940548969,0.0033168881590319786,-1.2276141809186976,0.232008353755761,-0.010572959732251648,0.0024292418511537095
ctrl,TZA,Tanzania,Low income,d_inf,-0.0019472161283636956,0.0025824043916659674,-0.754032224638335,0.4584806372936088,-0.007008728736028992,0.003114296479301601
ctrl,TZA,Tanzania,Low income,d_gov,0.02000064769617793,0.016111427041644914,1.241395169061073,0.22697170871570524,-0.011577749305446097,0.05157904469780196
ctrl,TZA,Tanzania,Low income,d_log_gdp,-0.016038895416636202,0.006835876222130447,-2.3462823046315444,0.027947432292564047,-0.02943721281201188,-0.0026405780212605257
ctrl,UGA,Uganda,Low income,(Intercept),6.786745865222079e-4,0.0015927864618584587,0.4260926387648551,0.6740015186614357,-0.002443186878720371,0.0038005360517647867
ctrl,UGA,Uganda,Low income,"L(dy, 1)",0.5962365609472197,0.1681033268148902,3.546845694516061,0.001719770575087268,0.26675404039003486,0.9257190815044045
ctrl,UGA,Uganda,Low income,dd,-0.0016437273840566081,0.008623970898665373,-0.19059982963427993,0.8505114876537919,-0.018546710345440736,0.01525925557732752
ctrl,UGA,Uganda,Low income,d_inf,0.010652873464455271,0.007083365579836796,1.5039282307804758,0.14620857830362757,-0.0032305230720248487,0.02453627000093539
ctrl,UGA,Uganda,Low income,d_gov,-0.0603611470851689,0.08901032321533521,-0.6781364779357361,0.5044511447680875,-0.2348213805872259,0.1140990864168881
ctrl,UGA,Uganda,Low income,d_log_gdp,-0.01071120566876344,0.013134158762006245,-0.8155227801683206,0.423138537033774,-0.03645415684229568,0.015031745504768797
ctrl,UKR,Ukraine,Lower middle income,(Intercept),-0.0011651362002557447,0.0033495241573874776,-0.34785126050994475,0.7324860437674832,-0.007730203548735201,0.005399931148223711
ctrl,UKR,Ukraine,Lower middle income,"L(dy, 1)",0.5106879390547159,0.24398997751230153,2.093069331214508,0.05263227769207652,0.03246758313060488,0.9889082949788268
ctrl,UKR,Ukraine,Lower middle income,dd,0.01999857694751416,0.02314908264824881,0.8639036479930241,0.40040685724906966,-0.02537362504305351,0.06537077893808182
ctrl,UKR,Ukraine,Lower middle income,"L(dd, 1)",-0.022701575243084936,0.019301145539534152,-1.1761776106286412,0.256727947297455,-0.060531820500571876,0.015128670014402004
ctrl,UKR,Ukraine,Lower middle income,"L(dd, 2)",0.03800283006418319,0.020070419895722637,1.893474589053429,0.07652337962701745,-0.0013351929314331795,0.07734085305979956
ctrl,UKR,Ukraine,Lower middle income,d_inf,5.112481462959513e-4,7.560630773484961e-4,0.6761977427715321,0.5085725379266857,-9.706354853071009e-4,0.0019931317778990034
ctrl,UKR,Ukraine,Lower middle income,"L(d_inf, 1)",-6.772117302538574e-4,5.351759301039472e-4,-1.2654002023639639,0.2238459799804457,-0.001726156553257594,3.7173309274987913e-4
ctrl,UKR,Ukraine,Lower middle income,"L(d_inf, 2)",0.00204072797578241,5.428939648070101e-4,3.758980773543606,0.0017149399670822595,9.766558047606703e-4,0.00310480014680415
ctrl,UKR,Ukraine,Lower middle income,d_gov,0.06835270199559398,0.09970179066996743,0.6855714580077593,0.5027965305174809,-0.12706280771754216,0.2637682117087301
ctrl,UKR,Ukraine,Lower middle income,"L(d_gov, 1)",-0.14065927345078982,0.12598647862467535,-1.116463250551085,0.2807105574594341,-0.3875927715551535,0.10627422465357386
ctrl,UKR,Ukraine,Lower middle income,"L(d_gov, 2)",-0.11422405606073067,0.09290737838740341,-1.2294400944609736,0.23668067606682278,-0.29632251770004137,0.06787440557858
ctrl,UKR,Ukraine,Lower middle income,d_log_gdp,0.0027086396343621163,0.04551215097756385,0.05951464776291052,0.9532792119034348,-0.08649517628166303,0.09191245555038727
ctrl,URY,Uruguay,Upper middle income,(Intercept),0.002881352164799849,0.002206916888755479,1.3056006682810317,0.20517741078295607,-0.0014442049371608903,0.0072069092667605885
ctrl,URY,Uruguay,Upper middle income,"L(dy, 1)",-0.14859245134037757,0.19063652477699441,-0.7794542599546452,0.4440168767635513,-0.5222400399032866,0.22505513722253145
ctrl,URY,Uruguay,Upper middle income,dd,-0.006748080102830862,0.010731645404691762,-0.628802000845152,0.5359535257432295,-0.027782105096026716,0.014285944890364992
ctrl,URY,Uruguay,Upper middle income,d_inf,-0.018878080897137495,0.020514597840566074,-0.9202267109427565,0.36743522724810973,-0.059086692664647,0.02133053087037201
ctrl,URY,Uruguay,Upper middle income,d_gov,0.31400966115199647,0.18892140572278884,1.6621179582622527,0.11067344550515919,-0.05627629406466966,0.6842956163686627
ctrl,URY,Uruguay,Upper middle income,d_log_gdp,-0.06013473598293282,0.0453758264435787,-1.3252592998544208,0.19868468055243646,-0.14907135581234707,0.028801883846481434
ctrl,URY,Uruguay,Upper middle income,"L(d_log_gdp, 1)",-0.08911380146394432,0.03891094639427203,-2.290198767230769,0.031963677005582454,-0.1653792563967175,-0.012848346531171145
ctrl,USA,United States,High income,(Intercept),-0.001415179879934183,0.0018846954533202006,-0.7508798715681683,0.4610568438719558,-0.005109182968441776,0.0022788232085734104
ctrl,USA,United States,High income,"L(dy, 1)",-0.23266746671865132,0.14386291758342606,-1.6172858901163847,0.12074011224216002,-0.5146387851821664,0.049303851744863764
ctrl,USA,United States,High income,dd,-0.005209685119963092,0.02627341543836387,-0.19828731944595307,0.8447272752374798,-0.05670557937915628,0.046286209139230095
ctrl,USA,United States,High income,"L(dd, 1)",0.0507719943453184,0.019452676493562027,2.610026150495109,0.016352751884541234,0.012644748417936828,0.08889924027269996
ctrl,USA,United States,High income,d_inf,0.05389872029106277,0.1529143285387675,0.35247658480479244,0.7279938136371191,-0.24581336364492148,0.35361080422704705
ctrl,USA,United States,High income,"L(d_inf, 1)",0.25926864249465786,0.15306668482754573,1.6938280383269928,0.10507996215719095,-0.04074205976733175,0.5592793447566475
ctrl,USA,United States,High income,d_gov,-0.4165719739189284,0.2959606127088569,-1.407525042289055,0.17390208764781934,-0.9966547748282879,0.16351082699043107
ctrl,USA,United States,High income,d_log_gdp,0.2426740357531393,0.08363449745052653,2.9016021277187876,0.008533688978909364,0.0787504207501073,0.4065976507561713
ctrl,VCT,Saint Vincent and the Grenadines,Upper middle income,(Intercept),-2.760471236088568e-4,2.2844789911703742e-4,-1.208359213088817,0.2397377536584572,-7.238050058782501e-4,1.7171075866053657e-4
ctrl,VCT,Saint Vincent and the Grenadines,Upper middle income,"L(dy, 1)",0.946208875068775,0.07767331469907598,12.181904155044787,2.9763588164654527e-11,0.7939691782585862,1.098448571878964
ctrl,VCT,Saint Vincent and the Grenadines,Upper middle income,dd,-0.001303115852419658,0.0015980750916486373,-0.8154284233760957,0.42356778969691067,-0.0044353430320509864,0.001829111327211671
ctrl,VCT,Saint Vincent and the Grenadines,Upper middle income,d_inf,0.005652751506097031,0.004663723624607414,1.2120682872954058,0.2383433834061099,-0.0034881467981335004,0.014793649810327561
ctrl,VCT,Saint Vincent and the Grenadines,Upper middle income,"L(d_inf, 1)",-0.010856463849624983,0.004713816339223258,-2.3031155794699267,0.03110307017673104,-0.020095543874502568,-0.0016173838247473971
ctrl,VCT,Saint Vincent and the Grenadines,Upper middle income,d_gov,0.0023207454750633514,0.00382941266263483,0.6060317023829344,0.5506960237823334,-0.005184903343700915,0.009826394293827617
ctrl,VCT,Saint Vincent and the Grenadines,Upper middle income,d_log_gdp,1.7703671591339586e-4,0.0018193947341254692,0.09730528103264645,0.9233650149598491,-0.0033889769629725235,0.0037430503947993156
ctrl,VEN,Venezuela,Upper middle income,(Intercept),-1.7272632092904598e-4,0.0011056448665813143,-0.15622224291885037,0.8774239847704817,-0.0023397902594284223,0.00199433761757033
ctrl,VEN,Venezuela,Upper middle income,"L(dy, 1)",-0.0868916818724759,0.21254760873266967,-0.40881044200202377,0.6870231482309903,-0.5034849949885084,0.32970163124355667
ctrl,VEN,Venezuela,Upper middle income,dd,0.003907373441966771,0.0047748200372179994,0.8183289446534538,0.42281281376544877,-0.005451273830980508,0.01326602071491405
ctrl,VEN,Venezuela,Upper middle income,"L(dd, 1)",-0.010394615042423588,0.005430177492452753,-1.914231175108137,0.07000825230918459,-0.021037762927630984,2.4853284278380725e-4
ctrl,VEN,Venezuela,Upper middle income,d_inf,-4.805388004606337e-5,2.981676713970571e-5,-1.611639512121087,0.1227099603407612,-1.0649474363988657e-4,1.0386983547759823e-5
ctrl,VEN,Venezuela,Upper middle income,"L(d_inf, 1)",-1.5844945286983017e-5,1.1954508053901086e-5,-1.3254368323263936,0.19996870686382945,-3.927578107262915e-5,7.585890498663113e-6
ctrl,VEN,Venezuela,Upper middle income,d_gov,0.05406016706975383,0.05211387823965446,1.0373468430261328,0.31195422553218277,-0.04808303427996891,0.15620336841947657
ctrl,VEN,Venezuela,Upper middle income,d_log_gdp,0.009851419483610253,0.0059124039665885185,1.666229090448054,0.11125364772898823,-0.0017368922909032428,0.021439731258123748
ctrl,VEN,Venezuela,Upper middle income,"L(d_log_gdp, 1)",-0.01819315877228926,0.009607321818726238,-1.8936764184195252,0.07282563800167738,-0.03702350953699268,6.371919924141635e-4
ctrl,YEM,Yemen,Low income,(Intercept),0.002222097334708268,0.0024710939471712045,0.8992362824780594,0.3782643321127569,-0.0026212468017472925,0.007065441471163829
ctrl,YEM,Yemen,Low income,"L(dy, 1)",-0.40555621181893275,0.22555572361407042,-1.7980311265026736,0.08591071702621061,-0.8476454301025107,0.036533006464645246
ctrl,YEM,Yemen,Low income,dd,-0.01736620440427149,0.014958447728454005,-1.1609630036168421,0.25809968240888465,-0.04668476195204134,0.011952353143498358
ctrl,YEM,Yemen,Low income,d_inf,-0.035215053052545235,0.018240320432250778,-1.9306159222006523,0.06651964678770306,-0.07096608109975676,5.359749946662884e-4
ctrl,YEM,Yemen,Low income,"L(d_inf, 1)",-0.03149204909746985,0.01608983910254668,-1.9572631458126468,0.0631233208053856,-0.06302813373846135,4.4035543521642184e-5
ctrl,YEM,Yemen,Low income,d_gov,-0.3440712770685357,0.09882028279097535,-3.4817880231765295,0.002114454008260615,-0.5377590313388474,-0.150383522798224
ctrl,YEM,Yemen,Low income,d_log_gdp,-0.024127618158922177,0.023015550182292368,-1.0483181139630287,0.3058729588233784,-0.06923809651621521,0.02098286019837086
ctrl,ZAF,South Africa,Upper middle income,(Intercept),0.005863366929639402,0.003401227642203495,1.7238972354819517,0.09814429659095834,-8.030392490794482e-4,0.012529773108358252
ctrl,ZAF,South Africa,Upper middle income,"L(dy, 1)",0.00437879174924076,0.2206008015700833,0.019849391833917016,0.9843347113865704,-0.42799877932812247,0.436756362826604
ctrl,ZAF,South Africa,Upper middle income,dd,-0.019664899167702428,0.04069274041715245,-0.4832532526959883,0.6334844461101861,-0.09942267038532124,0.060092872049916375
ctrl,ZAF,South Africa,Upper middle income,d_inf,-0.07083434276487369,0.1264122661127537,-0.5603439044569681,0.5806625807126753,-0.3186023843458709,0.17693369881612353
ctrl,ZAF,South Africa,Upper middle income,d_gov,-0.3485334766278926,0.34296453792684456,-1.01623765166717,0.320087911063426,-1.0207439709645079,0.3236770177087227
ctrl,ZAF,South Africa,Upper middle income,d_log_gdp,0.0841633445996761,0.09022288914974111,0.932838056870379,0.3605936584835431,-0.09267351813381648,0.2610002073331687
ctrl,ZMB,Zambia,Low income,(Intercept),-0.0012640216435242913,0.0023675015459657363,-0.5339053086061152,0.5985299277992928,-0.005904324673617135,0.003376281386568552
ctrl,ZMB,Zambia,Low income,"L(dy, 1)",0.3681095026940193,0.18764374765113917,1.961746699806891,0.06200535909401986,3.2775729778655727e-4,0.7358912480902521
ctrl,ZMB,Zambia,Low income,dd,5.859511308870475e-4,0.0033970220743880742,0.17248964477000003,0.8645614517878083,-0.006072212134913578,0.007244114396687673
ctrl,ZMB,Zambia,Low income,d_inf,-0.001915720439756049,0.012561724976878356,-0.15250456790625533,0.8801189500842048,-0.026536701394437628,0.022705260514925527
ctrl,ZMB,Zambia,Low income,d_gov,0.19712609089846211,0.11146841739897294,1.768447920031907,0.09024914338117038,-0.021352007203524842,0.41560418900044904
ctrl,ZMB,Zambia,Low income,d_log_gdp,0.026742167527485032,0.028001868226521322,0.9550136909135515,0.34950140767506743,-0.02814149419649676,0.08162582925146683
ctrl,ZWE,Zimbabwe,Low income,(Intercept),7.415187049510972e-4,6.451866781085484e-4,1.1493087661465036,0.2639879505074243,-5.230471841416578e-4,0.0020060845940438523
ctrl,ZWE,Zimbabwe,Low income,"L(dy, 1)",0.6716885630431303,0.2574797583574186,2.608704339821272,0.016807347943242318,0.1670282366625898,1.1763488894236707
ctrl,ZWE,Zimbabwe,Low income,dd,-0.003137149964565389,0.00418621409087044,-0.74940026870749,0.4623402794882131,-0.011342129582671452,0.005067829653540673
ctrl,ZWE,Zimbabwe,Low income,"L(dd, 1)",-0.007114491240946471,0.005304276057353823,-1.341274693100291,0.19486513742783065,-0.017510872313359963,0.0032818898314670225
ctrl,ZWE,Zimbabwe,Low income,d_inf,0.011785826569136213,0.0021026155837057204,5.605316854146242,1.7383851078538515e-5,0.007664700025073001,0.015906953113199424
ctrl,ZWE,Zimbabwe,Low income,"L(d_inf, 1)",0.004295922315934663,0.0025531302922440734,1.6826099040009286,0.10799812860503383,-7.082130568637213e-4,0.009300057688733047
ctrl,ZWE,Zimbabwe,Low income,d_gov,0.004217926934465086,0.015551148612758064,0.2712292859837199,0.788994425802413,-0.02626232434654072,0.034698178215470894
ctrl,ZWE,Zimbabwe,Low income,d_log_gdp,-0.0016090052781366586,0.0032385904836727103,-0.4968227030396176,0.6247311229915451,-0.007956642626135171,0.004738632069861854
ctrl,ZWE,Zimbabwe,Low income,"L(d_log_gdp, 1)",0.0021539669226070196,0.0015859905121378937,1.358120938380332,0.18955006165431823,-9.545744811832522e-4,0.005262508326397292
ext,AGO,Angola,Lower middle income,(Intercept),5.174673409900978e-4,7.335512774758118e-4,0.7054276325040697,0.49135471384178253,-9.202931628624933e-4,0.0019552278448426888
ext,AGO,Angola,Lower middle income,"L(dy, 1)",0.5478084293484082,0.1241830292652534,4.411298649981362,5.05346072232494e-4,0.30440969198851153,0.7912071667083049
ext,AGO,Angola,Lower middle income,dd,0.002850743097593518,0.0037100431634113544,0.76838542626881,0.45418633976327627,-0.004420941502692736,0.010122427697879773
ext,AGO,Angola,Lower middle income,"L(dd, 1)",0.005556125720806683,0.004428005604294278,1.2547693515605207,0.22876155830743122,-0.003122765263610103,0.01423501670522347
ext,AGO,Angola,Lower middle income,d_inf,5.23960536890727e-5,8.00241485004008e-5,0.6547530298158721,0.5225409200434505,-1.0445127737171284e-4,2.0924338474985826e-4
ext,AGO,Angola,Lower middle income,"L(d_inf, 1)",1.795396744853031e-4,9.700024009696462e-5,1.8509198977840606,0.08397275027281144,-1.0580796104747551e-5,3.6966014507535376e-4
ext,AGO,Angola,Lower middle income,d_gov,0.013024464494381912,0.018821088796605382,0.6920144012460658,0.4995009898004904,-0.023864869546964637,0.04991379853572846
ext,AGO,Angola,Lower middle income,"L(d_gov, 1)",0.046975923041132496,0.019874550124291634,2.3636219560872602,0.03201832818443707,0.008021804797520897,0.0859300412847441
ext,AGO,Angola,Lower middle income,d_mil,0.021757776294412372,0.0186544318836597,1.1663596313255211,0.2616791174997042,-0.014804910197560642,0.05832046278638539
ext,AGO,Angola,Lower middle income,"L(d_mil, 1)",0.02017163679565618,0.014418621702869651,1.398998961991044,0.18215036637584936,-0.008088861741968337,0.048432135333280696
ext,AGO,Angola,Lower middle income,d_trade,-0.027917091780852932,0.009723282519507678,-2.871159171282258,0.011656429901078397,-0.046974725519087976,-0.008859458042617886
ext,AGO,Angola,Lower middle income,"L(d_trade, 1)",-0.01138127340356373,0.009421574098191924,-1.2080012623100729,0.2457482071309911,-0.0298475586360199,0.007085011828892441
ext,AGO,Angola,Lower middle income,d_log_gdp,-0.004184799872589313,0.006884950243395476,-0.6078184626829605,0.5523999493416792,-0.017679302349644446,0.009309702604465819
ext,AGO,Angola,Lower middle income,"L(d_log_gdp, 1)",0.01051805549953507,0.008184397110091607,1.2851350390325014,0.21823481237657816,-0.005523362836244479,0.026559473835314616
ext,ALB,Albania,Lower middle income,(Intercept),0.002717059118791434,0.0023058484794393898,1.1783337643469185,0.25400711856959046,-0.0018024039009097697,0.007236522138492638
ext,ALB,Albania,Lower middle income,"L(dy, 1)",-0.07430743852856156,0.2812725947924065,-0.2641830021990028,0.7946399437557568,-0.6256017243216784,0.4769868472645552
ext,ALB,Albania,Lower middle income,dd,0.034064716276798405,0.020336401435874975,1.6750611647892448,0.1112072248100577,-0.005794630537516547,0.07392406309111335
ext,ALB,Albania,Lower middle income,"L(dd, 1)",-0.02216651752422938,0.01884885284202796,-1.1760141431421176,0.25490938515053824,-0.05911026909460418,0.014777234046145421
ext,ALB,Albania,Lower middle income,d_inf,-0.0010878087863544078,0.0037670766086888735,-0.28876736508234124,0.7760586343485308,-0.0084712789393846,0.006295661366675784
ext,ALB,Albania,Lower middle income,d_gov,-0.0016662624865408436,0.05677328142337639,-0.029349413047221898,0.9769088853743049,-0.11294189407635856,0.10960936910327689
ext,ALB,Albania,Lower middle income,d_mil,-0.085293088486854865,0.3454082157277855,-0.24693416254485945,0.8077535825661942,-0.7622931913133145,0.5917070143396047
ext,ALB,Albania,Lower middle income,d_trade,0.0031277234524884844,0.03988894585915025,0.07841078236393169,0.9383663944369833,-0.075054610431446,0.08131005733642298
ext,ALB,Albania,Lower middle income,"L(d_trade, 1)",-0.04472898288592122,0.03301010348130296,-1.3550088660356934,0.19217743107022467,-0.10942878570927503,0.019970819937432584
ext,ALB,Albania,Lower middle income,d_log_gdp,0.007415838643123848,0.02363309076943977,0.3137904692818832,0.757287571781507,-0.0389050192649781,0.053736696551225795
ext,ALB,Albania,Lower middle income,"L(d_log_gdp, 1)",-0.0385984457576912,0.029895153134167338,-1.2911272133132785,0.21299565141523424,-0.09719294590065918,0.019996054385276782
ext,ARG,Argentina,Upper middle income,(Intercept),-0.0038373792302530707,0.0040198534871439175,-0.9546067394061932,0.35117325715852843,-0.011716292065055148,0.004041533604549008
ext,ARG,Argentina,Upper middle income,"L(dy, 1)",-0.39047389527232257,0.21245183695261557,-1.8379407816530782,0.08097289771566915,-0.8068794956994492,0.025931705154803975
ext,ARG,Argentina,Upper middle income,dd,0.03509031364553816,0.02147495173553369,1.6340112926761887,0.11790004268255025,-0.007000591756107864,0.0771812190471842
ext,ARG,Argentina,Upper middle income,d_inf,-6.843515999152152e-4,0.001003151805200125,-0.6822014338883532,0.5029367433464313,-0.0026505291381074604,0.0012818259382770297
ext,ARG,Argentina,Upper middle income,d_gov,0.0271861009122363,0.16576304145145818,0.16400580415386165,0.8713726752231337,-0.29770946033262174,0.3520816621570943
ext,ARG,Argentina,Upper middle income,d_mil,5.373446264401435,6.071070325307274,0.8850904332308932,0.38662553543159195,-6.525851573200821,17.272744102003692
ext,ARG,Argentina,Upper middle income,d_trade,0.050315563565101556,0.2572206458023294,0.19561246107658245,0.8468872183022282,-0.453836902207464,0.5544680293376671
ext,ARG,Argentina,Upper middle income,"L(d_trade, 1)",-0.30289752602700337,0.16510721619848434,-1.8345504999785947,0.08149325003197931,-0.6265076697760327,0.020712617722025928
ext,ARG,Argentina,Upper middle income,d_log_gdp,0.009767579271112046,0.056909124452573796,0.17163467835903937,0.8654494792767174,-0.1017743046559326,0.12130946319815669
ext,AUS,Australia,High income,(Intercept),0.0037375270829430544,0.003058672350409095,1.2219442472951256,0.2612761784269694,-0.0022574707238587717,0.009732524889744881
ext,AUS,Australia,High income,"L(dy, 1)",-0.2841214771160048,0.201807311184013,-1.4078849544600278,0.20199042700487052,-0.6796638070366703,0.11142085280466069
ext,AUS,Australia,High income,"L(dy, 2)",0.4121192352761184,0.15619596128432264,2.6384756167026624,0.03349756806921872,0.10597515115884598,0.7182633193933907
ext,AUS,Australia,High income,dd,0.0390779359188692,0.018103266438541606,2.15861242784743,0.06774659499316069,0.0035955336993276493,0.07456033813841074
ext,AUS,Australia,High income,"L(dd, 1)",-0.04587407266594221,0.025126600072189982,-1.825717468107253,0.11063768401762727,-0.09512220880743458,0.0033740634755501514
ext,AUS,Australia,High income,"L(dd, 2)",-0.004786240510374867,0.014001374327760377,-0.34184076493728466,0.7425037683073716,-0.032228934192785205,0.02265645317203547
ext,AUS,Australia,High income,d_inf,0.12356353838719916,0.0797361353058963,1.5496554719283209,0.1651566726619296,-0.032719286812357584,0.2798463635867559
ext,AUS,Australia,High income,"L(d_inf, 1)",-0.026476303594490214,0.06244776345244591,-0.42397520953095413,0.6843085155742159,-0.14887391996128418,0.09592131277230377
ext,AUS,Australia,High income,"L(d_inf, 2)",-0.1425614124938914,0.05398152376333686,-2.6409297580946793,0.03337838010561744,-0.24836519907003163,-0.036757625917751155
ext,AUS,Australia,High income,d_gov,-0.2063330039148124,0.24268664718594868,-0.8502033643273262,0.4233355579479532,-0.6819988323992718,0.26933282456964697
ext,AUS,Australia,High income,"L(d_gov, 1)",-0.19924945479034417,0.188695191487635,-1.0559328683444527,0.3260737651681706,-0.5690920301061088,0.17059312052542042
ext,AUS,Australia,High income,"L(d_gov, 2)",-1.0070614738489805,0.35145960444487545,-2.8653690526955926,0.02415140204025085,-1.6959222985609363,-0.3182006491370246
ext,AUS,Australia,High income,d_mil,-11.872465457738592,3.800885562098129,-3.1236050819653896,0.0167589468475355,-19.322201159450927,-4.422729756026259
ext,AUS,Australia,High income,"L(d_mil, 1)",12.345012332383188,2.859994405773546,4.316446321524961,0.003495373033767816,6.739423297067039,17.95060136769934
ext,AUS,Australia,High income,"L(d_mil, 2)",-4.749583691116193,3.4742952642117233,-1.3670639165418825,0.2138847313399428,-11.55920240897117,2.0600350267387846
ext,AUS,Australia,High income,d_trade,-0.133089034118874,0.03738900005468606,-3.55957725331554,0.009224657612316296,-0.20637147422605867,-0.05980659401168931
ext,AUS,Australia,High income,"L(d_trade, 1)",0.08510594623597104,0.05396479611739995,1.5770641669955312,0.1587866834759449,-0.020665054154132875,0.19087694662607496
ext,AUS,Australia,High income,"L(d_trade, 2)",-0.013300727509094881,0.03155974811565317,-0.4214459336099047,0.6860692341784673,-0.0751578338157751,0.048556378797585335
ext,AUS,Australia,High income,d_log_gdp,0.03442044693803934,0.04536692614653518,0.7587123453517942,0.47279261990085963,-0.05449872830916961,0.1233396221852483
ext,AUS,Australia,High income,"L(d_log_gdp, 1)",0.0362426078431941,0.07709668833330263,0.4700929265147018,0.6525822542552088,-0.11486690129007904,0.18735211697646725
ext,AUS,Australia,High income,"L(d_log_gdp, 2)",-0.111736674938182,0.09879978114593627,-1.130940510618508,0.29533400328232645,-0.3053842459842171,0.08191089610785308
ext,AUT,Austria,High income,(Intercept),-5.330372653679692e-4,0.0018440109114138536,-0.2890640516651146,0.7758352150665905,-0.0041472986517391225,0.0030812241210031836
ext,AUT,Austria,High income,"L(dy, 1)",-0.47006979987710334,0.143301302785674,-3.280289786200721,0.004158280045686542,-0.7509403533370244,-0.18919924641718233
ext,AUT,Austria,High income,dd,0.02593155819720267,0.017019893743650316,1.523602825480451,0.14498416961739297,-0.007427433540351948,0.05929054993475729
ext,AUT,Austria,High income,d_inf,0.04786107055189153,0.15461365263988355,0.30955268008166487,0.760456006997704,-0.25518168862228024,0.3509038297260633
ext,AUT,Austria,High income,d_gov,0.1328006490410328,0.18287505728441625,0.7261824056984149,0.47706439758216923,-0.22563446323642303,0.4912357613184887
ext,AUT,Austria,High income,"L(d_gov, 1)",-0.3694911534447843,0.18219353465810484,-2.0280146281708222,0.05762350124128129,-0.72659048137466975,-0.012391825514898813
ext,AUT,Austria,High income,d_mil,5.956157439845078,2.8756639339553924,2.0712286194209613,0.05298710154590444,0.31985612929250884,11.592458750397647
ext,AUT,Austria,High income,"L(d_mil, 1)",-4.301096380054955,2.504930171128422,-1.7170524071405133,0.10312661252171537,-9.210759515466663,0.608566755356752
ext,AUT,Austria,High income,d_trade,0.028762792532218518,0.012262736044854596,2.345544454925073,0.030657601409668465,0.004727829884303512,0.05279775518013352
ext,AUT,Austria,High income,"L(d_trade, 1)",-0.02709472356088813,0.012517198002188493,-2.164599741583613,0.0441042530092435,-0.051628431645177573,-0.002561015476598684
ext,AUT,Austria,High income,d_log_gdp,0.03055937155912034,0.042342022634284715,0.7217267777467046,0.47973373799128505,-0.0524309928040777,0.11354973592231837
ext,BEL,Belgium,High income,(Intercept),0.0025479665592251233,0.0012919296040608966,1.9722177982578546,0.06331910546708155,1.5784535265765762e-5,0.005080148583184481
ext,BEL,Belgium,High income,"L(dy, 1)",-0.18527179297331736,0.16224232992844073,-1.1419448491342186,0.26766467795259774,-0.5032667596330611,0.13272317368642644
ext,BEL,Belgium,High income,dd,-0.05816073044731852,0.02586956095087796,-2.2482302872382016,0.03662485456234051,-0.10886506991103932,-0.007456390983597724
ext,BEL,Belgium,High income,d_inf,-0.10608344802903637,0.10387520320667488,-1.0212586329960565,0.31996021071583125,-0.3096788463141191,0.0975119502560464
ext,BEL,Belgium,High income,d_gov,-0.1426956180198536,0.11425542731944037,-1.2489176345286328,0.22686433976265358,-0.3666362555659567,0.08124501952624955
ext,BEL,Belgium,High income,d_mil,0.8997493039642722,0.9078522971889486,0.9910745467629853,0.3341037692718746,-0.8796411985260669,2.6791398064546113
ext,BEL,Belgium,High income,"L(d_mil, 1)",-1.2924707852768778,0.8383094784532428,-1.5417585253379265,0.13962320430890135,-2.9355573630452336,0.3506157924914781
ext,BEL,Belgium,High income,d_trade,0.007918492189826655,0.004845340228785579,1.6342489517627374,0.11866708313604372,-0.0015783746585930798,0.01741535903824639
ext,BEL,Belgium,High income,d_log_gdp,-0.08754585604753776,0.02848676365185048,-3.0732117244863244,0.006257518414127114,-0.1433799128051647,-0.031711799289910816
ext,BEL,Belgium,High income,"L(d_log_gdp, 1)",-0.09430069978973973,0.026239110578740874,-3.593898486259777,0.0019351229470352459,-0.14572935652407185,-0.04287204305540762
ext,BFA,Burkina Faso,Low income,(Intercept),-0.004328316073781732,0.0036267587170177285,-1.1934392143243793,0.24738686801105148,-0.011436763159136481,0.002780131011573016
ext,BFA,Burkina Faso,Low income,"L(dy, 1)",0.7407621412676282,0.21433207347597374,3.4561422807803255,0.002645840811454647,0.32067127725471967,1.1608530052805368
ext,BFA,Burkina Faso,Low income,dd,0.021008350705817896,0.01539575180503389,1.3645550390692112,0.1883374973426168,-0.009167322832048526,0.05118402424368432
ext,BFA,Burkina Faso,Low income,d_inf,-0.07916419568266227,0.047268553849299656,-1.674775072134668,0.1103595942738205,-0.1718105612272896,0.013482169861965057
ext,BFA,Burkina Faso,Low income,d_gov,-0.050311730495373824,0.2334438461424098,-0.21551962635451832,0.8316588921997797,-0.507861668934497,0.4072382079437493
ext,BFA,Burkina Faso,Low income,"L(d_gov, 1)",0.6121413810447897,0.3769347139340697,1.6239984231111715,0.12085043331267574,-0.12665065826598687,1.3509334203555663
ext,BFA,Burkina Faso,Low income,d_mil,-1.9821859209356394,1.3070577848615255,-1.5165250870263853,0.14584854259077668,-4.544019179264229,0.5796473373929503
ext,BFA,Burkina Faso,Low income,d_trade,0.053349186497377056,0.07796123654390862,0.68430400622661,0.5020454461892849,-0.09945483712868383,0.20615321012343793
ext,BFA,Burkina Faso,Low income,d_log_gdp,-0.023397219612156153,0.06859421306384142,-0.3410961153585958,0.7367742685191269,-0.15784187721728535,0.11104743799297304
ext,BFA,Burkina Faso,Low income,"L(d_log_gdp, 1)",0.09768744788988899,0.08137131287660833,1.2005145847655487,0.24469381461604414,-0.06180032534826334,0.2571752211280413
ext,BGD,Bangladesh,Low income,(Intercept),0.005031073377468633,0.0018290549947781332,2.750640845590818,0.013154342593506101,0.0014461255877034921,0.008616021167233773
ext,BGD,Bangladesh,Low income,"L(dy, 1)",0.20077320889342098,0.18785030102818734,1.0687936500207926,0.29928706868921695,-0.1674133811218262,0.5689597989086681
ext,BGD,Bangladesh,Low income,dd,0.020364760642161334,0.018397604352301263,1.106924589321001,0.2829006444488347,-0.015694543888349143,0.05642406517267181
ext,BGD,Bangladesh,Low income,"L(dd, 1)",0.02255964102102381,0.017930656465785132,1.2581603503514553,0.2244102197016331,-0.012584445651915046,0.05770372769396266
ext,BGD,Bangladesh,Low income,d_inf,0.002466111619192722,0.012862512844412272,0.19172860303607386,0.8501010578009183,-0.022744413555855332,0.027676636794240775
ext,BGD,Bangladesh,Low income,d_gov,0.11062546583290482,0.14579990958731076,0.7587485214910775,0.4578240745190003,-0.17514235695822428,0.39639328862403395
ext,BGD,Bangladesh,Low income,"L(d_gov, 1)",0.31428952253701126,0.17135344506277916,1.834159344866771,0.08321680791064649,-0.02156322978603592,0.6501422748600585
ext,BGD,Bangladesh,Low income,d_mil,1.8820188265131035,1.1403062203105931,1.6504503728835969,0.11619077262214571,-0.35298136529565904,4.117019018321866
ext,BGD,Bangladesh,Low income,"L(d_mil, 1)",1.3449171895731642,1.17698497136421,1.1426800021195758,0.26814336474263245,-0.9619733543006872,3.651807733447016
ext,BGD,Bangladesh,Low income,d_trade,0.09799500366350991,0.06126661241245478,1.5994846100482076,0.12711789165623896,-0.022087556664901448,0.21807756399192127
ext,BGD,Bangladesh,Low income,d_log_gdp,-0.06498542084606297,0.024204150122328866,-2.684887530345983,0.015129182545613773,-0.11242555508582755,-0.017545286606298394
ext,BGR,Bulgaria,Lower middle income,(Intercept),0.005508765715782807,0.00196888498373289,2.7979113870524377,0.012359599795840302,0.0016497511476663423,0.009367780283899271
ext,BGR,Bulgaria,Lower middle income,"L(dy, 1)",0.11933090326034558,0.12025490766576716,0.9923162852697062,0.3349583778529901,-0.11636871576455805,0.35503052228524923
ext,BGR,Bulgaria,Lower middle income,dd,-0.004109639322656447,0.007726336673693132,-0.5319001094851422,0.6016777849274941,-0.019253259203094987,0.011033980557782092
ext,BGR,Bulgaria,Lower middle income,"L(dd, 1)",0.012379903887823545,0.0068489082613551145,1.807573326347063,0.08840087188416297,-0.0010439563044324796,0.025803764080079568
ext,BGR,Bulgaria,Lower middle income,"L(dd, 2)",0.05092424191277965,0.00927171703609688,5.492428394279089,3.9643609007805414e-5,0.032751676522029774,0.06909680730352953
ext,BGR,Bulgaria,Lower middle income,d_inf,0.004131695772825784,0.001280790986799166,3.225893854196565,0.004963053620056216,0.0016213454386994185,0.006642046106952149
ext,BGR,Bulgaria,Lower middle income,d_gov,-0.2890294717292237,0.0713303897731164,-4.0519822287324105,8.284805971225333e-4,-0.42883703568453185,-0.14922190777391559
ext,BGR,Bulgaria,Lower middle income,"L(d_gov, 1)",0.1248789725988287,0.06143224001993969,2.032792106527378,0.05799575367255314,0.004471782159746918,0.24528616303791048
ext,BGR,Bulgaria,Lower middle income,d_mil,-1.6616399926744303,0.48035727143776824,-3.4591752669860454,0.002997913980572897,-2.6031402446924563,-0.7201397406564045
ext,BGR,Bulgaria,Lower middle income,d_trade,-0.06294970151859891,0.024669900200649894,-2.5516804286439956,0.02063834584188265,-0.1113027059118727,-0.014596697125325117
ext,BGR,Bulgaria,Lower middle income,d_log_gdp,0.05994726155502186,0.03098361183206983,1.9348054668362766,0.06983254690137276,-7.806176358350139e-4,0.12067514074587873
ext,BHR,Bahrain,High income,(Intercept),-0.003482628032146135,9.941037870581579e-4,-3.503284141439843,0.004355442977242358,-0.005431071454780124,-0.0015341846095121455
ext,BHR,Bahrain,High income,"L(dy, 1)",0.32932518284056567,0.07171699931051849,4.592010067441077,6.194279676672541e-4,0.18875986419194943,0.4698905014891819
ext,BHR,Bahrain,High income,dd,0.0022772854841237485,0.0034923105810528736,0.6520856124535135,0.5266392883506114,-0.004567643254739883,0.00912221422298738
ext,BHR,Bahrain,High income,"L(dd, 1)",0.026462115715685977,0.0037241970209461427,7.105455368460395,1.2382909604649027e-5,0.01916268955463154,0.033761541876740415
ext,BHR,Bahrain,High income,"L(dd, 2)",0.008264245547152506,0.0036343044406899035,2.2739552181224796,0.04213594245190294,0.0011410088434002947,0.015387482250904716
ext,BHR,Bahrain,High income,d_inf,-0.09000017194856194,0.015185752786897933,-5.926619062718636,6.960273325472154e-5,-0.11976424741088189,-0.060236096486241994
ext,BHR,Bahrain,High income,"L(d_inf, 1)",-0.03623294582277841,0.013347545023260025,-2.7145775316462517,0.018795496210920037,-0.06239413406836806,-0.010071757577188763
ext,BHR,Bahrain,High income,d_gov,0.23218512892975066,0.06520641189573716,3.5607714361128595,0.003918282670117284,0.10438056161410583,0.35998969624539545
ext,BHR,Bahrain,High income,"L(d_gov, 1)",0.2589600426634602,0.0727132892355431,3.5613853449071797,0.003913863967330021,0.1164419957617957,0.40147808956512465
ext,BHR,Bahrain,High income,d_mil,-0.90931929219143,0.24056966148512027,-3.7798585514810368,0.002624253963323838,-1.3808358287022657,-0.43780275568059435
ext,BHR,Bahrain,High income,"L(d_mil, 1)",0.25338768047043153,0.28119529388852066,0.9011092503236793,0.3852587739480786,-0.297755095551069,0.804530456491932
ext,BHR,Bahrain,High income,"L(d_mil, 2)",0.43350452658604394,0.21788800806162112,1.9895749676294443,0.06992137894603132,0.0064440307852665635,0.8605650223868213
ext,BHR,Bahrain,High income,d_trade,0.03354097133269256,0.0042060328978584605,7.97449096267655,3.884807319305418e-6,0.025297146852889973,0.04178479581249514
ext,BHR,Bahrain,High income,"L(d_trade, 1)",0.011392310725684782,0.004758636765420799,2.3940282243159143,0.03388558109053913,0.0020653826654600162,0.020719238785909547
ext,BHR,Bahrain,High income,d_log_gdp,0.03738869817422972,0.01293807060303526,2.889820230650029,0.013580662293933269,0.012030079792280608,0.06274731655617882
ext,BHR,Bahrain,High income,"L(d_log_gdp, 1)",-0.01743766448491374,0.00968045128818317,-1.8013276412226487,0.09681349006027365,-0.03641134900975275,0.001536020039925274
ext,BOL,Bolivia,Lower middle income,(Intercept),0.0011606878266645715,0.0018846345418379552,0.615868912989694,0.5456907699732969,-0.0025331958753378207,0.004854571528666964
ext,BOL,Bolivia,Lower middle income,"L(dy, 1)",-0.08838153369469527,0.2016984319778598,-0.438186518497064,0.6664644794628094,-0.48371046037130044,0.30694739298190993
ext,BOL,Bolivia,Lower middle income,dd,-0.028472807708083622,0.011672514525264589,-2.4393036861471122,0.025295930661009793,-0.05135093617760222,-0.005594679238565027
ext,BOL,Bolivia,Lower middle income,"L(dd, 1)",0.016883475592332386,0.011227162316193773,1.50380613701292,0.14997482636743148,-0.0051217625474074095,0.038888713732072186
ext,BOL,Bolivia,Lower middle income,d_inf,-0.021241177653921542,0.02573717326895559,-0.8253112116062428,0.4199989506809373,-0.0716860372610745,0.029203681953231413
ext,BOL,Bolivia,Lower middle income,d_gov,-0.04320086040033305,0.08592612151425053,-0.5027674895481969,0.6212235911705399,-0.21161605856826407,0.12521433776759797
ext,BOL,Bolivia,Lower middle income,d_mil,0.7610475900845333,0.4407548052918678,1.726691532224062,0.10134476577629804,-0.10283182828752757,1.624927008456594
ext,BOL,Bolivia,Lower middle income,"L(d_mil, 1)",-0.5129704666384944,0.35176336499792493,-1.4582828050940453,0.16199112239071364,-1.2024266620344273,0.1764857287574384
ext,BOL,Bolivia,Lower middle income,d_trade,-0.06802671078721621,0.029087809930024744,-2.338667330089995,0.031089934541558947,-0.12503881825006471,-0.011014603324367718
ext,BOL,Bolivia,Lower middle income,d_log_gdp,0.021045835872767586,0.03635910277982495,0.5788326516254291,0.5698751223565759,-0.05021800557568932,0.0923096773212245
ext,BOL,Bolivia,Lower middle income,"L(d_log_gdp, 1)",-0.0674691819691568,0.036967373305343866,-1.8251007831114607,0.08462693004247084,-0.13992523364763076,0.004986869709317179
ext,BRA,Brazil,Upper middle income,(Intercept),-0.0011636005117037437,0.002582950768835849,-0.4504927177641041,0.6659770797019109,-0.006226184018622007,0.00389898299521452
ext,BRA,Brazil,Upper middle income,"L(dy, 1)",0.1654626903838324,0.26248813300370866,0.6303625557864538,0.5484751235714507,-0.3490140503034366,0.6799394310711014
ext,BRA,Brazil,Upper middle income,"L(dy, 2)",-0.3262337296128786,0.26885041389877773,-1.2134395661957422,0.26431273025318247,-0.853180540854483,0.20071308162872575
ext,BRA,Brazil,Upper middle income,dd,0.03128130893620804,0.03135735607745284,0.9975748229201161,0.35171259367894836,-0.03017910897559952,0.0927417268480156
ext,BRA,Brazil,Upper middle income,"L(dd, 1)",-0.024432092837685583,0.03616505032565017,-0.6755719297411581,0.5209974906446715,-0.09531559147595992,0.046451405800588756
ext,BRA,Brazil,Upper middle income,"L(dd, 2)",-0.008148957096274652,0.020425469295505417,-0.39896058094820924,0.7018129958753865,-0.04818287691546527,0.031884962722915966
ext,BRA,Brazil,Upper middle income,d_inf,-7.587919142426454e-4,0.0010306124130533946,-0.7362534204246319,0.48551194897123484,-0.002778792243827299,0.001261208415342008
ext,BRA,Brazil,Upper middle income,"L(d_inf, 1)",5.350619904042429e-4,9.872720659113278e-4,0.5419600218409295,0.6046605201797504,-0.0013999912587819596,0.0024701152395904453
ext,BRA,Brazil,Upper middle income,"L(d_inf, 2)",-0.001196235931597089,0.0011064961942653202,-1.0811026172497171,0.31548391449450747,-0.0033649684723571164,9.724966091629384e-4
ext,BRA,Brazil,Upper middle income,d_gov,0.18344510534431327,0.192432052577983,0.9532980752776217,0.3721895261973276,-0.1937217177085334,0.5606119283971599
ext,BRA,Brazil,Upper middle income,"L(d_gov, 1)",-0.3352962198438598,0.21853720512633223,-1.5342752262711121,0.16883342789886044,-0.763629141891471,0.09303670220375138
ext,BRA,Brazil,Upper middle income,"L(d_gov, 2)",-0.021322120318770947,0.13863188808490765,-0.15380386585885508,0.8821045706522982,-0.29304062096518996,0.25039638032764805
ext,BRA,Brazil,Upper middle income,d_mil,-0.7236867437419413,1.8973662205909874,-0.3814164792691044,0.714207507944537,-4.442524536100277,2.995151048616394
ext,BRA,Brazil,Upper middle income,"L(d_mil, 1)",1.2435937995406054,1.590589881822955,0.7818444048665382,0.459929198574333,-1.873962368832386,4.361149967913597
ext,BRA,Brazil,Upper middle income,"L(d_mil, 2)",-4.169306099030601,2.0388049410444418,-2.044975473178294,0.08012237278783012,-8.165363783477707,-0.1732484145834956
ext,BRA,Brazil,Upper middle income,d_trade,0.09810939262445935,0.17074085921872556,0.5746099268411052,0.5835414959568646,-0.23654269144424278,0.43276147669316145
ext,BRA,Brazil,Upper middle income,"L(d_trade, 1)",-0.20802148812177704,0.1632922729917206,-1.2739211985390413,0.24335497582833485,-0.5280743431855495,0.11203136694199536
ext,BRA,Brazil,Upper middle income,"L(d_trade, 2)",-0.09350513750850938,0.10790983311994298,-0.866511742304127,0.4149207675868303,-0.3050084104235976,0.11799813540657887
ext,BRA,Brazil,Upper middle income,d_log_gdp,0.0021151137118934306,0.06475023560265912,0.03266572997313648,0.9748530573762395,-0.12479534806931844,0.1290255754931053
ext,BRA,Brazil,Upper middle income,"L(d_log_gdp, 1)",0.09145636333264685,0.07195504234576672,1.2710209090444298,0.24432649280171517,-0.0495755196650559,0.2324882463303496
ext,BRA,Brazil,Upper middle income,"L(d_log_gdp, 2)",-0.08312170164830143,0.06962524916741063,-1.1938442252240882,0.2714225754801205,-0.21958719001642626,0.0533437867198234
ext,BWA,Botswana,Upper middle income,(Intercept),-5.771159515954016e-4,5.201136378069529e-4,-1.109595883754938,0.2817778606169447,-0.0015965386816970293,4.423067785062261e-4
ext,BWA,Botswana,Upper middle income,"L(dy, 1)",0.6812653510972835,0.0964765338759334,7.061461722633766,1.381465661513617e-6,0.492171344700454,0.870359357494113
ext,BWA,Botswana,Upper middle income,dd,-0.0028734922893705597,0.0019074091366073516,-1.5064897374254742,0.14929008026252816,-0.006612014197120968,8.650296183798493e-4
ext,BWA,Botswana,Upper middle income,d_inf,0.014311624878115159,0.006925727510026432,2.06644354075382,0.053483328838352384,7.371989584633518e-4,0.027886050797766966
ext,BWA,Botswana,Upper middle income,d_gov,0.02404551674944641,0.02912328134481132,0.8256458626606793,0.41981393884043927,-0.033036114686383775,0.0811271481852766
ext,BWA,Botswana,Upper middle income,"L(d_gov, 1)",-0.03693621994971014,0.02632706138837146,-1.4029754177587286,0.17763829363926945,-0.08853726027091821,0.014664820371497918
ext,BWA,Botswana,Upper middle income,d_mil,0.29646300723507857,0.10147202421062512,2.9216230733676047,0.009109531979571992,0.09757783978225334,0.4953481746879038
ext,BWA,Botswana,Upper middle income,d_trade,-0.009041716318924342,0.006554172213966674,-1.379535969417589,0.18462834601257327,-0.02188789385829902,0.003804461220450339
ext,BWA,Botswana,Upper middle income,"L(d_trade, 1)",-0.010247154535597687,0.006532105629912747,-1.5687368080320778,0.1341208993048689,-0.02305008157022667,0.0025557724990312967
ext,BWA,Botswana,Upper middle income,d_log_gdp,0.002626541006981837,0.008399719369489583,0.3126938998131602,0.7581070136655186,-0.013836908957217746,0.01908999097118142
ext,BWA,Botswana,Upper middle income,"L(d_log_gdp, 1)",-0.012395827393662084,0.009666530995680784,-1.2823449693794815,0.21599114139989894,-0.031342228145196424,0.006550573357872253
ext,CAN,Canada,High income,(Intercept),-1.3944071935423756e-4,0.001521303027458778,-0.09165874045959323,0.9280406007798236,-0.0031211946531734423,0.0028423132144649674
ext,CAN,Canada,High income,"L(dy, 1)",0.11617731377873564,0.2600037259915722,0.44682941883110333,0.6606383425400613,-0.3934299891647458,0.6257846167222171
ext,CAN,Canada,High income,dd,-0.0064776199851275815,0.02688462899688592,-0.24094139390496674,0.8124824226315147,-0.05917149281902399,0.046216252848768825
ext,CAN,Canada,High income,d_inf,0.19743065003109123,0.11792552620478812,1.6741977448397,0.11238905266610215,-0.03370338133029349,0.42856468139247594
ext,CAN,Canada,High income,"L(d_inf, 1)",-0.1171734161805278,0.0870021944264291,-1.3467869052384893,0.1957303094786429,-0.28769771725632887,0.053350884895273246
ext,CAN,Canada,High income,d_gov,-0.13410949111410952,0.2662399383278426,-0.5037166548204716,0.6209252909341672,-0.655939770236681,0.387720788008462
ext,CAN,Canada,High income,d_mil,1.0834111805433686,1.787298741868128,0.6061724070878945,0.5524091771114279,-2.4196943535181625,4.586516714604899
ext,CAN,Canada,High income,"L(d_mil, 1)",-2.501227024134713,1.1777433319998791,-2.1237454343192748,0.048666151268952317,-4.809603954854476,-0.19285009341494996
ext,CAN,Canada,High income,d_trade,0.060993410380325234,0.02449137182947363,2.490404000437574,0.02340270897709673,0.012990321594556924,0.10899649916609355
ext,CAN,Canada,High income,"L(d_trade, 1)",-0.03227790388390766,0.028706428704854917,-1.1244137755961516,0.2764642050795099,-0.08854250414542329,0.023986696377607974
ext,CAN,Canada,High income,d_log_gdp,-0.04801897582961828,0.06674151552786402,-0.7194768570931052,0.4816218188341781,-0.17883234626423175,0.08279439460499519
ext,CAN,Canada,High income,"L(d_log_gdp, 1)",0.0985569037049668,0.05206895531904877,1.8928150776420705,0.07553602872001942,-0.003498248720368788,0.20061205613030236
ext,CHE,Switzerland,High income,(Intercept),0.00497242958774321,0.002820053370830819,1.7632395326895096,0.09393652539174173,-5.548750190851959e-4,0.010499734194571616
ext,CHE,Switzerland,High income,"L(dy, 1)",0.19885135168786525,0.25244631090104147,0.7876975939086496,0.4405903578809044,-0.295943417678176,0.6936461210539066
ext,CHE,Switzerland,High income,dd,-0.05847065008854783,0.04087505643623668,-1.4304726448453842,0.16882229301584187,-0.1385857607035717,0.021644460526476055
ext,CHE,Switzerland,High income,d_inf,9.610489707870344e-4,0.22885524965498683,0.004199374811090739,0.9966931721604755,-0.44759524035298714,0.4495173382945612
ext,CHE,Switzerland,High income,"L(d_inf, 1)",-0.3283338994103926,0.21561000241341538,-1.5228138571272678,0.1442759374596954,-0.7509295041406867,0.09426170531990152
ext,CHE,Switzerland,High income,d_gov,-0.9390786363472906,0.5831095410934353,-1.6104669366005386,0.12378452573708472,-2.0819733368904236,0.20381606419584253
ext,CHE,Switzerland,High income,d_mil,0.06740004841442077,4.633722839077132,0.014545550253032481,0.9885463917398748,-9.014696716176758,9.149496813005598
ext,CHE,Switzerland,High income,d_trade,-0.011407352862393439,0.022052746001578895,-0.5172758468073189,0.6109334615188367,-0.05463073502548807,0.031816029300701196
ext,CHE,Switzerland,High income,d_log_gdp,-0.0915189985529024,0.06869095579414314,-1.332329671276836,0.19851232030545302,-0.22615327190942297,0.04311527480361817
ext,CHE,Switzerland,High income,"L(d_log_gdp, 1)",-0.11998798166576825,0.06518077648983944,-1.840849221617854,0.08131501792149995,-0.24774230358585358,0.007766340254317064
ext,CHL,Chile,Upper middle income,(Intercept),-0.009344501015399855,0.0023715309869189057,-3.9402820654434016,0.0011701762730536554,-0.01399270174976091,-0.0046963002810387995
ext,CHL,Chile,Upper middle income,"L(dy, 1)",0.17952074203500756,0.16801197581967453,1.0684996778306164,0.30115160912482064,-0.1497827305715545,0.5088242146415696
ext,CHL,Chile,Upper middle income,dd,0.03951380588109099,0.012989241273749348,3.042041105275837,0.00776689466593567,0.01405489298454227,0.06497271877763972
ext,CHL,Chile,Upper middle income,"L(dd, 1)",0.02868016554328635,0.016051638327935082,1.7867438175063735,0.09293822466102653,-0.0027810455794664117,0.06014137666603911
ext,CHL,Chile,Upper middle income,"L(dd, 2)",-0.03639744301546178,0.010599647759731887,-3.4338351462711656,0.003407906911780173,-0.05717275262453628,-0.015622133406387281
ext,CHL,Chile,Upper middle income,d_inf,0.1354821678525831,0.049137738906563616,2.757191740348597,0.0140251215125773,0.03917219959571841,0.2317921361094478
ext,CHL,Chile,Upper middle income,d_gov,0.0010972522446172025,0.16672692954686416,0.0065811338792080565,0.9948304111687086,-0.3256875296672365,0.32788203415647094
ext,CHL,Chile,Upper middle income,"L(d_gov, 1)",-0.4392437148212643,0.1709860471495403,-2.5688863047235206,0.020600693661254305,-0.7743763672343633,-0.10411106240816531
ext,CHL,Chile,Upper middle income,d_mil,-0.3216334198646731,1.3729951503174547,-0.23425677781185694,0.817756895334178,-3.012703914486884,2.369437074757538
ext,CHL,Chile,Upper middle income,d_trade,0.10628363148671612,0.0420490354616881,2.5276116400708815,0.022393237277256693,0.02386752198180743,0.1886997409916248
ext,CHL,Chile,Upper middle income,d_log_gdp,0.12744713854611012,0.04012719473124191,3.17607895093856,0.00586516368331938,0.04879783687287598,0.20609644021934426
ext,CHL,Chile,Upper middle income,"L(d_log_gdp, 1)",0.06380363871952417,0.05350816298472196,1.1924094411116646,0.2504857337617379,-0.041072360730530874,0.1686796381695792
ext,CHN,China,Lower middle income,(Intercept),-0.0041751712367960984,0.004245727313082611,-0.9833818634397211,0.3366144469652579,-0.012496796770438016,0.0041464542968458196
ext,CHN,China,Lower middle income,"L(dy, 1)",0.02133702721466982,0.19573501052794842,0.10900976354265028,0.914229676641325,-0.36230359342010904,0.40497764784944873
ext,CHN,China,Lower middle income,dd,0.04565363299589005,0.02540056939306017,1.7973468346092798,0.08667731944624507,-0.004131483014507879,0.09543874900628799
ext,CHN,China,Lower middle income,d_inf,0.034831445820961954,0.04606259717915419,0.7561763329473107,0.45794294606191266,-0.055451244650180254,0.12511413629210416
ext,CHN,China,Lower middle income,d_gov,0.0458092986621777,0.09904071558314256,0.46252996449446865,0.6484580276479666,-0.1483105038807817,0.2399291012051371
ext,CHN,China,Lower middle income,d_mil,0.2813668655027008,1.1519696724020103,0.24424850084465624,0.8094089104812668,-1.9764936924052394,2.539227423410641
ext,CHN,China,Lower middle income,d_trade,0.11744646683027352,0.10178969013423063,1.153814955870248,0.26153912264670554,-0.0820613258328185,0.31695425949336553
ext,CHN,China,Lower middle income,d_log_gdp,0.08268894885759294,0.05277128743750791,1.5669306714473037,0.13207661555476508,-0.02074277451992257,0.18612067223510845
ext,CMR,Cameroon,Lower middle income,(Intercept),-3.3695785898655493e-4,5.537176034811408e-4,-0.6085373787435159,0.5493575138455702,-0.001422244361809591,7.48328643836481e-4
ext,CMR,Cameroon,Lower middle income,"L(dy, 1)",0.7874545714857434,0.1453995329572876,5.415798493087768,2.2609188360394244e-5,0.5024714868894598,1.072437656082027
ext,CMR,Cameroon,Lower middle income,dd,-0.0018257682507857324,0.002173897915704075,-0.8398592397538633,0.41044744170070147,-0.006086608165565719,0.002435071663994254
ext,CMR,Cameroon,Lower middle income,d_inf,3.704486639505326e-4,0.004108781621643695,0.09016022219315144,0.929014306910507,-0.007682763314471109,0.008423660642372174
ext,CMR,Cameroon,Lower middle income,d_gov,-0.0402935138486858,0.08006191022191111,-0.5032794463310017,0.6200059507515432,-0.19721485788363158,0.11662783018626
ext,CMR,Cameroon,Lower middle income,d_mil,-0.4741276874534667,0.6052045205694149,-0.7834172933926158,0.4421286328369838,-1.6603285477695198,0.7120731728625865
ext,CMR,Cameroon,Lower middle income,d_trade,-5.651638755372224e-4,0.010317144024157596,-0.054779101097541236,0.9568322659753634,-0.020786766162886113,0.019656438411811666
ext,CMR,Cameroon,Lower middle income,d_log_gdp,-0.02402913481780131,0.02294834914995087,-1.0470964451860256,0.3069580511894393,-0.06900789915170502,0.020949629516102398
ext,COL,Colombia,Lower middle income,(Intercept),-0.013526504555739347,0.0051780355904006625,-2.6122849717015373,0.031019991235418393,-0.023675454312924643,-0.003377554798554049
ext,COL,Colombia,Lower middle income,"L(dy, 1)",-0.46176032159187647,0.1563999713413682,-2.9524322647349464,0.01835730438658336,-0.7683042654209582,-0.1552163777627948
ext,COL,Colombia,Lower middle income,dd,-0.03491323370353782,0.012110302640157234,-2.882936516199609,0.020419290476893566,-0.058649426878245994,-0.011177040528829642
ext,COL,Colombia,Lower middle income,"L(dd, 1)",0.03659715590585286,0.019466652052053363,1.8799922969801348,0.09690667180509162,-0.0015574821161717309,0.07475179392787745
ext,COL,Colombia,Lower middle income,"L(dd, 2)",0.028319856516807785,0.01820340540396139,1.5557449767418172,0.15837931781481587,-0.007358818074956541,0.06399853110857211
ext,COL,Colombia,Lower middle income,d_inf,0.0807201259243543,0.03989187485552249,2.023472855479985,0.07763933392414614,0.0025320512075302365,0.1589082006411784
ext,COL,Colombia,Lower middle income,"L(d_inf, 1)",0.09083017285438308,0.04005467916285337,2.2676544851373768,0.053084406073808106,0.012323001695190475,0.1693373440135757
ext,COL,Colombia,Lower middle income,"L(d_inf, 2)",0.1495233453041908,0.030962220540246593,4.829219051321956,0.0013059302692655242,0.0888373930453075,0.21020929756307413
ext,COL,Colombia,Lower middle income,d_gov,0.9778609101104534,0.5522842895077623,1.7705752792316387,0.11458560232795767,-0.10461629732476063,2.060338117545667
ext,COL,Colombia,Lower middle income,"L(d_gov, 1)",0.12357305470389227,0.6084308391853703,0.20310123475881756,0.8441265525810959,-1.0689513900994336,1.316097499507218
ext,COL,Colombia,Lower middle income,"L(d_gov, 2)",0.40244385021218937,0.45700484470223657,0.8806117809853927,0.4042060531098517,-0.49328564540419434,1.2981733458285731
ext,COL,Colombia,Lower middle income,d_mil,3.5794320175713397,0.9955748828321969,3.595341826411514,0.0070297036163583645,1.6281052472202338,5.530758787922446
ext,COL,Colombia,Lower middle income,"L(d_mil, 1)",2.529178413586808,0.7881508146982052,3.209003107552795,0.012442913375307089,0.9844028167783256,4.0739540103952905
ext,COL,Colombia,Lower middle income,"L(d_mil, 2)",0.04205603088804395,0.4922909895205312,0.08542921114401178,0.9340194909484172,-0.9228343085721971,1.006946370348285
ext,COL,Colombia,Lower middle income,d_trade,0.15725646265049423,0.1531936407013201,1.0265208263905377,0.3346805814695251,-0.1430030731240932,0.4575159984250816
ext,COL,Colombia,Lower middle income,"L(d_trade, 1)",0.24264994325028594,0.17623958992037989,1.3768185874689585,0.20586582820928567,-0.10277965299365865,0.5880795394942305
ext,COL,Colombia,Lower middle income,"L(d_trade, 2)",-0.08358462593606761,0.16696598648316466,-0.5006087029857158,0.6301262504598204,-0.41083795944307033,0.2436687075709351
ext,COL,Colombia,Lower middle income,d_log_gdp,0.2315217277675,0.12215433433409223,1.8953214311191597,0.0946473703167174,-0.007900767527320773,0.47094422306232075
ext,COL,Colombia,Lower middle income,"L(d_log_gdp, 1)",-0.03978801306167886,0.14097842238503386,-0.2822276798715455,0.7849328154534503,-0.3161057209363452,0.2365296948129875
ext,COL,Colombia,Lower middle income,"L(d_log_gdp, 2)",-0.14525750834327175,0.10301494394491928,-1.41006248977759,0.1961948040873843,-0.3471667984753135,0.056651781788770034
ext,CYP,Cyprus,High income,(Intercept),-0.0070337874200546695,0.0060299042231729385,-1.1664841031842272,0.2571403234838075,-0.018852399697473626,0.004784824857364289
ext,CYP,Cyprus,High income,"L(dy, 1)",-0.2869348260501731,0.23198041850533127,-1.2368924407452904,0.23045463876747674,-0.7416164463206224,0.16774679422027616
ext,CYP,Cyprus,High income,dd,0.13705986890985464,0.07608912774558908,1.8013068748550618,0.08675207315877131,-0.012074821471499964,0.28619455929120924
ext,CYP,Cyprus,High income,d_inf,0.11223121444140575,0.1400754680830766,0.8012196280853628,0.4324208155159044,-0.16231670300142437,0.3867791318842359
ext,CYP,Cyprus,High income,d_gov,1.0153690112553744,0.35938772460691365,2.825274603816675,0.01045530196599393,0.3109690710258236,1.7197689514849253
ext,CYP,Cyprus,High income,"L(d_gov, 1)",-0.767417190657796,0.35644328196288233,-2.1529854243057662,0.04370517825603652,-1.4660460233050454,-0.06878835801054661
ext,CYP,Cyprus,High income,d_mil,-0.9502162144087781,0.5301210373762709,-1.792451435452713,0.08820173049122189,-1.989253447666269,0.08882101884871296
ext,CYP,Cyprus,High income,d_trade,0.0310930607612435,0.07363470060600728,0.42226097893181164,0.6773392557650879,-0.11323095242653076,0.17541707394901776
ext,CYP,Cyprus,High income,d_log_gdp,0.048618987054306555,0.13631277156350974,0.3566722802026983,0.7250725445361506,-0.21855404521017252,0.31579201931878564
ext,DEU,Germany,High income,(Intercept),0.005895575770495312,0.001936010798782593,3.0452184327704073,0.018708814582245523,0.00210099460488143,0.009690156936109194
ext,DEU,Germany,High income,"L(dy, 1)",-0.24708076907953655,0.1737316073421818,-1.4221981414866336,0.19796148072315753,-0.5875947194702129,0.09343318131113978
ext,DEU,Germany,High income,"L(dy, 2)",0.2366659404811317,0.17923602014178464,1.3204150610681777,0.22823000811275282,-0.11463665899676617,0.5879685399590295
ext,DEU,Germany,High income,dd,-0.02601555924346326,0.035813021011906886,-0.7264273861401911,0.4911476832552708,-0.09620908042680075,0.044177961939874236
ext,DEU,Germany,High income,"L(dd, 1)",0.03767263948667253,0.027368395568401396,1.376501570671832,0.21108099395780927,-0.015969415827394202,0.09131469480073925
ext,DEU,Germany,High income,"L(dd, 2)",-0.02180689358048946,0.03686897942733778,-0.5914699543953198,0.5728026028345324,-0.0940700932580715,0.05045630609709259
ext,DEU,Germany,High income,d_inf,0.022097088133446074,0.18121898889639906,0.12193583171396426,0.9063765483251783,-0.3330921301034961,0.37728630637038824
ext,DEU,Germany,High income,"L(d_inf, 1)",-0.4111767216547609,0.11948743453348644,-3.441171226582225,0.010819996925642008,-0.6453720933403944,-0.17698134996912745
ext,DEU,Germany,High income,"L(d_inf, 2)",-0.4289128209981255,0.12674928594004425,-3.383946645671933,0.011695560408522715,-0.6773414214406123,-0.18048422055563876
ext,DEU,Germany,High income,d_gov,0.2891380326711688,0.46361346917219937,0.6236618474166344,0.5526215772186558,-0.619544366906342,1.1978204322486796
ext,DEU,Germany,High income,"L(d_gov, 1)",0.06158948348937664,0.33158726782359865,0.18574140042717704,0.8579152251685372,-0.5883215614448767,0.71150052842363
ext,DEU,Germany,High income,"L(d_gov, 2)",-0.6597093389677621,0.2574825885471712,-2.5621512611401385,0.037433944792035656,-1.1643752125202176,-0.15504346541530656
ext,DEU,Germany,High income,d_mil,-4.846947227356559,1.50885698481535,-3.2123304435971547,0.01481010940467694,-7.804306917594644,-1.889587537118473
ext,DEU,Germany,High income,"L(d_mil, 1)",2.6447086927256294,1.382360594120265,1.913182930687288,0.09730088301757336,-0.06471807175008992,5.354135457201348
ext,DEU,Germany,High income,"L(d_mil, 2)",1.5808601976513803,1.2489553131031015,1.265746004733862,0.2461019836879443,-0.8670922160306984,4.028812611333459
ext,DEU,Germany,High income,d_trade,-0.03329438575646324,0.048252519484508746,-0.6900030529421838,0.5124118309511672,-0.12786932394610037,0.061280552433173895
ext,DEU,Germany,High income,"L(d_trade, 1)",0.09895821803605401,0.03648352331948086,2.712408480110087,0.030094027040004342,0.027450512329871515,0.1704659237422365
ext,DEU,Germany,High income,"L(d_trade, 2)",0.10797556136933543,0.039923097329798325,2.7045887867207945,0.030436288342419387,0.02972629060293072,0.18622483213574015
ext,DEU,Germany,High income,d_log_gdp,0.03646440696926289,0.07857112910052656,0.46409422120699184,0.65666751986763106,-0.11753500606776918,0.19046382000629497
ext,DEU,Germany,High income,"L(d_log_gdp, 1)",-0.09600539446488224,0.07996873720874943,-1.2005365823680685,0.2689764995899452,-0.25274411939403113,0.060733330464266655
ext,DEU,Germany,High income,"L(d_log_gdp, 2)",-0.17948843442602558,0.07243712295084896,-2.477851509202188,0.04234314724620379,-0.32146519540968954,-0.037511673442361615
ext,DNK,Denmark,High income,(Intercept),0.0023358126276119976,0.0021112859813612913,1.1063459181905515,0.28238853499575395,-0.0018023078958561336,0.006473933151080129
ext,DNK,Denmark,High income,"L(dy, 1)",-0.07584289410139214,0.19474586965595933,-0.3894454564575732,0.7012773417273175,-0.4575447986270724,0.3058590104242881
ext,DNK,Denmark,High income,dd,0.007079101484153261,0.01795568830158011,0.3942539748548819,0.6977836604226539,-0.02811404758694375,0.042272250555250274
ext,DNK,Denmark,High income,d_inf,0.24041722104603677,0.1455771497442444,1.6514763578515659,0.11507293438410432,-0.044913992452682266,0.5257484345447558
ext,DNK,Denmark,High income,d_gov,-0.2320002951546398,0.17588288709624336,-1.3190612172956253,0.20282595549219049,-0.5767307538632768,0.1127301635539972
ext,DNK,Denmark,High income,"L(d_gov, 1)",-0.2978342587600389,0.1944753397501876,-1.5314757086560205,0.14213291747252355,-0.6790059246704065,0.08333740715032883
ext,DNK,Denmark,High income,d_mil,-3.977075248159701,2.1968289786792297,-1.8103708967599221,0.08608314548132626,-8.282860046370992,0.3287095500515891
ext,DNK,Denmark,High income,d_trade,-0.01716773141304354,0.024279577658502353,-0.7070852571865742,0.4880959575232835,-0.06475570362370815,0.03042024079762107
ext,DNK,Denmark,High income,"L(d_trade, 1)",-0.05726002589579211,0.02439791616079499,-2.3469228076044972,0.029921148264381307,-0.1050799415709503,-0.00944011022063393
ext,DNK,Denmark,High income,d_log_gdp,0.003454996711268155,0.07230261069427002,0.04778522764381955,0.96238613128525,-0.1382581202495011,0.14516811367203739
ext,DZA,Algeria,Lower middle income,(Intercept),0.0014989581701023052,0.0016803136777898049,0.8920704448909533,0.38296279902510066,-0.0017944566383657123,0.0047923729785703225
ext,DZA,Algeria,Lower middle income,"L(dy, 1)",0.23927573775284247,0.16307177491093877,1.4673032036569313,0.15784372581192435,-0.08034494107259751,0.5588964165782825
ext,DZA,Algeria,Lower middle income,dd,-0.01377946822153381,0.0068784770885894995,-2.003273114682923,0.05888637056320053,-0.027261283315169228,-2.976531278983917e-4
ext,DZA,Algeria,Lower middle income,d_inf,-0.014514482696426812,0.014386600715942813,-1.0088889643223562,0.3250788197957871,-0.04271222009967473,0.013683254706821102
ext,DZA,Algeria,Lower middle income,d_gov,-0.38015913657428074,0.11642691475774714,-3.265216959199588,0.0038733065335025776,-0.6083558894994652,-0.15196238364909637
ext,DZA,Algeria,Lower middle income,d_mil,-0.017032329349368745,0.5058556798636076,-0.0336703333131717,0.9734738086997732,-1.0085094618820396,0.9744448031833021
ext,DZA,Algeria,Lower middle income,"L(d_mil, 1)",0.487316877200288,0.3620014260255525,1.3461739158063146,0.19330740535319427,-0.22220591780979498,1.196839672210371
ext,DZA,Algeria,Lower middle income,d_trade,-0.049853998455526634,0.058778747784325416,-0.8481636702852872,0.4063836953719281,-0.16506034411280446,0.06535234720175118
ext,DZA,Algeria,Lower middle income,d_log_gdp,-0.08110835333601275,0.041695064174708626,-1.945274697171744,0.06593560255603374,-0.16283067911844168,6.139724464161583e-4
ext,ECU,Ecuador,Lower middle income,(Intercept),-0.003963035773372933,0.0040455434455983815,-0.9796052932480015,0.34026483449120837,-0.011892300926745761,0.003966229379999895
ext,ECU,Ecuador,Lower middle income,"L(dy, 1)",-0.37217582870769456,0.2011051932404612,-1.8506525003692194,0.08070230881968467,-0.7663420074589985,0.021990350043609386
ext,ECU,Ecuador,Lower middle income,dd,0.045961433427791534,0.03161001629110359,1.454014860496198,0.1631570664277987,-0.0159941985027715,0.10791706535835457
ext,ECU,Ecuador,Lower middle income,"L(dd, 1)",-0.08418980721783907,0.04542278190550993,-1.853470960738901,0.08027937135923928,-0.17321845975263855,0.004838845316960397
ext,ECU,Ecuador,Lower middle income,d_inf,0.023207535713080405,0.043880118655138994,0.5288849808149383,0.6033466793485345,-0.06279749685099202,0.10921256827715282
ext,ECU,Ecuador,Lower middle income,d_gov,0.10139966344779416,0.30583539292528744,0.3315498002958902,0.7440582725095168,-0.4980377066857692,0.7008370335813575
ext,ECU,Ecuador,Lower middle income,d_mil,-0.6641698706489884,2.0533926918071894,-0.3234500021836802,0.7500821072504664,-4.68881954659108,3.3604798052931026
ext,ECU,Ecuador,Lower middle income,"L(d_mil, 1)",-3.2091782496265195,2.095880747551092,-1.5311836102203082,0.14310996960174144,-7.31710451482666,0.8987480155736205
ext,ECU,Ecuador,Lower middle income,d_trade,0.09835090649131568,0.12915920608542453,0.7614703548600898,0.45623763561498176,-0.1548011374361164,0.35150295041874774
ext,ECU,Ecuador,Lower middle income,d_log_gdp,0.01766753441719524,0.05824503033832168,0.30333119091142574,0.7651154767245822,-0.09649272504591526,0.13182779388030574
ext,ECU,Ecuador,Lower middle income,"L(d_log_gdp, 1)",-0.08175222160833244,0.06140936629910804,-1.3312663284968613,0.19971757363598722,-0.20211457955458417,0.03861013633791931
ext,EGY,Egypt,Lower middle income,(Intercept),-4.43027987309862e-5,0.0019024677633433364,-0.023287016781367097,0.9816411879922402,-0.0037731396148839255,0.003684534017421953
ext,EGY,Egypt,Lower middle income,"L(dy, 1)",0.5870800153972542,0.20967706572881056,2.7999247955738,0.01073146556514193,0.1761129665687855,0.9980470642257229
ext,EGY,Egypt,Lower middle income,dd,-0.007879062727495062,0.01183016414030694,-0.6660146582962487,0.512652182800049,-0.03106618444249666,0.01530805898750654
ext,EGY,Egypt,Lower middle income,d_inf,-0.015098272190771882,0.015931754926216003,-0.9476841854959362,0.3540689935612801,-0.04632451184615525,0.01612796746461148
ext,EGY,Egypt,Lower middle income,d_gov,-0.02863231524305985,0.09163387132172848,-0.31246431947124853,0.7577692972724013,-0.20823470303364766,0.15097007254752798
ext,EGY,Egypt,Lower middle income,d_mil,-0.05593220314123718,0.6900859181040797,-0.08105107157512148,0.9361688408632666,-1.4085006026252334,1.2966361963427588
ext,EGY,Egypt,Lower middle income,d_trade,0.04029509624143646,0.06051962328654988,0.6658186890993387,0.5127749639644452,-0.07832336540020131,0.1589135578830742
ext,EGY,Egypt,Lower middle income,d_log_gdp,0.0055937345624334995,0.025064749538965644,0.2231713727574849,0.8255586707089624,-0.043533174533939165,0.05472064365880616
ext,ESP,Spain,High income,(Intercept),0.0041164360759659,0.002767127123233273,1.4876208763246177,0.1524483670909994,-0.001307133085571315,0.009540005237503115
ext,ESP,Spain,High income,"L(dy, 1)",-0.11840737335785076,0.21296852058383695,-0.5559853307580199,0.5843880060639068,-0.5358256737021712,0.2990109269864697
ext,ESP,Spain,High income,dd,-0.016607012754158372,0.018828705135361872,-0.8820050361811138,0.3882518978740107,-0.053511274819467644,0.0202972493111509
ext,ESP,Spain,High income,d_inf,0.046400494503494503,0.169730236640242,0.2733778931908543,0.7873658968748483,-0.28627076931137985,0.3790717583183688
ext,ESP,Spain,High income,d_gov,-0.04619732952641979,0.19901380896448273,-0.23213127655209323,0.8187948034555248,-0.4362643950968059,0.3438697360439663
ext,ESP,Spain,High income,"L(d_gov, 1)",-0.285745685788036,0.20864033272681146,-1.3695611105173247,0.18600663320698563,-0.6946807379325864,0.12318936635651445
ext,ESP,Spain,High income,d_mil,2.7948233014517574,1.8427134304016854,1.5166890604593497,0.14499290069628765,-0.816895022135546,6.406541625039061
ext,ESP,Spain,High income,d_trade,-0.08487412213871848,0.0356890619026003,-2.3781550316550786,0.027482111307075,-0.15482468346781508,-0.014923560809621886
ext,ESP,Spain,High income,d_log_gdp,-0.09605706767248359,0.06266710061635611,-1.532814933637008,0.14098815977756923,-0.21888458488054158,0.026770449535574378
ext,ETH,Ethiopia,Low income,(Intercept),-0.004870404365396278,0.002326057369990556,-2.0938453316893266,0.048587950356468346,-0.009429476810577767,-3.113319202147887e-4
ext,ETH,Ethiopia,Low income,"L(dy, 1)",0.5347068022455828,0.16106727539939322,3.319773063272399,0.003255903819555228,0.21901494246277203,0.8503986620283934
ext,ETH,Ethiopia,Low income,dd,0.003886214687027825,0.009378982700430366,0.4143535403737872,0.682817067891526,-0.01449659140581569,0.02226902077987134
ext,ETH,Ethiopia,Low income,d_inf,0.016437324966151513,0.016116233130664216,1.0199235040151138,0.3193716934434533,-0.015150491969950348,0.048025141902253377
ext,ETH,Ethiopia,Low income,d_gov,0.1635202081950796,0.11101244147290079,1.4729899282054477,0.15558503660576545,-0.05406417709180594,0.3811045934819651
ext,ETH,Ethiopia,Low income,d_mil,-0.5711984729464764,0.1834048715520891,-3.1144127640265515,0.0052458159276124105,-0.9306720211885711,-0.2117249247043818
ext,ETH,Ethiopia,Low income,d_trade,0.06495236561662875,0.0714713507854389,0.9087888350063438,0.373773876801451,-0.07513148192283149,0.205036213156089
ext,ETH,Ethiopia,Low income,d_log_gdp,0.024446826108867163,0.02092400659612643,1.1683625694035527,0.25575383361834736,-0.016564226819540645,0.06545787903727497
ext,FIN,Finland,High income,(Intercept),-0.0119003927709181,0.005333952415683302,-2.231064667155192,0.06087516039064685,-0.022354939505657374,-0.0014458460361788262
ext,FIN,Finland,High income,"L(dy, 1)",0.013739542440543994,0.3767167170632166,0.03647181507540684,0.9719244392830214,-0.7246252230033605,0.7521043078844485
ext,FIN,Finland,High income,"L(dy, 2)",0.07905275813085226,0.3857484899218243,0.20493342215512775,0.8434557984667647,-0.6770142821159234,0.8351197983776278
ext,FIN,Finland,High income,dd,0.05251224412038154,0.05036394396913219,1.0426555186497315,0.3317731412097091,-0.04620108605911756,0.15122557429988065
ext,FIN,Finland,High income,"L(dd, 1)",-0.11207902561835549,0.06887017662727841,-1.6273956465208588,0.14767835246665992,-0.24706457180782115,0.022906520571110187
ext,FIN,Finland,High income,"L(dd, 2)",0.13084883495638355,0.03999235792006354,3.271845966620006,0.013639552053796139,0.05246381343305902,0.2092338564797081
ext,FIN,Finland,High income,d_inf,-0.4352772790725546,0.23907805669502058,-1.8206492268247567,0.11146246712407003,-0.9038702701947949,0.03331571204968575
ext,FIN,Finland,High income,"L(d_inf, 1)",-0.9430017113284423,0.3188505532990707,-2.957503763350662,0.02117997413002873,-1.5679487957946208,-0.3180546268622638
ext,FIN,Finland,High income,"L(d_inf, 2)",-0.7552680709305662,0.28199471267648873,-2.678305787233069,0.03161677909702934,-1.3079777077764843,-0.20255843408464835
ext,FIN,Finland,High income,d_gov,0.8659624249421302,0.384289244475169,2.253413118872976,0.05890083467910445,0.11275550577079896,1.6191693441134614
ext,FIN,Finland,High income,"L(d_gov, 1)",0.03648992554932728,0.6329646609319802,0.057649230362401806,0.9556391580698878,-1.2041208098773541,1.2771006609760085
ext,FIN,Finland,High income,"L(d_gov, 2)",0.9696260119176586,0.4862788792276407,1.9939710592771802,0.08638395379566484,0.016519408631482935,1.9227326152038344
ext,FIN,Finland,High income,d_mil,-5.683854513355991,3.174480617433419,-1.790483294225123,0.11649534902236564,-11.905836523525492,0.5381274968135106
ext,FIN,Finland,High income,"L(d_mil, 1)",-2.623474251749904,2.6300484039926597,-0.9975003683457782,0.3517462815137662,-7.7783691235755175,2.5314206200757092
ext,FIN,Finland,High income,"L(d_mil, 2)",-1.1021038847031357,2.523355496697831,-0.4367612435684925,0.675440077380365,-6.047880658230884,3.8436728888246123
ext,FIN,Finland,High income,d_trade,0.042060815605401106,0.034662743629551136,1.2134300750948885,0.26431613558228045,-0.025878161908519118,0.10999979311932133
ext,FIN,Finland,High income,"L(d_trade, 1)",0.008293561811943665,0.0346665918066663,0.2392378765757075,0.8177748015350055,-0.05965295812912228,0.07624008175300961
ext,FIN,Finland,High income,"L(d_trade, 2)",0.09905049433249546,0.03368648299962444,2.9403631816832805,0.02170204811150805,0.03302498765323156,0.16507600101175937
ext,FIN,Finland,High income,d_log_gdp,0.12383881376647968,0.1027456775319117,1.2052946337135855,0.26724870766533193,-0.07754271419606726,0.3252203417290266
ext,FIN,Finland,High income,"L(d_log_gdp, 1)",-0.06656339392031271,0.1912603257423649,-0.3480250996224705,0.7380523870026163,-0.44143363237534794,0.30830684453472246
ext,FIN,Finland,High income,"L(d_log_gdp, 2)",0.17579594271661877,0.15346321040392846,1.145524990998876,0.2896404870528448,-0.12499194967508101,0.4765838351083186
ext,FJI,Fiji,Lower middle income,(Intercept),0.0010745067037231776,4.5676012722639127e-4,2.352452939025045,0.02958143390842275,1.7925685435945073e-4,0.0019697565530869044
ext,FJI,Fiji,Lower middle income,"L(dy, 1)",0.8337267332024662,0.09227343142999526,9.035393181784796,2.6272059560445104e-8,0.6528708075996754,1.0145826588052569
ext,FJI,Fiji,Lower middle income,dd,0.004717989268911164,0.002575549930670308,1.8318376253273678,0.08270014765782768,-3.3008859520263986e-4,0.009766067133024968
ext,FJI,Fiji,Lower middle income,d_inf,0.011813504423251896,0.00608604045789277,1.9410821378834875,0.06723016051801718,-1.151348742179318e-4,0.023742143720721726
ext,FJI,Fiji,Lower middle income,d_gov,-0.02188100335431505,0.01552188132765871,-1.4096875818348713,0.17479118384227957,-0.052303890756526125,0.008541884047896024
ext,FJI,Fiji,Lower middle income,"L(d_gov, 1)",0.02349993811627473,0.014889605832295741,1.5782780538960322,0.1310061185710148,-0.0056836893150249215,0.05268356554757438
ext,FJI,Fiji,Lower middle income,d_mil,0.03999234377363004,0.09219273382200673,0.43379062661100665,0.6693260178371105,-0.14070541451750315,0.22069010206476322
ext,FJI,Fiji,Lower middle income,"L(d_mil, 1)",0.2615046323802078,0.09271157614899998,2.8206254627786143,0.010921299946000492,0.07978994312816787,0.44321932163224775
ext,FJI,Fiji,Lower middle income,d_trade,-0.005363139125267093,0.0024997783905195987,-2.1454458305611332,0.04505270602982949,-0.010262704770685506,-4.6357347984868e-4
ext,FJI,Fiji,Lower middle income,d_log_gdp,-0.012709717509036532,0.0048753960079326005,-2.6069097747869012,0.01732774527421395,-0.022265493684584428,-0.0031539413334886347
ext,FRA,France,High income,(Intercept),0.003289205633096038,0.0017676999976175426,1.8607261625440623,0.08017011313826074,-1.7548636223434525e-4,0.006753897628426422
ext,FRA,France,High income,"L(dy, 1)",0.8227330714090829,0.2582406140569571,3.185916647594489,0.005408962734131516,0.316581467857447,1.3288846749607188
ext,FRA,France,High income,dd,-0.07939576607119868,0.027222744871702814,-2.916523166395615,0.009619572589639589,-0.13275234601973618,-0.026039186122661165
ext,FRA,France,High income,"L(dd, 1)",0.03200821111870263,0.022708984910614353,1.409495459382764,0.1767201116906891,-0.012501399306101495,0.07651782154350675
ext,FRA,France,High income,d_inf,0.3941494451764787,0.19843247936011182,1.9863151760613902,0.06336400488568897,0.005221785630659559,0.7830771047222979
ext,FRA,France,High income,d_gov,0.24043749996069128,0.18763195645581013,1.2814315029397327,0.21724583981620094,-0.12732113469269654,0.6081961346140791
ext,FRA,France,High income,"L(d_gov, 1)",0.38130834037968436,0.14395687986663197,2.6487677472097566,0.016883811932661946,0.09915285584108569,0.663463824918283
ext,FRA,France,High income,d_mil,-6.4287724345763975,2.8017599507235396,-2.294547908330334,0.034763190812557895,-11.920221937994535,-0.9373229311582598
ext,FRA,France,High income,"L(d_mil, 1)",-2.7723914430353966,1.6525199465218214,-1.677675025267108,0.11169862010940916,-6.011330538218166,0.46654765214737326
ext,FRA,France,High income,d_trade,-0.0075775846430602345,0.030715133524206073,-0.24670524831313104,0.8080908045374624,-0.06777924635050413,0.05262407706438366
ext,FRA,France,High income,d_log_gdp,-0.09615187662757828,0.05542560842743204,-1.7347915405108914,0.10086986556106983,-0.20478606914534508,0.012482315890188528
ext,FRA,France,High income,"L(d_log_gdp, 1)",-0.2130856578160683,0.06814222642921791,-3.127072139878039,0.006137732584303671,-0.34664442161733544,-0.0795268940148012
ext,GBR,United Kingdom,High income,(Intercept),0.0013399214840501578,0.003319291347122805,0.40367697316224294,0.6912055666527683,-0.00516588955631054,0.007845732524410856
ext,GBR,United Kingdom,High income,"L(dy, 1)",-0.29419822119408245,0.1684362948072665,-1.7466438663396109,0.09774081829569092,-0.6243333590163247,0.03593691662815984
ext,GBR,United Kingdom,High income,dd,0.0025138637189400085,0.03588418338389278,0.07005492341978162,0.9449223829341956,-0.06781913571348984,0.07284686315136986
ext,GBR,United Kingdom,High income,d_inf,-0.07649925014669104,0.09133419891676173,-0.8375750929442031,0.4132528536565456,-0.25551428002354404,0.10251577973016193
ext,GBR,United Kingdom,High income,d_gov,-0.732089833564718,0.38134772411505036,-1.9197435497054411,0.07088257032074011,-1.4795313728302166,0.015351705700780705
ext,GBR,United Kingdom,High income,d_mil,-0.863656088964175,2.7818247035639767,-0.3104638792867462,0.7597743673396503,-6.316032507949569,4.588720330021219
ext,GBR,United Kingdom,High income,"L(d_mil, 1)",5.256756962486383,3.0065921523363652,1.748410391612796,0.09742715019673291,-0.6361636560928927,11.14967758106566
ext,GBR,United Kingdom,High income,d_trade,-0.06845560331241776,0.05180754045718159,-1.3213443971345373,0.20293725371251353,-0.16999838260849368,0.03308717598365815
ext,GBR,United Kingdom,High income,"L(d_trade, 1)",0.07823042101152006,0.04803314766607982,1.6286757127675193,0.12075750928259349,-0.015914548413996393,0.1723753904370365
ext,GBR,United Kingdom,High income,d_log_gdp,-0.09896936166353518,0.10975607162785708,-0.9017210637704335,0.37911293604946295,-0.31409126205413507,0.11615253872706471
ext,GBR,United Kingdom,High income,"L(d_log_gdp, 1)",0.32011041071078816,0.1072131304009969,2.985738869050051,0.00792737506007642,0.10997267512483422,0.5302481462967421
ext,GHA,Ghana,Low income,(Intercept),-1.939355369709159e-4,6.014531761521143e-4,-0.32244494610810304,0.7503038264973889,-0.00137278376222906,9.84912688287228e-4
ext,GHA,Ghana,Low income,"L(dy, 1)",0.7573785786225764,0.15322210309429785,4.943011245293123,6.857885504860923e-5,0.45706325655775265,1.0576939006874002
ext,GHA,Ghana,Low income,dd,0.0031914188766926747,0.0029947455701543127,1.0656727932076806,0.2986712967869235,-0.002678282440809778,0.009061120194195128
ext,GHA,Ghana,Low income,d_inf,-0.0016474835531981448,0.002609778117169919,-0.6312734183642783,0.5346732606310127,-0.006762648662851185,0.003467681556454896
ext,GHA,Ghana,Low income,d_gov,-0.010309248397111741,0.03291410097492253,-0.3132167700696557,0.7572056109329448,-0.0748208863079599,0.05420238951373642
ext,GHA,Ghana,Low income,d_mil,-0.775019185545015,0.764346605301797,-1.0139630112427909,0.3221411967915745,-2.273138531936537,0.7231001608465071
ext,GHA,Ghana,Low income,d_trade,-0.0026526917181837117,0.012419114869238992,-0.21359748630348735,0.8329211059637652,-0.026994156861892136,0.02168877342552471
ext,GHA,Ghana,Low income,d_log_gdp,0.005481030485974275,0.009116230163911962,0.6012387124309126,0.5541163005041652,-0.012386780635293169,0.02334884160724172
ext,GRC,Greece,High income,(Intercept),0.0024742240639821066,0.0019878172079855344,1.24469395578354,0.2532984688262373,-0.0014218976636695409,0.0063703457916337546
ext,GRC,Greece,High income,"L(dy, 1)",0.4268689787906442,0.2799970327174464,1.524548223414249,0.17119735645507764,-0.12192520533555073,0.9756631629168392
ext,GRC,Greece,High income,"L(dy, 2)",-0.3904168556554062,0.125627524920672,-3.107733403980827,0.01713553932464355,-0.6366468044999233,-0.14418690681088905
ext,GRC,Greece,High income,dd,-0.04273820265822771,0.04255705348025663,-1.0042566193652274,0.3486995258470891,-0.1261500274795307,0.04067362216307528
ext,GRC,Greece,High income,"L(dd, 1)",-0.04660984103072614,0.02261439760213381,-2.0610693174656225,0.0782414953860878,-0.09093406033090841,-0.002285621730543877
ext,GRC,Greece,High income,"L(dd, 2)",-0.12258449465745162,0.030356551654601754,-4.038156113784717,0.004944406528686968,-0.18208333590047104,-0.06308565341443219
ext,GRC,Greece,High income,d_inf,-0.8869438320250753,0.15009939882711282,-5.909043200410637,5.940364382601862e-4,-1.1811386537262165,-0.5927490103239341
ext,GRC,Greece,High income,"L(d_inf, 1)",-0.2565179530862711,0.22818583397490602,-1.1241624802812291,0.29801111743006387,-0.703762187677087,0.19072628150454468
ext,GRC,Greece,High income,"L(d_inf, 2)",-0.07813174563696648,0.09413442297756101,-0.8300018544288617,0.43392789321954395,-0.26263521467298606,0.1063717233990531
ext,GRC,Greece,High income,d_gov,0.4499153860409907,0.2638270325700381,1.7053422526804631,0.1319003653640847,-0.06718559779628397,0.9670163698782653
ext,GRC,Greece,High income,"L(d_gov, 1)",-0.04575109180706985,0.1955018908394226,-0.23401866657467757,0.8216674478741901,-0.4289347978523381,0.3374326142381985
ext,GRC,Greece,High income,"L(d_gov, 2)",-0.6121906877001771,0.18890342497260978,-3.240760128033371,0.014238072111799754,-0.9824414006464923,-0.24193997475386197
ext,GRC,Greece,High income,d_mil,-3.1717054534345,1.568376813662452,-2.0222853499268307,0.08285050590142529,-6.245724008212906,-0.09768689865609392
ext,GRC,Greece,High income,"L(d_mil, 1)",0.4327328757429771,0.6312796253869425,0.6854852562012178,0.5150898996253737,-0.8045751900154301,1.6700409415013844
ext,GRC,Greece,High income,"L(d_mil, 2)",-1.443208746648796,0.7773928445755541,-1.8564728974792253,0.10575763390852803,-2.9668987220168823,0.0804812287192902
ext,GRC,Greece,High income,d_trade,-0.0037889313330449893,0.04919295621978367,-0.0770218263793062,0.9407614391880195,-0.100207125523821,0.09262926285773102
ext,GRC,Greece,High income,"L(d_trade, 1)",-0.031200308964622225,0.03681178189117406,-0.8475631268505035,0.4247093196092566,-0.10335140147132338,0.04095078354207893
ext,GRC,Greece,High income,"L(d_trade, 2)",-0.08800428597955727,0.0424347381723503,-2.0738736650647995,0.07677643034531212,-0.17117637279736386,-0.004832199161750678
ext,GRC,Greece,High income,d_log_gdp,0.07252917193318148,0.0681120103572018,1.0648514344652966,0.3222893663904605,-0.060970368366934036,0.206028712233297
ext,GRC,Greece,High income,"L(d_log_gdp, 1)",-0.1741930062086186,0.04723128527766154,-3.6880852423256996,0.007776225383743339,-0.26676632535283523,-0.081619687064402
ext,GRC,Greece,High income,"L(d_log_gdp, 2)",-0.13838196335466052,0.05224499883436998,-2.648712153164493,0.03300333133970264,-0.24078216107002567,-0.035981765639295366
ext,GTM,Guatemala,Lower middle income,(Intercept),0.0015246473466583893,0.002303412732799086,0.6619080136826594,0.515585000749303,-0.0029900416096278193,0.0060393363029445975
ext,GTM,Guatemala,Lower middle income,"L(dy, 1)",-0.2511042266278215,0.22037451389004073,-1.139443133397512,0.2679820089499185,-0.6830382738523013,0.1808298205966583
ext,GTM,Guatemala,Lower middle income,dd,-0.007997845367496611,0.013017957333480348,-0.6143702243459719,0.545896964555826,-0.03351304174111809,0.017517351006124872
ext,GTM,Guatemala,Lower middle income,d_inf,-0.016001605894664896,0.017911830280912075,-0.8933540371760429,0.3822917370339465,-0.05110879324525257,0.01910558145592277
ext,GTM,Guatemala,Lower middle income,d_gov,-0.1668955498798269,0.23066897344633566,-0.7235283852279968,0.4777331236686998,-0.6190067378346449,0.285215638074991
ext,GTM,Guatemala,Lower middle income,d_mil,0.7266598421426743,0.7956504514221513,0.9132903033534856,0.3719688243985776,-0.8328150426447422,2.286134726930091
ext,GTM,Guatemala,Lower middle income,"L(d_mil, 1)",1.5023206750864389,0.7542620742154742,1.9917754404515673,0.06022792184428566,0.02396700962410936,2.9806743405487683
ext,GTM,Guatemala,Lower middle income,d_trade,0.04679957277246812,0.023528621225513385,1.9890486707194197,0.060550054435357235,6.834751704618905e-4,0.09291567037447435
ext,GTM,Guatemala,Lower middle income,d_log_gdp,-0.08104692022855065,0.0658247225525007,-1.2312535030270575,0.23251081492579617,-0.210063376431452,0.04796953597435072
ext,HUN,Hungary,Upper middle income,(Intercept),-1.320270747016638e-5,0.0023674970232821276,-0.005576652194418853,0.9956118398596678,-0.004653496873103136,0.0046270914581628035
ext,HUN,Hungary,Upper middle income,"L(dy, 1)",-0.026372661097764455,0.24350766804584142,-0.10830320584729874,0.9149533270949135,-0.5036476904676136,0.45090236827208474
ext,HUN,Hungary,Upper middle income,dd,0.06136651400035368,0.036233031037773394,1.693662170751829,0.10756305915186465,-0.00965022683368217,0.13238325483438954
ext,HUN,Hungary,Upper middle income,"L(dd, 1)",-0.08646787058826455,0.02887794723652619,-2.9942526690018987,0.0077820500076000165,-0.14306864717185588,-0.029867094004673224
ext,HUN,Hungary,Upper middle income,d_inf,-0.08376623078781807,0.050023077535916984,-1.6745517252046962,0.11130850023464249,-0.18181146275821536,0.014279001182579215
ext,HUN,Hungary,Upper middle income,d_gov,-0.0277839338138039,0.20358010968982648,-0.13647666196926284,0.8929593111036547,-0.4268009488058638,0.371233081178256
ext,HUN,Hungary,Upper middle income,d_mil,0.6309707272135425,1.0807400280152497,0.5838321065726634,0.5665783375155993,-1.487279727696347,2.7492211821234322
ext,HUN,Hungary,Upper middle income,"L(d_mil, 1)",-3.1681965583515637,1.2468876264193187,-2.5408837903457737,0.020486342364594148,-5.612096306133428,-0.7242968105696992
ext,HUN,Hungary,Upper middle income,d_trade,0.02129449816732284,0.019122052475523493,1.1136094409624757,0.2800970756152241,-0.016184724684703205,0.058773721019348885
ext,HUN,Hungary,Upper middle income,"L(d_trade, 1)",-0.017449395366422784,0.015219195848197515,-1.1465385911627783,0.26658571699387473,-0.04727901922888991,0.012380228496044345
ext,HUN,Hungary,Upper middle income,d_log_gdp,0.039727064357384455,0.05014538947511669,0.7922376268928563,0.43853924522362187,-0.05855789901384425,0.13801202772861315
ext,IDN,Indonesia,Lower middle income,(Intercept),0.003123092020529221,0.0042595414498552715,0.7331991148097258,0.4715432013103885,-0.005225609221187111,0.011471793262245554
ext,IDN,Indonesia,Lower middle income,"L(dy, 1)",-0.41344437487752234,0.19673578162462435,-2.101520991572251,0.047841363775197814,-0.799046506861786,-0.027842242893258595
ext,IDN,Indonesia,Lower middle income,dd,-0.06913471826014145,0.027821959257093555,-2.484897545183296,0.021466644536393638,-0.12366575840404481,-0.014603678116238084
ext,IDN,Indonesia,Lower middle income,d_inf,-0.005818659624752998,0.022029641936138093,-0.26412865182379075,0.7942555563656979,-0.04899675781958366,0.03735943857007767
ext,IDN,Indonesia,Lower middle income,d_gov,1.060196467720689,0.38931415693635135,2.7232414974676082,0.012735482903173445,0.29714072012544035,1.8232522153159376
ext,IDN,Indonesia,Lower middle income,d_mil,-4.654113952362342,2.4682423862527223,-1.885598423511478,0.0732597571239475,-9.491869029417678,0.18364112469299432
ext,IDN,Indonesia,Lower middle income,d_trade,-0.011156393020580203,0.14493123390677665,-0.07697714785038172,0.9393704209705935,-0.2952216114778624,0.27290882543670203
ext,IDN,Indonesia,Lower middle income,d_log_gdp,-0.015124883962376844,0.06513714135514054,-0.23220061009298817,0.8186301132218919,-0.1427936810184523,0.1125439130936986
ext,IND,India,Low income,(Intercept),-0.008341234662348044,0.011588176848534287,-0.7198056062980324,0.49496982818516333,-0.031054061285475245,0.014371591960779157
ext,IND,India,Low income,"L(dy, 1)",0.6282057839465229,0.2409330878095406,2.6073869291175327,0.03504633700369366,0.15597693183982336,1.1004346360532224
ext,IND,India,Low income,"L(dy, 2)",-0.5521428356479956,0.44023141597305254,-1.2542104348177492,0.25002335596623904,-1.4149964109551787,0.3107107396591874
ext,IND,India,Low income,dd,-0.04698429482349263,0.06272928004040154,-0.7490010214246335,0.4782647687306598,-0.16993368370267964,0.07596509405569439
ext,IND,India,Low income,"L(dd, 1)",0.030232240529386785,0.04566969088658178,0.6619760270431199,0.5291688461867757,-0.0592803536083135,0.11974483466708707
ext,IND,India,Low income,"L(dd, 2)",0.02987959944916509,0.02437288245334494,1.2259362226179533,0.25986107455822144,-0.017891250159390994,0.07765044905772117
ext,IND,India,Low income,d_inf,0.015002427939702504,0.14579006144392292,0.10290432551517291,0.9209248838696759,-0.2707460924903864,0.30075094836979144
ext,IND,India,Low income,"L(d_inf, 1)",-0.1588687773241857,0.15274711510925165,-1.0400771052897173,0.3328890411141075,-0.45825312293831894,0.14051556828994755
ext,IND,India,Low income,"L(d_inf, 2)",-0.16267852325064222,0.11767889833558572,-1.382393322435181,0.20934720125605769,-0.39332916398839024,0.06797211748710577
ext,IND,India,Low income,d_gov,-0.2746326252012728,0.512433026382959,-0.535938573553279,0.6086010310620368,-1.2790013569118723,0.7297361065093269
ext,IND,India,Low income,"L(d_gov, 1)",-0.678281217573554,0.3677560517832924,-1.8443781258921192,0.10765139642031861,-1.3990830790688071,0.042520643921699075
ext,IND,India,Low income,"L(d_gov, 2)",0.14054569108221093,0.8421327170609954,0.166892567210438,0.8721732926804808,-1.51003443435734,1.7911258165217618
ext,IND,India,Low income,d_mil,2.334563640721869,1.4948347120879668,1.5617536988159575,0.16231643349492872,-0.5953123949705459,5.264439676414284
ext,IND,India,Low income,"L(d_mil, 1)",0.581610357897165,1.6619355221188725,0.34995964052543094,0.7366621365126027,-2.6757832654558253,3.839003981250155
ext,IND,India,Low income,"L(d_mil, 2)",1.0504734291709013,2.539140453223749,0.4137122181788711,0.6914658919743996,-3.926241859147647,6.02718871748945
ext,IND,India,Low income,d_trade,-0.01857540814428782,0.18844377780189514,-0.09857267966584467,0.9242409027339056,-0.38792521263600227,0.35077439634742663
ext,IND,India,Low income,"L(d_trade, 1)",-0.108010721265439,0.17732211629943512,-0.6091215439987565,0.5616837778985,-0.4555620692123318,0.23954062668145382
ext,IND,India,Low income,"L(d_trade, 2)",0.04196394710392084,0.14084869339475553,0.2979363605902173,0.7744003860469342,-0.23409949194979998,0.31802738615764164
ext,IND,India,Low income,d_log_gdp,0.05206917569317888,0.08396246826654546,0.6201482253699496,0.5548033565988713,-0.11249726210925023,0.21663561349560798
ext,IND,India,Low income,"L(d_log_gdp, 1)",0.09235232022428676,0.07505289145440958,1.2304964996636487,0.2582524689463789,-0.05475134702635602,0.23945598747492952
ext,IND,India,Low income,"L(d_log_gdp, 2)",0.10655917920447798,0.08949999023537789,1.1906054841373255,0.27261302885552824,-0.06886080165686266,0.28197916006581863
ext,IRL,Ireland,High income,(Intercept),-0.00519303780459515,0.009046420229964951,-0.5740433975633774,0.5839043358108411,-0.022924021455326453,0.012537945846136154
ext,IRL,Ireland,High income,"L(dy, 1)",-0.6556010860345203,0.26088905171231935,-2.5129497835633487,0.04022302756451619,-1.1669436273906661,-0.1442585446783744
ext,IRL,Ireland,High income,"L(dy, 2)",-0.5720187396274458,0.27576323241768014,-2.0743111204942912,0.07672686165079474,-1.1125146751660988,-0.03152280408879271
ext,IRL,Ireland,High income,dd,-0.053872212179207166,0.04827424254904924,-1.115961832533573,0.3012766247947402,-0.14848972757534368,0.040745303216929346
ext,IRL,Ireland,High income,"L(dd, 1)",0.031167989362141213,0.03567328404186122,0.8737067584124517,0.4112470172110253,-0.038751647359906785,0.10108762608418921
ext,IRL,Ireland,High income,"L(dd, 2)",-0.0416516630517148,0.042545276331626206,-0.9789961810813969,0.3601964593124212,-0.12504040466170216,0.04173707855827256
ext,IRL,Ireland,High income,d_inf,0.2265151739355828,0.15664930905397623,1.446001743024178,0.19142026464247716,-0.08051747181021063,0.5335478196813762
ext,IRL,Ireland,High income,"L(d_inf, 1)",0.14587029607348045,0.13644944318879856,1.0690428092963833,0.32052300798336436,-0.12157061257656471,0.4133112047235256
ext,IRL,Ireland,High income,"L(d_inf, 2)",0.04216112929734771,0.1282216087137073,0.32881454007869226,0.7519142815339441,-0.20915322378151857,0.293475482376214
ext,IRL,Ireland,High income,d_gov,0.3121845590820449,0.6937165543805561,0.45001745613639776,0.6663035303494007,-1.047499887503845,1.6718690056679348
ext,IRL,Ireland,High income,"L(d_gov, 1)",-0.830767718599702,0.6281879486008937,-1.3224827385657365,0.22757676762394502,-2.0620160978574535,0.40048066065804955
ext,IRL,Ireland,High income,"L(d_gov, 2)",0.6729820794917347,0.5390801973172353,1.2483895398882578,0.25202230425544336,-0.38361510725004644,1.7295792662335159
ext,IRL,Ireland,High income,d_mil,-10.729359120960368,14.501545830156571,-0.7398769239240838,0.4834445480841447,-39.15238894806725,17.693670706146513
ext,IRL,Ireland,High income,"L(d_mil, 1)",-13.013493209293943,15.27221865103555,-0.8521023373648169,0.4223494618122544,-42.94704176532362,16.920055346735737
ext,IRL,Ireland,High income,"L(d_mil, 2)",10.726644483476399,8.620573970248092,1.2443074580064992,0.2534322525476041,-6.1696804982098605,27.622969465162658
ext,IRL,Ireland,High income,d_trade,0.019933302434253387,0.047406414615516375,0.4204769037253686,0.6867443653227379,-0.07298327021215871,0.11284987508066548
ext,IRL,Ireland,High income,"L(d_trade, 1)",-0.04704737807538864,0.04010132426872403,-1.1732125792185373,0.2790810442804452,-0.12564597364208774,0.03155121749131046
ext,IRL,Ireland,High income,"L(d_trade, 2)",-0.05308793167957146,0.0413761457643743,-1.2830564736960406,0.24031660647081415,-0.1341851773777451,0.02800931401860217
ext,IRL,Ireland,High income,d_log_gdp,0.02350848912373744,0.0936370249630704,0.2510597611682876,0.8089782099014381,-0.16002007980388055,0.20703705805135542
ext,IRL,Ireland,High income,"L(d_log_gdp, 1)",-0.06669099211449019,0.1252039034247305,-0.5326590488816761,0.6107530816319782,-0.312090642826962,0.17870865859798163
ext,IRL,Ireland,High income,"L(d_log_gdp, 2)",0.08079877385730407,0.09568621697567559,0.8444139230401797,0.426352077010277,-0.10674621141502007,0.2683437591296282
ext,IRN,Iran,Lower middle income,(Intercept),-0.00339889679437503,0.004416637270710722,-0.7695666603447563,0.45012718034547816,-0.012055505844968045,0.0052577122562179855
ext,IRN,Iran,Lower middle income,"L(dy, 1)",-0.6368982501777549,0.1989480011699486,-3.2013302291672354,0.0042902540141536195,-1.0268363324708543,-0.2469601678846557
ext,IRN,Iran,Lower middle income,dd,-0.0068970602670652085,0.01577456690762142,-0.4372266007336735,0.6664103219610946,-0.03781521140600319,0.02402109087187277
ext,IRN,Iran,Lower middle income,d_inf,0.04560880146256718,0.036175038410575865,1.260781009958329,0.22121610925061666,-0.02529427382216151,0.11651187674729588
ext,IRN,Iran,Lower middle income,d_gov,-0.23905776675346604,0.26855224383147447,-0.8901722932670144,0.3834583235705107,-0.765420164663156,0.28730463115622396
ext,IRN,Iran,Lower middle income,d_mil,-0.13946738934303055,1.374851000482128,-0.10144182118216637,0.9201620762412479,-2.8341753502880014,2.5552405716019404
ext,IRN,Iran,Lower middle income,d_trade,-0.0949277197770472,0.06436267625393087,-1.4748877035896966,0.15507836324919191,-0.2210785652347517,0.0312231256806573
ext,IRN,Iran,Lower middle income,d_log_gdp,0.005164365457497677,0.04637329473910047,0.11136507523463175,0.9123844108415504,-0.08572729223113924,0.09605602314613461
ext,ISR,Israel,High income,(Intercept),1.7765456555654955e-4,5.875172883059022e-4,0.30238185172186843,0.765483257374514,-9.738793195230188e-4,0.0013291884506361179
ext,ISR,Israel,High income,"L(dy, 1)",0.8183817355366624,0.14733501434927893,5.554563788866714,1.948005044084057e-5,0.5296051074120757,1.1071583636612492
ext,ISR,Israel,High income,dd,-0.004170639987981773,0.014808321425051433,-0.2816416437940256,0.7811118034703972,-0.03319494998108258,0.024853670005119035
ext,ISR,Israel,High income,d_inf,0.018583820465950605,0.02924429616551919,0.635468207570065,0.532327371389736,-0.03873500001846701,0.07590264095036822
ext,ISR,Israel,High income,d_gov,-0.009158608832275946,0.057243246572932095,-0.15999457369363576,0.874490208586139,-0.12135537211522285,0.10303815445067097
ext,ISR,Israel,High income,d_mil,-0.023780142449810086,0.05048643079797231,-0.4710204717178218,0.6427230533374944,-0.12273354681383582,0.07517326191421565
ext,ISR,Israel,High income,d_trade,-0.0053580763585549295,0.009501940923079382,-0.5638928300996516,0.5790960052338625,-0.023981880567790517,0.01326572785068066
ext,ISR,Israel,High income,"L(d_trade, 1)",-0.009969603901283998,0.008004360244529472,-1.245521640295695,0.22733507285506138,-0.025658149980561762,0.005718942177993765
ext,ISR,Israel,High income,d_log_gdp,-0.01731983942079342,0.02029173914910348,-0.8535413989667139,0.4034664984987574,-0.057091648153036245,0.0224519693114494
ext,ITA,Italy,High income,(Intercept),0.0016166324575122872,8.963609761285198e-4,1.8035506905875107,0.08806609308427188,-1.4023505569961165e-4,0.0033734999707241862
ext,ITA,Italy,High income,"L(dy, 1)",0.047685741828122415,0.14881608904635513,0.32043404805019876,0.7523293347894655,-0.24399379270273364,0.33936527635897845
ext,ITA,Italy,High income,dd,-0.003607922077780456,0.026912853350342,-0.1340594410712905,0.8948431149141685,-0.05635711464445077,0.04914127048888986
ext,ITA,Italy,High income,d_inf,0.15759406057292158,0.07483031819955305,2.1060188485723006,0.049502930444782406,0.010926636901797598,0.30426148424404553
ext,ITA,Italy,High income,"L(d_inf, 1)",-0.13776140897880124,0.059198201043445565,-2.3271215434012618,0.03182853934775865,-0.25378988302395455,-0.021732934933647932
ext,ITA,Italy,High income,d_gov,-0.06382839142362806,0.08545822544642809,-0.7468958206210436,0.46477155719264274,-0.2313265132986271,0.10366973045137098
ext,ITA,Italy,High income,"L(d_gov, 1)",-0.16091654892205062,0.09653495886871627,-1.6669251306243449,0.11283411046608051,-0.3501250683047345,0.028291970460633253
ext,ITA,Italy,High income,d_mil,1.11263018494049,0.8228762190143223,1.3521233925963347,0.1930815093404194,-0.5002072043275816,2.7254675742085617
ext,ITA,Italy,High income,d_trade,-0.011625057812570373,0.019367451864970624,-0.6002368248347784,0.5558307821933814,-0.049585263467912796,0.02633514784277205
ext,ITA,Italy,High income,"L(d_trade, 1)",-0.05219343275911077,0.016828202988826056,-3.101545232950141,0.006158467037391389,-0.08517671061720984,-0.019210154901011703
ext,ITA,Italy,High income,d_log_gdp,0.07606344278155706,0.028735964952934543,2.6469771558441924,0.016393256731996087,0.019740951473805363,0.13238593408930877
ext,JAM,Jamaica,Lower middle income,(Intercept),-0.0011702732649143935,0.0012340898857258918,-0.9482885148402611,0.35376848222394763,-0.003589089440937141,0.0012485429111083544
ext,JAM,Jamaica,Lower middle income,"L(dy, 1)",-0.2582593050095964,0.26600751457854493,-0.9708722154664517,0.34266242082400244,-0.7796340335835444,0.2631154235643517
ext,JAM,Jamaica,Lower middle income,dd,-8.229824914837831e-4,0.008247930182818896,-0.0997804871333807,0.9214650226104892,-0.01698892564980882,0.015342960666841253
ext,JAM,Jamaica,Lower middle income,d_inf,0.012462963813744425,0.016614315515750537,0.7501340516814797,0.46149634426351804,-0.020101094597126626,0.04502702222461548
ext,JAM,Jamaica,Lower middle income,d_gov,0.03892751940755252,0.059599218877250025,0.6531548590884599,0.5207440123221285,-0.07788694959185752,0.15574198840696257
ext,JAM,Jamaica,Lower middle income,d_mil,-0.5127872436829188,0.8000217960563706,-0.6409665914237006,0.5284779947214968,-2.080829963953405,1.0552554765875675
ext,JAM,Jamaica,Lower middle income,d_trade,0.006640318424085076,0.012441448646620622,0.5337255019646555,0.5991360635425127,-0.017744920923291344,0.031025557771461494
ext,JAM,Jamaica,Lower middle income,d_log_gdp,0.006468016942928399,0.041949481655073714,0.15418586089122996,0.8789353700593858,-0.07575296710101609,0.08868900098687288
ext,JOR,Jordan,Lower middle income,(Intercept),4.2206929553540074e-4,0.0011388710597779197,0.3706032319564819,0.7218934671441635,-0.0018101179816293219,0.0026542565727001232
ext,JOR,Jordan,Lower middle income,"L(dy, 1)",0.29360235908348603,0.1693985045597427,1.7332051416070187,0.12665713244265558,-0.03841870985360968,0.6256234280205817
ext,JOR,Jordan,Lower middle income,"L(dy, 2)",-0.22196257376002354,0.1933886339646885,-1.1477539771057717,0.2887783483095635,-0.601004296330813,0.1570791488107659
ext,JOR,Jordan,Lower middle income,dd,0.019194279868293977,0.02049975691619351,0.9363174376536977,0.38027925524687833,-0.020985243687445306,0.059373803424033256
ext,JOR,Jordan,Lower middle income,"L(dd, 1)",-0.02083341463323628,0.024975830546912325,-0.8341430165497277,0.4317413375937099,-0.06978604250518444,0.028119213238711877
ext,JOR,Jordan,Lower middle income,"L(dd, 2)",0.04331913400544262,0.013099303463053266,3.3069799571881613,0.012995386324454357,0.017644499217858222,0.06899376879302702
ext,JOR,Jordan,Lower middle income,d_inf,0.016540095823886224,0.03342922376274226,0.49477953605134534,0.635905410126651,-0.04898118275108859,0.08206137439886105
ext,JOR,Jordan,Lower middle income,"L(d_inf, 1)",-0.028063326592398546,0.040876335076584065,-0.6865421408210975,0.5144625994094678,-0.10818094334250332,0.052054290157706226
ext,JOR,Jordan,Lower middle income,"L(d_inf, 2)",0.06271878213360584,0.027801916249782715,2.255915799836136,0.058683811417291294,0.008227026284031713,0.11721053798317996
ext,JOR,Jordan,Lower middle income,d_gov,-0.10532666120542677,0.1256843904681848,-0.8380249990716923,0.4296987472054994,-0.351668066523069,0.14101474411221543
ext,JOR,Jordan,Lower middle income,"L(d_gov, 1)",0.2337566796444243,0.13615900784637533,1.7167918842957923,0.12972132606861966,-0.033114975734471336,0.5006283350233199
ext,JOR,Jordan,Lower middle income,"L(d_gov, 2)",-0.2248189754139001,0.11693543095948161,-1.9225907286543493,0.09596318732151886,-0.45401242009448406,0.004374469266683834
ext,JOR,Jordan,Lower middle income,d_mil,0.3222232575224357,0.16906121169578522,1.905956158070461,0.09834080108773807,-0.00913671740130334,0.6535832324461748
ext,JOR,Jordan,Lower middle income,"L(d_mil, 1)",0.6188088589694418,0.21309049335544533,2.903972153920722,0.022856095420369548,0.201151491992769,1.0364662259461146
ext,JOR,Jordan,Lower middle income,"L(d_mil, 2)",0.3212598760558572,0.22139108513201314,1.4510967136020558,0.19004566752091714,-0.11266665080288851,0.7551864029146029
ext,JOR,Jordan,Lower middle income,d_trade,0.0030653733394615003,0.02576723817193131,0.11896398515851278,0.9086459456602234,-0.047438413477523866,0.053569160156446874
ext,JOR,Jordan,Lower middle income,"L(d_trade, 1)",0.06521575516380637,0.028994690951206256,2.249230911740179,0.05926531438470164,0.008386160899442108,0.12204534942817064
ext,JOR,Jordan,Lower middle income,"L(d_trade, 2)",0.057131178122292944,0.020729918833351645,2.75597693274016,0.028259378170953586,0.01650053720892372,0.09776181903566217
ext,JOR,Jordan,Lower middle income,d_log_gdp,0.01300994157768469,0.03533154228613902,0.3682245590164526,0.723588877860661,-0.05623988130314779,0.08225976445851717
ext,JOR,Jordan,Lower middle income,"L(d_log_gdp, 1)",0.03228823823330811,0.0254287139585094,1.2697550605976777,0.24475156095953612,-0.01755204112537031,0.08212851759198653
ext,JOR,Jordan,Lower middle income,"L(d_log_gdp, 2)",-0.00686791405294518,0.030420584093466197,-0.22576535781968388,0.827833985244052,-0.06649225887613892,0.052756430770248566
ext,JPN,Japan,High income,(Intercept),-0.02704577076590446,0.007068564794482653,-3.8262039823154708,0.006489720649640314,-0.04090015776309046,-0.013191383768718463
ext,JPN,Japan,High income,"L(dy, 1)",-0.8149172300010833,0.22337800755098577,-3.6481533653892915,0.008197970000347275,-1.2527381248010154,-0.37709633520115116
ext,JPN,Japan,High income,"L(dy, 2)",0.2744590983441946,0.18620600817472488,1.4739540417334875,0.18398781356859722,-0.0905046776782662,0.6394228743666553
ext,JPN,Japan,High income,dd,0.14067348108230318,0.07869678714654622,1.787537791350316,0.11699831326899318,-0.013572221724927419,0.29491918388953375
ext,JPN,Japan,High income,"L(dd, 1)",-0.08809757010169525,0.09190815103892003,-0.9585392493032405,0.3697191340379437,-0.2682375461379785,0.09204240593458801
ext,JPN,Japan,High income,"L(dd, 2)",0.20658621398681404,0.0787790378336822,2.6223500523446037,0.034291819156426956,0.05217929983279693,0.3609931281408312
ext,JPN,Japan,High income,d_inf,0.47462305891810186,0.24586960624421156,1.9303852402426653,0.09486850938438486,-0.0072813693205527885,0.9565274871567565
ext,JPN,Japan,High income,"L(d_inf, 1)",0.716324898687312,0.2767265531962277,2.588565825771565,0.03601995287738681,0.17394085442270568,1.2587089429519183
ext,JPN,Japan,High income,"L(d_inf, 2)",0.160679175013302,0.32401411861409185,0.4959017702703089,0.6351525465462984,-0.4743884974703181,0.795746847496922
ext,JPN,Japan,High income,d_gov,1.7407842583237265,0.7650920123150977,2.2752613153760084,0.057033329702326184,0.24120391418613507,3.2403646024613177
ext,JPN,Japan,High income,"L(d_gov, 1)",0.9900946378455578,0.8074732642065072,1.2261639880033801,0.2597805308498171,-0.5925529599991962,2.572742235690312
ext,JPN,Japan,High income,"L(d_gov, 2)",3.113448705825769,0.7374769293002914,4.221757430133806,0.0039280382220779056,1.6679939243971977,4.55890348725434
ext,JPN,Japan,High income,d_mil,-41.05014722812851,12.21572713196561,-3.3604341996728286,0.012077152427276295,-64.9929724067811,-17.107322049475915
ext,JPN,Japan,High income,"L(d_mil, 1)",-20.83920440538304,8.914150783042928,-2.3377666490704554,0.052015697245258535,-38.31093994014718,-3.3674688706189
ext,JPN,Japan,High income,"L(d_mil, 2)",-52.34108592013465,12.333374853154284,-4.243857544534805,0.00382203328812292,-76.51450063231705,-28.167671207952257
ext,JPN,Japan,High income,d_trade,0.1533078128310412,0.0641096790676292,2.3913364574687237,0.048074287464623736,0.027652841858487986,0.2789627838035944
ext,JPN,Japan,High income,"L(d_trade, 1)",0.0221684774965969,0.0628759455287758,0.35257485688944873,0.734784402018851,-0.10106837573980368,0.14540533073299747
ext,JPN,Japan,High income,"L(d_trade, 2)",-0.12911399572373605,0.05996153624712193,-2.153280316094859,0.06828208635497501,-0.24663860676809501,-0.011589384679377077
ext,JPN,Japan,High income,d_log_gdp,0.06508212806320969,0.13630850463077124,0.47746197670866086,0.6475812039551163,-0.20208254101310197,0.3322467971395213
ext,JPN,Japan,High income,"L(d_log_gdp, 1)",-0.2110756040766646,0.14024137811179072,-1.5050879199747291,0.17601788771646,-0.4859487051757744,0.0637974970224452
ext,JPN,Japan,High income,"L(d_log_gdp, 2)",0.14767141529698177,0.1461259426418719,1.010576305802848,0.3458682697950971,-0.13873543228108712,0.4340782628750507
ext,KEN,Kenya,Low income,(Intercept),0.0031159808820627887,0.0019179443568502663,1.624646132685513,0.1282244309699949,-6.431900573637332e-4,0.00687515182148931
ext,KEN,Kenya,Low income,"L(dy, 1)",0.11487383856506449,0.1460880313004132,0.7863329907488429,0.44577008845705524,-0.17145870278374536,0.40120637991387437
ext,KEN,Kenya,Low income,dd,-0.0701559709277438,0.01755131467661923,-3.9971917899233618,0.0015200965380614531,-0.10455654769391749,-0.0357553941615701
ext,KEN,Kenya,Low income,"L(dd, 1)",-0.06610640032908582,0.018391057719099206,-3.5944860452715557,0.003266124644853493,-0.10215287345852027,-0.03005992719965138
ext,KEN,Kenya,Low income,"L(dd, 2)",-0.030949266621775322,0.0237389468882007,-1.3037337657618866,0.21493938322384945,-0.0774776025226487,0.015579069279098051
ext,KEN,Kenya,Low income,d_inf,0.04129452002338892,0.0193026666008195,2.1393168559226807,0.05195953717560198,0.003461293485782696,0.07912774656099514
ext,KEN,Kenya,Low income,d_gov,-0.13164770516322127,0.31774174793697685,-0.4143229714633949,0.6853925451052676,-0.7544215311196958,0.4911261207932533
ext,KEN,Kenya,Low income,d_mil,0.8342652222209513,1.7075565221497426,0.4885725370722406,0.6332826224547958,-2.5125455611925442,4.181076005634447
ext,KEN,Kenya,Low income,"L(d_mil, 1)",0.8247311584992556,1.5091083677598496,0.5465022765220651,0.5939769375712763,-2.1331212423100494,3.782583559308561
ext,KEN,Kenya,Low income,"L(d_mil, 2)",5.558642025927077,1.364125817232576,4.074874880092794,0.001313583195043505,2.884955424151228,8.232328627702927
ext,KEN,Kenya,Low income,d_trade,-0.08708407485577091,0.09773019640447397,-0.8910662012317854,0.38908799297547214,-0.27863525980853987,0.10446711009699808
ext,KEN,Kenya,Low income,"L(d_trade, 1)",-0.41111274487689553,0.10237069239895243,-4.015922284424272,0.0014674355959981907,-0.6117593019788423,-0.21046618777494877
ext,KEN,Kenya,Low income,"L(d_trade, 2)",-0.3079945222670273,0.10676852800676832,-2.8846939076232534,0.012777799199251918,-0.5172608371602931,-0.09872820737376137
ext,KEN,Kenya,Low income,d_log_gdp,-0.1403702456963469,0.04437618931303485,-3.1631883645113983,0.007479301341170566,-0.2273475767498952,-0.05339291464279859
ext,KEN,Kenya,Low income,"L(d_log_gdp, 1)",0.10514784997928503,0.05537489494963553,1.8988361074981523,0.08000541213411232,-0.003386944122000607,0.21368264408057067
ext,KHM,Cambodia,Low income,(Intercept),-0.0012409224996478218,0.005306939241295233,-0.23383016899680148,0.8173812752664822,-0.011642523412586479,0.009160678413290836
ext,KHM,Cambodia,Low income,"L(dy, 1)",-0.04964752502054393,0.21435937962746304,-0.23160882955915799,0.819083755903546,-0.4697919090903715,0.37049685904928364
ext,KHM,Cambodia,Low income,dd,-0.06790289488993634,0.06721395332529523,-1.010249978323799,0.32387490791306317,-0.199642243407515,0.06383645362764231
ext,KHM,Cambodia,Low income,d_inf,-0.011791096783894391,0.017539939125148587,-0.6722427426779627,0.5087586591216762,-0.04616937746918562,0.02258718390139684
ext,KHM,Cambodia,Low income,d_gov,0.45706069683049216,0.3870423309369907,1.1809062221281947,0.2508425106097375,-0.3015422718060096,1.215663665466994
ext,KHM,Cambodia,Low income,d_mil,-0.6805632762224738,0.9713395149493136,-0.7006440752675309,0.49121600846331903,-2.5843887255231284,1.2232621730781807
ext,KHM,Cambodia,Low income,d_trade,-0.04675734396277485,0.09947848762505426,-0.4700246764808951,0.643181828788229,-0.24173517970788122,0.1482204917823315
ext,KHM,Cambodia,Low income,d_log_gdp,-0.04602855824899549,0.060098797744177875,-0.7658815147172315,0.45227003288558676,-0.1638222018275841,0.07176508532959315
ext,KWT,Kuwait,High income,(Intercept),-0.004671817912243684,0.0036380649269789314,-1.2841491303793708,0.21307709123460472,-0.01180242516912239,0.0024587893446350213
ext,KWT,Kuwait,High income,"L(dy, 1)",-0.20068216550708382,0.26075260885370843,-0.7696266832738525,0.4500923291290506,-0.7117572788603523,0.31039294784618465
ext,KWT,Kuwait,High income,dd,-8.806126362675617e-4,0.01575708613978985,-0.0558867691941999,0.9559603291778316,-0.03176450147025567,0.030003276197720544
ext,KWT,Kuwait,High income,d_inf,0.0012462277442150396,0.02687105034048462,0.04637808081277123,0.9634471253403958,-0.05142103092313482,0.0539134864115649
ext,KWT,Kuwait,High income,d_gov,0.014664444468721824,0.05462840172088018,0.2684399324667913,0.7909800801918274,-0.09240722290420333,0.12173611184164698
ext,KWT,Kuwait,High income,d_mil,-0.010748746485115809,0.1013388615363042,-0.10606736963652505,0.9165355870113839,-0.20937291509627204,0.18787542212604041
ext,KWT,Kuwait,High income,d_trade,-0.002610660991341625,0.05458715916331277,-0.04782555149153488,0.9623071987083232,-0.10960149295143465,0.1043801709687514
ext,KWT,Kuwait,High income,d_log_gdp,0.03135849501973581,0.03634000386919776,0.8629194188478242,0.39792995524915253,-0.0398679125638918,0.10258490260336342
ext,LKA,Sri Lanka,Lower middle income,(Intercept),0.004496085759395008,0.002910148395334568,1.5449678671379612,0.16626940437490859,-0.0012078050954607454,0.01019997661425076
ext,LKA,Sri Lanka,Lower middle income,"L(dy, 1)",1.0690748673838197,0.29932559012104815,3.5716119926514893,0.00907733688332486,0.4823967107465654,1.655753024021074
ext,LKA,Sri Lanka,Lower middle income,"L(dy, 2)",-0.9911605953693811,0.37442412904757405,-2.6471600478596424,0.03307777845383896,-1.725031888302626,-0.2572893024361359
ext,LKA,Sri Lanka,Lower middle income,dd,0.014226969265837466,0.01641960890860234,0.8664621273886653,0.41494618313390874,-0.017955464195023123,0.04640940272669805
ext,LKA,Sri Lanka,Lower middle income,"L(dd, 1)",-0.016859679055039184,0.017752488567746978,-0.9497079235229101,0.3738889430593316,-0.05165455664782326,0.01793519853774489
ext,LKA,Sri Lanka,Lower middle income,"L(dd, 2)",0.00986955959176076,0.020719818132653424,0.476334277095165,0.6483452695440042,-0.030741283948239953,0.05048040313176147
ext,LKA,Sri Lanka,Lower middle income,d_inf,0.010977997840659498,0.024830849501426024,0.44211124714154615,0.6717455279423012,-0.03769046718213551,0.05964646286345451
ext,LKA,Sri Lanka,Lower middle income,"L(d_inf, 1)",-0.05460022109680829,0.03113559784731851,-1.753626873155115,0.12294066982487137,-0.11562599287755257,0.006425550683935993
ext,LKA,Sri Lanka,Lower middle income,"L(d_inf, 2)",0.00694188564198309,0.018660843048964194,0.3720027880717004,0.7208967085677898,-0.02963336673398673,0.043517138017952914
ext,LKA,Sri Lanka,Lower middle income,d_gov,-0.16055878297760118,0.2156973150843414,-0.7443707999555762,0.480888703986145,-0.5833255205429103,0.26220795458770796
ext,LKA,Sri Lanka,Lower middle income,"L(d_gov, 1)",-0.06358159806836627,0.14400371429441994,-0.44152748684226145,0.6721481849486717,-0.34582887808542934,0.2186656819486968
ext,LKA,Sri Lanka,Lower middle income,"L(d_gov, 2)",0.09202635961840767,0.21598413618464818,0.42607925398619517,0.68284541729696,-0.3313025473035028,0.5153552665403182
ext,LKA,Sri Lanka,Lower middle income,d_mil,-0.14924661340205364,0.1463242191318596,-1.0199720476045084,0.34169214475677334,-0.43604208290049845,0.13754885609639117
ext,LKA,Sri Lanka,Lower middle income,"L(d_mil, 1)",0.07331487967773559,0.14737133852886497,0.4974839776146549,0.6340918905291473,-0.21553294383883975,0.36216270319431093
ext,LKA,Sri Lanka,Lower middle income,"L(d_mil, 2)",-0.054004154624679564,0.177743833663823,-0.3038313820035,0.7700887415677651,-0.4023820686057726,0.29437375935641347
ext,LKA,Sri Lanka,Lower middle income,d_trade,0.0032473883655079125,0.04635018822102901,0.0700620318955809,0.9461038197882647,-0.08759898054770895,0.09409375727872477
ext,LKA,Sri Lanka,Lower middle income,"L(d_trade, 1)",-0.07437364504195969,0.04525412018936976,-1.6434668209377792,0.14428687245912242,-0.16307172061312442,0.01432443052920504
ext,LKA,Sri Lanka,Lower middle income,"L(d_trade, 2)",0.05388030774708471,0.07311895005873617,0.7368856870045708,0.4851507851854563,-0.08943283436803817,0.1971934498622076
ext,LKA,Sri Lanka,Lower middle income,d_log_gdp,-0.06553317118072768,0.041523967743786715,-1.5782010906347816,0.15852742284912988,-0.14692014795854963,0.015853805597094275
ext,LKA,Sri Lanka,Lower middle income,"L(d_log_gdp, 1)",-0.050330331261839494,0.04420347421157957,-1.1386057806437062,0.2923302582560678,-0.13696914071653546,0.036308478192856465
ext,LKA,Sri Lanka,Lower middle income,"L(d_log_gdp, 2)",0.04297166447556773,0.031057771255553195,1.3836042555012478,0.20899242132098167,-0.017901567185316526,0.10384489613645198
ext,LSO,Lesotho,Lower middle income,(Intercept),-0.001353049062718971,7.212083533940133e-4,-1.8760862327114063,0.07461283126158906,-0.002766617435371237,6.0519309933295155e-5
ext,LSO,Lesotho,Lower middle income,"L(dy, 1)",0.7686777902815805,0.10397715896412335,7.392756235499835,2.8504076335217997e-7,0.5648825587118986,0.9724730218512623
ext,LSO,Lesotho,Lower middle income,dd,-0.003377365909953096,0.0034791728937895194,-0.9707381648040104,0.3427276307915528,-0.010196544781780554,0.0034418129618743617
ext,LSO,Lesotho,Lower middle income,d_inf,-0.018053054612673286,0.008222701868304485,-2.195513701191238,0.039502893375722124,-0.03416955027455008,-0.001936558950796495
ext,LSO,Lesotho,Lower middle income,d_gov,-0.019335417242295663,0.019125575349812827,-1.0109717950254966,0.3235373633904206,-0.056821544927928805,0.01815071044333748
ext,LSO,Lesotho,Lower middle income,d_mil,-0.46329522297397685,0.15876787699517608,-2.918066498981109,0.008221056809358182,-0.7744802618845219,-0.15211018406343174
ext,LSO,Lesotho,Lower middle income,d_trade,-8.68252882317673e-4,0.007062219652963681,-0.12294334146818957,0.9033210014457782,-0.014710203402126488,0.01297369763749114
ext,LSO,Lesotho,Lower middle income,d_log_gdp,-0.024334786212343192,0.013128024355946418,-1.8536518178624952,0.07789102598360653,-0.050065713949998175,0.0013961415253117872
ext,LUX,Luxembourg,High income,(Intercept),0.009357505074943439,0.004969298485986535,1.883063595662785,0.10170698210490979,-3.823199575901694e-4,0.019097330107477047
ext,LUX,Luxembourg,High income,"L(dy, 1)",0.44927678200240734,0.25920767944474743,1.7332695657968533,0.12664524172479574,-0.05877026970929761,0.9573238337141123
ext,LUX,Luxembourg,High income,"L(dy, 2)",-0.3854027972665718,0.15481320227835066,-2.4894698358711436,0.041628868412559486,-0.6888366737321391,-0.08196892080100449
ext,LUX,Luxembourg,High income,dd,-0.042318117084184884,0.022996297104055166,-1.840214400288058,0.10831089787852381,-0.08739085940813301,0.0027546252397632406
ext,LUX,Luxembourg,High income,"L(dd, 1)",-0.06970305755288046,0.023008878208305102,-3.0293983444929964,0.019130829544118155,-0.11480045884115847,-0.02460565626460246
ext,LUX,Luxembourg,High income,"L(dd, 2)",-0.010286136823935157,0.017067577686299344,-0.6026711589068757,0.5657320506446724,-0.04373858908908187,0.023166315441211553
ext,LUX,Luxembourg,High income,d_inf,-0.42706743507783257,0.11851712331449855,-3.6034239030976223,0.00870003672528266,-0.6593609967742498,-0.1947738733814154
ext,LUX,Luxembourg,High income,"L(d_inf, 1)",-0.11436055999629553,0.11977380651549734,-0.9548044211277413,0.37147823889032583,-0.3491172207666703,0.12039610077407924
ext,LUX,Luxembourg,High income,"L(d_inf, 2)",-0.3627237071684914,0.13091554292736213,-2.7706695405124426,0.02766741207733274,-0.6193181713061211,-0.10612924303086163
ext,LUX,Luxembourg,High income,d_gov,-1.8217198627991198,0.4487594174400031,-4.059457678217248,0.004812893126953755,-2.7012883209815257,-0.9421514046167138
ext,LUX,Luxembourg,High income,"L(d_gov, 1)",-0.5715953952496419,0.4420636064100654,-1.2930161790324368,0.23704136931183792,-1.4380400638133701,0.2948492733140864
ext,LUX,Luxembourg,High income,"L(d_gov, 2)",-0.2559442663639089,0.5395312030798778,-0.4743826953897535,0.6496686244949834,-1.3134254244004693,0.8015368916726515
ext,LUX,Luxembourg,High income,d_mil,-11.063011376437757,7.124759203129139,-1.5527558280957716,0.1644244873232383,-25.027539414570867,2.9015166616953554
ext,LUX,Luxembourg,High income,"L(d_mil, 1)",-20.643438958354007,6.905165300574608,-2.989564776477716,0.020238813435920374,-34.17756294748024,-7.109314969227777
ext,LUX,Luxembourg,High income,"L(d_mil, 2)",-9.789425844748365,4.650950375030164,-2.1048226825436456,0.07334701910838645,-18.905288579807486,-0.673563109689244
ext,LUX,Luxembourg,High income,d_trade,0.08246003840997919,0.016569033705541,4.9767560302809315,0.0016068607457205386,0.04998473234711883,0.11493534447283954
ext,LUX,Luxembourg,High income,"L(d_trade, 1)",-0.009612371950875505,0.028420194583743466,-0.33822329831527065,0.7451124802555319,-0.0653159533350127,0.046091209433261685
ext,LUX,Luxembourg,High income,"L(d_trade, 2)",-0.010901336017569893,0.02921164461858971,-0.37318460360265027,0.7200554767131617,-0.06815615947000572,0.046353487434865934
ext,LUX,Luxembourg,High income,d_log_gdp,-0.11765554131742981,0.08159901731704569,-1.4418744880258756,0.1925403299268864,-0.27758961525883935,0.04227853262397974
ext,LUX,Luxembourg,High income,"L(d_log_gdp, 1)",-0.2693442163535537,0.0807590501422945,-3.335158299645415,0.012502341319453122,-0.4276319546324509,-0.11105647807465652
ext,LUX,Luxembourg,High income,"L(d_log_gdp, 2)",0.1916721451742042,0.0970166797463271,1.9756617694542427,0.08874751576214847,0.0015194528714030653,0.38182483747700535
ext,MAR,Morocco,Lower middle income,(Intercept),-0,0,NA,NA,-0,0
ext,MAR,Morocco,Lower middle income,"L(dy, 1)",NA,NA,NA,NA,NA,NA
ext,MAR,Morocco,Lower middle income,dd,-0,0,NA,NA,-0,0
ext,MAR,Morocco,Lower middle income,"L(dd, 1)",-0,0,NA,NA,-0,0
ext,MAR,Morocco,Lower middle income,d_inf,0,0,NA,NA,0,0
ext,MAR,Morocco,Lower middle income,"L(d_inf, 1)",0,0,NA,NA,0,0
ext,MAR,Morocco,Lower middle income,d_gov,0,0,NA,NA,0,0
ext,MAR,Morocco,Lower middle income,"L(d_gov, 1)",0,0,NA,NA,0,0
ext,MAR,Morocco,Lower middle income,d_mil,0,0,NA,NA,0,0
ext,MAR,Morocco,Lower middle income,"L(d_mil, 1)",0,0,NA,NA,0,0
ext,MAR,Morocco,Lower middle income,d_trade,-0,0,NA,NA,-0,0
ext,MAR,Morocco,Lower middle income,"L(d_trade, 1)",0,0,NA,NA,0,0
ext,MAR,Morocco,Lower middle income,d_log_gdp,0,0,NA,NA,0,0
ext,MAR,Morocco,Lower middle income,"L(d_log_gdp, 1)",0,0,NA,NA,0,0
ext,MDG,Madagascar,Low income,(Intercept),-0.008326708701968112,0.0021661199974535032,-3.8440662159792693,0.0032434815326048308,-0.012572303896976979,-0.004081113506959246
ext,MDG,Madagascar,Low income,"L(dy, 1)",0.7210996381919402,0.1398937045073667,5.1546253688204215,4.2855793402602453e-4,0.4469079773575015,0.9952912990263789
ext,MDG,Madagascar,Low income,dd,-0.004849266895246265,0.011673176413751324,-0.41541965300324724,0.6866078644453204,-0.02772869266619886,0.01803015887570633
ext,MDG,Madagascar,Low income,"L(dd, 1)",0.0027982084123146104,0.01423691398188958,0.196545994158154,0.8481197722151119,-0.025106142992188968,0.030702559816818187
ext,MDG,Madagascar,Low income,"L(dd, 2)",0.02274767863316646,0.013881440731175757,1.6387116491502487,0.13231189726415404,-0.004459945199938024,0.049955302466270946
ext,MDG,Madagascar,Low income,d_inf,-0.02955448396170106,0.02793671649073334,-1.0579082896697733,0.3149827642601308,-0.0843104482835384,0.025201480360136287
ext,MDG,Madagascar,Low income,"L(d_inf, 1)",-0.04754404795585041,0.021571226790834102,-2.2040493300108692,0.05208283685581815,-0.08982365246588525,-0.0052644434458155726
ext,MDG,Madagascar,Low income,"L(d_inf, 2)",-0.021345585773329623,0.021764935830874594,-0.980732768485809,0.34985561897284634,-0.06400486000184383,0.021313688455184582
ext,MDG,Madagascar,Low income,d_gov,-0.22507766639120286,0.17221457944973165,-1.3069605785432448,0.2204806596330646,-0.5626182421126769,0.11246290933027114
ext,MDG,Madagascar,Low income,"L(d_gov, 1)",-0.2510431252572461,0.13056438958906408,-1.9227534096193803,0.08342836023311394,-0.5069493288518117,0.004863078337319471
ext,MDG,Madagascar,Low income,"L(d_gov, 2)",-0.11397575453862598,0.10406499052703312,-1.0952362937948696,0.29908985738220373,-0.3179431359716109,0.08999162689435893
ext,MDG,Madagascar,Low income,d_mil,-1.7587616182184433,1.6468341387056713,-1.0679652412359761,0.31063886623882364,-4.986556530081559,1.4690332936446722
ext,MDG,Madagascar,Low income,"L(d_mil, 1)",-3.030310169368792,1.3901688202044218,-2.179814512688603,0.05426250101723776,-5.755041056969459,-0.3055792817681251
ext,MDG,Madagascar,Low income,d_trade,0.2898285605182469,0.05195781245595286,5.578151712294441,2.3470972085100868e-4,0.1879912481045793,0.3916658729319145
ext,MDG,Madagascar,Low income,"L(d_trade, 1)",0.20249665459741065,0.05167429710638372,3.918711350451919,0.002872361762025538,0.10121503226889855,0.30377827692592274
ext,MDG,Madagascar,Low income,d_log_gdp,0.04586167701632106,0.04513823390193459,1.0160272800207069,0.33356809411123234,-0.04260926143147073,0.13433261546411285
ext,MDG,Madagascar,Low income,"L(d_log_gdp, 1)",0.04131686478142855,0.0451255782364021,0.9155974592719762,0.3814269084671813,-0.04712926856191956,0.12976299812477665
ext,MDG,Madagascar,Low income,"L(d_log_gdp, 2)",0.14427213948954254,0.04850036559803274,2.9746608651419004,0.013934315326772822,0.04921142291739837,0.2393328560616867
ext,MEX,Mexico,Upper middle income,(Intercept),0.009267248963778184,0.006133631585378203,1.510891033277924,0.17456757837153564,-0.002754668943563094,0.021289166871119463
ext,MEX,Mexico,Upper middle income,"L(dy, 1)",0.3283457149524671,0.2716083748937027,1.2088939270777983,0.26594791047533095,-0.20400669983919018,0.8606981297441244
ext,MEX,Mexico,Upper middle income,"L(dy, 2)",-1.006417289902684,0.29790542808837245,-3.3783113532397078,0.011785820965726269,-1.590311928955894,-0.42252265084947394
ext,MEX,Mexico,Upper middle income,dd,-0.017678088389816014,0.06337842280901555,-0.27892913086662224,0.7883598627033086,-0.1418997970954865,0.10654362031585446
ext,MEX,Mexico,Upper middle income,"L(dd, 1)",0.017122372849263948,0.03746967355253152,0.4569661602538068,0.6615383147785365,-0.05631818731369784,0.09056293301222573
ext,MEX,Mexico,Upper middle income,"L(dd, 2)",-0.03479756569349463,0.05151353136451847,-0.6755034021500325,0.5210384764336582,-0.13576408716795083,0.06616895578096157
ext,MEX,Mexico,Upper middle income,d_inf,-0.01227422138010519,0.05952414582318628,-0.20620575415840822,0.8424994289545684,-0.1289415471935503,0.10439310443333992
ext,MEX,Mexico,Upper middle income,"L(d_inf, 1)",0.026109070402713763,0.07766860855020828,0.336159883511184,0.7466021087575341,-0.12612140235569447,0.178339543161122
ext,MEX,Mexico,Upper middle income,"L(d_inf, 2)",0.018993429607443633,0.07939171786740148,0.23923691434874975,0.8177755186892273,-0.13661433741266327,0.17460119662755053
ext,MEX,Mexico,Upper middle income,d_gov,0.6883953723622177,0.5607877042916506,1.227550759572649,0.25929058920037523,-0.4107485280494175,1.787539272773853
ext,MEX,Mexico,Upper middle income,"L(d_gov, 1)",0.2708345026946597,0.579347139480319,0.4674822472371251,0.6543586314577281,-0.8646858906867656,1.406354896076085
ext,MEX,Mexico,Upper middle income,"L(d_gov, 2)",0.0856369641454622,0.7008253822683224,0.12219443860364448,0.9061791118364086,-1.2879807851004497,1.459254713391374
ext,MEX,Mexico,Upper middle income,d_mil,-17.086682627668917,12.665834550626276,-1.3490372513056432,0.21933151684383756,-41.91171834689642,7.738353091558583
ext,MEX,Mexico,Upper middle income,"L(d_mil, 1)",-12.70923898071872,14.19249296884447,-0.8954902432305722,0.4002690762431209,-40.526525199653875,15.10804723821644
ext,MEX,Mexico,Upper middle income,"L(d_mil, 2)",-13.047284718144821,15.882422058421993,-0.821492129484509,0.4384456566920577,-44.17683195265192,18.082262516362285
ext,MEX,Mexico,Upper middle income,d_trade,-0.18709467219833356,0.15700747569025475,-1.1916290697357304,0.27223632086789773,-0.49482932455123285,0.12063998015456576
ext,MEX,Mexico,Upper middle income,"L(d_trade, 1)",-0.06615663257106567,0.12772925763534806,-0.5179442345146563,0.6204597118529149,-0.3165059775363479,0.18419271239421653
ext,MEX,Mexico,Upper middle income,"L(d_trade, 2)",-0.1720274086588063,0.12715308745016057,-1.3529157027054877,0.21814943935278963,-0.421247460061121,0.0771926427435084
ext,MEX,Mexico,Upper middle income,d_log_gdp,0.09532563084160825,0.1492221335259365,0.6388169676252456,0.5432704388407091,-0.19714975086922729,0.3878010125524438
ext,MEX,Mexico,Upper middle income,"L(d_log_gdp, 1)",-0.12161038825947287,0.12374231244098237,-0.9827712595679324,0.35845993208437016,-0.36414532064379834,0.12092454412485257
ext,MEX,Mexico,Upper middle income,"L(d_log_gdp, 2)",0.13956953390361185,0.1288662566550523,1.0830572527392486,0.3146732146126281,-0.11300832914029066,0.3921473969475143
ext,MLT,Malta,High income,(Intercept),-0.0015405504215833374,0.003104085970869599,-0.49629760130379297,0.6348871090850681,-0.007624558924487752,0.004543458081321077
ext,MLT,Malta,High income,"L(dy, 1)",-0.3756995148143506,0.30325457986020415,-1.2388914785311487,0.25531330102645383,-0.9700784913403507,0.21867946171164954
ext,MLT,Malta,High income,"L(dy, 2)",0.9185698376352069,0.3343643802942472,2.7472119991574684,0.028618825449796895,0.2632156522584824,1.5739240230119314
ext,MLT,Malta,High income,dd,0.0017913793635704527,0.030055303249576237,0.05960277122127224,0.9541379159014375,-0.057117015005598966,0.060699773732739874
ext,MLT,Malta,High income,"L(dd, 1)",0.011019238313344192,0.02321435841406099,0.4746733946637876,0.6494714170725915,-0.03448090417821535,0.056519380804903735
ext,MLT,Malta,High income,"L(dd, 2)",-0.03295502981321221,0.024741282321277928,-1.3319855206078108,0.22459549524544398,-0.08144794316291695,0.015537883536492526
ext,MLT,Malta,High income,d_inf,0.1720472899607632,0.06455341962094782,2.665192502132501,0.03222352946179717,0.04552258750370547,0.29857199241782095
ext,MLT,Malta,High income,"L(d_inf, 1)",0.08495162350850634,0.08623619242346726,0.985104062704288,0.3573900769256114,-0.0840713136414895,0.25397456065850216
ext,MLT,Malta,High income,"L(d_inf, 2)",0.030052993371832714,0.07000329160179616,0.42930828942708754,0.68060287158792665,-0.10715345816768777,0.1672594449113532
ext,MLT,Malta,High income,d_gov,0.14788437617446323,0.18008463992549642,0.821193724437826,0.43860467804939074,-0.20508151807950972,0.5008502704284362
ext,MLT,Malta,High income,"L(d_gov, 1)",0.4282696738772299,0.1934612528778502,2.2137232521058663,0.06245310706941376,0.049085618236643536,0.8074537295178164
ext,MLT,Malta,High income,"L(d_gov, 2)",-0.29105091567800345,0.17385502919192136,-1.6741012154253396,0.13802346387239778,-0.6318067728941693,0.049704941538162406
ext,MLT,Malta,High income,d_mil,-3.997739640627974,2.3469869217194073,-1.703349773120688,0.13228308893025237,-8.597834007198012,0.6023547259420639
ext,MLT,Malta,High income,"L(d_mil, 1)",-0.5461736561484639,2.2916193929777506,-0.23833523918592825,0.8184476254092439,-5.037747666384855,3.945400354087927
ext,MLT,Malta,High income,"L(d_mil, 2)",1.5692732781988055,2.7355294164785584,0.5736634630012233,0.5841477412111642,-3.792364378099169,6.930910934496779
ext,MLT,Malta,High income,d_trade,0.016224437562118325,0.012560333361272758,1.2917202987735255,0.23746532311925517,-0.00839381582597628,0.04084269095021293
ext,MLT,Malta,High income,"L(d_trade, 1)",0.0014446467142237884,0.01244480421771522,0.11608432635423296,0.9108458188253739,-0.02294716955249804,0.025836462980945617
ext,MLT,Malta,High income,"L(d_trade, 2)",0.011321025906142654,0.013551169979448151,0.8354279315595806,0.43106448864260727,-0.015239267253575722,0.03788131906586103
ext,MLT,Malta,High income,d_log_gdp,0.04212806111133804,0.04336650604538922,0.9714423630818915,0.3636906085455116,-0.042870290737624835,0.12712641296030092
ext,MLT,Malta,High income,"L(d_log_gdp, 1)",0.07693636943436097,0.04025865925517158,1.911051457196201,0.09760647724968831,-0.001970602705775329,0.15584334157449725
ext,MLT,Malta,High income,"L(d_log_gdp, 2)",-0.056224930290523965,0.04750659181376993,-1.1835185001468997,0.2752332253894366,-0.14933785024551302,0.0368879896644651
ext,MUS,Mauritius,Upper middle income,(Intercept),0.0019838362910791813,0.0013955550607608388,1.4215392476149376,0.19814536015566578,-7.514516280120627e-4,0.004719124210170425
ext,MUS,Mauritius,Upper middle income,"L(dy, 1)",0.41377706224244915,0.2981869826798085,1.387642943108488,0.20781301462010088,-0.1706694238099754,0.9982235482948737
ext,MUS,Mauritius,Upper middle income,"L(dy, 2)",0.18226483244818215,0.23839783909858522,0.7645406230918467,0.46952885144880874,-0.2849949321850449,0.6495245970814092
ext,MUS,Mauritius,Upper middle income,dd,-0.007219245212634383,0.005756685889566238,-1.2540627282997976,0.25007391168236404,-0.01850234955618421,0.004063859130915443
ext,MUS,Mauritius,Upper middle income,"L(dd, 1)",-0.010867959347270183,0.008938062267325528,-1.2159189567295468,0.26342441304956826,-0.02838656139122822,0.006650642696687853
ext,MUS,Mauritius,Upper middle income,"L(dd, 2)",0.0014037221979545749,0.0072571303232908555,0.19342662118792375,0.8521177431737241,-0.012820253235695503,0.015627697631604653
ext,MUS,Mauritius,Upper middle income,d_inf,-0.03394007096198909,0.0494935387707947,-0.6857475097742768,0.5149341969734242,-0.1309474069527467,0.06306726502876853
ext,MUS,Mauritius,Upper middle income,"L(d_inf, 1)",-0.11210893299344846,0.06965188742178095,-1.6095605897162049,0.15152915414163615,-0.24862663234013913,0.02440876635324221
ext,MUS,Mauritius,Upper middle income,"L(d_inf, 2)",-0.06542518237109525,0.03562045645276062,-1.8367306005149389,0.10886570311695563,-0.13524127701850608,0.0043909122763155645
ext,MUS,Mauritius,Upper middle income,d_gov,-0.2243895822880125,0.08708185402036724,-2.5767662484026914,0.03664462270879817,-0.39507001616793225,-0.05370914840809274
ext,MUS,Mauritius,Upper middle income,"L(d_gov, 1)",-0.2813224865049346,0.1894426129220512,-1.4850010890669494,0.1811231294923767,-0.652630007832155,0.08998503482228576
ext,MUS,Mauritius,Upper middle income,"L(d_gov, 2)",0.31665682593551225,0.14028773461301247,2.25719537640991,0.05857316411349855,0.0416928660940078,0.5916207857770167
ext,MUS,Mauritius,Upper middle income,d_mil,-4.686837181022664,3.903359267169463,-1.2007188834609486,0.2689101279446015,-12.337421344674812,2.963746982629483
ext,MUS,Mauritius,Upper middle income,"L(d_mil, 1)",8.983274550598239,4.7270505447979865,1.900397396952764,0.09914806157069338,-0.28174451720581395,18.248293618402293
ext,MUS,Mauritius,Upper middle income,"L(d_mil, 2)",-7.5327099137737425,3.426680698519073,-2.1982526463668455,0.06389560830069135,-14.249004082871124,-0.8164157446763598
ext,MUS,Mauritius,Upper middle income,d_trade,-0.01276240747349795,0.021381037730073625,-0.596903089298931,0.56936661553103,-0.05466924142444226,0.029144426477446354
ext,MUS,Mauritius,Upper middle income,"L(d_trade, 1)",0.01411859834002382,0.02258607225336823,0.625101973536737,0.5517288256830932,-0.030150103276577918,0.05838729995662555
ext,MUS,Mauritius,Upper middle income,"L(d_trade, 2)",-0.0065071190530601895,0.01569988405977897,-0.41446924246597266,0.6909367770311745,-0.03727889181022697,0.024264653704106593
ext,MUS,Mauritius,Upper middle income,d_log_gdp,-0.047251636327550355,0.023585779073424244,-2.003395189128694,0.08519167275321193,-0.09347976331146188,-0.0010235093436388384
ext,MUS,Mauritius,Upper middle income,"L(d_log_gdp, 1)",-0.0224312210362611,0.018112498612535336,-1.2384387994231152,0.2554710599158357,-0.05793171831683036,0.013069276244308162
ext,MUS,Mauritius,Upper middle income,"L(d_log_gdp, 2)",0.0056518991199706065,0.014232688981353835,0.39710690842574636,0.7031180690423271,-0.02224417128348291,0.03354796952342412
ext,MWI,Malawi,Low income,(Intercept),-0.0016202522763424285,0.002983117347373365,-0.5431406437192492,0.5930354561691717,-0.007467162277194224,0.004226657724509366
ext,MWI,Malawi,Low income,"L(dy, 1)",0.868103356002248,0.14085168740288348,6.163244274945593,5.070683373233286e-6,0.5920340486925963,1.1441726633118996
ext,MWI,Malawi,Low income,dd,-0.018143332931753655,0.010005453557975141,-1.8133443753074021,0.08481472084996672,-0.03775402190538493,0.0014673560418776224
ext,MWI,Malawi,Low income,d_inf,0.023836488390789317,0.012832045056656596,1.85757517882344,0.07801606925898255,-0.001314319920257611,0.04898729670183624
ext,MWI,Malawi,Low income,"L(d_inf, 1)",0.018280834570506947,0.010403654501337019,1.7571551004656678,0.09419040553215945,-0.0021103282521136094,0.0386719973931275
ext,MWI,Malawi,Low income,d_gov,0.11120505729338331,0.24635557462210214,0.45140061256566505,0.6565574461292842,-0.3716518689659369,0.5940619835527035
ext,MWI,Malawi,Low income,d_mil,3.2390944764767307,1.4456621243282524,2.240561208575498,0.036566244327563,0.40559671279335596,6.072592240160105
ext,MWI,Malawi,Low income,d_trade,-0.013915809680574886,0.05150729051257569,-0.2701716503060337,0.7897964220787714,-0.11487009908522323,0.08703847972407346
ext,MWI,Malawi,Low income,d_log_gdp,0.024312396522786318,0.02547769777177262,0.9542619093991543,0.3513434770228929,-0.025623891109888015,0.07424868415546065
ext,MYS,Malaysia,Upper middle income,(Intercept),-0.006143509911556006,0.002480415550550263,-2.4768067230481243,0.022828108130871643,-0.011005124390634523,-0.0012818954324774904
ext,MYS,Malaysia,Upper middle income,"L(dy, 1)",-0.08159760868833286,0.19260945455473139,-0.42364280028188495,0.6765835648846903,-0.4591121396156064,0.2959169222389406
ext,MYS,Malaysia,Upper middle income,dd,0.0011774940225692198,0.03040567719609245,0.038726123906904594,0.9695127628352616,-0.058417633281771984,0.06077262132691042
ext,MYS,Malaysia,Upper middle income,d_inf,0.014438950515379675,0.04329048007967245,0.3335363915763007,0.7423822031759006,-0.07041039044077832,0.09928829147153767
ext,MYS,Malaysia,Upper middle income,d_gov,0.22015211691211953,0.2573651114619718,0.8554077732663045,0.4029839840175704,-0.28428350155334514,0.7245877353775843
ext,MYS,Malaysia,Upper middle income,d_mil,-0.1353045860494663,0.9141255665371969,-0.14801531759144884,0.8838902112193223,-1.9269906964623722,1.6563815243634394
ext,MYS,Malaysia,Upper middle income,d_trade,0.04935771856619331,0.031114392877634678,1.5863307621108078,0.12916713174387895,-0.011626491473970657,0.11034192860635728
ext,MYS,Malaysia,Upper middle income,"L(d_trade, 1)",0.056150387137783864,0.02733619410559366,2.0540674726294146,0.053989643551422384,0.002571446690820288,0.10972932758474743
ext,MYS,Malaysia,Upper middle income,d_log_gdp,0.002265853902807937,0.03750330579032806,0.06041744467743136,0.9524541507520395,-0.07124062544623506,0.07577233325185094
ext,MYS,Malaysia,Upper middle income,"L(d_log_gdp, 1)",0.05233753581564555,0.0324427672089251,1.6132266239375335,0.12318130125487932,-0.011250287913847641,0.11592535954513875
ext,NGA,Nigeria,Low income,(Intercept),-5.728641212622803e-5,1.927403129420254e-4,-0.2972207072396903,0.7749244032944456,-4.3505742549259784e-4,3.2048460124014177e-4
ext,NGA,Nigeria,Low income,"L(dy, 1)",0.4977766448870243,0.22111122141375478,2.2512500347305253,0.059089063615016646,0.06439865091606495,0.9311546388579837
ext,NGA,Nigeria,Low income,"L(dy, 2)",-0.03811637659888189,0.20116436056263237,-0.18947877492949047,0.8550946712921075,-0.43239852330164136,0.35616577010387757
ext,NGA,Nigeria,Low income,dd,-0.003269882035170919,0.002136567401502509,-1.530437108078792,0.16976259894081464,-0.007457554142115836,9.177900717739981e-4
ext,NGA,Nigeria,Low income,"L(dd, 1)",-0.002539121010494151,0.0016704973545620778,-1.5199790670484383,0.1723182178853261,-0.0058132958254358234,7.35053804447521e-4
ext,NGA,Nigeria,Low income,"L(dd, 2)",0.005533269254580197,0.0015296037804985547,3.6174526535078897,0.008539076069221573,0.0025352458448030294,0.008531292664357364
ext,NGA,Nigeria,Low income,d_inf,-0.0022738059123077765,0.002224641519563157,-1.0220999169134781,0.3407518785868984,-0.006634103290651564,0.002086491466036011
ext,NGA,Nigeria,Low income,"L(d_inf, 1)",-0.004346570164527493,0.0021230464026766294,-2.0473269727159793,0.07984478205658925,-0.008507741113773688,-1.8539921528129989e-4
ext,NGA,Nigeria,Low income,"L(d_inf, 2)",-0.004070051512523529,0.0013201745500172153,-3.0829646825644796,0.017741354419769456,-0.006657593630557271,-0.0014825093944897867
ext,NGA,Nigeria,Low income,d_gov,-0.054683949273266814,0.02359618726573673,-2.317490900433378,0.0535921458612412,-0.1009324763141108,-0.008435422232422829
ext,NGA,Nigeria,Low income,"L(d_gov, 1)",-0.005613592978193452,0.01572334883525562,-0.35702273332551104,0.731595280460114,-0.036431356695294466,0.025204170738907565
ext,NGA,Nigeria,Low income,"L(d_gov, 2)",-0.08018046817571815,0.023649249893520765,-3.390402170754911,0.01159307513781457,-0.12653299796701883,-0.03382793838441746
ext,NGA,Nigeria,Low income,d_mil,-0.4090713664901603,0.23663272857037546,-1.7287184615652222,0.12748785150980463,-0.8728715144880962,0.054728781507775603
ext,NGA,Nigeria,Low income,"L(d_mil, 1)",0.23137709339526388,0.16986005293078452,1.3621630830972757,0.21535360116444952,-0.10154861034907378,0.5643027971396015
ext,NGA,Nigeria,Low income,"L(d_mil, 2)",-0.0994544416030932,0.28288855061953316,-0.3515675745281505,0.7355074048415855,-0.6539160008173782,0.4550071176111918
ext,NGA,Nigeria,Low income,d_trade,0.011195737705147925,0.0033079270459859993,3.3845177204658676,0.01168645507761842,0.004712200695015367,0.017679274715280482
ext,NGA,Nigeria,Low income,"L(d_trade, 1)",0.0067704041253167455,0.0037409577412759482,1.8098050268291799,0.11324714828241256,-5.618730475841129e-4,0.014102681298217604
ext,NGA,Nigeria,Low income,"L(d_trade, 2)",-0.006008049281387563,0.0049286255787133314,-1.2190110986186997,0.262320094355736,-0.015668155415665692,0.003652056852890567
ext,NGA,Nigeria,Low income,d_log_gdp,-0.006647113616204527,0.0021272979253446262,-3.1246745164421115,0.016733891204463187,-0.010816617549879995,-0.0024776096825290597
ext,NGA,Nigeria,Low income,"L(d_log_gdp, 1)",-0.0043259944330134624,0.0030906260782483652,-1.3997145961653346,0.20432291407474298,-0.010383621546380258,0.001731632680353333
ext,NGA,Nigeria,Low income,"L(d_log_gdp, 2)",0.007176019914663281,0.003432649283623063,2.0905193982093033,0.0749125546624886,4.480273187620785e-4,0.013904012510564483
ext,NLD,Netherlands,High income,(Intercept),9.270080288841314e-4,0.0011637210180294954,0.7965895730351377,0.43607082365892724,-0.0013538851664536796,0.003207901224221942
ext,NLD,Netherlands,High income,"L(dy, 1)",-0.7004433091198465,0.20310379811994905,-3.4486962607473184,0.0028650141225361296,-1.0985267534349465,-0.3023598648047464
ext,NLD,Netherlands,High income,dd,-0.04681895997744415,0.015948514482150924,-2.935631405034146,0.008837502043274659,-0.07807804836245996,-0.015559871592428338
ext,NLD,Netherlands,High income,"L(dd, 1)",-0.04402962999469951,0.02139195797442465,-2.0582328203589184,0.05434461768135877,-0.08595786762457183,-0.0021013923648271968
ext,NLD,Netherlands,High income,d_inf,-0.05098172299422459,0.09722660867395928,-0.5243597785580204,0.606426081478934,-0.2415458759951848,0.1395824300067356
ext,NLD,Netherlands,High income,d_gov,-0.13419747161413353,0.11939609732989857,-1.1239686607455674,0.2757930594913812,-0.36821382238073475,0.09981887915246768
ext,NLD,Netherlands,High income,d_mil,-2.4749462083157,1.4804496802724754,-1.6717530094370978,0.11186628768953953,-5.3766275816497515,0.42673516501835174
ext,NLD,Netherlands,High income,d_trade,0.01626197400282492,0.008343696749850922,1.9490130682320728,0.06705308710603815,-9.167162688288738e-5,0.032615619632532726
ext,NLD,Netherlands,High income,"L(d_trade, 1)",0.01701127916175016,0.00832622515439909,2.043096222633662,0.055965362810509726,6.918778591279429e-4,0.033330680464372375
ext,NLD,Netherlands,High income,d_log_gdp,-0.05061504748842608,0.03516723449147318,-1.4392672105251396,0.1672388412427602,-0.11954282709171352,0.018312732114861348
ext,NLD,Netherlands,High income,"L(d_log_gdp, 1)",-0.052006287871394136,0.029868261409831908,-1.7411889884650242,0.09871492736388524,-0.11054808023466467,0.006535504491876405
ext,NOR,Norway,High income,(Intercept),0.001987385614826573,0.003127151537223867,0.635525842342414,0.5319505457382868,-0.004141831398132206,0.008116602627785352
ext,NOR,Norway,High income,"L(dy, 1)",-0.38095445829509206,0.16622412950656099,-2.291812021671953,0.03235192880342291,-0.7067537521279517,-0.05515516446223251
ext,NOR,Norway,High income,dd,0.007196508682563268,0.017303074345150916,0.4159092505188274,0.6816959362532735,-0.026717517033932527,0.04111053439905906
ext,NOR,Norway,High income,d_inf,0.02569760751952785,0.06802072976597479,0.37779082359069693,0.7093775253710182,-0.10762302282178274,0.15901823786083844
ext,NOR,Norway,High income,d_gov,-0.6573513405287031,0.39597583838518585,-1.6600794210308965,0.11175856330083475,-1.4334639837636673,0.11876130270626106
ext,NOR,Norway,High income,d_mil,-2.139027461419836,2.3533651055762577,-0.9089229105808733,0.3737047233391523,-6.751623068349301,2.4735681455096286
ext,NOR,Norway,High income,d_trade,-0.05733008594064594,0.0765134466133745,-0.7492811849182164,0.461999233311301,-0.20729644130285996,0.0926362694215681
ext,NOR,Norway,High income,d_log_gdp,0.02998245311474629,0.06968415481483213,0.43026213339914954,0.6713882820364085,-0.10659849032232468,0.16656339655181726
ext,NPL,Nepal,Low income,(Intercept),-0.0010352079167196592,8.851717189670118e-4,-1.1694995383807996,0.25666510328272596,-0.0027701444858950026,6.99728652455684e-4
ext,NPL,Nepal,Low income,"L(dy, 1)",0.5776865195235664,0.12609728064646367,4.58127658710749,2.0392720702315582e-4,0.3305358494564976,0.8248371895906352
ext,NPL,Nepal,Low income,dd,0.00496213830082446,0.006642682195891764,0.747008234699734,0.46420327848558474,-0.008057518803123397,0.017981795404772318
ext,NPL,Nepal,Low income,"L(dd, 1)",0.008110227096447688,0.0067950477111290795,1.1935496910734826,0.24734464628878242,-0.005208066417365308,0.021428520610260682
ext,NPL,Nepal,Low income,d_inf,-0.006279759635925685,0.009117885093529064,-0.6887298503446169,0.49931766496042207,-0.024150814419242647,0.01159129514739128
ext,NPL,Nepal,Low income,d_gov,-0.019612668482084806,0.05848052553420127,-0.33537093422005404,0.7410199348124568,-0.1342344985291193,0.09500916156494969
ext,NPL,Nepal,Low income,"L(d_gov, 1)",-0.06773363629773639,0.04575647710095527,-1.4803070644685252,0.15518323537969897,-0.15741633141560873,0.02194905882013594
ext,NPL,Nepal,Low income,d_mil,-0.05824344904421082,0.4768000393751779,-0.12215487465256061,0.9040591357781935,-0.9927715262195596,0.8762846281311378
ext,NPL,Nepal,Low income,d_trade,0.023968898954443763,0.029248456193866307,0.8194927894850833,0.4226665143088064,-0.0333580751855342,0.08129587309442173
ext,NPL,Nepal,Low income,d_log_gdp,0.004190955232416232,0.010045810277748481,0.4171843899639652,0.6812195260066276,-0.015498832911970791,0.023880743376803255
ext,NZL,New Zealand,High income,(Intercept),0.010311192500440219,0.00573980974326478,1.7964345442877443,0.09402840864474053,-9.388345963587483e-4,0.021561219597239188
ext,NZL,New Zealand,High income,"L(dy, 1)",-0.21025043770600774,0.19521231769414998,-1.0770346881256685,0.29967438221164727,-0.5928665803865417,0.17236570497452622
ext,NZL,New Zealand,High income,dd,0.27657048664231987,0.047086474885258287,5.8736715227944964,4.0488323114996465e-5,0.18428099586721364,0.3688599774174261
ext,NZL,New Zealand,High income,"L(dd, 1)",-0.23813837507004104,0.042970903737162204,-5.541851680072849,7.259751529220067e-5,-0.32236134639487896,-0.15391540374520313
ext,NZL,New Zealand,High income,d_inf,-0.23967594130872466,0.2078009853820392,-1.1533917457998757,0.2680615872204802,-0.6469658726575215,0.16761399004007216
ext,NZL,New Zealand,High income,d_gov,-1.4728441414404012,0.5262824489824133,-2.7985811502705444,0.014219976280187277,-2.504357741445931,-0.44133054143487116
ext,NZL,New Zealand,High income,d_mil,-14.837641199951237,4.112352911372195,-3.608066116825627,0.002852465545942219,-22.89785290624074,-6.777429493661735
ext,NZL,New Zealand,High income,"L(d_mil, 1)",8.796828399805328,5.037379457379061,1.7463104525348385,0.10265077886970024,-1.0764353366576316,18.670092136268288
ext,NZL,New Zealand,High income,"L(d_mil, 2)",-20.513461994662237,5.234102656011792,-3.919193669444152,0.001542393250298186,-30.77230320044535,-10.254620788879125
ext,NZL,New Zealand,High income,d_trade,0.05475922813255317,0.06844694902106635,0.800024382616376,0.43706193924180226,-0.07939679194873688,0.1889152482138432
ext,NZL,New Zealand,High income,"L(d_trade, 1)",-0.23640397075058975,0.060689067089435875,-3.895330445633766,0.001616544671860629,-0.35535454224588403,-0.11745339925529544
ext,NZL,New Zealand,High income,"L(d_trade, 2)",-0.2107913362377735,0.08551569549216546,-2.4649432484249068,0.027248563870225926,-0.37840209940241776,-0.0431805730731292
ext,NZL,New Zealand,High income,d_log_gdp,-0.4546427670889085,0.16258368089361452,-2.7963616310692383,0.01428222460488865,-0.7733067816403929,-0.13597875253742403
ext,NZL,New Zealand,High income,"L(d_log_gdp, 1)",-0.3280218589705981,0.14384990213734725,-2.280306445098616,0.03876980522828928,-0.6099676671597987,-0.04607605078139748
ext,OMN,Oman,Upper middle income,(Intercept),-0,0,NA,NA,-0,0
ext,OMN,Oman,Upper middle income,"L(dy, 1)",NA,NA,NA,NA,NA,NA
ext,OMN,Oman,Upper middle income,dd,0,0,NA,NA,0,0
ext,OMN,Oman,Upper middle income,"L(dd, 1)",0,0,NA,NA,0,0
ext,OMN,Oman,Upper middle income,d_inf,-0,0,NA,NA,-0,0
ext,OMN,Oman,Upper middle income,"L(d_inf, 1)",-0,0,NA,NA,-0,0
ext,OMN,Oman,Upper middle income,d_gov,0,0,NA,NA,0,0
ext,OMN,Oman,Upper middle income,"L(d_gov, 1)",0,0,NA,NA,0,0
ext,OMN,Oman,Upper middle income,d_mil,0,0,NA,NA,0,0
ext,OMN,Oman,Upper middle income,"L(d_mil, 1)",0,0,NA,NA,0,0
ext,OMN,Oman,Upper middle income,d_trade,-0,0,NA,NA,-0,0
ext,OMN,Oman,Upper middle income,"L(d_trade, 1)",-0,0,NA,NA,-0,0
ext,OMN,Oman,Upper middle income,d_log_gdp,0,0,NA,NA,0,0
ext,OMN,Oman,Upper middle income,"L(d_log_gdp, 1)",0,0,NA,NA,0,0
ext,PAK,Pakistan,Low income,(Intercept),-9.723987731275899e-5,0.003542413282487986,-0.027450178609443144,0.9784625563066347,-0.0070403699109892115,0.006845890156363694
ext,PAK,Pakistan,Low income,"L(dy, 1)",-0.1478949775810798,0.23292337519019835,-0.6349512042761407,0.5350263185677453,-0.6044247929538685,0.30863483779170897
ext,PAK,Pakistan,Low income,dd,-0.025499686000324776,0.026100641929748453,-0.9769754348938547,0.3440756029726716,-0.07665694418263175,0.02565757218198219
ext,PAK,Pakistan,Low income,d_inf,-0.05055035743576703,0.018615881900025784,-2.715442529515457,0.015956688024751354,-0.08703748595981756,-0.014063228911716498
ext,PAK,Pakistan,Low income,"L(d_inf, 1)",-0.0499594027178885,0.015714317000400845,-3.179228388775288,0.006222890725994168,-0.08075946403867415,-0.019159341397102844
ext,PAK,Pakistan,Low income,d_gov,-0.026772703663554765,0.16146314354011226,-0.1658130956486898,0.8705182578104335,-0.3432404650021748,0.28969505767506526
ext,PAK,Pakistan,Low income,d_mil,-1.6323115942423627,0.8166498338236561,-1.998790089259771,0.06408842548367287,-3.232945268536729,-0.031677919947996847
ext,PAK,Pakistan,Low income,"L(d_mil, 1)",1.2184392014020777,0.700182923168872,1.7401726907130115,0.10229792932984458,-0.15391932800891128,2.5907977308130667
ext,PAK,Pakistan,Low income,"L(d_mil, 2)",1.9863276915585812,0.7341963797188606,2.7054446826871965,0.016280038328146822,0.5473027873096143,3.4253525958075484
ext,PAK,Pakistan,Low income,d_trade,0.1095337756274912,0.1977521084042009,0.5538943504137341,0.5878139052700562,-0.2780603568447426,0.49712790809972496
ext,PAK,Pakistan,Low income,"L(d_trade, 1)",-0.5308695781053505,0.2698222860332827,-1.9674786167954545,0.06790311320871045,-1.0597212587305846,-0.002017897480116493
ext,PAK,Pakistan,Low income,"L(d_trade, 2)",-0.2806532021274413,0.24446724944064446,-1.1480196335893353,0.2689404592030863,-0.7598090110311044,0.19850260677622183
ext,PAK,Pakistan,Low income,d_log_gdp,0.11013970650784984,0.09992466805371322,1.1022273944272265,0.2877344346880972,-0.08571264287742807,0.3059920558931277
ext,PHL,Philippines,Lower middle income,(Intercept),-6.29676542212992e-4,0.0017677805157432416,-0.3561961095313081,0.7263470773195604,-0.0040945263530697456,0.0028351732686437616
ext,PHL,Philippines,Lower middle income,"L(dy, 1)",0.46627797799228715,0.1609168383851789,2.897633228886712,0.01049241432019111,0.15088097475733653,0.7816749812272378
ext,PHL,Philippines,Lower middle income,dd,3.318858508288831e-4,0.012798078060819375,0.025932475896121757,0.9796318832993431,-0.02475234714837709,0.025416118850034856
ext,PHL,Philippines,Lower middle income,"L(dd, 1)",-0.020499058528184184,0.010546891841444087,-1.9436113346334876,0.06974586874215702,-0.041170966537414595,1.7284948104622638e-4
ext,PHL,Philippines,Lower middle income,"L(dd, 2)",0.02481162092782074,0.011221748793019607,2.2110297945053445,0.0419389554431479,0.0028169932935023095,0.04680624856213917
ext,PHL,Philippines,Lower middle income,d_inf,-0.016942737706229623,0.03395446896062831,-0.49898402846103906,0.6245812711717238,-0.0834934968690611,0.04960802145660186
ext,PHL,Philippines,Lower middle income,d_gov,-0.10931080522214277,0.11368989222011684,-0.9614821782969444,0.3506162404960369,-0.3321429939735718,0.11352138352928624
ext,PHL,Philippines,Lower middle income,d_mil,-0.4278316826904092,1.0052174135341083,-0.42561109361034,0.6760608907267436,-2.3980578132172616,1.542394447836443
ext,PHL,Philippines,Lower middle income,"L(d_mil, 1)",2.6920183807621454,1.0206762802396143,2.637485001738422,0.017920671788611973,0.6914928714925015,4.692543890031789
ext,PHL,Philippines,Lower middle income,"L(d_mil, 2)",1.8320217246781623,0.870267603049379,2.105124582667262,0.05143448434287639,0.12629722270137944,3.537746226654945
ext,PHL,Philippines,Lower middle income,d_trade,0.0063328496911411545,0.03239514203026314,0.19548763469612465,0.8474722283624685,-0.0571616286881746,0.06982732807045691
ext,PHL,Philippines,Lower middle income,d_log_gdp,0.015747599154801117,0.03845875647089552,0.4094671955063978,0.6876262023568507,-0.0596315635281541,0.09112676183775634
ext,POL,Poland,High income,(Intercept),0.004701999129827426,0.0024327270386035296,1.9328099927423579,0.06830473201219392,-6.614586583549194e-5,0.009470144125490344
ext,POL,Poland,High income,"L(dy, 1)",-0.06869644405650584,0.1616043911603233,-0.42509020678995024,0.6755463969600504,-0.3854410507307395,0.24804816261772783
ext,POL,Poland,High income,dd,-0.05870646869317505,0.014484633009199981,-4.053017336089038,6.788059565920647e-4,-0.08709634939120701,-0.03031658799514309
ext,POL,Poland,High income,d_inf,0.00429991427072025,0.002361856045525229,1.8205657702411058,0.08446172767182304,-3.293235785091983e-4,0.008929152119949699
ext,POL,Poland,High income,d_gov,-0.14350084424365414,0.2039056764874205,-0.7037609090422114,0.4901173670351564,-0.5431559701589983,0.2561542816716901
ext,POL,Poland,High income,"L(d_gov, 1)",0.2918080829071567,0.15659522784322044,1.863454505774009,0.07792961237917725,-0.015118563665555362,0.5987347294798688
ext,POL,Poland,High income,d_mil,-0.46916731911838055,0.985613096759233,-0.476015711094989,0.6394908764648907,-2.4009689887664774,1.4626343505297161
ext,POL,Poland,High income,"L(d_mil, 1)",2.145974420181626,0.8564471489579083,2.5056705749943413,0.02148198254661974,0.4673380082241261,3.8246108321391263
ext,POL,Poland,High income,d_trade,0.049428636345321575,0.02083060142088414,2.3728857053433847,0.028357078701069814,0.008600657560388657,0.09025661513025449
ext,POL,Poland,High income,d_log_gdp,-0.03688464767358223,0.04595070906476987,-0.8027002939517525,0.4320748305235086,-0.12694803744053118,0.05317874209336671
ext,PRT,Portugal,High income,(Intercept),-0.001705064793394453,0.0030317901001195415,-0.5623953958182077,0.5798011906053977,-0.007647373389628754,0.004237243802839848
ext,PRT,Portugal,High income,"L(dy, 1)",-0.3185816944875383,0.22511192643841635,-1.4152146424578371,0.17166464458747382,-0.7598010703068343,0.12263768133175773
ext,PRT,Portugal,High income,dd,-0.008355938382556745,0.033164394280351214,-0.2519551031724212,0.8035251993806618,-0.07335815117204512,0.05664627440693164
ext,PRT,Portugal,High income,d_inf,-0.1444032986655508,0.1274271144474897,-1.1332226998285884,0.26989327118268847,-0.3941604429826306,0.105353845651529
ext,PRT,Portugal,High income,d_gov,0.009614149711289504,0.26501313337176863,0.03627801229685654,0.9714033253650078,-0.509811591697377,0.529039891119956
ext,PRT,Portugal,High income,d_mil,-0.038578797947627266,1.8687201944065046,-0.020644502083887246,0.983724140445982,-3.7012703789843764,3.6241127830891218
ext,PRT,Portugal,High income,d_trade,0.039916496109767614,0.026788750035559472,1.4900469807953836,0.15107917863589954,-0.01258945395992895,0.09242244617946418
ext,PRT,Portugal,High income,d_log_gdp,0.09269832507039828,0.08015143496589243,1.1565398063034684,0.26044817935161746,-0.06439848746275088,0.24979513760354743
ext,PRY,Paraguay,Lower middle income,(Intercept),-3.0512752104723865e-4,0.0010769958760592413,-0.28331354634681516,0.7800003824613605,-0.002416039438123352,0.0018057843960288744
ext,PRY,Paraguay,Lower middle income,"L(dy, 1)",-0.4956773803206424,0.19819694134743113,-2.5009335509963306,0.02169766598974927,-0.8841433853616074,-0.10721137527967739
ext,PRY,Paraguay,Lower middle income,dd,0.0013269056770438704,0.0072359668662474634,0.18337641694205228,0.8564454177113203,-0.012855589380801159,0.0155094007348889
ext,PRY,Paraguay,Lower middle income,d_inf,0.007721471355615181,0.02005344135195423,0.3850447023080512,0.7044807528206173,-0.03158327369421511,0.04702621640544548
ext,PRY,Paraguay,Lower middle income,d_gov,-0.11119448401109391,0.1294497101026177,-0.8589782389079709,0.4010601559554119,-0.3649159158122246,0.14252694779003675
ext,PRY,Paraguay,Lower middle income,"L(d_gov, 1)",-0.271498278967198,0.12256651012685953,-2.2151098100630446,0.039167961220861185,-0.5117286388158426,-0.03126791911855337
ext,PRY,Paraguay,Lower middle income,d_mil,-0.16761456053708107,0.4477373360500313,-0.3743591321103304,0.7122825377556564,-1.0451797391951423,0.7099506181209803
ext,PRY,Paraguay,Lower middle income,d_trade,0.03136747884842711,0.021007153901733494,1.4931807990343084,0.1518104991492311,-0.009806542798970537,0.07254150049582475
ext,PRY,Paraguay,Lower middle income,d_log_gdp,0.003717315610239459,0.015267190410998782,0.24348393582367533,0.8102400618322192,-0.026206377595318152,0.03364100881579707
ext,PRY,Paraguay,Lower middle income,"L(d_log_gdp, 1)",-0.02425062672355339,0.016139188943815014,-1.502592652454627,0.1493830670959783,-0.05588343705343082,0.007382183606324037
ext,ROU,Romania,Upper middle income,(Intercept),0.0028816262101779657,0.005740593638367166,0.5019735573893722,0.6217709209436367,-0.00836993732102168,0.014133189741377611
ext,ROU,Romania,Upper middle income,"L(dy, 1)",-0.05725217186692079,0.16233600200027937,-0.3526769857669789,0.7284266075418386,-0.37543073578746833,0.2609263920536268
ext,ROU,Romania,Upper middle income,dd,-0.03140118886366674,0.0241872376015572,-1.2982544505886484,0.21058865620400533,-0.07880817456271885,0.016005796835385375
ext,ROU,Romania,Upper middle income,d_inf,-0.011537815872180128,0.00974372872503094,-1.1841273703095108,0.25176410771622537,-0.030635524173240773,0.007559892428880515
ext,ROU,Romania,Upper middle income,d_gov,0.049970163916345026,0.27641570138378097,0.180779035583675,0.8585609001017349,-0.4918046107958657,0.5917449386285557
ext,ROU,Romania,Upper middle income,"L(d_gov, 1)",0.5022557687992337,0.26147753933192935,1.9208371399030626,0.07073606219562385,-0.010240208291347752,1.0147517458898152
ext,ROU,Romania,Upper middle income,d_mil,-0.8344127874615279,1.0310625391098887,-0.8092746616338835,0.42892558924801527,-2.8552953641169094,1.1864697891938536
ext,ROU,Romania,Upper middle income,d_trade,0.0075156291900561984,0.09827571906602303,0.07647493461744188,0.939884870573543,-0.18510478017934895,0.20013603855946133
ext,ROU,Romania,Upper middle income,"L(d_trade, 1)",0.34758920030045265,0.10900885605618071,3.188632675140752,0.005088025692381744,0.13393184243033845,0.5612465581705668
ext,ROU,Romania,Upper middle income,d_log_gdp,-0.21157038734428588,0.07721653488156043,-2.7399622071724123,0.013457355929301919,-0.3629147957121443,-0.06022597897642745
ext,ROU,Romania,Upper middle income,"L(d_log_gdp, 1)",0.19456151171455496,0.07052483009126258,2.7587661177316254,0.012928172957425196,0.056332844735680315,0.33279017869342964
ext,RWA,Rwanda,Low income,(Intercept),-3.825661549750891e-4,4.958107844323108e-4,-0.7715970829741358,0.4493743568414216,-0.0013543552924624184,5.892229825122401e-4
ext,RWA,Rwanda,Low income,"L(dy, 1)",1.0831285155286856,0.09706187259832545,11.159155356614994,4.853322410585778e-10,0.8928872452359677,1.2733697858214035
ext,RWA,Rwanda,Low income,dd,0.011643254072057727,0.002424178641616708,4.802968672429491,1.0826068672933628e-4,0.006891863934488979,0.016394644209626476
ext,RWA,Rwanda,Low income,d_inf,-0.001299932188485082,0.005079692638071802,-0.2559076466048786,0.800635769856262,-0.011256129759105815,0.008656265382135651
ext,RWA,Rwanda,Low income,d_gov,0.02287558562726862,0.018326958918846715,1.2481932069888735,0.22637586279146968,-0.013045253853670943,0.05879642510820818
ext,RWA,Rwanda,Low income,d_mil,-0.07176746869556107,0.067032920010362,-1.0706302020629148,0.29708662640009414,-0.20315199191587058,0.059617054524748456
ext,RWA,Rwanda,Low income,d_trade,0.05091367926323012,0.016826385776082416,3.0258238424320756,0.006675924150603618,0.017933963142108586,0.08389339538435166
ext,RWA,Rwanda,Low income,d_log_gdp,-8.967570501617727e-4,0.002987282193732553,-0.30019160963206215,0.767128976367724,-0.006751830149877577,0.004958316049554031
ext,RWA,Rwanda,Low income,"L(d_log_gdp, 1)",0.009003589673272977,0.004484252361018882,2.0078240358504806,0.058362782302185764,2.1445504567596876e-4,0.017792724300869985
ext,SAU,Saudi Arabia,High income,(Intercept),-0,0,NA,NA,-0,0
ext,SAU,Saudi Arabia,High income,"L(dy, 1)",NA,NA,NA,NA,NA,NA
ext,SAU,Saudi Arabia,High income,dd,-0,0,NA,NA,-0,0
ext,SAU,Saudi Arabia,High income,"L(dd, 1)",-0,0,NA,NA,-0,0
ext,SAU,Saudi Arabia,High income,d_inf,-0,0,NA,NA,-0,0
ext,SAU,Saudi Arabia,High income,"L(d_inf, 1)",-0,0,NA,NA,-0,0
ext,SAU,Saudi Arabia,High income,d_gov,0,0,NA,NA,0,0
ext,SAU,Saudi Arabia,High income,"L(d_gov, 1)",-0,0,NA,NA,-0,0
ext,SAU,Saudi Arabia,High income,d_mil,-0,0,NA,NA,-0,0
ext,SAU,Saudi Arabia,High income,"L(d_mil, 1)",-0,0,NA,NA,-0,0
ext,SAU,Saudi Arabia,High income,d_trade,-0,0,NA,NA,-0,0
ext,SAU,Saudi Arabia,High income,"L(d_trade, 1)",-0,0,NA,NA,-0,0
ext,SAU,Saudi Arabia,High income,d_log_gdp,0,0,NA,NA,0,0
ext,SAU,Saudi Arabia,High income,"L(d_log_gdp, 1)",0,0,NA,NA,0,0
ext,SEN,Senegal,Low income,(Intercept),-0.0015458514331865,0.0021493893309999317,-0.7192049438839189,0.49531749764492017,-0.005758654521946366,0.0026669516555733663
ext,SEN,Senegal,Low income,"L(dy, 1)",0.681688863086757,0.2458438454345571,2.772853076235421,0.027580553105468364,0.19983492603502512,1.1635428001384889
ext,SEN,Senegal,Low income,"L(dy, 2)",-0.37316628498758836,0.3131618758288527,-1.191608282457501,0.27224396682354163,-0.9869635616121397,0.24063099163696294
ext,SEN,Senegal,Low income,dd,-0.007468063661760448,0.005507250933601513,-1.3560420165704425,0.21720068042822924,-0.018262275491619413,0.003326148168098518
ext,SEN,Senegal,Low income,"L(dd, 1)",5.669115231792167e-4,0.004780993450806765,0.11857609281676669,0.9089422206995863,-0.008803835640402043,0.009937658686760477
ext,SEN,Senegal,Low income,"L(dd, 2)",-0.009315581883572878,0.004909947324503996,-1.8972875405570546,0.0996024973047562,-0.01893907863960071,3.079148724549549e-4
ext,SEN,Senegal,Low income,d_inf,-0.07953087795669378,0.03827628145251187,-2.0778109821186557,0.07633143165808107,-0.15455238960361706,-0.0045093663097705156
ext,SEN,Senegal,Low income,"L(d_inf, 1)",-0.009313131334865709,0.039639000121223567,-0.23494869462863316,0.8209734062986,-0.0870055715724639,0.06837930890273249
ext,SEN,Senegal,Low income,"L(d_inf, 2)",-0.014819055074555179,0.04956538222959262,-0.29897994140167405,0.7736364790869359,-0.11196720424455671,0.08232909409544635
ext,SEN,Senegal,Low income,d_gov,-0.3443672458686512,0.33612547150979694,-1.024519933945601,0.33968498658720025,-1.0031731700278532,0.31443867829055083
ext,SEN,Senegal,Low income,"L(d_gov, 1)",0.09577995744934403,0.31446957379301094,0.30457623067975403,0.7695445721667458,-0.52058040718495735,0.7121403220836455
ext,SEN,Senegal,Low income,"L(d_gov, 2)",0.3514361433072133,0.2519808028614052,1.394694116839173,0.20576803330199306,-0.14244623030114084,0.8453185169155675
ext,SEN,Senegal,Low income,d_mil,-0.3629343873922652,1.616610456131178,-0.22450330320195286,0.8287781026333514,-3.5314908814093737,2.8056221066248437
ext,SEN,Senegal,Low income,"L(d_mil, 1)",1.6859114662163457,1.6660618460290317,1.011914095646944,0.345271238717638,-1.5795697520005565,4.951392684433248
ext,SEN,Senegal,Low income,"L(d_mil, 2)",2.622355525168168,1.4089327415257844,1.861235421591753,0.10502081847684627,-0.13915264822236972,5.383863698558706
ext,SEN,Senegal,Low income,d_trade,-0.07845259634045004,0.0679067029246264,-1.155299741581168,0.2858754721823698,-0.2115497340727178,0.05464454139181771
ext,SEN,Senegal,Low income,"L(d_trade, 1)",-0.05267026392516663,0.046348958394845076,-1.1363850612665465,0.2931978844708666,-0.14351422237906297,0.03817369452872972
ext,SEN,Senegal,Low income,"L(d_trade, 2)",-0.06697151913205703,0.05901370520923667,-1.1348468782735375,0.2938000862270344,-0.1826383813421609,0.04869534307804685
ext,SEN,Senegal,Low income,d_log_gdp,0.01710148544505081,0.06586556455898547,0.2596422813583521,0.8026104329137649,-0.11199502109056073,0.14619799198066233
ext,SEN,Senegal,Low income,"L(d_log_gdp, 1)",0.10344362610229937,0.06970478365394747,1.4840247782110607,0.18137466350504777,-0.033177749859437666,0.24006500206403641
ext,SEN,Senegal,Low income,"L(d_log_gdp, 2)",0.08229628176025426,0.06415441857556449,1.2827843130293717,0.24040665172681716,-0.04344637864785213,0.20803894216836066
ext,SGP,Singapore,High income,(Intercept),0.004812429451837882,0.00496857775281641,0.9685728373899319,0.3650247480780671,-0.004925982943682281,0.014550841847358047
ext,SGP,Singapore,High income,"L(dy, 1)",0.3575490198808139,0.34048440045046047,1.0501186527423194,0.328559900062072,-0.3098004050020886,1.0248984447637164
ext,SGP,Singapore,High income,"L(dy, 2)",0.27934003435710114,0.31932286399552584,0.8747887040153037,0.41069663118068556,-0.34653277907412955,0.9052128477883319
ext,SGP,Singapore,High income,dd,-0.1628554719631431,0.15062012914379524,-1.0812331186336117,0.3154297357489797,-0.45807092508498176,0.13235998115869557
ext,SGP,Singapore,High income,"L(dd, 1)",-0.002169490521503329,0.15707662098152098,-0.013811670431582273,0.9893656363291745,-0.31003966764528446,0.3057006866022778
ext,SGP,Singapore,High income,"L(dd, 2)",-0.3217838023115026,0.13950309974459996,-2.3066426688770303,0.054455483240810225,-0.5952098778109185,-0.04835772681208672
ext,SGP,Singapore,High income,d_inf,-0.8363842405964999,0.5161980812418854,-1.6202777015061751,0.14920412431759378,-1.8481324798305951,0.17536399863759544
ext,SGP,Singapore,High income,"L(d_inf, 1)",-0.311086045910335,0.30570853562467637,-1.0175903177667918,0.34274699816455706,-0.9102747757347007,0.28810268391403066
ext,SGP,Singapore,High income,"L(d_inf, 2)",-0.09367420398801159,0.25468398772597645,-0.36780562776800474,0.7238876459093839,-0.5928548199309255,0.4055064119549023
ext,SGP,Singapore,High income,d_gov,0.1300085441790028,0.6280408104718543,0.20700652252411092,0.8418976641127295,-1.1009514443458317,1.3609685327038374
ext,SGP,Singapore,High income,"L(d_gov, 1)",-0.24011580097961213,0.5029975102203531,-0.4773697604873277,0.6476436673802427,-1.225990921011504,0.7457593190522799
ext,SGP,Singapore,High income,"L(d_gov, 2)",0.32794298217723195,0.8567039232462204,0.3827961717912896,0.713229365287865,-1.35119670738536,2.007082671739824
ext,SGP,Singapore,High income,d_mil,-0.8973754629150428,3.090806156907621,-0.2903370245039485,0.7799711745797473,-6.955355530453979,5.160604604623894
ext,SGP,Singapore,High income,"L(d_mil, 1)",-2.494495009633727,3.6614635204477843,-0.6812835893906868,0.5175885575187862,-9.670963509711385,4.68197349044393
ext,SGP,Singapore,High income,"L(d_mil, 2)",1.8462578075602691,2.0253067085563363,0.9115941796668933,0.39229315332958414,-2.12334334121015,5.815858956330688
ext,SGP,Singapore,High income,d_trade,-0.009222291177978355,0.01832203389375847,-0.5033442919849631,0.6301713819308239,-0.04513347760974496,0.02668889525378825
ext,SGP,Singapore,High income,"L(d_trade, 1)",0.016151586444321814,0.026695050759635266,0.6050404844610415,0.5642430619604273,-0.036170713044563305,0.06847388593320694
ext,SGP,Singapore,High income,"L(d_trade, 2)",-0.044071136414535736,0.028713399066572547,-1.5348630899586633,0.16869152449213204,-0.10034939858501793,0.012207125755946457
ext,SGP,Singapore,High income,d_log_gdp,0.049310969581006385,0.07054781109746125,0.6989723538393511,0.5071214401344929,-0.08896274017001765,0.18758467933203044
ext,SGP,Singapore,High income,"L(d_log_gdp, 1)",0.039343042505939625,0.04556814859978986,0.8633890933659977,0.416522561847258,-0.0499705287496485,0.12865661376152776
ext,SGP,Singapore,High income,"L(d_log_gdp, 2)",-0.08381368637799472,0.04535852349193245,-1.847804556356469,0.10711159065939792,-0.1727163924221823,0.005089019666192879
ext,SLE,Sierra Leone,Low income,(Intercept),-8.460076506231764e-5,5.862638947847944e-4,-0.14430492106864753,0.8867039090736467,-0.0012336779988405145,0.0010644764687158794
ext,SLE,Sierra Leone,Low income,"L(dy, 1)",0.9400140649197454,0.16093607498048493,5.840915811036968,1.02862238387628e-5,0.6245793579579949,1.255448771881496
ext,SLE,Sierra Leone,Low income,dd,9.593762506565287e-4,0.002584652364941832,0.37118192901663954,0.7144048858464869,-0.004106542384629462,0.00602529488594252
ext,SLE,Sierra Leone,Low income,d_inf,-7.957681406142833e-5,0.0023230521814397364,-0.0342552847917991,0.973013159328374,-0.004632759089683311,0.004473605461560455
ext,SLE,Sierra Leone,Low income,d_gov,0.02808148659033312,0.035008597169600586,0.8021311580778631,0.43190552168009566,-0.040535363862084034,0.09669833704275027
ext,SLE,Sierra Leone,Low income,d_mil,0.029723547556572232,0.16687750587794267,0.17811596236530877,0.8604236636805899,-0.2973563639641954,0.3568034590773399
ext,SLE,Sierra Leone,Low income,d_trade,0.013080261355003097,0.012284339825632132,1.0647915590636967,0.299657240765408,-0.010997044703235882,0.037157567413242075
ext,SLE,Sierra Leone,Low income,"L(d_trade, 1)",0.01749319419660692,0.010483475737292504,1.6686445063614719,0.11076842909027436,-0.0030544182484863874,0.038040806641700224
ext,SLE,Sierra Leone,Low income,d_log_gdp,0.0037302692287975634,0.005349850706123832,0.6972660423079887,0.4936626758547936,-0.006755438155205146,0.014215976612800274
ext,SLV,El Salvador,Lower middle income,(Intercept),-0.004377813057654371,0.006933044698211079,-0.63144163181062,0.5361507884538117,-0.017966580666148087,0.009210954550839343
ext,SLV,El Salvador,Lower middle income,"L(dy, 1)",-0.34570096031357683,0.13367594469616076,-2.5861119672603707,0.019224022195199197,-0.6077058119180518,-0.08369610870910177
ext,SLV,El Salvador,Lower middle income,dd,-0.0029358309470889454,0.04654455480087857,-0.0630757122857587,0.950441928264266,-0.09416315835681094,0.08829149646263304
ext,SLV,El Salvador,Lower middle income,d_inf,-0.21911792796133256,0.1309326861192355,-1.6735158687708434,0.11252487195185168,-0.47574599275503415,0.037510136832369034
ext,SLV,El Salvador,Lower middle income,"L(d_inf, 1)",-0.2870890137313091,0.1219340040066172,-2.3544622853173025,0.030832075552180538,-0.5260796615842788,-0.04809836587833935
ext,SLV,El Salvador,Lower middle income,d_gov,-0.5874620149405494,0.38968572868832146,-1.507527660604716,0.1500335711440992,-1.3512460431696596,0.17632201328856068
ext,SLV,El Salvador,Lower middle income,"L(d_gov, 1)",-1.8023099850692315,0.36543847142693114,-4.93191091247655,1.2638668710313877e-4,-2.5185693890660166,-1.0860505810724463
ext,SLV,El Salvador,Lower middle income,d_mil,3.2798070245744197,2.2239462235941336,1.4747690343311912,0.1585537749499231,-1.0791275736700818,7.638741622818921
ext,SLV,El Salvador,Lower middle income,d_trade,-0.16074663607910214,0.06920870572474647,-2.3226360671794084,0.0328654535875554,-0.2963956992996052,-0.025097572858599065
ext,SLV,El Salvador,Lower middle income,"L(d_trade, 1)",0.2250529767913287,0.06645827895866206,3.3863798509033716,0.003509710044000707,0.09479475003235108,0.3553112035503063
ext,SLV,El Salvador,Lower middle income,d_log_gdp,0.24727141390387783,0.13029851610742332,1.8977300838945652,0.07484765456037899,-0.008113677666671898,0.5026565054744275
ext,SLV,El Salvador,Lower middle income,"L(d_log_gdp, 1)",-0.2603684519172734,0.12126207643526889,-2.147154820132584,0.04649770534584197,-0.4980421217304004,-0.02269478210414641
ext,SWE,Sweden,High income,(Intercept),-4.1529663840512505e-4,0.0019406854980228607,-0.21399481720671515,0.8332543818911424,-0.0042190402145299314,0.0033884469377196817
ext,SWE,Sweden,High income,"L(dy, 1)",-0.42919214774519165,0.14740833008072798,-2.9115867977755743,0.01019283854674257,-0.7181124747034184,-0.14027182078696482
ext,SWE,Sweden,High income,dd,0.0388464426465904,0.019992921904148808,1.9430097728001041,0.06982388709800312,-3.3968428554126406e-4,0.07803256957872207
ext,SWE,Sweden,High income,"L(dd, 1)",0.04994963574192969,0.023195208691818483,2.153446274425983,0.04688006604310868,0.004487026705965465,0.09541224477789392
ext,SWE,Sweden,High income,d_inf,0.2414850814437548,0.08658461938145566,2.789006675422022,0.013135793321275431,0.07177922745610171,0.4111909354314079
ext,SWE,Sweden,High income,"L(d_inf, 1)",0.12061652881095687,0.08350235213507466,1.4444686374324613,0.16790530039336227,-0.043048081373789474,0.28428113899570323
ext,SWE,Sweden,High income,d_gov,-0.3461625572242807,0.13492335444855189,-2.565623710135944,0.020737253759719385,-0.6106123319434424,-0.08171278250511899
ext,SWE,Sweden,High income,d_mil,-3.272531183639161,1.792981876979389,-1.825189214490192,0.08669791176582203,-6.786775662518764,0.24171329524044127
ext,SWE,Sweden,High income,"L(d_mil, 1)",-3.1370348610369576,1.9489719335237925,-1.6095844209337156,0.12703870471768014,-6.957019850743591,0.6829501286696757
ext,SWE,Sweden,High income,d_trade,0.008945216214376788,0.018114028203104753,0.4938281046091986,0.6281379494171171,-0.02655827906370853,0.0444487114924621
ext,SWE,Sweden,High income,"L(d_trade, 1)",0.04657593225069378,0.016901853136485442,2.755670154898692,0.014069080696573772,0.013448300103182313,0.07970356439820525
ext,SWE,Sweden,High income,d_log_gdp,0.15537462374122968,0.050301486521643755,3.0888674368375773,0.0070421638362606525,0.056783710158807926,0.25396553732365146
ext,SWE,Sweden,High income,"L(d_log_gdp, 1)",-0.1751221960827016,0.049188969878219566,-3.560192386957145,0.0026097094543277104,-0.27153257704401196,-0.07871181512139126
ext,SWZ,Swaziland,Lower middle income,(Intercept),-5.544724403223392e-4,5.472358214930255e-4,-1.013223949429279,0.32248576511614735,-0.001627054650448669,5.181097698039906e-4
ext,SWZ,Swaziland,Lower middle income,"L(dy, 1)",0.8653496263755946,0.10083399113414243,8.581923780289472,2.6239790344346248e-8,0.6677150037526755,1.0629842489985137
ext,SWZ,Swaziland,Lower middle income,dd,0.005468883046838906,0.0031273960856152494,1.7487017624641614,0.09494684376249776,-6.608132809669829e-4,0.011598579374644796
ext,SWZ,Swaziland,Lower middle income,d_inf,-0.006909617946508488,0.006641765430848734,-1.040328511816402,0.31001741474148825,-0.019927478190972008,0.006108242297955032
ext,SWZ,Swaziland,Lower middle income,d_gov,-0.01337728799355676,0.02646672783305789,-0.5054379248517472,0.6185152192824659,-0.06525207454635022,0.038497498559236704
ext,SWZ,Swaziland,Lower middle income,d_mil,0.43429028316227697,0.26344245395817245,1.6485204895306302,0.11412710099345452,-0.08205692659574099,0.950637492920295
ext,SWZ,Swaziland,Lower middle income,d_trade,0.002539121971151554,0.003764302989190044,0.6745264603947013,0.5073351554426687,-0.004838911887660932,0.009917155829964039
ext,SWZ,Swaziland,Lower middle income,d_log_gdp,-0.002823934451288641,0.008792098144593906,-0.32119005098060976,0.7512411231300657,-0.020056446814692697,0.014408577912115413
ext,SYC,Seychelles,Upper middle income,(Intercept),-0.0020531298872821777,0.00261222560853147,-0.7859695887586056,0.44066428939046065,-0.007173092080003858,0.0030668323054395034
ext,SYC,Seychelles,Upper middle income,"L(dy, 1)",0.7666000074778827,0.14203217241018123,5.39736874025966,2.360009902960263e-5,0.48821694955392747,1.044983065401838
ext,SYC,Seychelles,Upper middle income,dd,0.002287346139939544,0.01417934902624105,0.16131531396162552,0.8733869493519953,-0.02550417795149291,0.030078870231372002
ext,SYC,Seychelles,Upper middle income,d_inf,0.015495602835635062,0.03031047335241467,0.5112293251072112,0.614523773767371,-0.0439129249350977,0.07490413060636782
ext,SYC,Seychelles,Upper middle income,d_gov,-0.0466519810361002,0.04169493255923756,-1.118888511687121,0.27582341088645834,-0.12837404885220582,0.03507008678000542
ext,SYC,Seychelles,Upper middle income,d_mil,-0.9907129113773784,0.5514553629849125,-1.7965423457210692,0.08680884550901398,-2.0715654228278066,0.09013960007305
ext,SYC,Seychelles,Upper middle income,d_trade,0.003954808326829591,0.01681213725123983,0.2352353105217446,0.8163048221043526,-0.028996980685600474,0.036906597339259654
ext,SYC,Seychelles,Upper middle income,d_log_gdp,1.0351895252851745e-4,0.03395282387994959,0.0030489055312318,0.9975961071758784,-0.06644401585217269,0.06665105375722971
ext,THA,Thailand,Lower middle income,(Intercept),-0.013959516941049728,0.004713091260627404,-2.961860097568203,0.021049416711299132,-0.02319717581187944,-0.004721858070220016
ext,THA,Thailand,Lower middle income,"L(dy, 1)",-0.6566917803439011,0.19466987042483985,-3.373361162211506,0.011865726536887822,-1.038244726376587,-0.275138834311215
ext,THA,Thailand,Lower middle income,"L(dy, 2)",-0.42344208563989194,0.1919544306521837,-2.2059510905854403,0.0631736458492399,-0.799672769718172,-0.04721140156161191
ext,THA,Thailand,Lower middle income,dd,0.003740109299786404,0.019276376706406185,0.1940255348165841,0.8516663484852911,-0.03404158904476972,0.041521807644342525
ext,THA,Thailand,Lower middle income,"L(dd, 1)",0.043193422317398554,0.0172903211190459,2.498127248187396,0.04110470599669821,0.009304392924068594,0.07708245171072851
ext,THA,Thailand,Lower middle income,"L(dd, 2)",-0.016250865276442494,0.014767007990450876,-1.100484626740309,0.3075191058202841,-0.045194200937726206,0.012692470384841222
ext,THA,Thailand,Lower middle income,d_inf,-0.1587445474889888,0.1159463675138356,-1.3691204898682678,0.21327097672344017,-0.3859994278161066,0.06851033283812896
ext,THA,Thailand,Lower middle income,"L(d_inf, 1)",0.3019117450939397,0.16296211528176574,1.8526498908775604,0.10635271607995375,-0.017494000858321146,0.6213174910462005
ext,THA,Thailand,Lower middle income,"L(d_inf, 2)",-0.4788258154281941,0.1090495117915176,-4.390902880368873,0.003191898964152394,-0.6925628585395686,-0.2650887723168196
ext,THA,Thailand,Lower middle income,d_gov,0.9288204729182193,0.5093143984346307,1.8236682013564385,0.11097046155472438,-0.0694357480136567,1.9270766938500954
ext,THA,Thailand,Lower middle income,"L(d_gov, 1)",-0.4891405354486471,0.3272006215185459,-1.4949254472028024,0.17858416899096993,-1.130453753624997,0.1521726827277028
ext,THA,Thailand,Lower middle income,"L(d_gov, 2)",0.18408774034388597,0.29592532245902536,0.6220749843716915,0.5536062985186155,-0.3959258916758037,0.7641013723635757
ext,THA,Thailand,Lower middle income,d_mil,-4.0529142669790295,1.8736817962895649,-2.16307500825646,0.06730166783110808,-7.725330587706576,-0.38049794625148214
ext,THA,Thailand,Lower middle income,"L(d_mil, 1)",12.897504747580147,2.532656133083982,5.092481596336976,0.0014112667867345384,7.933498726735542,17.86151076842475
ext,THA,Thailand,Lower middle income,"L(d_mil, 2)",-11.200636026888434,3.362659404386804,-3.3308862658753036,0.01257578039337272,-17.79144845948657,-4.609823594290298
ext,THA,Thailand,Lower middle income,d_trade,0.2497834385203026,0.050626509628304166,4.933846720901616,0.0016868826101520181,0.15055547964882643,0.3490113973917788
ext,THA,Thailand,Lower middle income,"L(d_trade, 1)",-0.3027541877180422,0.08781397584133174,-3.447676577872741,0.010725022778364858,-0.4748695803670524,-0.13063879506903198
ext,THA,Thailand,Lower middle income,"L(d_trade, 2)",0.09063628809280569,0.07171209861738961,1.2638911681609484,0.24672893294683337,-0.04991942519727796,0.23119200138288934
ext,THA,Thailand,Lower middle income,d_log_gdp,0.21337697322930665,0.07676356393816627,2.7796647560707797,0.027311424065333118,0.06292038791050075,0.36383355854811256
ext,THA,Thailand,Lower middle income,"L(d_log_gdp, 1)",0.15535676785836278,0.07315276864777567,2.1237305262688326,0.07132749253709861,0.011977341308722467,0.2987361944080031
ext,THA,Thailand,Lower middle income,"L(d_log_gdp, 2)",-0.19604596601775265,0.08251405042983892,-2.37591010254004,0.04917694741571071,-0.35777350486023696,-0.03431842717526837
ext,TUN,Tunisia,Lower middle income,(Intercept),1.9997907927916866e-4,7.808708646185195e-4,0.25609750387711655,0.800948789801261,-0.0013305278153731297,0.0017304859739314669
ext,TUN,Tunisia,Lower middle income,"L(dy, 1)",0.6833733975629024,0.13748458658897025,4.970545531812554,1.1654913347804752e-4,0.4139036078485207,0.952843187277284
ext,TUN,Tunisia,Lower middle income,dd,0.010393709816124589,0.006546285049567269,1.587726433759808,0.13077227208129455,-0.002437008881027259,0.023224428513276437
ext,TUN,Tunisia,Lower middle income,"L(dd, 1)",-0.012095423682904529,0.007437184109698377,-1.626344528318403,0.12226866863431146,-0.026672304537913347,0.0024814571721042886
ext,TUN,Tunisia,Lower middle income,d_inf,0.004974652829214337,0.015913284594450225,0.31261005857642066,0.758379126148685,-0.026215384975908106,0.03616469063433678
ext,TUN,Tunisia,Lower middle income,"L(d_inf, 1)",0.028603869295368397,0.01644437022973397,1.7394323343345899,0.10003138985862277,-0.0036270963549101844,0.06083483494564698
ext,TUN,Tunisia,Lower middle income,d_gov,-2.6817896945850245e-4,0.07121412578694573,-0.003765811438320884,0.9970391627947299,-0.13984786551187212,0.13931150757295513
ext,TUN,Tunisia,Lower middle income,"L(d_gov, 1)",-0.1105285452822089,0.049914890880665065,-2.214340116388455,0.040757213478984304,-0.20836173140831243,-0.012695359156105382
ext,TUN,Tunisia,Lower middle income,d_mil,0.1732725578066603,0.2906213809353283,0.5962140749899556,0.5588882470710896,-0.3963453488265831,0.7428904644399037
ext,TUN,Tunisia,Lower middle income,d_trade,0.010411829778121478,0.009762156509729279,1.0665501795371457,0.301088398461523,-0.008721996980947909,0.029545656537190865
ext,TUN,Tunisia,Lower middle income,d_log_gdp,0.005765531835277021,0.020520465623960687,0.28096496156231987,0.7821281949876839,-0.03445458078768593,0.045985644458239966
ext,TUN,Tunisia,Lower middle income,"L(d_log_gdp, 1)",-0.04333946955684491,0.016148966908437333,-2.6837301607325346,0.015698900926979422,-0.07499144469738209,-0.011687494416307738
ext,TUR,Turkey,Upper middle income,(Intercept),3.318565434617819e-4,0.0023968982881883267,0.13845249299777865,0.8912018821997392,-0.004366064101387338,0.005029777188310902
ext,TUR,Turkey,Upper middle income,"L(dy, 1)",0.334637666021102,0.2070049073407864,1.6165687582961372,0.1208956465136924,-0.0710919523668393,0.7403672844090433
ext,TUR,Turkey,Upper middle income,dd,0.001028370899447821,0.017997855732668582,0.05713852331759646,0.9549750385047261,-0.0342474263365826,0.036304168135478244
ext,TUR,Turkey,Upper middle income,d_inf,0.003468935594732723,0.010463850440135671,0.331516167454678,0.7435402591794644,-0.017040211267933193,0.02397808245739864
ext,TUR,Turkey,Upper middle income,d_gov,-0.12284049580461559,0.24101049019448445,-0.5096894152013421,0.6155838953967683,-0.5952210565858052,0.3495400649765739
ext,TUR,Turkey,Upper middle income,d_mil,0.44524580107526734,0.895580605344012,0.497158824586469,0.6242422005803272,-1.310092185398996,2.2005837875495304
ext,TUR,Turkey,Upper middle income,d_trade,-0.11127112826915815,0.08884234809299306,-1.2524559588709705,0.22417276683847476,-0.28540213053142455,0.06285987399310823
ext,TUR,Turkey,Upper middle income,d_log_gdp,-0.0027365315914858776,0.03816584816775358,-0.07170105533768747,0.9435183060537902,-0.07754159400028289,0.07206853081731114
ext,TZA,Tanzania,Low income,(Intercept),-9.395414517802579e-4,0.0011718915875002236,-0.8017306906216516,0.4490642642947792,-0.003236448963280696,0.0013573660597201804
ext,TZA,Tanzania,Low income,"L(dy, 1)",0.7374419408065908,0.19101139194107852,3.8607223020188774,0.006205694225947845,0.36305961260207686,1.1118242690111046
ext,TZA,Tanzania,Low income,"L(dy, 2)",0.2262407186902298,0.23342763196183355,0.9692113859391811,0.36472754162058424,-0.23127743995496394,0.6837588773354235
ext,TZA,Tanzania,Low income,dd,-4.847300377604781e-4,0.004079175684857601,-0.11883039006136835,0.9087479848255988,-0.008479914380081376,0.00751045430456042
ext,TZA,Tanzania,Low income,"L(dd, 1)",0.0112689564298172,0.0038087788420992814,2.958679644315105,0.02114464925632274,0.0038037498993026076,0.018734162960331792
ext,TZA,Tanzania,Low income,"L(dd, 2)",0.0065581492074319,0.003069490318160791,2.1365596655022125,0.06998896524531328,5.419481838367501e-4,0.01257435023102705
ext,TZA,Tanzania,Low income,d_inf,-0.009114334466814731,0.0026462253306739087,-3.4442775379576624,0.010774534088341847,-0.014300936114935592,-0.00392773281869387
ext,TZA,Tanzania,Low income,"L(d_inf, 1)",-0.008160000974261774,0.002884764096794748,-2.828654510546746,0.025455259409193586,-0.013814138603979481,-0.0025058633445440683
ext,TZA,Tanzania,Low income,"L(d_inf, 2)",-0.0059977842666201165,0.0022635017213654004,-2.6497811819653063,0.03295215661314057,-0.0104342476404963,-0.0015613208927439323
ext,TZA,Tanzania,Low income,d_gov,0.05467716099784319,0.02348585606274062,2.328088908140178,0.05276216843312677,0.008644883114871577,0.10070943888081481
ext,TZA,Tanzania,Low income,"L(d_gov, 1)",-0.008068746349347188,0.0198411169729526,-0.4066679492060099,0.696398247808827,-0.04695733561633428,0.030819842917639905
ext,TZA,Tanzania,Low income,"L(d_gov, 2)",-0.08189009427640152,0.022702373438582,-3.607115991547905,0.008657358916855361,-0.12638674621602225,-0.037393442336780804
ext,TZA,Tanzania,Low income,d_mil,-0.36914706384546725,0.20905248286185832,-1.7658104739631304,0.1207732102333514,-0.7788899302547095,0.04059580256377504
ext,TZA,Tanzania,Low income,"L(d_mil, 1)",0.013452653663654297,0.19597962315636774,0.06864312445850927,0.9471933565294728,-0.37066740772282647,0.39757271505013503
ext,TZA,Tanzania,Low income,"L(d_mil, 2)",-0.6972865264616378,0.22871055096479034,-3.048772885729194,0.01861536385371435,-1.145559206352627,-0.24901384657064873
ext,TZA,Tanzania,Low income,d_trade,0.007066942290953131,0.01096163741773112,0.6446976871832961,0.5396680022445198,-0.014417867047799864,0.028551751629706128
ext,TZA,Tanzania,Low income,"L(d_trade, 1)",0.0130442001735958,0.011047970015441921,1.1806875068780704,0.2762857676151743,-0.008609821056670366,0.034698221403861966
ext,TZA,Tanzania,Low income,"L(d_trade, 2)",0.018550296021215076,0.010289519091687092,1.802834112645932,0.11440887141260522,-0.001617161398491624,0.03871775344092178
ext,TZA,Tanzania,Low income,d_log_gdp,-0.01070971259294436,0.007477513447079024,-1.4322558787410733,0.19517354431449974,-0.025365638949219248,0.003946213763330526
ext,TZA,Tanzania,Low income,"L(d_log_gdp, 1)",0.010541575437239945,0.00883949222887115,1.1925544097215819,0.27189614551194563,-0.006783829331347508,0.027866980205827396
ext,TZA,Tanzania,Low income,"L(d_log_gdp, 2)",0.014228472635309493,0.009221029216309988,1.543046041990891,0.16672759170591483,-0.003844744628658083,0.03230168989927707
ext,UGA,Uganda,Low income,(Intercept),9.543163671363611e-4,0.0017390752682073622,0.5487493178602154,0.5889649140816631,-0.002454271158550069,0.004362903892822791
ext,UGA,Uganda,Low income,"L(dy, 1)",0.6065494687861488,0.17513175431957637,3.4633894415248725,0.0023244808458572387,0.26329123031977913,0.9498077072525184
ext,UGA,Uganda,Low income,dd,-0.0027523496210527143,0.010159247189525747,-0.27092062725773675,0.7890971723862902,-0.02266447411252318,0.01715977487041775
ext,UGA,Uganda,Low income,d_inf,0.008577946979615302,0.007468078952775026,1.1486149294696282,0.2636304421319532,-0.00605948776782375,0.023215381727054354
ext,UGA,Uganda,Low income,d_gov,-0.08671074753615028,0.10765439418256045,-0.805454790717656,0.42958357419524373,-0.29771336013396876,0.12429186506166821
ext,UGA,Uganda,Low income,d_mil,-0.2135640269097016,0.4718186054561515,-0.45264011304350565,0.6554494224177694,-1.1383284936037585,0.7112004397843554
ext,UGA,Uganda,Low income,d_trade,-0.040262352850567576,0.05283045755332799,-0.7621049431556797,0.4544724522956982,-0.14381004965509042,0.06328534395395528
ext,UGA,Uganda,Low income,d_log_gdp,-0.018735597667506505,0.019139197383732043,-0.9789124011768335,0.33876676920159887,-0.05624842453962131,0.0187772292046083
ext,URY,Uruguay,Upper middle income,(Intercept),0.0024886367218921093,0.002613736995928469,0.9521373901692353,0.3523934533584746,-0.0026342877901276898,0.007611561233911908
ext,URY,Uruguay,Upper middle income,"L(dy, 1)",-0.13541873883494013,0.20070890091275687,-0.6747022091152961,0.5075901304525663,-0.5288081846239435,0.2579707069540633
ext,URY,Uruguay,Upper middle income,dd,-0.003137893547358905,0.013659212903928889,-0.22972725950089934,0.820636882043569,-0.029909950839059524,0.023634163744341716
ext,URY,Uruguay,Upper middle income,d_inf,-0.02438142457455139,0.025213972994563905,-0.9669806729708162,0.345102292022453,-0.07380081164389665,0.025037962494793863
ext,URY,Uruguay,Upper middle income,d_gov,0.4179270811653912,0.2577240620978629,1.6216067594289896,0.12054698871539465,-0.0872120805464201,0.9230662428772025
ext,URY,Uruguay,Upper middle income,d_mil,-0.3165185883041525,0.9430613474241457,-0.33562884235334584,0.7406460026820193,-2.164918829255478,1.531881652647173
ext,URY,Uruguay,Upper middle income,d_trade,0.04128900832053179,0.05955317384527496,0.6933133140444323,0.4960864813125051,-0.07543521241620713,0.15801322905727072
ext,URY,Uruguay,Upper middle income,d_log_gdp,-0.0698064108908641,0.04915340552538149,-1.42017445474491,0.17095860058237178,-0.16614708572061182,0.026534263938883626
ext,URY,Uruguay,Upper middle income,"L(d_log_gdp, 1)",-0.08437841552690822,0.04229887251038224,-1.9948147673722882,0.059870666690442,-0.1672842056472574,-0.0014726254065590416
ext,USA,United States,High income,(Intercept),-0.0023484460547722307,0.0023907074661897267,-0.9823226337746577,0.33828505203732007,-0.007034232688504095,0.002337340578959634
ext,USA,United States,High income,"L(dy, 1)",-0.35337432163031574,0.1972491786853566,-1.7915122586847534,0.08915412928046258,-0.7399827118536146,0.033234068592983224
ext,USA,United States,High income,dd,0.010495709742705831,0.028549236231672135,0.3676353951305371,0.7172084959557556,-0.04546079327137155,0.06645221275678322
ext,USA,United States,High income,"L(dd, 1)",0.0357506048375696,0.01988075645496721,1.798251737480407,0.08804587682762748,-0.0032156778141661235,0.07471688748930533
ext,USA,United States,High income,d_inf,-0.05342704160624349,0.15853393719325515,-0.33700696867898483,0.7398058112838426,-0.36415355850502357,0.25729947529253655
ext,USA,United States,High income,d_gov,-0.2522635134260572,0.3969158132644219,-0.6355592420249616,0.5326446751334982,-1.030218507424324,0.5256914805722097
ext,USA,United States,High income,d_mil,-0.10695523271176341,0.43857644848421246,-0.24386907477913397,0.809946097623516,-0.9665650717408198,0.752654606317293
ext,USA,United States,High income,d_trade,0.16651978861297398,0.07220252066900947,2.306287745497604,0.03253049773508665,0.025002848101715436,0.3080367291242325
ext,USA,United States,High income,"L(d_trade, 1)",0.11314323762102549,0.08196008567484195,1.380467537209461,0.183468781978453,-0.04749853030166473,0.2737850055437157
ext,USA,United States,High income,d_log_gdp,0.21774606978342706,0.10366295293300264,2.1005196516460063,0.04926366880812941,0.014566682034741901,0.4209254575321122
ext,VEN,Venezuela,Upper middle income,(Intercept),1.865228853147649e-4,0.0011567900691120197,0.16124177609680246,0.8738037005676411,-0.002080785650144794,0.0024538314207743234
ext,VEN,Venezuela,Upper middle income,"L(dy, 1)",0.00725923873721024,0.22921219458337347,0.03167038625673893,0.9751037726204546,-0.44199666264620174,0.4565151401206222
ext,VEN,Venezuela,Upper middle income,dd,0.006432941143406933,0.005349018455686087,1.2026395490500916,0.24559922259481698,-0.004051135029737796,0.016917017316551663
ext,VEN,Venezuela,Upper middle income,"L(dd, 1)",-0.010779049460892158,0.005489690099835574,-1.9635078237321648,0.06615864747864629,-0.021538842056569883,-1.9256865214433566e-5
ext,VEN,Venezuela,Upper middle income,d_inf,-6.0422908244594684e-5,3.426461394664996e-5,-1.7634200793469677,0.09579332356719923,-1.275815515800286e-4,6.735735090839228e-6
ext,VEN,Venezuela,Upper middle income,"L(d_inf, 1)",-1.796467011234486e-5,1.2371548579499588e-5,-1.452095507438205,0.16468173846812595,-4.221290532816405e-5,6.283565103474334e-6
ext,VEN,Venezuela,Upper middle income,d_gov,0.05012738467792644,0.054238678099049406,0.9241999701096141,0.36831548389654867,-0.0561804243962104,0.15643519375206327
ext,VEN,Venezuela,Upper middle income,d_mil,0.5060123271650471,0.3313796965330174,1.5269865126291162,0.1451550452141142,-0.143491878039667,1.1555165323697612
ext,VEN,Venezuela,Upper middle income,"L(d_mil, 1)",0.30818955673319054,0.2767668926438321,1.113534764903387,0.2809762274075415,-0.23427355284872037,0.8506526663151015
ext,VEN,Venezuela,Upper middle income,d_trade,-0.014885201236231318,0.01627185320901697,-0.9147821729354562,0.3730995373428252,-0.04677803352590458,0.01700763105344194
ext,VEN,Venezuela,Upper middle income,d_log_gdp,0.012949248084116632,0.006547871522118593,1.9776270869662458,0.06441581213585758,1.1541990076418922e-4,0.025783076267469077
ext,VEN,Venezuela,Upper middle income,"L(d_log_gdp, 1)",-0.02303269707259759,0.01045065716641792,-2.203947245213509,0.04160026899378977,-0.04351598511877671,-0.002549409026418467
ext,ZAF,South Africa,Upper middle income,(Intercept),0.002738308454481992,0.002708860386806361,1.0108710171329094,0.3320273268481786,-0.002571057903658475,0.00804767481262246
ext,ZAF,South Africa,Upper middle income,"L(dy, 1)",0.14815369222613747,0.1984018187647479,0.7467355548882774,0.46960158094769844,-0.2407138725527684,0.5370212570050433
ext,ZAF,South Africa,Upper middle income,dd,-0.09596842514050995,0.051062930887163765,-1.8794147432033628,0.08468295197432663,-0.19605176967935092,0.0041149193983310295
ext,ZAF,South Africa,Upper middle income,"L(dd, 1)",0.1734947691250083,0.04818255161692937,3.6007800189654,0.003640693571030685,0.07905696795582673,0.2679325702941899
ext,ZAF,South Africa,Upper middle income,"L(dd, 2)",-0.033570198887440186,0.03139315844140195,-1.069347608017902,0.3059518130350074,-0.095100789432588,0.027960391657707626
ext,ZAF,South Africa,Upper middle income,d_inf,-0.34212698926996843,0.1568468482119952,-2.181280613350594,0.04977952819180807,-0.649546811765479,-0.03470716677445784
ext,ZAF,South Africa,Upper middle income,"L(d_inf, 1)",-0.07262007737807542,0.13924372629989873,-0.5215321315207307,0.6114865915799192,-0.3455377809258769,0.20029762616972607
ext,ZAF,South Africa,Upper middle income,"L(d_inf, 2)",-0.4182956867092475,0.11716049711444661,-3.5702792068272053,0.003850416551995349,-0.6479302610535629,-0.18866111236493216
ext,ZAF,South Africa,Upper middle income,d_gov,-0.34887367970438804,0.3810783981389495,-0.915490569416063,0.37796412351916786,-1.095787340056729,0.39803998064795293
ext,ZAF,South Africa,Upper middle income,d_mil,7.2717854213489606,1.5742081601624696,4.619329009575494,5.908746892723708e-4,4.18633742743052,10.357233415267402
ext,ZAF,South Africa,Upper middle income,d_trade,0.01492167459884686,0.06048157722648027,0.24671437623015224,0.8092993045827104,-0.10362221676505447,0.1334655659627482
ext,ZAF,South Africa,Upper middle income,"L(d_trade, 1)",-0.12662549801441603,0.057960336805410496,-2.1846922394452988,0.049476245782339105,-0.2402277581530206,-0.013023237875811458
ext,ZAF,South Africa,Upper middle income,"L(d_trade, 2)",-0.0953137124478026,0.06400740270002717,-1.4891045164649703,0.16226466143281837,-0.22076822173985583,0.03014079684425064
ext,ZAF,South Africa,Upper middle income,d_log_gdp,-0.033322325729645316,0.06944399463815196,-0.47984459856141837,0.6399653140458486,-0.16943255522042316,0.10278790376113252
ext,ZAF,South Africa,Upper middle income,"L(d_log_gdp, 1)",0.14525267721121532,0.08186705792731812,1.7742506068823334,0.10137313115972679,-0.015206756326328202,0.3057121107487588
ext,ZAF,South Africa,Upper middle income,"L(d_log_gdp, 2)",0.2339760883855333,0.10042394828815777,2.3298833831364534,0.038078475005848544,0.037145149740744066,0.43080702703032253
cs_base,ABW,Aruba,High income,(Intercept),-8.332350630572033e-4,1.5822360334268842e-4,-5.266186873854352,7.68189167359015e-5,-0.0011433533256088727,-5.231168005055339e-4
cs_base,ABW,Aruba,High income,"L(dy, 1)",0.6342187655273069,0.11552976732450315,5.489656737089204,4.9445620303376886e-5,0.4077804215712808,0.8606571094833331
cs_base,ABW,Aruba,High income,"L(dy, 2)",0.01723204985708488,0.11291436678281837,0.15261166801058482,0.8806124872204164,-0.2040801090372391,0.23854420875140886
cs_base,ABW,Aruba,High income,dd,-0.0010606313672653837,0.0010948924827541486,-0.9687082375407468,0.3471071972825801,-0.003206620633463515,0.0010853578989327476
cs_base,ABW,Aruba,High income,"L(dd, 1)",-9.254703010206157e-4,0.0011182668641734964,-0.8275934221699618,0.4200736916326554,-0.0031172733548006687,0.001266332752759437
cs_base,ABW,Aruba,High income,"L(dd, 2)",-0.00323977057113795,0.0011679807286236448,-2.7738219405004347,0.013553235049140721,-0.0055290127992402936,-9.505283430356064e-4
cs_base,ABW,Aruba,High income,dy_bar,0.10675398772755895,0.05883177145364742,1.814563544320073,0.08838452985966425,-0.008556284321590002,0.2220642597767079
cs_base,ABW,Aruba,High income,"L(dy_bar, 1)",-0.027081468183265442,0.05161448984134201,-0.5246873168079599,0.606994530990807,-0.12824586827229578,0.0740829319057649
cs_base,ABW,Aruba,High income,"L(dy_bar, 2)",0.16953615718493786,0.055989872692860335,3.0279789724643655,0.007998466912601677,0.05979600670693161,0.2792763076629441
cs_base,ABW,Aruba,High income,dd_bar,-0.004336508199354042,0.0020021717561208006,-2.16590219400358,0.045767809249063846,-0.008260764841350812,-0.00041225155735727294
cs_base,ABW,Aruba,High income,"L(dd_bar, 1)",0.005746207997970702,0.0022532207790974174,2.5502196905322725,0.021393752030710686,0.0013298952709397639,0.01016252072500164
cs_base,ABW,Aruba,High income,"L(dd_bar, 2)",-0.009948269979628376,0.0019342627880517519,-5.143184287616149,9.815826023746362e-5,-0.013739425044209809,-0.006157114915046943
cs_base,AGO,Angola,Lower middle income,(Intercept),-2.3910441904056532e-4,7.313273051963708e-4,-0.3269458385344476,0.7465432762141309,-0.001672505937225452,0.0011942970991443216
cs_base,AGO,Angola,Lower middle income,"L(dy, 1)",0.6739564480424034,0.10943155905775628,6.158702789628535,2.3093587821221384e-6,0.45947059228920106,0.8884423037956057
cs_base,AGO,Angola,Lower middle income,dd,0.0010636003073326618,0.003522666618240488,0.3019304471860332,0.7653060073175633,-0.005840826264418695,0.007968026879084019
cs_base,AGO,Angola,Lower middle income,dy_bar,-0.4123953102570008,0.368367624604053,-1.1195210510160112,0.2739973624532508,-1.1343958544809447,0.30960523396694295
cs_base,AGO,Angola,Lower middle income,dd_bar,0.03693161006848175,0.01807138134240186,2.043651747961685,0.05211279921397996,0.0015117026373741016,0.0723515174995894
cs_base,ALB,Albania,Lower middle income,(Intercept),8.809532175366543e-4,9.648180141934214e-4,0.9130770824932438,0.3706745246975376,-0.0010100900902824516,0.0027719965253557603
cs_base,ALB,Albania,Lower middle income,"L(dy, 1)",-0.14227611329898115,0.19987268714825235,-0.7118336943829155,0.48372610568562047,-0.5340265801095557,0.24947435351159342
cs_base,ALB,Albania,Lower middle income,dd,0.011846597208962441,0.00997879373646386,1.1871772803233096,0.2472748432958088,-0.007711838514506724,0.031405032932431604
cs_base,ALB,Albania,Lower middle income,dy_bar,-0.25613826569598436,0.49444507862299164,-0.5180317830431611,0.609383707526866,-1.2252506197970479,0.7129740884050793
cs_base,ALB,Albania,Lower middle income,"L(dy_bar, 1)",1.1702579195489153,0.526286339219497,2.223614470564547,0.036278493442646984,0.1387366946787012,2.2017791444191293
cs_base,ALB,Albania,Lower middle income,dd_bar,0.02972663333652244,0.017051189514043018,1.7433759276465834,0.09462264955209448,-0.003693698111001873,0.06314696478404676
cs_base,ARE,United Arab Emirates,High income,(Intercept),-5.600177444963587e-4,9.561749917828421e-4,-0.5856854125123834,0.5640474805699629,-0.0024341207283907294,0.0013140852393980118
cs_base,ARE,United Arab Emirates,High income,"L(dy, 1)",0.6963440125559701,0.13068067113686727,5.328592258503633,2.386454923942224e-5,0.4402098971277103,0.9524781279842299
cs_base,ARE,United Arab Emirates,High income,dd,0.003457327518105283,0.0036394706658942123,0.9499533958342327,0.3524558779698673,-0.0036760349870473726,0.010590690023257939
cs_base,ARE,United Arab Emirates,High income,"L(dd, 1)",-0.009239812911842839,0.0034757643943094316,-2.6583542103631608,0.01435630288367971,-0.016052311124689325,-0.0024273146989963537
cs_base,ARE,United Arab Emirates,High income,dy_bar,-1.0560262710596786,0.4767449795412877,-2.2150758086131526,0.0374154493679537,-1.9904464309606025,-0.12160611115875475
cs_base,ARE,United Arab Emirates,High income,"L(dy_bar, 1)",1.4563939863975517,0.49722897781845155,2.92902073565252,0.007769456393751527,0.48182518987338663,2.430962782921717
cs_base,ARE,United Arab Emirates,High income,dd_bar,-0.00860093273215356,0.014595055819591116,-0.5893045452151288,0.5616604166637127,-0.03720724213855215,0.020005376674245026
cs_base,ARG,Argentina,Upper middle income,(Intercept),-0.0036119266023646097,0.002667496306720872,-1.3540512102169382,0.18887586764011943,-0.008840219363537518,0.0016163661588082987
cs_base,ARG,Argentina,Upper middle income,"L(dy, 1)",-0.20350479225421123,0.17035803060176902,-1.1945711718746412,0.24442862134266816,-0.5374065322336785,0.13039694772525603
cs_base,ARG,Argentina,Upper middle income,dd,0.030553553327709756,0.010570858314155107,2.8903569057203655,0.00825454994236612,0.009834671031965746,0.051272435623453766
cs_base,ARG,Argentina,Upper middle income,dy_bar,4.8413526374046265,1.4946557697577185,3.2391087870282016,0.0036232119658306883,1.9118273286794985,7.770877946129755
cs_base,ARG,Argentina,Upper middle income,"L(dy_bar, 1)",-2.899345550224906,1.6561250265527696,-1.7506803554921844,0.09333015504984338,-6.145350602268334,0.34665950181852256
cs_base,ARG,Argentina,Upper middle income,dd_bar,0.0575826833635646,0.0471169588407488,1.2221222417641393,0.2340389507461275,-0.03476655596430304,0.14993192269143224
cs_base,ARM,Armenia,Lower middle income,(Intercept),0.00426528401703082,0.0037288249248832203,1.143868136196928,0.26395957106557705,-0.003043212835740292,0.01157378086980193
cs_base,ARM,Armenia,Lower middle income,"L(dy, 1)",0.09583315923384332,0.15060486405784623,0.636321806957274,0.5305891047497278,-0.19935237431953529,0.39101869278722196
cs_base,ARM,Armenia,Lower middle income,dd,0.011829473066863992,0.025515390310505533,0.46362108997381885,0.6470965511794603,-0.03818069194172685,0.06183963807545484
cs_base,ARM,Armenia,Lower middle income,dy_bar,8.90190258742065,1.9348811388597011,4.60074906341114,1.1461853675538208e-4,5.109535555255636,12.694269619585665
cs_base,ARM,Armenia,Lower middle income,dd_bar,0.14217045554659005,0.0796259417374767,1.7854791095007696,0.0868281090812225,-0.013896390258864272,0.2982373013520444
cs_base,ATG,Antigua and Barbuda,Upper middle income,(Intercept),-7.81279936150884e-4,1.9550915004439037e-4,-3.996129776910668,0.0010404567719176948,-0.001164477870237889,-3.9808200206387887e-4
cs_base,ATG,Antigua and Barbuda,Upper middle income,"L(dy, 1)",0.7910028057545765,0.14916515355561352,5.302865896622869,7.142942142757775e-5,0.498639104785574,1.083366506723579
cs_base,ATG,Antigua and Barbuda,Upper middle income,"L(dy, 2)",-0.10654006362705536,0.13200181879472933,-0.8071105731712037,0.43143800128494336,-0.3652636284647249,0.15218350121061414
cs_base,ATG,Antigua and Barbuda,Upper middle income,dd,6.646264866981206e-4,0.0013751845775504866,0.48329984028905415,0.6354299924183364,-0.002030735285300833,0.0033599882586970746
cs_base,ATG,Antigua and Barbuda,Upper middle income,"L(dd, 1)",0.0017938288804736301,0.0013372994840166973,1.3413815692844706,0.19852736810228772,-8.272781081990967e-4,0.004414935869146357
cs_base,ATG,Antigua and Barbuda,Upper middle income,"L(dd, 2)",-7.719637259053319e-4,0.0015411570270615269,-0.5008988132618839,0.6232628381132925,-0.003792631498945925,0.0022487040471352608
cs_base,ATG,Antigua and Barbuda,Upper middle income,dy_bar,0.10516090922747508,0.07972290245873284,1.3190802891541709,0.20570983596660986,-0.05109597959164129,0.26141779804659143
cs_base,ATG,Antigua and Barbuda,Upper middle income,"L(dy_bar, 1)",-0.00686709730616789,0.061724079048183736,-0.11125475522781345,0.9127980237267026,-0.127846292240608,0.11411209762827224
cs_base,ATG,Antigua and Barbuda,Upper middle income,"L(dy_bar, 2)",0.19175617611168932,0.06484537694496782,2.9571294847191125,0.009271909560345288,0.06465923729955239,0.3188531149238263
cs_base,ATG,Antigua and Barbuda,Upper middle income,dd_bar,-0.005514067660763583,0.002778946235066261,-1.9842297023181181,0.06465599751256938,-0.010960802281493456,-6.733304003371087e-5
cs_base,ATG,Antigua and Barbuda,Upper middle income,"L(dd_bar, 1)",0.0058363821765636545,0.002905063292550298,2.0090378724382316,0.061714769625985745,1.4245812316507084e-4,0.011530306229962237
cs_base,ATG,Antigua and Barbuda,Upper middle income,"L(dd_bar, 2)",-0.010125968624821359,0.0029588873568518878,-3.4222217352656834,0.0034924795654580846,-0.015925387844251057,-0.0043265494053916585
cs_base,AUS,Australia,High income,(Intercept),0.002704907873973361,0.0010829912214328724,2.4976267770615728,0.020099038012766985,5.822450799649313e-4,0.004827570667981791
cs_base,AUS,Australia,High income,"L(dy, 1)",-0.37390922177052327,0.16937559385584272,-2.2075743810454838,0.03752092125079064,-0.705885385727975,-0.04193305781307155
cs_base,AUS,Australia,High income,dd,0.035717742311767046,0.012042149342107268,2.966060401433019,0.006919411693331265,0.012115129601236802,0.059320355022297294
cs_base,AUS,Australia,High income,"L(dd, 1)",-0.031936129431395524,0.011776167328806484,-2.7119289782231935,0.012437424359640245,-0.055017417395856236,-0.008854841466934816
cs_base,AUS,Australia,High income,dy_bar,1.7368615966869865,0.5196918642930589,3.3420988782451952,0.002828115724729549,0.718265542672591,2.755457650701382
cs_base,AUS,Australia,High income,dd_bar,-0.005747245835410947,0.021411514694769013,-0.2684184616240644,0.7907700766509519,-0.04771381463715821,0.036219322966336315
cs_base,AUT,Austria,High income,(Intercept),1.4799038642741293e-4,0.001078343584257929,0.1372386209625884,0.8919870280003408,-0.001965563038718128,0.0022615438115729538
cs_base,AUT,Austria,High income,"L(dy, 1)",-0.578383438001941,0.16776692682746977,-3.447541472800215,0.0020972019894202032,-0.9072066145837818,-0.2495602614201003
cs_base,AUT,Austria,High income,dd,0.001526983257017634,0.020703300296265076,0.07375554791586081,0.9418161861224597,-0.039051485323661914,0.04210545183769718
cs_base,AUT,Austria,High income,dy_bar,0.35650378771200913,0.5378922191893175,0.662779224152587,0.5137874568317333,-0.6977649618990531,1.4107725373230715
cs_base,AUT,Austria,High income,dd_bar,-0.022250589972942006,0.019037094553472387,-1.1688017785720077,0.25396222203749486,-0.059563295297747884,0.015062115351863872
cs_base,AZE,Azerbaijan,Upper middle income,(Intercept),0.005258206368010318,0.003468333641374529,1.5160612881309907,0.1425655403330593,-0.0015397275690837587,0.012056140305104395
cs_base,AZE,Azerbaijan,Upper middle income,"L(dy, 1)",0.05697509494459855,0.18442431654437566,0.3089348303529668,0.7600370350616039,-0.30449656548237775,0.4184467553715749
cs_base,AZE,Azerbaijan,Upper middle income,dd,0.027669363281761575,0.0142710794887365,1.9388416484961575,0.06436645666534356,-3.0195251616196503e-4,0.05564067907968512
cs_base,AZE,Azerbaijan,Upper middle income,dy_bar,6.264374919735362,1.9635074633155467,3.1904003609731335,0.0039309511281043815,2.4159002916368904,10.112849547833832
cs_base,AZE,Azerbaijan,Upper middle income,dd_bar,-0.10807328017471758,0.0721543091969396,-1.4978077037608375,0.1472212609870633,-0.2494957262007192,0.03334916585128404
cs_base,BDI,Burundi,Low income,(Intercept),5.081508262545325e-4,7.97283668891264e-4,0.6373526087160274,0.5301891823499074,-0.0010545251647723448,0.00207082681728141
cs_base,BDI,Burundi,Low income,"L(dy, 1)",0.7407451230476492,0.11938675286057147,6.204583886394373,2.4903956238597145e-6,0.5067470874409291,0.9747431586543692
cs_base,BDI,Burundi,Low income,dd,0.002594620795253954,0.0032510662122793976,0.7980830367139171,0.4329857790313021,-0.003777468980813665,0.008966710571321573
cs_base,BDI,Burundi,Low income,dy_bar,0.8821172219780591,0.4190057361781274,2.1052628778405413,0.0463938155672207,0.06086597906892932,1.703368464887189
cs_base,BDI,Burundi,Low income,dd_bar,0.03199609867457224,0.019079028650359507,1.6770297514055745,0.10707724650876554,-0.005398797480132396,0.06939099482927688
cs_base,BDI,Burundi,Low income,"L(dd_bar, 1)",-0.05025238226014711,0.018882387400707558,-2.6613362597498695,0.013947667726080599,-0.08726186156553392,-0.0132429029547603
cs_base,BEL,Belgium,High income,(Intercept),-4.0821990178307256e-4,0.0010240754988474748,-0.39862285763353916,0.6938477286246597,-0.0024154078795241233,0.001598968075957978
cs_base,BEL,Belgium,High income,"L(dy, 1)",-0.05638393806463061,0.1879348151025205,-0.30001858907234696,0.7668578001013457,-0.42473617566557076,0.31196829953630956
cs_base,BEL,Belgium,High income,dd,-0.10987374297680662,0.038133243925692895,-2.8813112042318907,0.00842961744957947,-0.18461490107116468,-0.03513258488244854
cs_base,BEL,Belgium,High income,"L(dd, 1)",0.07211932903652613,0.03946117252258063,1.8276022841251796,0.08061274092255265,-0.005224569107731905,0.14946322718078414
cs_base,BEL,Belgium,High income,dy_bar,0.013133650108067938,0.4874454683464379,0.026943834666514066,0.9787369515270172,-0.9422594678509504,0.9685267680670862
cs_base,BEL,Belgium,High income,dd_bar,-0.015495596007142946,0.01875420376976658,-0.8262465417019306,0.41715339407431096,-0.05225383539588544,0.02126264338159955
cs_base,BEN,Benin,Low income,(Intercept),-3.9946897159801883e-4,0.001170259403330174,-0.34135078980033084,0.7359384060599103,-0.0026931774021251597,0.0018942394589291222
cs_base,BEN,Benin,Low income,"L(dy, 1)",0.7177697416883424,0.13457103013282642,5.333761218739858,2.0460569500418602e-5,0.4540105226280026,0.9815289607486821
cs_base,BEN,Benin,Low income,dd,-0.0028897572897170726,0.004593636827123883,-0.6290783095115456,0.5354965724038651,-0.011893285470879884,0.006113770891445738
cs_base,BEN,Benin,Low income,dy_bar,0.3401073498962314,0.6038531573123446,0.563228569359471,0.5787293207384905,-0.8434448384359639,1.5236595382284268
cs_base,BEN,Benin,Low income,dd_bar,0.01766538764722705,0.028082110400916706,0.6290619684569856,0.5355070822419716,-0.037375548738569686,0.0727063240330238
cs_base,BEN,Benin,Low income,"L(dd_bar, 1)",-0.048063537469324666,0.025155488446625934,-1.9106580884447646,0.06859290920148305,-0.09736829482471149,0.0012412198860621629
cs_base,BFA,Burkina Faso,Low income,(Intercept),-0.0012775039211727144,0.0019373624313793578,-0.6594036822852815,0.5159145840151631,-0.005074734286676256,0.0025197264443308264
cs_base,BFA,Burkina Faso,Low income,"L(dy, 1)",0.6252129257769284,0.17029155070266935,3.6714265810436837,0.0012031929204577882,0.2914414863996965,0.9589843651541603
cs_base,BFA,Burkina Faso,Low income,dd,0.002939207362379199,0.013150983070758312,0.22349715960889896,0.8250400594626268,-0.02283671945630709,0.02871513418106549
cs_base,BFA,Burkina Faso,Low income,dy_bar,0.693296881149004,1.0157763464926375,0.6825290661107446,0.5014397804508353,-1.2976247579765654,2.6842185202745736
cs_base,BFA,Burkina Faso,Low income,dd_bar,0.001201137867433868,0.04004520294328892,0.02999455063656167,0.9763194383867106,-0.07728745990141242,0.07968973563628015
cs_base,BGD,Bangladesh,Low income,(Intercept),0.0014289929971215572,6.66989701325388e-4,2.1424513666132747,0.04607878760119174,1.2169318252379683e-4,0.0027362928117193176
cs_base,BGD,Bangladesh,Low income,"L(dy, 1)",0.018636701902427447,0.14277218014111207,0.13053454730471614,0.8975913081786113,-0.2611967711741522,0.2984701749790071
cs_base,BGD,Bangladesh,Low income,dd,0.0010702439852080911,0.013318942539487,0.080355026837537,0.9368415767071642,-0.02503488339218643,0.02717537136260261
cs_base,BGD,Bangladesh,Low income,"L(dd, 1)",0.017022009033693275,0.013388550193934297,1.2713855336931943,0.21977527189521884,-0.009219549346417947,0.04326356741380449
cs_base,BGD,Bangladesh,Low income,"L(dd, 2)",0.010843952822480128,0.01244164484633688,0.8715851446019092,0.39491168610801386,-0.013541671076340156,0.035229576721300414
cs_base,BGD,Bangladesh,Low income,dy_bar,1.4872963054115618,0.45341208967980284,3.280230808273953,0.0041588210238947465,0.5986086096391482,2.3759840011839755
cs_base,BGD,Bangladesh,Low income,"L(dy_bar, 1)",0.9708636889027367,0.44349210076021184,2.1891341181467063,0.042007615597021035,0.10161917141272148,1.8401082063927519
cs_base,BGD,Bangladesh,Low income,"L(dy_bar, 2)",0.6322154441889528,0.47410460370473884,1.3334935776803418,0.19900041871327626,-0.2970295790723353,1.561460467450241
cs_base,BGD,Bangladesh,Low income,dd_bar,-8.177746448168842e-4,0.01668848151006583,-0.04900233998663299,0.9614570741119953,-0.03352719840454592,0.03189164911491214
cs_base,BGD,Bangladesh,Low income,"L(dd_bar, 1)",0.035750227645078736,0.016395796829717185,2.1804507592020097,0.04273899337287801,0.0036144658588330575,0.06788598943132441
cs_base,BGR,Bulgaria,Lower middle income,(Intercept),0.0037887389906229004,0.003590808732941584,1.055121359114879,0.3023278667638687,-0.0032492461259426043,0.010826724107188405
cs_base,BGR,Bulgaria,Lower middle income,"L(dy, 1)",0.2673893858966368,0.20657548044900606,1.2943907249565512,0.2083762026387486,-0.13749855578341508,0.6722773275766887
cs_base,BGR,Bulgaria,Lower middle income,dd,-9.827551615880137e-4,0.012497183779776173,-0.0786381299103865,0.9380006269548338,-0.02547723536994931,0.023511725046773287
cs_base,BGR,Bulgaria,Lower middle income,"L(dd, 1)",0.020101319291713406,0.012788392709845112,1.571840945753758,0.1296439450717768,-0.0049639304195830125,0.045166569003009825
cs_base,BGR,Bulgaria,Lower middle income,dy_bar,0.5435167004136766,1.961642376533414,0.27707226705316773,0.7841995819720092,-3.3013023575918146,4.388335758419168
cs_base,BGR,Bulgaria,Lower middle income,dd_bar,0.06926743018510018,0.06374684890084693,1.0866016341112024,0.28847005434974904,-0.055676393660559806,0.19421125403076017
cs_base,BHR,Bahrain,High income,(Intercept),-8.777413164468255e-4,0.001488197375905499,-0.5898016826650838,0.5613329291589186,-0.0037946081732216034,0.0020391255403279527
cs_base,BHR,Bahrain,High income,"L(dy, 1)",0.48055425459785195,0.11939988440490155,4.02474639730995,5.678322227286662e-4,0.24653048116424492,0.714578028031459
cs_base,BHR,Bahrain,High income,dd,-2.413093520452114e-4,0.006879346175223021,-0.03507736722340309,0.9723343752490864,-0.013724827855482331,0.013242209151391909
cs_base,BHR,Bahrain,High income,"L(dd, 1)",0.011810588625432177,0.0055801965927194845,2.1165183751485603,0.045847538830867895,8.734033037019872e-4,0.02274777394716237
cs_base,BHR,Bahrain,High income,dy_bar,1.224594987796172,0.7140423779739775,1.715017239272038,0.10039569963232517,-0.17492807303282398,2.624118048625168
cs_base,BHR,Bahrain,High income,dd_bar,0.006470714199912062,0.0308470552397934,0.20976764717446011,0.8357794519430175,-0.053989514070083,0.06693094246990712
cs_base,BHR,Bahrain,High income,"L(dd_bar, 1)",0.07520382049459258,0.03429343293621315,2.192951071258279,0.039175339070019945,0.007988691939614809,0.14241894904957036
cs_base,BHS,Bahamas,High income,(Intercept),4.079036079873556e-4,8.518041037968719e-4,0.4788702075619814,0.636756184904518,-0.0012616324354545133,0.0020774396514292243
cs_base,BHS,Bahamas,High income,"L(dy, 1)",0.20011751119253882,0.1999506714864288,1.0008344043301767,0.32778862957523713,-0.19178580492086164,0.5920208273059393
cs_base,BHS,Bahamas,High income,dd,3.9221145215395767e-4,0.009894643326528023,0.0396387660687495,0.9687386423298243,-0.01900128946784097,0.01978571237214888
cs_base,BHS,Bahamas,High income,"L(dd, 1)",-0.01803597563696516,0.009899615750282791,-1.8218864339709293,0.08209709920499597,-0.03743922250751943,0.0013672712335891096
cs_base,BHS,Bahamas,High income,dy_bar,2.147682892612345,0.39503265485228267,5.436722423404321,1.8423753080714138e-5,1.373418889101871,2.9219468961228188
cs_base,BHS,Bahamas,High income,"L(dy_bar, 1)",-1.419294785324024,0.5165390761600688,-2.7477007080955147,0.011747287124073124,-2.431711374597759,-0.4068781960502894
cs_base,BHS,Bahamas,High income,dd_bar,-0.0064700812779963585,0.010812799753076516,-0.598372431354373,0.5557025585892874,-0.02766316879402633,0.014723006238033614
cs_base,BLR,Belarus,Upper middle income,(Intercept),0.002941701164458958,0.002307772082090998,1.274693106519244,0.21514576431859148,-0.0015815321164393986,0.007464934445357315
cs_base,BLR,Belarus,Upper middle income,"L(dy, 1)",-0.04207693952253939,0.18190000272544599,-0.23131907032485846,0.8191124293125233,-0.3986009448644135,0.31444706581933474
cs_base,BLR,Belarus,Upper middle income,dd,0.006748205243532803,0.006154257591034409,1.0965100410102533,0.28420419039352474,-0.0053141396348946384,0.018810550121960243
cs_base,BLR,Belarus,Upper middle income,dy_bar,1.8541758031833053,1.292878012349847,1.4341459793358864,0.16498770904269708,-0.6798651010223944,4.388216707389005
cs_base,BLR,Belarus,Upper middle income,"L(dy_bar, 1)",3.3842886059997648,1.3982424705422671,2.4203875059575815,0.02380603393316068,0.6437333637369211,6.124843848262609
cs_base,BLR,Belarus,Upper middle income,dd_bar,0.004633986540162114,0.039475750622478045,0.11738818051818013,0.9075715408312421,-0.07273848467989485,0.08200645776021909
cs_base,BLZ,Belize,Lower middle income,(Intercept),-2.4486544024881915e-4,6.30885275302983e-4,-0.3881299022729963,0.701489095992156,-0.0014814005798426658,9.916696993450276e-4
cs_base,BLZ,Belize,Lower middle income,"L(dy, 1)",0.2748925846666319,0.19375520759580422,1.4187623036181285,0.1693780283494964,-0.10486762222114437,0.6546527915544083
cs_base,BLZ,Belize,Lower middle income,dd,-0.0068650053155499555,0.0037039210682687706,-1.853442659553944,0.07669084555956275,-0.014124690609356746,3.946799782568351e-4
cs_base,BLZ,Belize,Lower middle income,dy_bar,2.205794680846891,0.38866125516978123,5.675365505324992,8.87926040142846e-6,1.4440186207141197,2.967570740979662
cs_base,BLZ,Belize,Lower middle income,"L(dy_bar, 1)",-1.6287954482682747,0.5076270958435933,-3.2086456014753955,0.0038973003868533027,-2.623744556121718,-0.6338463404148318
cs_base,BLZ,Belize,Lower middle income,dd_bar,-0.011321749718717489,0.010232246611330096,-1.1064774089964753,0.2799590631399568,-0.03137695307692448,0.0087334536394895
cs_base,BOL,Bolivia,Lower middle income,(Intercept),-4.671985644590552e-4,6.722181590670662e-4,-0.6950103298421063,0.4940110959347015,-0.001784746156230505,8.503490273123945e-4
cs_base,BOL,Bolivia,Lower middle income,"L(dy, 1)",0.2305260868187062,0.22057574315773626,1.0451107792657615,0.30683205733595503,-0.20180236977045687,0.6628545434078693
cs_base,BOL,Bolivia,Lower middle income,dd,0.0018333987658285963,0.007273698429943976,0.25205867186917696,0.8032344676953908,-0.012423050156861595,0.016089847688518788
cs_base,BOL,Bolivia,Lower middle income,dy_bar,2.159956973081087,0.4231619426129526,5.104327104048446,3.602469281961872e-5,1.3305595655597,2.989354380602474
cs_base,BOL,Bolivia,Lower middle income,"L(dy_bar, 1)",-1.4895143176466838,0.5693327520437395,-2.616245617874186,0.015437469857054926,-2.605406511652413,-0.3736221236409545
cs_base,BOL,Bolivia,Lower middle income,dd_bar,-0.013460526152909833,0.014627913357543487,-0.9201945502342176,0.36702230374737344,-0.04213123633369507,0.015210184027875403
cs_base,BRA,Brazil,Upper middle income,(Intercept),-0.0010715277838054952,0.0014827727533501711,-0.7226513849708186,0.47750667933033,-0.0039777623803718305,0.0018347068127608404
cs_base,BRA,Brazil,Upper middle income,"L(dy, 1)",-0.0852299846826824,0.21559808933797234,-0.39531883118442473,0.6964147262247902,-0.5078022397851082,0.3373422704197434
cs_base,BRA,Brazil,Upper middle income,dd,0.002930817782159624,0.008008804534894866,0.36594947090915586,0.717898200096325,-0.012766439106234314,0.018628074670553562
cs_base,BRA,Brazil,Upper middle income,dy_bar,-0.8232219735613727,0.8457624591008082,-0.973348916948383,0.3409613210665632,-2.4809163933989566,0.8344724462762113
cs_base,BRA,Brazil,Upper middle income,"L(dy_bar, 1)",1.2308929863215614,0.8593166645082984,1.4324090724178837,0.1660835313930599,-0.4533676761147034,2.9151536487578262
cs_base,BRA,Brazil,Upper middle income,dd_bar,-0.024230962164295506,0.033631834374296524,-0.7204769711524944,0.4788174536145513,-0.09014935753791668,0.04168743320932568
cs_base,BRA,Brazil,Upper middle income,"L(dd_bar, 1)",0.04626924188353325,0.031832146981667864,1.4535382080944685,0.16019159698896923,-0.016121766200535764,0.10866024996760226
cs_base,BRB,Barbados,High income,(Intercept),-5.742603784096348e-4,2.1492357063573368e-4,-2.6719283357846697,0.01670431073509175,-9.955105768556728e-4,-1.5301017996359684e-4
cs_base,BRB,Barbados,High income,"L(dy, 1)",0.7048374597352454,0.12499824239097901,5.638778964032159,3.698128420767657e-5,0.4598409046489265,0.9498340148215643
cs_base,BRB,Barbados,High income,"L(dy, 2)",0.0056857380539571825,0.12711676743921915,0.04472846634237939,0.9648772282874745,-0.24346312612691234,0.25483460223482673
cs_base,BRB,Barbados,High income,dd,-0.001768600093087367,0.0013575556896836735,-1.3027827193589911,0.2110884139451844,-0.004429409244867367,8.922090586926331e-4
cs_base,BRB,Barbados,High income,"L(dd, 1)",5.635569385459091e-4,0.00134719700742244,0.41831813420083913,0.6812753351130518,-0.002076949196002073,0.0032040630730938912
cs_base,BRB,Barbados,High income,"L(dd, 2)",-0.002936678161204202,0.0016737893213425285,-1.7545088403651208,0.09847142594760415,-0.006217305231035558,3.439489086271537e-4
cs_base,BRB,Barbados,High income,dy_bar,0.11006918152147084,0.06870497890954584,1.6020553862098321,0.12869942883261848,-0.02459257714123901,0.24473094018418068
cs_base,BRB,Barbados,High income,"L(dy_bar, 1)",-0.011952096286233154,0.06192814404417686,-0.19299942652418334,0.8493880289484764,-0.1333312586128198,0.10942706604035349
cs_base,BRB,Barbados,High income,"L(dy_bar, 2)",0.1979970794448333,0.06405596118129298,3.0910016147358466,0.00701076455437234,0.07244739552949908,0.3235467633601675
cs_base,BRB,Barbados,High income,dd_bar,-0.0041305585592478844,0.002190349053988443,-1.8857992299110875,0.0776113577873644,-0.008423642705065232,1.625255865694633e-4
cs_base,BRB,Barbados,High income,"L(dd_bar, 1)",0.007766704909987892,0.002491115442519749,3.1177619380545103,0.006628534746911613,0.0028841186426491836,0.0126492911773266
cs_base,BRB,Barbados,High income,"L(dd_bar, 2)",-0.011002305601633152,0.0022417891999419602,-4.9078234483054874,1.5768103728516975e-4,-0.015396212433519393,-0.00660839876974691
cs_base,BTN,Bhutan,Low income,(Intercept),3.357367777285547e-4,8.410441714872694e-4,0.3991904219903825,0.6936015446163768,-0.0013127097983864932,0.0019841833538436025
cs_base,BTN,Bhutan,Low income,"L(dy, 1)",0.6364545407246373,0.15098496129378733,4.215350557240073,3.5657404465246843e-4,0.3405240165888141,0.9323850648604604
cs_base,BTN,Bhutan,Low income,dd,-0.011250394651045567,0.006904370695969449,-1.6294598228355828,0.11745192394787694,-0.024782961215145685,0.0022821719130545516
cs_base,BTN,Bhutan,Low income,"L(dd, 1)",-0.01697707666259927,0.007629844853480629,-2.225088057308867,0.03664291857994013,-0.031931572575421306,-0.002022580749777238
cs_base,BTN,Bhutan,Low income,dy_bar,0.049050262288431325,0.3530614952634226,0.1389283820141147,0.8907706488710508,-0.642950268427877,0.7410507930047396
cs_base,BTN,Bhutan,Low income,dd_bar,-0.0016819217652566903,0.015141845054859262,-0.1110777292438965,0.9125618667962634,-0.03135993807278084,0.027996094542267463
cs_base,BTN,Bhutan,Low income,"L(dd_bar, 1)",0.0207020106762629,0.015090183761644987,1.3718859228793225,0.18392798347903777,-0.008874749496561272,0.05027877084908707
cs_base,BWA,Botswana,Upper middle income,(Intercept),-7.433816808555145e-4,5.27244319282382e-4,-1.4099377720509372,0.17193830875357607,-0.0017767805466489832,2.900171849379541e-4
cs_base,BWA,Botswana,Upper middle income,"L(dy, 1)",0.7499915049029995,0.13592077632143038,5.517857719774881,1.3031800108580706e-5,0.4835867833129959,1.016396226493003
cs_base,BWA,Botswana,Upper middle income,dd,-6.34064861629306e-4,0.002264428572591336,-0.2800109790629004,0.7819720320003959,-0.0050723448639083245,0.003804215140649712
cs_base,BWA,Botswana,Upper middle income,"L(dd, 1)",-0.0025559550067116134,0.0018932650874195801,-1.3500248980956198,0.19014515628350137,-0.00626675457805399,0.0011548445646307635
cs_base,BWA,Botswana,Upper middle income,dy_bar,0.026051920462571935,0.35694255389291046,0.07298631160236503,0.9424480290196369,-0.6735554851675325,0.7256593260926765
cs_base,BWA,Botswana,Upper middle income,dd_bar,0.006265482369641875,0.009412627603622386,0.66564647338546,0.5122581122105307,-0.012183267733458,0.02471423247274175
cs_base,CAF,Central African Republic,Low income,(Intercept),-0.001002899429552546,3.805618791487905e-4,-2.635312374943462,0.014790140746590444,-0.0017488007126841751,-2.5699814642091655e-4
cs_base,CAF,Central African Republic,Low income,"L(dy, 1)",0.806619549954725,0.07264157814631504,11.104102781605704,1.0229000281021154e-10,0.6642420567879475,0.9489970431215025
cs_base,CAF,Central African Republic,Low income,dd,0.0026071597018197394,0.0015490796287569435,1.6830378848322023,0.10589498516858319,-4.290363705438697e-4,0.005643355774183349
cs_base,CAF,Central African Republic,Low income,dy_bar,0.12435649149342835,0.20653339411617117,0.6021132419074087,0.5529888692886553,-0.28044896097426714,0.5291619439611238
cs_base,CAF,Central African Republic,Low income,"L(dy_bar, 1)",0.4210815462299562,0.17441239320248608,2.4142868433729747,0.02412427443071599,0.07923325555308347,0.7629298369068289
cs_base,CAF,Central African Republic,Low income,dd_bar,-0.018628475470106244,0.005240848590459407,-3.554476941771999,0.001687994294108519,-0.028900538707406682,-0.008356412232805806
cs_base,CAN,Canada,High income,(Intercept),0.0018482699785555402,7.207432731350124e-4,2.564394351564507,0.017334684579708097,4.35613163210916e-4,0.0032609267939001643
cs_base,CAN,Canada,High income,"L(dy, 1)",-0.28716474400717673,0.15025311770600894,-1.911206558582394,0.06851904800220421,-0.5816608547109543,0.007331366696600783
cs_base,CAN,Canada,High income,dd,-0.07035519512905329,0.016212598003704885,-4.339538617621667,2.4154472240564212e-4,-0.10213188721631486,-0.038578503041791716
cs_base,CAN,Canada,High income,dy_bar,1.560169752112686,0.38997555553689184,4.000686017267801,5.615843945092526e-4,0.7958176632603781,2.324521840964994
cs_base,CAN,Canada,High income,"L(dy_bar, 1)",0.721000048605841,0.47503557130198604,1.5177811771647145,0.14269601720923766,-0.21006967114605157,1.6520697683577334
cs_base,CAN,Canada,High income,dd_bar,-0.009135764856313943,0.0141175036288085,-0.6471232518524941,0.523958860697628,-0.0368060719687786,0.01853454225615072
cs_base,CHE,Switzerland,High income,(Intercept),-6.613789766510932e-4,0.0017250753864042436,-0.38339134733681124,0.70528339535336,-0.00404252673400341,0.002719768780701224
cs_base,CHE,Switzerland,High income,"L(dy, 1)",0.11769928336309354,0.19946788900345316,0.5900663207051635,0.5614424843635653,-0.27325777908367466,0.5086563458098617
cs_base,CHE,Switzerland,High income,dd,0.017476493188485626,0.04828087299371605,0.3619755009558394,0.7209872915934732,-0.07715401787919783,0.11210700425616908
cs_base,CHE,Switzerland,High income,"L(dd, 1)",0.08677525392761731,0.03627196836447715,2.392350287022207,0.026170960350783843,0.01568219593324209,0.15786831192199252
cs_base,CHE,Switzerland,High income,dy_bar,-0.6411181550942403,1.2098884585446892,-0.5298985626041985,0.6017404994581423,-3.012499533841831,1.7302632236533504
cs_base,CHE,Switzerland,High income,"L(dy_bar, 1)",-2.511647176917965,1.348124775188987,-1.86306729402393,0.07650018185246239,-5.15397173628838,0.13067738245244964
cs_base,CHE,Switzerland,High income,dd_bar,-0.10018181944594799,0.04744816970742544,-2.1113948138292455,0.046896175145726804,-0.19318023207250185,-0.007183406819394125
cs_base,CHE,Switzerland,High income,"L(dd_bar, 1)",0.05458117956415463,0.03624836038958469,1.5057558184021351,0.1470243355699833,-0.016465606799431362,0.12562796592774061
cs_base,CHL,Chile,Upper middle income,(Intercept),-0.0010110913364925523,0.001885343625143673,-0.5362902141595021,0.5971395517196276,-0.0047063648417741515,0.0026841821687890463
cs_base,CHL,Chile,Upper middle income,"L(dy, 1)",0.5300368281736227,0.20619928562009013,2.570507587258008,0.017446728661392158,0.1258862283582461,0.9341874279889995
cs_base,CHL,Chile,Upper middle income,dd,0.01589722754038309,0.01696077364347521,0.9372937741256122,0.35878390930880943,-0.01734588880082832,0.049140343881594495
cs_base,CHL,Chile,Upper middle income,"L(dd, 1)",-0.02270914419203005,0.017308767735542283,-1.3120023642930103,0.2030452182803777,-0.05663432895369293,0.011216040569632827
cs_base,CHL,Chile,Upper middle income,dy_bar,-0.38774879085340863,1.2752634507071041,-0.304053872663261,0.7639440891457112,-2.8872651542393326,2.111767572532515
cs_base,CHL,Chile,Upper middle income,dd_bar,-0.06538215439340218,0.04392335145429725,-1.488551128923599,0.15080115338443856,-0.1514719232438248,0.020707614457020435
cs_base,CHL,Chile,Upper middle income,"L(dd_bar, 1)",0.08210382760708587,0.04830448041915575,1.6997145377538636,0.1032818775960909,-0.01257295401445939,0.17678060922863115
cs_base,CHN,China,Lower middle income,(Intercept),0.0017031248608098324,0.001743342478466058,0.9769307418634046,0.3387677126691957,-0.001713826396983641,0.0051200761186033054
cs_base,CHN,China,Lower middle income,"L(dy, 1)",0.18079559194864608,0.20463120410512964,0.8835191716692535,0.3860980625074384,-0.220281568097408,0.5818727519947002
cs_base,CHN,China,Lower middle income,dd,0.03527409049767209,0.020359103250405203,1.732595491256229,0.09655812960058294,-0.004629751873122104,0.07517793286846629
cs_base,CHN,China,Lower middle income,"L(dd, 1)",0.024344386808935754,0.018594543952667894,1.3092220422777774,0.2033885899531292,-0.012100919338293319,0.06078969295616483
cs_base,CHN,China,Lower middle income,dy_bar,1.2138801569160815,0.6080879143729021,1.9962247698474815,0.05788105558246011,0.02202784474519337,2.4057324690869697
cs_base,CHN,China,Lower middle income,dd_bar,-0.015515009262918088,0.023618062787603998,-0.6569128637875068,0.5177568008544795,-0.06180641232662192,0.03077639380078575
cs_base,CIV,Cote d'Ivoire,Lower middle income,(Intercept),-3.7911729954644124e-5,0.001383395833154411,-0.027404831680169238,0.9783634514592351,-0.00274936756293729,0.0026735441030280014
cs_base,CIV,Cote d'Ivoire,Lower middle income,"L(dy, 1)",0.5207798362294961,0.17793900924862807,2.926732246226168,0.007380812039187524,0.1720193781021851,0.8695402943568071
cs_base,CIV,Cote d'Ivoire,Lower middle income,dd,0.0037941008427990973,0.007763629847847642,0.48870192386245187,0.6294887047995453,-0.01142261365898228,0.019010815344580476
cs_base,CIV,Cote d'Ivoire,Lower middle income,dy_bar,0.6060723189109232,0.7141884178978548,0.8486168407698895,0.404479549163724,-0.7937369801688723,2.0058816179907186
cs_base,CIV,Cote d'Ivoire,Lower middle income,dd_bar,0.015028068463924904,0.02307649468964406,0.6512283891482438,0.5210863870229808,-0.030201861127777452,0.06025799805562726
cs_base,CMR,Cameroon,Lower middle income,(Intercept),-5.007003100859536e-4,4.63599044966426e-4,-1.0800287781486144,0.2913251416827557,-0.0014093544382201486,4.079538180482413e-4
cs_base,CMR,Cameroon,Lower middle income,"L(dy, 1)",0.8361439349100168,0.13422433887426147,6.229450946994783,2.3477236235200963e-6,0.5730642307164644,1.0992236391035692
cs_base,CMR,Cameroon,Lower middle income,dd,-4.3523802658184605e-4,0.002267827498227032,-0.19191848891598298,0.8494903801151552,-0.004880179923106829,0.0040097038699431365
cs_base,CMR,Cameroon,Lower middle income,dy_bar,-0.2172188624990895,0.2432164889886687,-0.8931091119780518,0.3810487287986355,-0.6939231809168802,0.25948545591870115
cs_base,CMR,Cameroon,Lower middle income,"L(dy_bar, 1)",0.3178063809531202,0.2341165927441379,1.3574705544277481,0.1878031630254127,-0.1410621408253901,0.7766749027316304
cs_base,CMR,Cameroon,Lower middle income,dd_bar,-0.004354949193172227,0.008962255188769242,-0.48592113273336485,0.6316204355359754,-0.021920969363159938,0.013211070976815486
cs_base,COD,DR Congo,Low income,(Intercept),2.7638481255828993e-4,2.865692922072429e-4,0.9644606734709464,0.34443325005482284,-2.852910001679062e-4,8.38060625284486e-4
cs_base,COD,DR Congo,Low income,"L(dy, 1)",0.9318732855301038,0.10506975723722627,8.869091449655892,4.851197869161136e-9,0.7259365613451404,1.1378100097150674
cs_base,COD,DR Congo,Low income,dd,-3.3298288971601183e-5,8.105921618369945e-4,-0.041078967376318255,0.9675727761806641,-0.0016220589261721104,0.001555462348228908
cs_base,COD,DR Congo,Low income,dy_bar,0.06544005919324702,0.13494321665328293,0.4849451555715156,0.6321122409615262,-0.19904864544718753,0.3299287638336816
cs_base,COD,DR Congo,Low income,dd_bar,0.0040387488572133454,0.0047354937950474345,0.8528675217433983,0.4021643708542947,-0.005242818981079625,0.013320316695506316
cs_base,COG,Congo,Lower middle income,(Intercept),1.540844755277971e-4,1.1783700107355851e-4,1.3076068987160618,0.20339487502695938,-7.687604657637758e-5,3.850449976319718e-4
cs_base,COG,Congo,Lower middle income,"L(dy, 1)",0.7445684833284718,0.12817318115528176,5.809081717542981,5.4585265659308494e-6,0.49334904826411957,0.995787918392824
cs_base,COG,Congo,Lower middle income,dd,2.069451252141163e-4,4.923758387119472e-4,0.42029910678696936,0.678006251079246,-7.581115186613002e-4,0.0011720017690895327
cs_base,COG,Congo,Lower middle income,dy_bar,-0.08844620691611846,0.05628506048177172,-1.5713975637418447,0.12918201463883092,-0.19876492546039104,0.02187251162815411
cs_base,COG,Congo,Lower middle income,dd_bar,-0.005007699320336924,0.0019482185970982804,-2.5703990957665126,0.016788743143016597,-0.008826207770649554,-0.001189190870024294
cs_base,COL,Colombia,Lower middle income,(Intercept),-0.0018916980905627884,0.002316521646394155,-0.8166114456592118,0.42218264758959834,-0.006432080517495333,0.0026486843363697555
cs_base,COL,Colombia,Lower middle income,"L(dy, 1)",-0.30982883972752717,0.1905289563464511,-1.6261509309070346,0.1169780473221659,-0.6832655941665713,0.06360791471151694
cs_base,COL,Colombia,Lower middle income,dd,1.1628851514282942e-4,0.010879270565936716,0.0106889992704963,0.9915599328911068,-0.02120708179409313,0.02143965882437879
cs_base,COL,Colombia,Lower middle income,dy_bar,1.0540408359652227,1.138410963916373,0.9258878114974408,0.36372165193139905,-1.1772446533108687,3.2853263252413143
cs_base,COL,Colombia,Lower middle income,dd_bar,2.7833676379941967e-4,0.03928998002357626,0.007084166589863408,0.9944062577821735,-0.07673002408241006,0.07728669761000889
cs_base,COM,Comoros,Low income,(Intercept),-9.999190110279311e-4,9.609404241423486e-4,-1.0405629588539491,0.3088939010110983,-0.0028833622423469346,8.835242202910722e-4
cs_base,COM,Comoros,Low income,"L(dy, 1)",0.7248022899070424,0.1196358418305061,6.058404227504872,3.5276772109810287e-6,0.49031603991925043,0.9592885398948344
cs_base,COM,Comoros,Low income,dd,0.007033050349832996,0.0044847315914412975,1.568221019794124,0.13048598250990828,-0.0017570235693919476,0.01582312426905794
cs_base,COM,Comoros,Low income,"L(dd, 1)",0.005492356732410654,0.004261365232189431,1.288872563872859,0.21025585056409754,-0.002859919122680631,0.013844632587501939
cs_base,COM,Comoros,Low income,dy_bar,0.5218905248260572,0.4751957598187478,1.098264271181881,0.283453708579836,-0.40949316441868844,1.4532742140708028
cs_base,COM,Comoros,Low income,dd_bar,0.03236847859896454,0.012507167322620066,2.5879943686708287,0.01644561669016723,0.007854430646629208,0.05688252655129987
cs_base,CPV,Cabo Verde,Lower middle income,(Intercept),-9.326038974709845e-4,6.923221977736325e-4,-1.3470662943786131,0.19054128991705607,-0.0022895554051073044,4.243476101653353e-4
cs_base,CPV,Cabo Verde,Lower middle income,"L(dy, 1)",0.7551063532146376,0.13237336697079985,5.7043676571376025,7.078819104073019e-6,0.4956545539518699,1.0145581524774052
cs_base,CPV,Cabo Verde,Lower middle income,dd,-0.003279267707064691,0.004344335482882812,-0.7548375856296982,0.45769021806554877,-0.011794165253515003,0.005235629839385622
cs_base,CPV,Cabo Verde,Lower middle income,dy_bar,0.25411576692089916,0.2847686078200138,0.8923587781189402,0.3810609733830914,-0.3040307044063279,0.8122622382481262
cs_base,CPV,Cabo Verde,Lower middle income,dd_bar,0.011330055102999562,0.008732544150482325,1.297451797294809,0.2068091738299647,-0.005785731431945794,0.02844584163794492
cs_base,CRI,Costa Rica,Upper middle income,(Intercept),0.0011996862872174722,0.0015521078942565254,0.7729400073647157,0.4471040128046867,-0.0018424451855253176,0.0042418177599602615
cs_base,CRI,Costa Rica,Upper middle income,"L(dy, 1)",-0.4236979241502566,0.2542998208326377,-1.6661353624354491,0.10868688070180921,-0.9221255729822264,0.0747297246817133
cs_base,CRI,Costa Rica,Upper middle income,dd,-0.0035999689628688995,0.014671375039407355,-0.2453736581063038,0.8082532030893805,-0.03235586404010731,0.025155926114369516
cs_base,CRI,Costa Rica,Upper middle income,dy_bar,-0.57420468876897,0.7796155224490114,-0.7365229042197838,0.4685513732349035,-2.102251112769032,0.9538417352310924
cs_base,CRI,Costa Rica,Upper middle income,dd_bar,0.025553565818160894,0.03176836770657357,0.80437138143781,0.42907886267518824,-0.0367124348867233,0.0878195665230451
cs_base,CYP,Cyprus,High income,(Intercept),-0.0028823735944337307,0.004684685514679927,-0.6152757928790581,0.5444130602763764,-0.012064357203206387,0.0062996100143389265
cs_base,CYP,Cyprus,High income,"L(dy, 1)",-0.3946178761461433,0.1945385597891989,-2.02848153380877,0.05424441287749514,-0.7759134533329731,-0.013322298959313472
cs_base,CYP,Cyprus,High income,dd,0.08018286017751215,0.052263597606238776,1.5342009323893275,0.1386223659636582,-0.02225379113071585,0.18261951148574015
cs_base,CYP,Cyprus,High income,dy_bar,-1.1167900463136031,2.3707502198921566,-0.47107031223407625,0.6420279155982258,-5.76346047730223,3.529880384675024
cs_base,CYP,Cyprus,High income,dd_bar,0.08580361117593094,0.10387372318608211,0.8260376979288603,0.41726944365809127,-0.11778888626879,0.2893961086206519
cs_base,CYP,Cyprus,High income,"L(dd_bar, 1)",-0.14217486453834227,0.0954373064577088,-1.4897200037947878,0.1498841728259819,-0.3292319851954515,0.04488225611876698
cs_base,CZE,Czech Republic,High income,(Intercept),0.0035275157432628533,0.0020128556971337882,1.7524931112974813,0.09301174215843361,-4.176814231193716e-4,0.007472712909645078
cs_base,CZE,Czech Republic,High income,"L(dy, 1)",-0.18897909321716608,0.19950160368558936,-0.9472560106082828,0.3533552730347955,-0.5800022364409212,0.20204405000658907
cs_base,CZE,Czech Republic,High income,dd,-0.016801627106168414,0.01877651594050847,-0.8948213374303681,0.3801517682219555,-0.05360359834956502,0.02000034413722819
cs_base,CZE,Czech Republic,High income,dy_bar,1.97895260631936,1.0720780562314596,1.8459034720622134,0.07781761078923807,-0.12232038389430056,4.080225596533021
cs_base,CZE,Czech Republic,High income,"L(dy_bar, 1)",2.668629187330151,1.2046176800123538,2.2153329073692354,0.0369152222287153,0.30757853450593764,5.0296798401543645
cs_base,CZE,Czech Republic,High income,dd_bar,0.0351485157664158,0.034594142760224975,1.0160250540108258,0.3201869762529343,-0.03265600404362515,0.10295303557645674
cs_base,DEU,Germany,High income,(Intercept),0.002214090018618342,0.001357324331719663,1.6312166273577362,0.1164634459564082,-4.462656715521979e-4,0.004874445708788882
cs_base,DEU,Germany,High income,"L(dy, 1)",0.019195600333465054,0.21498753313909702,0.08928703936076839,0.9296267451887658,-0.4021799646191651,0.44057116528609525
cs_base,DEU,Germany,High income,dd,-0.01326305626597933,0.024114074120417977,-0.5500130836352193,0.5876124798150308,-0.06052664154199856,0.0340005290100399
cs_base,DEU,Germany,High income,dy_bar,-0.18270771670098537,0.7353465916049527,-0.24846476312919485,0.8059799308275226,-1.6239870362466928,1.258571602844722
cs_base,DEU,Germany,High income,dd_bar,-0.013788407310076972,0.027367052198203883,-0.5038323897734924,0.6191711668814792,-0.06742782961855658,0.039851014998402635
cs_base,DEU,Germany,High income,"L(dd_bar, 1)",-0.057340228137944746,0.026701830084259196,-2.1474268975948196,0.04253056067764435,-0.10967581510309277,-0.0050046411727967255
cs_base,DJI,Djibouti,Lower middle income,(Intercept),2.7124611956504645e-4,3.011450695368205e-4,0.900715791170812,0.37668942064044486,-3.189982167271217e-4,8.614904558572145e-4
cs_base,DJI,Djibouti,Lower middle income,"L(dy, 1)",0.6077972770250436,0.13850848998989762,4.388159000718111,1.9685029923823853e-4,0.3363206366448443,0.8792739174052429
cs_base,DJI,Djibouti,Lower middle income,dd,-0.0037908692334632224,0.0022637145964880968,-1.6746233113239353,0.1069918789095349,-0.00822774984257989,6.460113756534469e-4
cs_base,DJI,Djibouti,Lower middle income,dy_bar,-0.07619108068872703,0.14636137174524017,-0.5205682331356316,0.6074372592130202,-0.36305936930939775,0.21067720793194367
cs_base,DJI,Djibouti,Lower middle income,dd_bar,-0.013121630602972424,0.005788102608360929,-2.2670003437772848,0.032681485075995526,-0.024466311715359845,-0.001776949490585003
cs_base,DMA,Dominica,Upper middle income,(Intercept),-8.153423090094548e-4,1.946935454107549e-4,-4.187824035405414,6.959947264056766e-4,-0.0011969416580145343,-4.337429600043752e-4
cs_base,DMA,Dominica,Upper middle income,"L(dy, 1)",0.7967449676274693,0.1329868695706837,5.99115514335791,1.8834463374243506e-5,0.5360907032689293,1.0573992319860093
cs_base,DMA,Dominica,Upper middle income,"L(dy, 2)",-0.10998672709311975,0.13264059425941976,-0.8292086424010333,0.4191857973972303,-0.36996229184158247,0.149988837655343
cs_base,DMA,Dominica,Upper middle income,dd,0.001175771987026513,0.0012917102298904142,0.9102443874941386,0.37620282253401316,-0.0013559800635586988,0.0037075240376117247
cs_base,DMA,Dominica,Upper middle income,"L(dd, 1)",3.549852535502052e-4,0.0012683615222101046,0.2798770282242934,0.7831578395142349,-0.0021310033299816,0.00284097383708201
cs_base,DMA,Dominica,Upper middle income,"L(dd, 2)",0.001032810218717969,0.0011869914945101907,0.8701075142447888,0.397108174600283,-0.0012936931105220046,0.0033593135479579425
cs_base,DMA,Dominica,Upper middle income,dy_bar,0.1272491641336408,0.07313774676849086,1.739856226859619,0.10108046421508123,-0.016100819532601285,0.27059914779988287
cs_base,DMA,Dominica,Upper middle income,"L(dy_bar, 1)",-0.023153246617107652,0.06634250320893516,-0.3489956739224956,0.7316430231030984,-0.15318455290662056,0.10687805967240524
cs_base,DMA,Dominica,Upper middle income,"L(dy_bar, 2)",0.19295004300423577,0.07076598202278812,2.726593166503389,0.014935123925008734,0.05424871823957106,0.3316513677689005
cs_base,DMA,Dominica,Upper middle income,dd_bar,-0.004677715057356596,0.0024075169743475243,-1.9429624410537465,0.06983002902148691,-0.009396448327077743,4.1018212364551596e-5
cs_base,DMA,Dominica,Upper middle income,"L(dd_bar, 1)",0.007402969792369548,0.002594405323583501,2.8534360938422134,0.011498912041126996,0.0023179353581458863,0.01248800422659321
cs_base,DMA,Dominica,Upper middle income,"L(dd_bar, 2)",-0.013030108351125155,0.0025047578635411178,-5.202142906022762,8.725681026641583e-5,-0.017939433763665746,-0.008120782938584564
cs_base,DNK,Denmark,High income,(Intercept),0.0021716727135035825,0.0015272705084633232,1.4219306281823187,0.16846626509214596,-8.217774830845308e-4,0.005165122910091696
cs_base,DNK,Denmark,High income,"L(dy, 1)",0.01598553187918877,0.18012272872099158,0.08874799972606572,0.9300504334609079,-0.33705501641395474,0.3690260801723323
cs_base,DNK,Denmark,High income,dd,0.009209242805188348,0.020788513331163317,0.4429967000758588,0.6619067937639262,-0.03153624332389175,0.049954728934268444
cs_base,DNK,Denmark,High income,dy_bar,0.023698886432959473,0.7335290302962394,0.03230804161000766,0.974505132738813,-1.4140180129476696,1.4614157858135886
cs_base,DNK,Denmark,High income,dd_bar,-0.09006268228693541,0.03541968304071137,-2.542729763657608,0.018190188543651085,-0.1594852610467297,-0.02064010352714113
cs_base,DNK,Denmark,High income,"L(dd_bar, 1)",0.09842215255261814,0.030885337809751705,3.1866950317617193,0.004107121907096822,0.037886890445504806,0.15895741465973148
cs_base,DZA,Algeria,Lower middle income,(Intercept),7.467627279582883e-4,0.001707687268753532,0.4372947796837311,0.6659761797038022,-0.0026003043187986345,0.0040938297747152115
cs_base,DZA,Algeria,Lower middle income,"L(dy, 1)",0.4396730764865196,0.1822963616490907,2.411858758502615,0.024252025177678622,0.08237220765430187,0.7969739453187373
cs_base,DZA,Algeria,Lower middle income,dd,-0.0016710945173318522,0.0073566625507008356,-0.22715389020700083,0.8223110367038228,-0.01609015311670549,0.012747964082041785
cs_base,DZA,Algeria,Lower middle income,dy_bar,1.0042435785601684,0.944014304834113,1.0638012299364883,0.2984605497465835,-0.846024458914693,2.8545116160350297
cs_base,DZA,Algeria,Lower middle income,"L(dy_bar, 1)",-1.324463960628513,0.9720355712708302,-1.3625673789868833,0.1862131105879192,-3.2296536803193403,0.5807257590623143
cs_base,DZA,Algeria,Lower middle income,dd_bar,0.008083434456845158,0.034159539123362115,0.2366376907970869,0.8150327182070053,-0.05886926222494458,0.0750361311386349
cs_base,ECU,Ecuador,Lower middle income,(Intercept),-0.0033964348647495097,0.002801094437847034,-1.2125385059705678,0.2381670498507992,-0.008886579962929696,0.0020937102334306766
cs_base,ECU,Ecuador,Lower middle income,"L(dy, 1)",-0.33165306498377345,0.15483052440212255,-2.1420392798154655,0.043513554752995114,-0.6351208928119336,-0.028185237155613274
cs_base,ECU,Ecuador,Lower middle income,dd,0.040597963872184006,0.019940401199322434,2.035965247959179,0.05397078564502082,0.0015147775215120368,0.07968115022285598
cs_base,ECU,Ecuador,Lower middle income,dy_bar,6.377655031966467,1.6059482530065683,3.9712705686665624,6.468829262666231e-4,3.229996456073593,9.52531360785934
cs_base,ECU,Ecuador,Lower middle income,"L(dy_bar, 1)",-3.7985468615326865,1.833690358683751,-2.0715312394723706,0.05023750536352988,-7.392579964552839,-0.2045137585125345
cs_base,ECU,Ecuador,Lower middle income,dd_bar,-0.04194469296187635,0.057902900006005495,-0.7243971020022484,0.47645585175480587,-0.15543437697364712,0.07154499104989442
cs_base,ECU,Ecuador,Lower middle income,"L(dd_bar, 1)",-0.08092724219382612,0.06236809644818468,-1.297574349748839,0.20787524882961284,-0.2031687112322681,0.04131422684461586
cs_base,EGY,Egypt,Lower middle income,(Intercept),4.111871952267204e-4,9.07709372900157e-4,0.45299432560993147,0.654797321815769,-0.0013679231756575873,0.002190297566111028
cs_base,EGY,Egypt,Lower middle income,"L(dy, 1)",0.5603444472704399,0.16546555837929014,3.3864717996840437,0.002540418984498559,0.2360319528470312,0.8846569416938486
cs_base,EGY,Egypt,Lower middle income,dd,-0.005875598524246895,0.009821193558659062,-0.5982570742704231,0.5555146002431806,-0.025125137899218657,0.013373940850724866
cs_base,EGY,Egypt,Lower middle income,dy_bar,-0.07890296866413125,0.5345409193835191,-0.14760884677477878,0.8839378439180279,-1.1266031706558286,0.9687972333275662
cs_base,EGY,Egypt,Lower middle income,"L(dy_bar, 1)",0.8284814420938191,0.5346827897497153,1.5494821564794161,0.13491744485847515,-0.2194968258156229,1.8764597100032612
cs_base,EGY,Egypt,Lower middle income,dd_bar,-0.002306435084172403,0.017532050048680616,-0.13155535592062578,0.8964800199695453,-0.03666925317958641,0.032056383011241606
cs_base,ESP,Spain,High income,(Intercept),-9.748735822718814e-4,0.0010653177921288255,-0.9151011927847282,0.3696334423969905,-0.0030628964548443795,0.0011131492903006164
cs_base,ESP,Spain,High income,"L(dy, 1)",-0.002914732423199204,0.18185550122551672,-0.016027738526230677,0.9873504871726437,-0.359351514825212,0.35352204997881354
cs_base,ESP,Spain,High income,dd,0.004615033092190975,0.011637648664085542,0.39656061335080806,0.6953469460186423,-0.018194758289416687,0.027424824473798636
cs_base,ESP,Spain,High income,dy_bar,-1.0802084000697276,0.5156076664793288,-2.0950200516714665,0.047378639701906804,-2.090799426369212,-0.06961737377024324
cs_base,ESP,Spain,High income,dd_bar,0.010579655499789738,0.024346255154435087,0.4345496025027271,0.6679391328936984,-0.03713900460290303,0.058298315602482505
cs_base,ESP,Spain,High income,"L(dd_bar, 1)",-0.032287207621540415,0.021502476631472672,-1.5015576193805686,0.14681668420657923,-0.07443206181922685,0.009857646576146024
cs_base,EST,Estonia,High income,(Intercept),0.0028834866852877395,0.00409747452546655,0.7037229072118314,0.48837725506881413,-0.005147563384626698,0.010914536755202176
cs_base,EST,Estonia,High income,"L(dy, 1)",-0.014394436571605116,0.21349811342240926,-0.06742184434728705,0.9468044278290477,-0.43285073887952724,0.404061865736317
cs_base,EST,Estonia,High income,dd,0.011357944970017304,0.032474461648387215,0.3497500618484118,0.7295768195791523,-0.052291999860821635,0.07500788980085624
cs_base,EST,Estonia,High income,dy_bar,4.48422660599929,2.477845503836948,1.8097280879923539,0.08287987773377227,-0.3723505815211281,9.340803793519708
cs_base,EST,Estonia,High income,dd_bar,0.039344541299565564,0.07462095398710275,0.5272586210351284,0.6028544335706971,-0.10691252851515583,0.18560161111428697
cs_base,ETH,Ethiopia,Low income,(Intercept),-0.0017853650585667195,0.002151422608592132,-0.8298532568341109,0.41480031659770633,-0.006002153371407299,0.002431423254273859
cs_base,ETH,Ethiopia,Low income,"L(dy, 1)",0.6916234321215763,0.14536664447047934,4.757786317768581,7.68775867429139e-5,0.4067048089594368,0.9765420552837158
cs_base,ETH,Ethiopia,Low income,dd,0.004759844916027846,0.0103377943660467,0.4604313790242346,0.649351292200902,-0.015502232041423685,0.025021921873479378
cs_base,ETH,Ethiopia,Low income,dy_bar,-0.4782974769529151,1.0399944490270399,-0.4599038748720084,0.6497245042474615,-2.516686597045913,1.560091643140083
cs_base,ETH,Ethiopia,Low income,dd_bar,-0.012565932172223463,0.03572310060706253,-0.35175928065267525,0.7280885308029161,-0.08258320936206602,0.0574513450176191
cs_base,FIN,Finland,High income,(Intercept),0.004172147205449831,0.002118440201032361,1.969442990846121,0.06162259711854524,2.0004411426403912e-5,0.008324289999473258
cs_base,FIN,Finland,High income,"L(dy, 1)",-0.23208415135191413,0.21354937736631543,-1.0867938563632746,0.28889239968116853,-0.6506409309898924,0.18647262828606415
cs_base,FIN,Finland,High income,dd,-0.061188163176485955,0.018621980705600834,-3.2858031669038685,0.003373748499401619,-0.09768724535946359,-0.02468908099350832
cs_base,FIN,Finland,High income,"L(dd, 1)",0.03871430980828674,0.014352693187277853,2.6973550749766524,0.013156446272490603,0.010583031161222146,0.06684558845535132
cs_base,FIN,Finland,High income,dy_bar,0.7686839908875838,1.1404820849950126,0.673999180698174,0.5073324188351696,-1.466660895702641,3.0040288774778086
cs_base,FIN,Finland,High income,"L(dy_bar, 1)",1.91729661447769,1.032246527808602,1.8574018539427755,0.07669161290894404,-0.1059065800271699,3.94049980898255
cs_base,FIN,Finland,High income,dd_bar,0.04336040572530168,0.03869490382667282,1.1205714819586365,0.2745542601917834,-0.03248160577497706,0.11920241722558042
cs_base,FJI,Fiji,Lower middle income,(Intercept),4.950690349108749e-4,6.382994096540815e-4,0.7756062866784906,0.4455573867232976,-7.55997808011125e-4,0.0017461358778328748
cs_base,FJI,Fiji,Lower middle income,"L(dy, 1)",0.8752898018307742,0.13126749511347485,6.667985864087111,6.753941253947581e-7,0.6180055114083636,1.1325740922531848
cs_base,FJI,Fiji,Lower middle income,dd,0.0037611677982945075,0.0030285658219781834,1.2418973267808349,0.22627423964018406,-0.0021748212127827315,0.009697156809371747
cs_base,FJI,Fiji,Lower middle income,dy_bar,0.21473233493510863,0.1594114234333494,1.3470322911010775,0.19055208618136918,-0.09771405499425623,0.5271787248644735
cs_base,FJI,Fiji,Lower middle income,dd_bar,0.0013208603335439955,0.0062226127861371916,0.21226780115366062,0.8336905884584622,-0.010875460727284899,0.013517181394372892
cs_base,FRA,France,High income,(Intercept),0.0016956580932142918,0.0013544734662491315,1.2518946553526693,0.22319049646193223,-9.591099006340058e-4,0.004350426087062589
cs_base,FRA,France,High income,"L(dy, 1)",0.19099006836989407,0.19497445903784116,0.9795645507231602,0.3374931625682833,-0.1911598713442746,0.5731400080840627
cs_base,FRA,France,High income,dd,-0.07343706904355084,0.02336046784409844,-3.14364718778966,0.004550747389532753,-0.11922358601798377,-0.027650552069117894
cs_base,FRA,France,High income,"L(dd, 1)",0.04421882493476305,0.025811875018461036,1.7131194422387792,0.10014040185189915,-0.006372450101420582,0.09481009997094668
cs_base,FRA,France,High income,dy_bar,0.7258309700833754,0.5128603870974966,1.4152603483204724,0.17039038777285753,-0.27937538862771794,1.7310373287944687
cs_base,FRA,France,High income,dd_bar,-0.008287010896042467,0.017600448963719647,-0.4708408809982484,0.6421892983626392,-0.04278389086493298,0.026209869072848044
cs_base,GAB,Gabon,Upper middle income,(Intercept),-5.999775059643753e-4,3.9461863980833035e-4,-1.520398292021354,0.14147719946437223,-0.0013734300399887028,1.7347502805995212e-4
cs_base,GAB,Gabon,Upper middle income,"L(dy, 1)",0.7915758058965896,0.11212201662502647,7.059949773681684,2.67774129881346e-7,0.5718166533115377,1.0113349584816416
cs_base,GAB,Gabon,Upper middle income,dd,-0.002237391289805775,0.0015535807461216189,-1.4401512733671749,0.1627429933826603,-0.005282409552204148,8.076269725925981e-4
cs_base,GAB,Gabon,Upper middle income,dy_bar,0.3612260865110394,0.17340001184009057,2.0831952816944552,0.04805774233555588,0.021362063304461887,0.7010901097176169
cs_base,GAB,Gabon,Upper middle income,dd_bar,0.014052450790509433,0.005865458688491211,2.395797419574732,0.024736356423174677,0.0025561517610666606,0.025548749819952206
cs_base,GBR,United Kingdom,High income,(Intercept),0.0029170238688003575,0.0022932151254556094,1.2720236476814673,0.21607605052633114,-0.0015776777770926363,0.007411725514693351
cs_base,GBR,United Kingdom,High income,"L(dy, 1)",-0.36997266255919514,0.1865721528833508,-1.9830004469665448,0.05943335825328327,-0.7356540822105627,-0.004291242907827564
cs_base,GBR,United Kingdom,High income,dd,-0.025098436829346604,0.025728764493273777,-0.9755010519804805,0.33946094435607255,-0.07552681523616321,0.02532994157747
cs_base,GBR,United Kingdom,High income,dy_bar,2.069595255857378,1.0779725481985547,1.9198960672198617,0.0673581160209295,-0.04323093861178906,4.1824214503265456
cs_base,GBR,United Kingdom,High income,dd_bar,0.03322510882295945,0.04527379009664656,0.7338707175174283,0.4704430190151476,-0.05551151976646781,0.1219617374123867
cs_base,GBR,United Kingdom,High income,"L(dd_bar, 1)",-0.07185035908745092,0.043303533769980716,-1.6592262301064147,0.11064619022239558,-0.1567252852766131,0.013024567101711279
cs_base,GEO,Georgia,Lower middle income,(Intercept),0.009294180996081713,0.0035335730492838074,2.6302501367462825,0.014664214717162229,0.0023683778194854505,0.016219984172677976
cs_base,GEO,Georgia,Lower middle income,"L(dy, 1)",-0.12038949756787942,0.15311374863111554,-0.7862749011385255,0.43940137813818736,-0.42049244488486587,0.17971344974910702
cs_base,GEO,Georgia,Lower middle income,dd,0.03739305539653836,0.019565834326004315,1.9111403466623686,0.06800140530930976,-9.559798824300969e-4,0.07574209067550682
cs_base,GEO,Georgia,Lower middle income,dy_bar,7.1972232467664625,1.6682680372217908,4.314188779131788,2.3757793564443752e-4,3.9274178938117523,10.467028599721173
cs_base,GEO,Georgia,Lower middle income,dd_bar,-0.0423681978267444,0.06574064605329799,-0.644474923358605,0.52538004622229,-0.17121986409120846,0.08648346843771967
cs_base,GHA,Ghana,Low income,(Intercept),-1.2958592233214644e-4,5.447398284318313e-4,-0.2378858962914308,0.8139887938219088,-0.0011972759860585356,9.381041413942428e-4
cs_base,GHA,Ghana,Low income,"L(dy, 1)",0.7593262729624102,0.15513102146029079,4.894741656534355,5.4288402144219156e-5,0.4552694709002402,1.06338307502458
cs_base,GHA,Ghana,Low income,dd,0.0029689895242142007,0.0030069266373361674,0.9873834257707148,0.33330528365552614,-0.0029245866849646873,0.008862565733393089
cs_base,GHA,Ghana,Low income,dy_bar,-0.055383804090992694,0.26691910528507246,-0.2074928433161133,0.8373755409916346,-0.5785452504497346,0.46777764226774926
cs_base,GHA,Ghana,Low income,dd_bar,0.007255794769564513,0.009828885936337019,0.7382113106776542,0.4675437868720618,-0.012008821665656044,0.026520411204785068
cs_base,GIN,Guinea,Low income,(Intercept),-0.0025704348985335656,0.0012622308277238621,-2.0364222153952167,0.053380931631376076,-0.0050444073208723355,-9.646247619479568e-5
cs_base,GIN,Guinea,Low income,"L(dy, 1)",0.316865068982104,0.1654987649118549,1.9146068500926108,0.06806269185030774,-0.0075125102451316095,0.6412426482093396
cs_base,GIN,Guinea,Low income,dd,-0.0047322014653508925,0.006258818919094114,-0.7560853775325105,0.457272723064282,-0.016999486546775355,0.007535083616073571
cs_base,GIN,Guinea,Low income,dy_bar,1.198851765108327,0.7114641407515675,1.685048755713674,0.10550176516561395,-0.1956179507647453,2.593321480981399
cs_base,GIN,Guinea,Low income,"L(dy_bar, 1)",2.1687828849261956,0.7531603284815466,2.8795766358256,0.008463589462109693,0.6925886411023643,3.644977128750027
cs_base,GIN,Guinea,Low income,dd_bar,0.057718965134100755,0.02216733548589208,2.6037845265992723,0.015874788159554714,0.014270987581752277,0.10116694268644924
cs_base,GMB,Gambia,Low income,(Intercept),-7.377383929925643e-4,8.996823373121124e-4,-0.8199987511110074,0.42101262796585337,-0.0025011157741243045,0.0010256389881391761
cs_base,GMB,Gambia,Low income,"L(dy, 1)",0.6996294352548595,0.14981112579990793,4.670076614932491,1.1745764208331745e-4,0.40599962868704,0.9932592418226791
cs_base,GMB,Gambia,Low income,dd,-0.007928665758814674,0.006303019136558206,-1.257915546032145,0.22161054646066713,-0.020282583266468757,0.004425251748839409
cs_base,GMB,Gambia,Low income,"L(dd, 1)",-0.00792349682864054,0.005107814182153556,-1.5512500153832607,0.13510935576519884,-0.01793481262566151,0.0020878189683804296
cs_base,GMB,Gambia,Low income,dy_bar,0.1050461382370472,0.4549041046596891,0.2309193018067655,0.8195114911619781,-0.7865659068959434,0.9966581833700379
cs_base,GMB,Gambia,Low income,dd_bar,-0.009165212885747882,0.017783735018979844,-0.5153705268306252,0.6114343327536405,-0.044021333522948375,0.025690907751452607
cs_base,GMB,Gambia,Low income,"L(dd_bar, 1)",0.039936793347182545,0.023126286763271508,1.7269003777385046,0.09820213451077335,-0.0053907287088296105,0.08526431540319471
cs_base,GNB,Guinea-Bissau,Low income,(Intercept),-9.973867686248203e-4,0.0019942735954086165,-0.5001253443464766,0.622187314272163,-0.004906163015625709,0.0029113894783760683
cs_base,GNB,Guinea-Bissau,Low income,"L(dy, 1)",0.6171915054459052,0.17014637625761747,3.627414929551128,0.0015777011629542123,0.28370460798097497,0.9506784029108354
cs_base,GNB,Guinea-Bissau,Low income,dd,-0.00848234932089586,0.011140439052726532,-0.7614017078456055,0.45488327983232457,-0.030317609864239863,0.01335291122244814
cs_base,GNB,Guinea-Bissau,Low income,"L(dd, 1)",0.0313038109200387,0.008739947831969042,3.581693108686004,0.0017581067519966609,0.014173513169379377,0.04843410867069802
cs_base,GNB,Guinea-Bissau,Low income,dy_bar,-0.7492235541705289,1.0542978621087034,-0.7106374593912249,0.48512719040636654,-2.8156473639035875,1.31720025556253
cs_base,GNB,Guinea-Bissau,Low income,"L(dy_bar, 1)",-1.5121917738316233,1.1013140275501616,-1.3730795540627465,0.18421260144570153,-3.67076726782994,0.6463837201666935
cs_base,GNB,Guinea-Bissau,Low income,dd_bar,-0.04239266541450625,0.03994013388878573,-1.0614051903919415,0.3005607313810038,-0.12067532783652626,0.03588999700751377
cs_base,GNB,Guinea-Bissau,Low income,"L(dd_bar, 1)",-0.05757367429779574,0.04512579311595916,-1.2758484742827547,0.21594123635567553,-0.1460202288050757,0.030872880209484227
cs_base,GNQ,Equatorial Guinea,Low income,(Intercept),-0,0,NA,NA,-0,0
cs_base,GNQ,Equatorial Guinea,Low income,"L(dy, 1)",NA,NA,NA,NA,NA,NA
cs_base,GNQ,Equatorial Guinea,Low income,dd,0,0,NA,NA,0,0
cs_base,GNQ,Equatorial Guinea,Low income,"L(dd, 1)",0,0,NA,NA,0,0
cs_base,GNQ,Equatorial Guinea,Low income,dy_bar,-0,0,NA,NA,-0,0
cs_base,GNQ,Equatorial Guinea,Low income,"L(dy_bar, 1)",-0,0,NA,NA,-0,0
cs_base,GNQ,Equatorial Guinea,Low income,dd_bar,0,0,NA,NA,0,0
cs_base,GNQ,Equatorial Guinea,Low income,"L(dd_bar, 1)",0,0,NA,NA,0,0
cs_base,GRC,Greece,High income,(Intercept),-1.4960833691422798e-4,0.0024068240352695097,-0.062160064351142,0.9509501498584878,-0.004866983446042467,0.004567766772214011
cs_base,GRC,Greece,High income,"L(dy, 1)",0.22659108991752522,0.18599662015099191,1.2182538033948076,0.2349686223684069,-0.13796228557841891,0.5911444654134693
cs_base,GRC,Greece,High income,dd,-0.00575050309401946,0.0343814680023477,-0.1672558918550771,0.8685700067530205,-0.07313818037862095,0.061637174190582025
cs_base,GRC,Greece,High income,dy_bar,2.096901873807617,1.1363494373853114,1.8452967061192842,0.0773688688157409,-0.13034302346759352,4.324146771082827
cs_base,GRC,Greece,High income,dd_bar,0.03644936983257137,0.03982533014430415,0.9152308267250958,0.3691751333852209,-0.041608277250264766,0.1145070169154075
cs_base,GRD,Grenada,Upper middle income,(Intercept),-8.414399836199358e-4,1.9559696057562387e-4,-4.301907254303212,5.484764433901067e-4,-0.0012248100263481585,-4.58069940891713e-4
cs_base,GRD,Grenada,Upper middle income,"L(dy, 1)",0.7519141465810972,0.12660997389615572,5.938822380595465,2.0797735046802506e-5,0.503758597744632,1.0000696954175625
cs_base,GRD,Grenada,Upper middle income,"L(dy, 2)",-0.09066150491150819,0.129356888317128,-0.7008633718000761,0.4934558437524149,-0.34420100601307907,0.16287799619006266
cs_base,GRD,Grenada,Upper middle income,dd,9.756074578298187e-4,7.882170727548735e-4,1.2377395663608284,0.23366890178301453,-5.692980047697333e-4,0.0025205129204293707
cs_base,GRD,Grenada,Upper middle income,"L(dd, 1)",-8.537723729309278e-4,7.44253477916875e-4,-1.1471526815307471,0.26818373166310405,-0.002312509189648003,6.049644437861472e-4
cs_base,GRD,Grenada,Upper middle income,"L(dd, 2)",1.989698151561888e-4,7.801639081428701e-4,0.25503591370924045,0.8019445890603696,-0.0013301514448038365,0.0017280910751162142
cs_base,GRD,Grenada,Upper middle income,dy_bar,0.1481252831304481,0.06831819536163374,2.1681673871267475,0.04556817165946762,0.01422162022164597,0.2820289460392502
cs_base,GRD,Grenada,Upper middle income,"L(dy_bar, 1)",-0.03914016761092165,0.06027214809487897,-0.6493906198482944,0.5252994081620328,-0.15727357787688442,0.07899324265504112
cs_base,GRD,Grenada,Upper middle income,"L(dy_bar, 2)",0.20592955431250498,0.06353950796237963,3.240968665266206,0.005117335047275804,0.08139211870624091,0.33046698991876905
cs_base,GRD,Grenada,Upper middle income,dd_bar,-0.005475025577685591,0.0024151302538438072,-2.266969066770539,0.03760496687885034,-0.010208680875219454,-7.41370280151729e-4
cs_base,GRD,Grenada,Upper middle income,"L(dd_bar, 1)",0.008574316761542461,0.0025623764477553847,3.346236174256704,0.004099695849727868,0.0035520589239419077,0.013596574599143015
cs_base,GRD,Grenada,Upper middle income,"L(dd_bar, 2)",-0.012591571267991273,0.0022699444783259564,-5.5470833706370355,4.419788401026803e-5,-0.017040662445510148,-0.008142480090472397
cs_base,GTM,Guatemala,Lower middle income,(Intercept),2.521144576812218e-5,6.190717185204985e-4,0.04072459622024776,0.967866909861318,-0.001188169122532055,0.0012385920140682992
cs_base,GTM,Guatemala,Lower middle income,"L(dy, 1)",0.37471557610540296,0.18965827566894272,1.9757407093560542,0.06030108432365759,0.002985355794275224,0.7464457964165307
cs_base,GTM,Guatemala,Lower middle income,dd,0.02237132651070288,0.00881637349547375,2.5374749064553725,0.018403551540748055,0.00509123445957433,0.03965141856183143
cs_base,GTM,Guatemala,Lower middle income,dy_bar,2.7077986921435464,0.4228209604092448,6.40412596746077,1.5543333591362496e-6,1.8790696097414266,3.5365277745456662
cs_base,GTM,Guatemala,Lower middle income,"L(dy_bar, 1)",-1.2797950587511264,0.48901634129695454,-2.6170803522779877,0.015408582474899428,-2.238267087693157,-0.32132302980909555
cs_base,GTM,Guatemala,Lower middle income,dd_bar,-0.007079416299926023,0.009818357507746985,-0.7210387576883553,0.47815139530273665,-0.026323397015110113,0.012164564415258067
cs_base,GUY,Guyana,Lower middle income,(Intercept),-7.68866443820595e-4,7.817795136246406e-4,-0.9834824658628166,0.3356032953092568,-0.0023011542905248903,7.634214028837005e-4
cs_base,GUY,Guyana,Lower middle income,"L(dy, 1)",0.24668843529420062,0.2055210589044553,1.2003073388644014,0.24223747219241376,-0.15613284015853177,0.649509710746933
cs_base,GUY,Guyana,Lower middle income,dd,-0.003564567191961417,0.0056812684824775455,-0.6274245272786235,0.5365607731235198,-0.014699853417617405,0.0075707190336945715
cs_base,GUY,Guyana,Lower middle income,dy_bar,2.1094573134916192,0.4278053187358622,4.930881457306171,5.536750009488264e-5,1.2709588887693295,2.947955738213909
cs_base,GUY,Guyana,Lower middle income,"L(dy_bar, 1)",-1.5003969768911405,0.539631332510776,-2.7804111557239475,0.010637649990804464,-2.5580743886122614,-0.44271956517001954
cs_base,GUY,Guyana,Lower middle income,dd_bar,-0.00765156458159943,0.01212630121227872,-0.6309891571761133,0.5342683649766778,-0.03141911495766572,0.01611598579446686
cs_base,HND,Honduras,Lower middle income,(Intercept),-6.02516560424731e-4,6.601559366921948e-4,-0.9126882406658735,0.3713003966425922,-0.0018964221963414327,6.913890754919708e-4
cs_base,HND,Honduras,Lower middle income,"L(dy, 1)",0.32935434610435727,0.19082958529260158,1.7259082002371582,0.09838370677737639,-0.04467164106914184,0.7033803332778563
cs_base,HND,Honduras,Lower middle income,dd,-0.0014298013656735427,0.0042420825435805125,-0.33705175488328065,0.7392722309899555,-0.009744283151091347,0.006884680419744261
cs_base,HND,Honduras,Lower middle income,"L(dd, 1)",-0.005382880689627481,0.0022605106974596728,-2.3812675143173085,0.026334167295733065,-0.00981348165664844,-9.522797226065218e-4
cs_base,HND,Honduras,Lower middle income,dy_bar,2.517200697402878,0.4176298946360613,6.027347969417906,4.572442384417533e-6,1.698646103916198,3.335755290889558
cs_base,HND,Honduras,Lower middle income,"L(dy_bar, 1)",-1.909880179485912,0.5162426467718391,-3.6995784664997102,0.0012513514293455445,-2.9217157671587164,-0.8980445918131075
cs_base,HND,Honduras,Lower middle income,dd_bar,0.0016031602925461524,0.012924816084995672,0.12403737755365431,0.9024120001752661,-0.023729479234045364,0.02693579981913767
cs_base,HRV,Croatia,Upper middle income,(Intercept),0.002136131462257252,0.0014574637780111986,1.465649777706406,0.15572345012848027,-7.204975426446975e-4,0.004992760467159201
cs_base,HRV,Croatia,Upper middle income,"L(dy, 1)",0.03520473839809323,0.18955797988941506,0.1857201602308227,0.8542249451700388,-0.33632890218516026,0.40673837898134674
cs_base,HRV,Croatia,Upper middle income,dd,-0.008248572348124603,0.016440576281849372,-0.5017203902536642,0.620435846022255,-0.04047210186054937,0.02397495716430017
cs_base,HRV,Croatia,Upper middle income,dy_bar,0.9871968829210327,0.6392896895613336,1.5442089854419916,0.1356224620683651,-0.2658109086191811,2.2402046744612463
cs_base,HRV,Croatia,Upper middle income,dd_bar,-0.03271020058914945,0.022204960994304572,-1.473103267217601,0.15371832901531177,-0.0762319241379864,0.010811522959687507
cs_base,HTI,Haiti,Low income,(Intercept),-4.947141961423369e-4,6.620414967740245e-4,-0.7472555701613344,0.4624810047450567,-0.001792315529819425,8.028871375347512e-4
cs_base,HTI,Haiti,Low income,"L(dy, 1)",0.24595636551365174,0.21019181027958145,1.1701519920614365,0.2539225297533014,-0.16601958263432787,0.6579323136616313
cs_base,HTI,Haiti,Low income,dd,2.6189612969081865e-4,0.002436262405282451,0.10749914669411623,0.9153252390741764,-0.004513178184662785,0.005036970444044423
cs_base,HTI,Haiti,Low income,dy_bar,2.182464656717378,0.417077477985578,5.232755955220496,2.6235222471620426e-5,1.3649927998656453,2.999936513569111
cs_base,HTI,Haiti,Low income,"L(dy_bar, 1)",-1.52496324202567,0.54845408727024,-2.7804756631784824,0.010636077212971135,-2.5999332530753403,-0.4499932309759995
cs_base,HTI,Haiti,Low income,dd_bar,-0.010788921940274915,0.011168472620620883,-0.9660158829914499,0.3440846907366971,-0.032679128276691845,0.011101284396142016
cs_base,HUN,Hungary,Upper middle income,(Intercept),0.005570709837081734,0.0016102800406371295,3.459466488125634,0.0023460496767952832,0.0024145609574329602,0.008726858716730507
cs_base,HUN,Hungary,Upper middle income,"L(dy, 1)",-0.3697542021071346,0.1948192748891123,-1.8979343923623173,0.0715370957367392,-0.7515999808897946,0.012091576675525462
cs_base,HUN,Hungary,Upper middle income,dd,0.06359578583570423,0.031525958518486906,2.0172514595682,0.05663176050475742,0.0018049071394698954,0.12538666453193856
cs_base,HUN,Hungary,Upper middle income,"L(dd, 1)",-0.04239719824940321,0.02462767928266657,-1.721526326649997,0.09985533399098948,-0.09066744964342968,0.005873053144623268
cs_base,HUN,Hungary,Upper middle income,"L(dd, 2)",-0.0788020672304392,0.023068232284613504,-3.416042731761468,0.002598299127674038,-0.12401580250828168,-0.03358833195259673
cs_base,HUN,Hungary,Upper middle income,dy_bar,2.476876812253132,0.7957134478908482,3.1127748548405796,0.005265668334094194,0.9172784543870698,4.0364751701191945
cs_base,HUN,Hungary,Upper middle income,dd_bar,-0.05969032655478335,0.025415415140012068,-2.3485875098223956,0.028713538270476232,-0.109504540229207,-0.009876112880359701
cs_base,IDN,Indonesia,Lower middle income,(Intercept),7.7094936915098e-4,0.003032766235632353,0.25420665796558883,0.8016968093447341,-0.005173272452688432,0.006715171190990392
cs_base,IDN,Indonesia,Lower middle income,"L(dy, 1)",-0.24465311091283354,0.18867190896323607,-1.2967119072320712,0.2081667658241078,-0.6144500524807762,0.12514383065510915
cs_base,IDN,Indonesia,Lower middle income,dd,-0.07588804126007367,0.01766429765873631,-4.296125593340044,2.927076295094847e-4,-0.11051006467119684,-0.0412660178489505
cs_base,IDN,Indonesia,Lower middle income,"L(dd, 1)",0.025197151011021338,0.017256439065974637,1.4601593593375697,0.15838040627216315,-0.008625469558288953,0.05901977158033163
cs_base,IDN,Indonesia,Lower middle income,dy_bar,0.34245670044898563,1.572863188511171,0.21772821879895715,0.8296476453543775,-2.7403551490329092,3.425268549930881
cs_base,IDN,Indonesia,Lower middle income,dd_bar,0.17620093528984854,0.07034191842125154,2.5049208103004355,0.02014936683931137,0.03833077518419553,0.31407109539550154
cs_base,IDN,Indonesia,Lower middle income,"L(dd_bar, 1)",-0.22054053887822897,0.06659544112700304,-3.3116461899792786,0.003173155514461684,-0.35106760348715493,-0.090013474269303
cs_base,IND,India,Low income,(Intercept),0.003431937773539524,0.002225061190227057,1.5424015252314525,0.13605980624484748,-9.291821593055082e-4,0.007793057706384556
cs_base,IND,India,Low income,"L(dy, 1)",0.5802965542055669,0.2173202416879955,2.6702370184121778,0.013388043648860067,0.15434888049709578,1.006244227914038
cs_base,IND,India,Low income,dd,0.03506172648341577,0.02190680945208606,1.6004944289172627,0.12257149893700096,-0.007875620042672907,0.07799907300950444
cs_base,IND,India,Low income,dy_bar,-0.27413289524265566,0.6117343849437153,-0.44812405839812025,0.6580829936123536,-1.4731322897323376,0.9248664992470264
cs_base,IND,India,Low income,dd_bar,-0.009847485678640603,0.020789497372697956,-0.4736759865860406,0.6400115480958577,-0.0505949005291286,0.03089992917184739
cs_base,IRL,Ireland,High income,(Intercept),0.0014343459469870932,0.0020726518384742336,0.6920341952090592,0.4958434710455645,-0.0026280516564224045,0.00549674355039659
cs_base,IRL,Ireland,High income,"L(dy, 1)",-0.40570444831631325,0.1721936515187326,-2.3560941111245177,0.027363398119013154,-0.7432040052930291,-0.0682048913395974
cs_base,IRL,Ireland,High income,dd,-0.0507649858168209,0.012914432546301603,-3.9308723503580363,6.678021287770588e-4,-0.07607727360757205,-0.02545269802606976
cs_base,IRL,Ireland,High income,dy_bar,-0.23983777862308392,1.0890588813895554,-0.22022480393077493,0.827639114969172,-2.3743931861466123,1.8947176289004446
cs_base,IRL,Ireland,High income,dd_bar,0.018555255922005288,0.045019772551352144,0.4121579224070956,0.6840398960012406,-0.06968349827864492,0.10679401012265549
cs_base,IRL,Ireland,High income,"L(dd_bar, 1)",0.061594939093400455,0.0451967164665836,1.362818892804767,0.1861349214502987,-0.0269906251811034,0.1501805033679043
cs_base,IRN,Iran,Lower middle income,(Intercept),-0.0032205458461723514,0.0025430385916065056,-1.266416426711734,0.2192317552360538,-0.008204901485721103,0.0017638097933763996
cs_base,IRN,Iran,Lower middle income,"L(dy, 1)",-0.5564922765182285,0.14049106135451137,-3.961051124199218,7.13061533398116e-4,-0.8318547567730707,-0.28112979626338624
cs_base,IRN,Iran,Lower middle income,dd,-0.00990344003608301,0.010920829751751127,-0.9068395223810736,0.3747802521208341,-0.03130826634951522,0.0115013862773492
cs_base,IRN,Iran,Lower middle income,"L(dd, 1)",-0.014470395904799756,0.010709499549282893,-1.3511738656143548,0.19101832155968948,-0.035461015021394225,0.006520223211794712
cs_base,IRN,Iran,Lower middle income,dy_bar,4.490982573391274,1.4725621471811596,3.049774559252458,0.006086896500759388,1.6047607649162008,7.377204381866347
cs_base,IRN,Iran,Lower middle income,"L(dy_bar, 1)",-3.816499288955108,1.4969393297352669,-2.5495350500477896,0.018662531186756044,-6.750500375236231,-0.8824982026739852
cs_base,IRN,Iran,Lower middle income,dd_bar,-0.12959484942768512,0.05884775595117287,-2.2022054593757576,0.0389628400276984,-0.24493645109198395,-0.014253247763386295
cs_base,IRN,Iran,Lower middle income,"L(dd_bar, 1)",0.13969478294356902,0.060076741707600766,2.3252722929528513,0.030159455768018477,0.021944369196671518,0.2574451966904665
cs_base,ISL,Iceland,High income,(Intercept),3.075699696227785e-4,0.0025620313008619146,0.12004926306689004,0.9054434496607272,-0.004714011380066574,0.005329151319312131
cs_base,ISL,Iceland,High income,"L(dy, 1)",-0.1352336460866139,0.17691371886197002,-0.7644045185219618,0.45207697436185523,-0.4819845350560751,0.21151724288284732
cs_base,ISL,Iceland,High income,dd,-0.031899199417668306,0.015452254954955507,-2.064371802734092,0.04995154229396019,-0.0621856191293811,-0.001612779705955511
cs_base,ISL,Iceland,High income,dy_bar,2.764851045381517,1.2803538386622466,2.1594429304560987,0.04102660290878021,0.25535752160351377,5.2743445691595205
cs_base,ISL,Iceland,High income,dd_bar,-0.03324433867935608,0.04558303955638861,-0.7293137755377433,0.4728679019344286,-0.12258709620987773,0.056098418851165587
cs_base,ISR,Israel,High income,(Intercept),-1.6922450090634415e-5,5.415922998637209e-4,-0.031245736128251003,0.9753319612195785,-0.0010784433578235274,0.0010445984576422586
cs_base,ISR,Israel,High income,"L(dy, 1)",0.7738313456993221,0.1439804431719082,5.374558715417978,1.6147915165683693e-5,0.49162967708238203,1.0560330143162622
cs_base,ISR,Israel,High income,dd,0.003541326722184693,0.010646211100420005,0.33263728182554864,0.742296167379223,-0.017325247034638516,0.0244079004790079
cs_base,ISR,Israel,High income,dy_bar,0.09750472017315981,0.24103422443252692,0.40452645429385675,0.6894082734063559,-0.3749223597145929,0.5699318000609126
cs_base,ISR,Israel,High income,dd_bar,0.0048763705916054015,0.008432932343057661,0.5782532567831914,0.5684800613527523,-0.011652176800787614,0.021404917983998416
cs_base,ITA,Italy,High income,(Intercept),0.0021209950784902938,8.871920331897005e-4,2.3906831882436212,0.025392921989042753,3.820986934384809e-4,0.0038598914635421065
cs_base,ITA,Italy,High income,"L(dy, 1)",0.06721949870723701,0.18653104354319244,0.36036628236453255,0.7218616158145544,-0.2983813466374202,0.4328203440518942
cs_base,ITA,Italy,High income,dd,-0.03829509204332139,0.02466007156288401,-1.552918933980691,0.13409553270660451,-0.08662883230657405,0.010038648219931265
cs_base,ITA,Italy,High income,dy_bar,0.46221969185288897,0.38573326288547066,1.1982883933712716,0.24300700021264215,-0.2938175034026335,1.2182568871084114
cs_base,ITA,Italy,High income,dd_bar,-0.0068550693845229795,0.01703172814448033,-0.4024881871276569,0.6910411414071629,-0.04023725654770443,0.026527117778658467
cs_base,ITA,Italy,High income,"L(dd_bar, 1)",0.03103187965887886,0.015290483587508204,2.0294897464348893,0.05413409415372908,0.001062531827362781,0.06100122749039494
cs_base,JAM,Jamaica,Lower middle income,(Intercept),-4.982990918142008e-4,6.593608812519281e-4,-0.7557304444086531,0.4574814015597002,-0.0017906464190679799,7.940482354395783e-4
cs_base,JAM,Jamaica,Lower middle income,"L(dy, 1)",0.2645530689302413,0.21735446072060707,1.2171504005629978,0.23588880019961167,-0.16146167408214857,0.6905678119426311
cs_base,JAM,Jamaica,Lower middle income,dd,-0.001042121475143956,0.004678211758371838,-0.2227606463685702,0.8256881982294617,-0.010211416521552759,0.008127173571264848
cs_base,JAM,Jamaica,Lower middle income,dy_bar,2.1896862761428144,0.4183511338832154,5.234087107205201,2.614928454190501e-5,1.3697180537317122,3.0096544985539166
cs_base,JAM,Jamaica,Lower middle income,"L(dy_bar, 1)",-1.5761489688534709,0.5723951116435729,-2.7536031262176985,0.011310679502402395,-2.6980433876748737,-0.45425455003206805
cs_base,JAM,Jamaica,Lower middle income,dd_bar,-0.01084591651372735,0.0109833611715136,-0.987486102328791,0.33367959755305243,-0.032373304409894006,0.010681471382439307
cs_base,JOR,Jordan,Lower middle income,(Intercept),-0.0031039637050611704,0.0021708963002971906,-1.4298074507917513,0.1662165314028159,-0.007358920453643664,0.0011509930435213232
cs_base,JOR,Jordan,Lower middle income,"L(dy, 1)",0.26134938554343345,0.19722937734977264,1.3251037398954437,0.198151019965864,-0.12522019406212093,0.6479189651489878
cs_base,JOR,Jordan,Lower middle income,dd,-0.06523516756481197,0.035696353510197835,-1.8275022838446342,0.08062824969320907,-0.13520002044479973,0.004729685315175786
cs_base,JOR,Jordan,Lower middle income,dy_bar,-0.018254912629414456,0.9407750542310555,-0.019404120620880143,0.9846860762136845,-1.862174018922283,1.8256641936634541
cs_base,JOR,Jordan,Lower middle income,"L(dy_bar, 1)",-2.69333257535019,1.255528101807036,-2.145179045752759,0.042728971225849864,-5.15416765489198,-0.23249749580839962
cs_base,JOR,Jordan,Lower middle income,dd_bar,0.022949192066163953,0.03108115369781385,0.7383635848684127,0.46776146044455646,-0.037969869181551194,0.0838682533138791
cs_base,JPN,Japan,High income,(Intercept),-0.003318099204992289,0.002295903737149764,-1.4452257519784009,0.16188260623010267,-0.007818070529805826,0.0011818721198212485
cs_base,JPN,Japan,High income,"L(dy, 1)",0.19987001490112277,0.15714250844763736,1.271902917139209,0.21611819708212632,-0.10812930165624646,0.507869331458492
cs_base,JPN,Japan,High income,dd,-0.09656499476128882,0.04873988712808684,-1.9812313989878383,0.05964378159587017,-0.19209517353233901,-0.0010348159902386217
cs_base,JPN,Japan,High income,"L(dd, 1)",0.19277910378171584,0.04455251987749378,4.327007861997508,2.4921251982686847e-4,0.10545616482182804,0.28010204274160366
cs_base,JPN,Japan,High income,dy_bar,-0.33708035122372515,0.7633977821367963,-0.44155269914489004,0.6629363582298526,-1.8333400042118457,1.1591793017643957
cs_base,JPN,Japan,High income,dd_bar,0.004364669175752707,0.027856625109986516,0.15668334403466508,0.8768616539293275,-0.05023431603982086,0.058963654391326274
cs_base,KAZ,Kazakhstan,Upper middle income,(Intercept),0.005541733943901413,0.00301900203189154,1.8356178251490836,0.07937800385724057,-3.7551003860600545e-4,0.01145897792640883
cs_base,KAZ,Kazakhstan,Upper middle income,"L(dy, 1)",-0.021273899672880996,0.1865100242450385,-0.11406303633809602,0.9101776796526356,-0.3868335471931565,0.34428574784739446
cs_base,KAZ,Kazakhstan,Upper middle income,dd,0.0026775186372246904,0.014343692635704152,0.1866687125294251,0.8535571392037006,-0.025436118928755448,0.030791156203204828
cs_base,KAZ,Kazakhstan,Upper middle income,dy_bar,2.9061493582653597,1.851622872856397,1.5695147218516492,0.13018453415894443,-0.7230314725331786,6.535330189063898
cs_base,KAZ,Kazakhstan,Upper middle income,"L(dy_bar, 1)",3.632950314119958,1.6903667646847607,2.149208319768091,0.04237391054934199,0.3198314553378272,6.946069172902089
cs_base,KAZ,Kazakhstan,Upper middle income,dd_bar,0.08156085247822689,0.058572211178629305,1.3924837535924415,0.17709312132818725,-0.03324068143188655,0.19636238638834033
cs_base,KEN,Kenya,Low income,(Intercept),-0.003561601678886798,0.0022990623081788415,-1.5491540469418825,0.13784105392531795,-0.008067763802917327,9.44560445143731e-4
cs_base,KEN,Kenya,Low income,"L(dy, 1)",0.42809902277139383,0.1492962752146731,2.867446104437839,0.009858359726734003,0.1354783233506346,0.7207197221921531
cs_base,KEN,Kenya,Low income,dd,-0.1288828102113526,0.02306788371077576,-5.58711027969797,2.1797457022354082e-5,-0.17409586228447307,-0.0836697581382321
cs_base,KEN,Kenya,Low income,"L(dd, 1)",-0.06410561523271908,0.02501321963872084,-2.5628694010059636,0.019031921326940666,-0.11313152572461194,-0.01507970474082624
cs_base,KEN,Kenya,Low income,"L(dd, 2)",0.0632630856786909,0.024594665231878803,2.572227964164007,0.018657047589082286,0.015057541824208452,0.11146862953317335
cs_base,KEN,Kenya,Low income,dy_bar,-1.3941269144410193,1.3387873056528397,-1.0413356240789826,0.31078996012560367,-4.018150033520585,1.2298962046385462
cs_base,KEN,Kenya,Low income,"L(dy_bar, 1)",-2.727860336182807,1.2720271484184964,-2.1444985192134767,0.045138010227166306,-5.22103354708306,-0.2346871252825542
cs_base,KEN,Kenya,Low income,dd_bar,-0.009404965177325853,0.04999828291244939,-0.18810576342780866,0.8527882039240111,-0.10740159968572666,0.08859166933107496
cs_base,KEN,Kenya,Low income,"L(dd_bar, 1)",0.07866237333095813,0.050698852008789874,1.5515612329312722,0.13726507838385105,-0.02070737660627002,0.1780321232681863
cs_base,KGZ,Kyrgyzstan,Low income,(Intercept),0.00724832695052993,0.0042987620548324635,1.6861428611480616,0.10528833521274387,-0.0011772466769416987,0.01567390057800156
cs_base,KGZ,Kyrgyzstan,Low income,"L(dy, 1)",-0.1601995821272313,0.22501363632074375,-0.7119549941358939,0.4836524011553557,-0.601226309315889,0.2808271450614265
cs_base,KGZ,Kyrgyzstan,Low income,dd,0.012328925685343127,0.03541894523108275,0.34808844828398733,0.7309395266714253,-0.05709220696757906,0.08175005833826532
cs_base,KGZ,Kyrgyzstan,Low income,dy_bar,2.196606912423333,2.377520699781569,0.9239065353353779,0.3651270739762923,-2.463333659148543,6.856547483995209
cs_base,KGZ,Kyrgyzstan,Low income,"L(dy_bar, 1)",3.3377744919001455,2.417977568274953,1.3803992790062976,0.1807334835194256,-1.4014615419187622,8.077010525719054
cs_base,KGZ,Kyrgyzstan,Low income,dd_bar,0.014102863602761011,0.08625881838589103,0.1634947460057922,0.8715570529010485,-0.1549644204335854,0.1831701476391074
cs_base,KHM,Cambodia,Low income,(Intercept),-0.0028655370850599647,0.003134358213692247,-0.9142340759081224,0.3709721657470769,-0.009008879183896768,0.003277805013776839
cs_base,KHM,Cambodia,Low income,"L(dy, 1)",-0.07541609703066589,0.16696428669306168,-0.4516899902630486,0.6561228112888854,-0.40266609894906674,0.251833904887735
cs_base,KHM,Cambodia,Low income,dd,-0.024568587401755902,0.04931249388598089,-0.49822236649727697,0.623505131141684,-0.12122107541827845,0.07208390061476663
cs_base,KHM,Cambodia,Low income,dy_bar,4.8019477486027595,1.7317434183053952,2.772897935019569,0.011400854169932176,1.407730648724185,8.196164848481335
cs_base,KHM,Cambodia,Low income,dd_bar,0.025886004315215108,0.0753215475722273,0.34367329336127245,0.7345090974144122,-0.12174422892635038,0.17351623755678058
cs_base,KHM,Cambodia,Low income,"L(dd_bar, 1)",0.0972079577070111,0.07584701605412562,1.2816319318039087,0.21394252848877052,-0.051452193759075115,0.24586810917309732
cs_base,KHM,Cambodia,Low income,"L(dd_bar, 2)",-0.20679697418774223,0.0647719827470095,-3.1926917382699695,0.004377096463060863,-0.3337500603718808,-0.07984388800360362
cs_base,KNA,Saint Kitts and Nevis,Upper middle income,(Intercept),-9.343182331865461e-4,1.9303674550934612e-4,-4.840105601248389,1.8092818877986223e-4,-0.0013126702543848645,-5.559662119882277e-4
cs_base,KNA,Saint Kitts and Nevis,Upper middle income,"L(dy, 1)",0.7286658915243248,0.12214549500289404,5.965556826365641,1.976956687905117e-5,0.4892607213186525,0.9680710617299971
cs_base,KNA,Saint Kitts and Nevis,Upper middle income,"L(dy, 2)",-0.09594782678989232,0.12075539452417007,-0.7945634823849436,0.43849500321817014,-0.3326284000572656,0.14073274647748102
cs_base,KNA,Saint Kitts and Nevis,Upper middle income,dd,6.01248271995897e-4,3.4273554568946615e-4,1.7542629574250668,0.09851471747004695,-7.051339755545667e-5,0.0012730099415472506
cs_base,KNA,Saint Kitts and Nevis,Upper middle income,"L(dd, 1)",-4.061603532819245e-4,3.4350890712094614e-4,-1.1823866713852618,0.2543263049432727,-0.001079437811238979,2.6711710467512993e-4
cs_base,KNA,Saint Kitts and Nevis,Upper middle income,"L(dd, 2)",6.177513460175016e-4,3.3994428009551163e-4,1.8172135322998715,0.08796120572197297,-4.853944296970118e-5,0.0012840421350047045
cs_base,KNA,Saint Kitts and Nevis,Upper middle income,dy_bar,0.15805681118008022,0.06616231472128392,2.388925052666492,0.029563359554226263,0.028378674326363734,0.28773494803379673
cs_base,KNA,Saint Kitts and Nevis,Upper middle income,"L(dy_bar, 1)",-0.027641434115163156,0.05704705680903945,-0.48453742684203127,0.6345707877791866,-0.13945366546088048,0.08417079723055418
cs_base,KNA,Saint Kitts and Nevis,Upper middle income,"L(dy_bar, 2)",0.1735909667362998,0.06365645640344916,2.7269970171775686,0.014922750716647924,0.048824312185539454,0.29835762128706017
cs_base,KNA,Saint Kitts and Nevis,Upper middle income,dd_bar,-0.005431162562379767,0.002287537543454519,-2.3742397487290683,0.030438228992871654,-0.009914736147550625,-9.475889772089094e-4
cs_base,KNA,Saint Kitts and Nevis,Upper middle income,"L(dd_bar, 1)",0.008738773418920234,0.0024685067053502974,3.5401051980047766,0.0027228346435338624,0.0039005002764336506,0.013577046561406816
cs_base,KNA,Saint Kitts and Nevis,Upper middle income,"L(dd_bar, 2)",-0.012802026589047515,0.002183789266983196,-5.862299436397964,2.4058706928212253e-5,-0.01708225355233458,-0.00852179962576045
cs_base,KWT,Kuwait,High income,(Intercept),-0.0031776220595760925,0.0030522711968748667,-1.0410680619826864,0.30866442158104035,-0.009160073605450831,0.002804829486298646
cs_base,KWT,Kuwait,High income,"L(dy, 1)",-0.057189715555021906,0.20723663770916717,-0.27596334406506395,0.7850406393549549,-0.46337352546498956,0.34899409435494577
cs_base,KWT,Kuwait,High income,dd,-0.008227089720415085,0.011615019636940678,-0.7083147491416595,0.48586712462214454,-0.030992528208818815,0.014538348767988644
cs_base,KWT,Kuwait,High income,dy_bar,3.349140074746234,1.718126743430544,1.949297447090011,0.06355706580861074,-0.018388342377632316,6.7166684918701005
cs_base,KWT,Kuwait,High income,"L(dy_bar, 1)",-2.6357972344408664,1.7785217058745124,-1.4820157807097583,0.15190842729232215,-6.121699777954911,0.8501053090731778
cs_base,KWT,Kuwait,High income,dd_bar,-0.013622778981516518,0.06107989886225945,-0.22303211425148367,0.8254794157731696,-0.13333938075154503,0.106093822788512
cs_base,LAO,Lao PDR,Low income,(Intercept),2.977341343924583e-4,5.188695455020111e-4,0.5738130845671386,0.5716634868190347,-7.192501747914834e-4,0.0013147184435764
cs_base,LAO,Lao PDR,Low income,"L(dy, 1)",0.6566716186919311,0.16825033456665126,3.9029439102351087,7.156612340439782e-4,0.32690096294129467,0.9864422744425676
cs_base,LAO,Lao PDR,Low income,dd,-0.002266467270096514,0.0017792922350998261,-1.2738027095191338,0.21545571836554805,-0.005753880050892174,0.001220945510699145
cs_base,LAO,Lao PDR,Low income,dy_bar,0.5532631559898046,0.27540664452686514,2.0088954532679595,0.05642753983739505,0.013466132717148915,1.0930601792624604
cs_base,LAO,Lao PDR,Low income,"L(dy_bar, 1)",-0.41567037406096136,0.2918222606037203,-1.4243957030592003,0.1677595989915646,-0.9876420048442531,0.15630125672233036
cs_base,LAO,Lao PDR,Low income,dd_bar,-0.0015279225835946536,0.00867872887497607,-0.1760537292506291,0.861792651573574,-0.018538231178547748,0.015482386011358443
cs_base,LBN,Lebanon,Upper middle income,(Intercept),0.0014022479110077724,0.0014774025533641885,0.94913055877338115,0.35286487272904765,-0.001493461093586037,0.004297956915601582
cs_base,LBN,Lebanon,Upper middle income,"L(dy, 1)",0.08697998996833196,0.21194804075141613,0.41038355278002636,0.6854938628972332,-0.32843816990444363,0.5023981498411075
cs_base,LBN,Lebanon,Upper middle income,dd,-0.0011604581650735504,0.01139514111286968,-0.10183798108150922,0.9198077769209299,-0.023494934746298123,0.02117401841615102
cs_base,LBN,Lebanon,Upper middle income,dy_bar,2.183593472651776,0.9660284886824584,2.2603820676447373,0.03403415505789097,0.2901776348341576,4.0770093104693945
cs_base,LBN,Lebanon,Upper middle income,"L(dy_bar, 1)",-2.1865236382487434,0.9632146616162022,-2.2700273629347794,0.03335133935580081,-4.0744243750165,-0.29862290148098714
cs_base,LBN,Lebanon,Upper middle income,dd_bar,-0.03281273376058443,0.032323430200387894,-1.0151377362230158,0.3210750527223007,-0.0961666569533447,0.03054118943217584
cs_base,LBN,Lebanon,Upper middle income,"L(dd_bar, 1)",-0.06696176765256853,0.03489133590246841,-1.9191517298089833,0.06802965531018391,-0.1353487860214066,0.0014252507162695466
cs_base,LCA,Saint Lucia,Upper middle income,(Intercept),-9.440181742459297e-4,2.691136893681624e-4,-3.5078786830292406,0.002914640392409116,-0.001471481005407528,-4.1655534308433133e-4
cs_base,LCA,Saint Lucia,Upper middle income,"L(dy, 1)",0.7843498748027034,0.13759536468633154,5.7004091423482315,3.282577489882877e-5,0.5146629600174935,1.0540367895879132
cs_base,LCA,Saint Lucia,Upper middle income,"L(dy, 2)",-0.1334134587879687,0.15096536788976567,-0.8837355259213272,0.38992524645161664,-0.4293055798519094,0.162478662275972
cs_base,LCA,Saint Lucia,Upper middle income,dd,0.0019257638249017075,0.0017961477600730064,1.072163364122912,0.29955279895970843,-0.001594685784841385,0.0054462134346448
cs_base,LCA,Saint Lucia,Upper middle income,"L(dd, 1)",-7.189893567859565e-4,0.001572624521007737,-0.45719073255021386,0.6536803499477812,-0.003801333417961121,0.0023633547043892082
cs_base,LCA,Saint Lucia,Upper middle income,"L(dd, 2)",8.972796249529087e-4,0.0014659075429587116,0.6120983750052108,0.5490731069451518,-0.001975899159246166,0.0037704584091519835
cs_base,LCA,Saint Lucia,Upper middle income,dy_bar,0.12523998484154025,0.07363356108075418,1.700854651103851,0.10832076707807886,-0.019081794876737945,0.26956176455981845
cs_base,LCA,Saint Lucia,Upper middle income,"L(dy_bar, 1)",-0.025849719492490483,0.06398632812572706,-0.40398816824897715,0.6915697794185985,-0.15126292261891552,0.09956348363393455
cs_base,LCA,Saint Lucia,Upper middle income,"L(dy_bar, 2)",0.20443852147032368,0.07087551538687688,2.8844731548601477,0.010782794163457064,0.065522511312045,0.34335453162860236
cs_base,LCA,Saint Lucia,Upper middle income,dd_bar,-0.005718520644483904,0.0026167746917708503,-2.185331684255173,0.04408135223172072,-0.01084739904035477,-5.896422486130377e-4
cs_base,LCA,Saint Lucia,Upper middle income,"L(dd_bar, 1)",0.008608500999930283,0.0028450464111314266,3.0257857890293,0.008035188160876084,0.0030322100341126862,0.01418479196574788
cs_base,LCA,Saint Lucia,Upper middle income,"L(dd_bar, 2)",-0.012584407718313569,0.0025195550407406055,-4.994694505508588,1.3227579440928722e-4,-0.017522735598165154,-0.007646079838461982
cs_base,LKA,Sri Lanka,Lower middle income,(Intercept),5.573076114623149e-4,7.725976482639793e-4,0.7213426195569979,0.4779680128931353,-9.569837791350845e-4,0.0020715990020597143
cs_base,LKA,Sri Lanka,Lower middle income,"L(dy, 1)",0.46395606405972367,0.14072642667629381,3.2968652371664304,0.003153920767129268,0.1881322677741878,0.7397798603452596
cs_base,LKA,Sri Lanka,Lower middle income,dd,0.008559064339596415,0.014592860549457274,0.5865240958473175,0.5632362886378708,-0.02004294233733984,0.03716107101653267
cs_base,LKA,Sri Lanka,Lower middle income,dy_bar,0.2519977377505389,0.38900646188427607,0.64779833355443,0.5235298724124691,-0.5104549275426422,1.01445040304372
cs_base,LKA,Sri Lanka,Lower middle income,dd_bar,-0.021787539947132957,0.01822428700625438,-1.1955222138268402,0.2440643117635711,-0.057507142479391544,0.01393206258512563
cs_base,LKA,Sri Lanka,Lower middle income,"L(dd_bar, 1)",0.05695032537731895,0.01588710476296119,3.5846887288168174,0.0015677433965435195,0.025811600041915017,0.08808905071272288
cs_base,LSO,Lesotho,Lower middle income,(Intercept),-0.0012146988725615403,8.333088746564544e-4,-1.4576814306247732,0.15789036413789817,-0.002847984266888191,4.1858652176511037e-4
cs_base,LSO,Lesotho,Lower middle income,"L(dy, 1)",0.7741419806998642,0.1245338858915283,6.216315946120548,2.0065708804317202e-6,0.5300555643524687,1.0182283970472596
cs_base,LSO,Lesotho,Lower middle income,dd,-0.0027225816173417953,0.003804996106489983,-0.7155280954684895,0.4811866888198345,-0.010180373986062162,0.004735210751378571
cs_base,LSO,Lesotho,Lower middle income,dy_bar,-0.13134277156152385,0.3225742808752555,-0.40717062502672413,0.6874914731943802,-0.7635883620770246,0.5009028189539769
cs_base,LSO,Lesotho,Lower middle income,dd_bar,0.0030248393900007536,0.01061664363618525,0.2849148463164986,0.7781535482840407,-0.01778378213692234,0.023833460916923843
cs_base,LTU,Lithuania,Upper middle income,(Intercept),0.004741495699556235,0.0034238163313635352,1.3848569083926106,0.17938381480876628,-0.0019691843099162937,0.011452175709028765
cs_base,LTU,Lithuania,Upper middle income,"L(dy, 1)",-0.20085912977650225,0.20124358503149212,-0.9980896024341362,0.3286214522032852,-0.5952965564382268,0.1935782968852223
cs_base,LTU,Lithuania,Upper middle income,dd,-0.02249895078418661,0.024543275344669338,-0.9167053080009249,0.36880975837760943,-0.07060377045973851,0.025605868891365288
cs_base,LTU,Lithuania,Upper middle income,dy_bar,2.7015947231298694,1.7239686977103095,1.5670787565447069,0.13075262345269434,-0.6773839243823372,6.080573370642076
cs_base,LTU,Lithuania,Upper middle income,dd_bar,0.07201434300821437,0.07741865719376691,0.9301936460609698,0.3619319548565624,-0.07972622509156878,0.2237549111079975
cs_base,LTU,Lithuania,Upper middle income,"L(dd_bar, 1)",-0.1012240804756475,0.06967132413546168,-1.4528801014150086,0.15976507023597064,-0.2377798757811524,0.03533171482985738
cs_base,LUX,Luxembourg,High income,(Intercept),2.0328103754626192e-4,0.0037616098598812807,0.05404096786174354,0.957349861792789,-0.007169474287821049,0.007576036362913572
cs_base,LUX,Luxembourg,High income,"L(dy, 1)",-0.19601210795841892,0.18933667816836092,-1.035256928845673,0.3108682464047473,-0.5671119971684063,0.17508778125156846
cs_base,LUX,Luxembourg,High income,dd,-0.0052793435457285124,0.020653416961003975,-0.2556159862407523,0.8004254046964769,-0.045760040789296304,0.035201353697839284
cs_base,LUX,Luxembourg,High income,dy_bar,3.5186245734285495,1.8034138625402185,1.9510910093994465,0.06281421467010827,-0.016066597150278916,7.053315744007378
cs_base,LUX,Luxembourg,High income,dd_bar,-0.060943269803309115,0.06235935776062156,-0.977291492276935,0.3381737331731307,-0.18316761101412737,0.06128107140750915
cs_base,LVA,Latvia,High income,(Intercept),0.005400188525466458,0.0022967737478654313,2.3512061344680855,0.028082582011900982,8.985119796502128e-4,0.009901865071282703
cs_base,LVA,Latvia,High income,"L(dy, 1)",-0.338248399927033,0.19139295400974146,-1.7672980788509953,0.09104859486641846,-0.7133785897861262,0.03688178993206026
cs_base,LVA,Latvia,High income,dd,-0.0018988458462196264,0.012592142520517257,-0.15079608915843387,0.8815106889674602,-0.02657944518643345,0.022781753493994198
cs_base,LVA,Latvia,High income,dy_bar,4.3734863897695915,1.3564328321672547,3.2242557729760994,0.003902378914627161,1.7148780387217721,7.032094740817411
cs_base,LVA,Latvia,High income,"L(dy_bar, 1)",2.57448453699526,1.5696445155313394,1.6401704408362632,0.11519139772782566,-0.5020187134461653,5.650987787436685
cs_base,LVA,Latvia,High income,dd_bar,0.10997162346042105,0.054969731858417796,2.0005850445781377,0.05792814971697171,0.0022309490179221736,0.21771229790291993
cs_base,LVA,Latvia,High income,"L(dd_bar, 1)",-0.0805152711524978,0.04943223197472314,-1.6288010461204498,0.11759216892172895,-0.17740244582295517,0.016371903517959557
cs_base,MAR,Morocco,Lower middle income,(Intercept),-0,0,NA,NA,-0,0
cs_base,MAR,Morocco,Lower middle income,"L(dy, 1)",NA,NA,NA,NA,NA,NA
cs_base,MAR,Morocco,Lower middle income,dd,-0,0,NA,NA,-0,0
cs_base,MAR,Morocco,Lower middle income,"L(dd, 1)",-0,0,NA,NA,-0,0
cs_base,MAR,Morocco,Lower middle income,dy_bar,-0,0,NA,NA,-0,0
cs_base,MAR,Morocco,Lower middle income,"L(dy_bar, 1)",-0,0,NA,NA,-0,0
cs_base,MAR,Morocco,Lower middle income,dd_bar,0,0,NA,NA,0,0
cs_base,MAR,Morocco,Lower middle income,"L(dd_bar, 1)",0,0,NA,NA,0,0
cs_base,MDA,Moldova,Lower middle income,(Intercept),8.717685912208439e-4,0.0014188605310847201,0.6144145757260412,0.5452438318950924,-0.0019091980497052078,0.0036527352321468953
cs_base,MDA,Moldova,Lower middle income,"L(dy, 1)",0.3296824088343476,0.1936490394683295,1.7024737625319633,0.10275631823142686,-0.04986970852357825,0.7092345261922735
cs_base,MDA,Moldova,Lower middle income,dd,-0.014590909488739217,0.007831258046605595,-1.8631629045940512,0.075844636695545,-0.02994017526008618,7.583562826077497e-4
cs_base,MDA,Moldova,Lower middle income,dy_bar,0.9051824666664866,0.7918900247507504,1.143065878309801,0.2652982567787371,-0.6469219818449842,2.4572869151779573
cs_base,MDA,Moldova,Lower middle income,"L(dy_bar, 1)",1.4021129813700377,0.7820651233060749,1.7928340487078545,0.08676156236886849,-0.13073466030986913,2.9349606230499443
cs_base,MDA,Moldova,Lower middle income,dd_bar,0.049970398690613045,0.03394932316686945,1.4719114853923885,0.15520650953060586,-0.016570274716451082,0.11651107209767717
cs_base,MDA,Moldova,Lower middle income,"L(dd_bar, 1)",-0.03526375197405857,0.028115248824743064,-1.2542571539692158,0.222911854419993,-0.09036963967055497,0.019842135722437836
cs_base,MDG,Madagascar,Low income,(Intercept),-0.0025975925403201243,0.0027181247349156827,-0.9556561209103976,0.3491835409355337,-0.007925117020754862,0.002729931940114614
cs_base,MDG,Madagascar,Low income,"L(dy, 1)",0.4781974851237896,0.1662233913439647,2.8768362939621386,0.00851752573688056,0.15239963808961882,0.8039953321579605
cs_base,MDG,Madagascar,Low income,dd,-0.02890821579448487,0.019812648611407593,-1.4590788117970404,0.1580666420348413,-0.06774100707284375,0.009924575483874012
cs_base,MDG,Madagascar,Low income,dy_bar,1.4473504473945262,1.4459068046128167,1.0009984341847649,0.32724317463358144,-1.3866268896465945,4.281327784435647
cs_base,MDG,Madagascar,Low income,"L(dy_bar, 1)",-2.3817215453019283,1.440138006291403,-1.653814797538231,0.11175063397072008,-5.204392037633078,0.4409489470292218
cs_base,MDG,Madagascar,Low income,dd_bar,0.04771922037569958,0.062472232707067664,0.7638468853747398,0.4527237128097156,-0.07472635573015304,0.1701647964815522
cs_base,MDV,Maldives,Lower middle income,(Intercept),-0.0021425344304981655,9.902163990833284e-4,-2.163703239495499,0.041118506660457174,-0.004083358572701489,-2.017102882948419e-4
cs_base,MDV,Maldives,Lower middle income,"L(dy, 1)",0.7036622962698365,0.12086644087786828,5.821816967216441,6.227926664123679e-6,0.4667640721492146,0.9405605203904583
cs_base,MDV,Maldives,Lower middle income,dd,0.007959960869936446,0.007925698360428876,1.0043229641035336,0.3256728356485694,-0.00757440791650415,0.023494329656377044
cs_base,MDV,Maldives,Lower middle income,dy_bar,0.6767952950148692,0.39568450902817803,1.7104417271151557,0.10064164753425459,-0.09874634268035964,1.4523369327100981
cs_base,MDV,Maldives,Lower middle income,dd_bar,-0.0028848519107694576,0.016301501383297563,-0.17696847934051416,0.8610823078482596,-0.034835794622032686,0.029066090800493768
cs_base,MDV,Maldives,Lower middle income,"L(dd_bar, 1)",0.031182391106386327,0.013939531657256417,2.236975522068842,0.03527223248971481,0.0038609090581637508,0.05850387315460891
cs_base,MEX,Mexico,Upper middle income,(Intercept),0.006446275363206854,0.0017979061245717363,3.5854348984668847,0.0024741858978294304,0.0029223793590462508,0.009970171367367458
cs_base,MEX,Mexico,Upper middle income,"L(dy, 1)",0.22842980097584042,0.16958116567499207,1.3470234154047138,0.19674251053656416,-0.10394928374714402,0.5608088856988249
cs_base,MEX,Mexico,Upper middle income,"L(dy, 2)",-0.8658136704566058,0.1712509652313465,-5.055817754293882,1.1695465229844171e-4,-1.201465562310045,-0.5301617786031667
cs_base,MEX,Mexico,Upper middle income,dd,0.005988765715615774,0.019212078269260323,0.311718786051268,0.7592793870295578,-0.031666907692134455,0.043644439123366005
cs_base,MEX,Mexico,Upper middle income,"L(dd, 1)",0.006719042627577778,0.016279672085137614,0.41272591932068886,0.6852851081127764,-0.025189114659291946,0.0386271999144475
cs_base,MEX,Mexico,Upper middle income,"L(dd, 2)",-4.403524871545806e-4,0.01925363034588132,-0.022871140623554116,0.98203586935586,-0.038177467965081965,0.03729676299077281
cs_base,MEX,Mexico,Upper middle income,dy_bar,1.045859404353634,1.1451099737138626,0.9133266047466729,0.37462873093657334,-1.1985561441255366,3.290274952832805
cs_base,MEX,Mexico,Upper middle income,"L(dy_bar, 1)",-1.3059213675781365,1.059318078569203,-1.2327943740392076,0.23545984738641687,-3.382184801573774,0.7703420664175011
cs_base,MEX,Mexico,Upper middle income,"L(dy_bar, 2)",-1.1253526377262684,1.1114191707619532,-1.0125366444370065,0.326349581241422,-3.3037342124196964,1.05302893696716
cs_base,MEX,Mexico,Upper middle income,dd_bar,-0.08175673699478014,0.04370783211517726,-1.8705283020978443,0.07981710880655778,-0.16742408794052757,0.003910613950967284
cs_base,MEX,Mexico,Upper middle income,"L(dd_bar, 1)",-0.02347641785926516,0.05077769119551606,-0.46233724508802104,0.6500644153153063,-0.12300069260247663,0.07604785688394632
cs_base,MEX,Mexico,Upper middle income,"L(dd_bar, 2)",-0.05253108939245032,0.04060695173766013,-1.2936476919475681,0.214151581366124,-0.13212071479826418,0.027058536013363534
cs_base,MKD,North Macedonia,Lower middle income,(Intercept),9.958075802687914e-4,0.001915244071182105,0.5199376911028214,0.6080755894555383,-0.0027580707992481347,0.004749685959785718
cs_base,MKD,North Macedonia,Lower middle income,"L(dy, 1)",-0.11314595550560878,0.15421814016679453,-0.7336747504751118,0.4705601872245311,-0.41541351023252604,0.18912159922130845
cs_base,MKD,North Macedonia,Lower middle income,dd,-0.012267144980595687,0.00952333673000413,-1.2881141692645333,0.21051520154378414,-0.030932884971403785,0.006398595010212409
cs_base,MKD,North Macedonia,Lower middle income,"L(dd, 1)",-0.03933617094681616,0.009299630541240717,-4.229863839469056,3.1750633333124033e-4,-0.05756344680764797,-0.02110889508598435
cs_base,MKD,North Macedonia,Lower middle income,dy_bar,1.4637621132830128,0.9637337272954516,1.5188449587530806,0.14242916252283144,-0.42515599221607236,3.3526802187820977
cs_base,MKD,North Macedonia,Lower middle income,dd_bar,0.0059515583401102915,0.03525400344247661,0.16881936117755686,0.8674146081862668,-0.06314628840714386,0.07504940508736445
cs_base,MLI,Mali,Low income,(Intercept),-0.0019016799486759027,0.0012154563762213524,-1.5645809968004798,0.1313372506749708,-0.0042839744460697535,4.806145487179479e-4
cs_base,MLI,Mali,Low income,"L(dy, 1)",0.7016096994511061,0.11922506105306303,5.88475017965261,5.350983535856835e-6,0.46792857978710256,0.9352908191151096
cs_base,MLI,Mali,Low income,dd,-0.006184209885751612,0.0057592956178334626,-1.0737788604916227,0.29405868712895045,-0.0174724292967052,0.0051040095252019736
cs_base,MLI,Mali,Low income,dy_bar,-0.5905807382400903,0.562117082529043,-1.0506365250153675,0.30433995708302647,-1.6923302199970145,0.511168743516834
cs_base,MLI,Mali,Low income,dd_bar,-0.012072807214419267,0.026489758286729656,-0.45575377033422293,0.6528408627568596,-0.06399273345640939,0.03984711902757086
cs_base,MLI,Mali,Low income,"L(dd_bar, 1)",0.0749402468336464,0.022662761063573855,3.3067571344649096,0.0030796963885920013,0.030521235149041648,0.11935925851825116
cs_base,MLT,Malta,High income,(Intercept),0.0018315332869880767,0.0011174357475423153,1.639050201334927,0.11481124442275471,-3.5864077819486133e-4,0.004021707352171015
cs_base,MLT,Malta,High income,"L(dy, 1)",-0.6530484931947413,0.16211669812708057,-4.028261744406042,5.24404287914685e-4,-0.9707972215238192,-0.33529976486566343
cs_base,MLT,Malta,High income,dd,1.0969044024062796e-4,0.013743191570192782,0.007981438640390668,0.9937006270534277,-0.026826965037337225,0.02704634591781848
cs_base,MLT,Malta,High income,dy_bar,-0.9405740791513808,0.6215636902165294,-1.5132384564222539,0.14384018743158453,-2.1588389119757783,0.27769075367301665
cs_base,MLT,Malta,High income,dd_bar,0.07691390478594828,0.02390998139387147,3.2168115699856883,0.003821920626658371,0.0300503412539602,0.12377746831793637
cs_base,MLT,Malta,High income,"L(dd_bar, 1)",-0.06024243186947306,0.023103027222379606,-2.607555767025933,0.01574122745486625,-0.10552436522533709,-0.014960498513609033
cs_base,MMR,Myanmar,Low income,(Intercept),-0.001609587265880497,0.0018802286024794423,-0.8560593449955752,0.40079590543025834,-0.005294835326740204,0.00207566079497921
cs_base,MMR,Myanmar,Low income,"L(dy, 1)",0.39717516012321535,0.1745782069432511,2.2750557877611968,0.03254205891212669,0.055001874514443216,0.7393484457319874
cs_base,MMR,Myanmar,Low income,dd,-0.004344665870927373,0.009230908416793715,-0.470665039100936,0.6423129983893023,-0.022437246367843056,0.01374791462598831
cs_base,MMR,Myanmar,Low income,dy_bar,0.7919421183338186,0.9474340128409356,0.8358810298135005,0.4118218162104339,-1.0650285468344154,2.6489127835020523
cs_base,MMR,Myanmar,Low income,dd_bar,0.02198391735873258,0.03989168511575499,0.5510902157916151,0.5868859424003715,-0.05620378546814721,0.10017162018561236
cs_base,MMR,Myanmar,Low income,"L(dd_bar, 1)",-0.06573499867592479,0.037513281216747844,-1.7523126888345169,0.09304339189682968,-0.13926102986075056,0.00779103250890098
cs_base,MRT,Mauritania,Low income,(Intercept),-0.004794299639412818,0.0043842702398252005,-1.0935228389580212,0.28548545095409195,-0.01338746930947021,0.0037988700306445747
cs_base,MRT,Mauritania,Low income,"L(dy, 1)",0.37523377450191264,0.17452425556374263,2.1500379605679716,0.04230113339714428,0.033166233596977124,0.7173013154068482
cs_base,MRT,Mauritania,Low income,dd,-0.016514249311010594,0.012853055245102392,-1.2848500995359284,0.2116342446120769,-0.04170623759141128,0.008677738969390093
cs_base,MRT,Mauritania,Low income,"L(dd, 1)",-0.02329363595949745,0.013874506713139117,-1.6788802975920178,0.10671191943902034,-0.05048766911725012,0.0039003971982552177
cs_base,MRT,Mauritania,Low income,dy_bar,-1.824366937885267,2.3368692632792594,-0.7806884906026736,0.4429471034704986,-6.404630693912615,2.755896818142082
cs_base,MRT,Mauritania,Low income,dd_bar,0.051044564024307466,0.07630145690547174,0.6689854439810434,0.5101645031415113,-0.09850629151041715,0.20059541955903207
cs_base,MUS,Mauritius,Upper middle income,(Intercept),2.669482905890382e-4,4.632449166895626e-4,0.5762573553892445,0.5698065435236643,-6.410117461225045e-4,0.0011749083273005809
cs_base,MUS,Mauritius,Upper middle income,"L(dy, 1)",0.717393547397221,0.1329727599191396,5.395041419261105,1.5337983081461054e-5,0.45676693795570744,0.9780201568387347
cs_base,MUS,Mauritius,Upper middle income,dd,-0.004263743269346103,0.0048978106381094635,-0.8705406526275773,0.3926294253206971,-0.013863452120040651,0.005335965581348445
cs_base,MUS,Mauritius,Upper middle income,dy_bar,-0.22916434915599876,0.23778596186919002,-0.9637421290751632,0.34478610307700996,-0.6952248344196112,0.23689613610761368
cs_base,MUS,Mauritius,Upper middle income,dd_bar,-0.00863868961656146,0.007992795768085233,-1.0808095023590172,0.2905233577363776,-0.024304569322008515,0.007027190088885596
cs_base,MWI,Malawi,Low income,(Intercept),-0.0026676344255563756,0.0029028896105131327,-0.9189582738162847,0.36726157208569343,-0.008357298062162115,0.003022029211049364
cs_base,MWI,Malawi,Low income,"L(dy, 1)",0.8119040102030237,0.13088282400258466,6.203289212242168,2.071294152142582e-6,0.5553736751579578,1.0684343452480896
cs_base,MWI,Malawi,Low income,dd,-0.003155968459766497,0.009267468765987176,-0.3405426594313773,0.7364108066658701,-0.021320207241101362,0.015008270321568366
cs_base,MWI,Malawi,Low income,dy_bar,-0.2688695797859442,1.3195269299856176,-0.20376210115611268,0.8402572938993239,-2.8551423625577548,2.3174032029858664
cs_base,MWI,Malawi,Low income,dd_bar,-0.055725145769898676,0.055553558879522,-1.0030886750342816,0.32582501065849834,-0.16461012117376178,0.05315982963396444
cs_base,MYS,Malaysia,Upper middle income,(Intercept),-0.00401970552074146,0.0016272345632549069,-2.4702680311195993,0.02134603414933777,-0.007209085264721077,-8.303257767618422e-4
cs_base,MYS,Malaysia,Upper middle income,"L(dy, 1)",-0.29607936796851797,0.18296706536626853,-1.618211274120936,0.1192503858347439,-0.6546948160864043,0.06253608014936834
cs_base,MYS,Malaysia,Upper middle income,dd,-0.008370148624721142,0.0217161553483888,-0.38543418438670146,0.7034574687158879,-0.050933813107563196,0.03419351585812091
cs_base,MYS,Malaysia,Upper middle income,dy_bar,1.7566401769369593,0.8948302150867049,1.9630988620190357,0.06183884988354037,0.0027729553670177154,3.510507398506901
cs_base,MYS,Malaysia,Upper middle income,dd_bar,-0.01876249905754423,0.034056733742724554,-0.5509189225039061,0.5870014519192105,-0.08551369719328436,0.04798869907819589
cs_base,MYS,Malaysia,Upper middle income,"L(dd_bar, 1)",-0.08028869257205293,0.03513294803567195,-2.2852819663904227,0.03184247704929311,-0.14914927072196993,-0.011428114422135913
cs_base,NAM,Namibia,Lower middle income,(Intercept),-7.969307501083568e-4,6.558609817624566e-4,-1.2150909602318647,0.23665826883732044,-0.0020824182743627716,4.885567741460581e-4
cs_base,NAM,Namibia,Lower middle income,"L(dy, 1)",0.865819726438604,0.14767712206457012,5.862923886477381,5.639915498127813e-6,0.5763725671920465,1.1552668856851616
cs_base,NAM,Namibia,Lower middle income,dd,7.540996298048613e-4,0.002298997909170701,0.32801231649526885,0.7458696853114681,-0.003751936272169713,0.005260135531779436
cs_base,NAM,Namibia,Lower middle income,"L(dd, 1)",0.004672372335758971,0.002307579587873507,2.0247935803872665,0.054649654119700984,1.495163435268976e-4,0.009195228327991044
cs_base,NAM,Namibia,Lower middle income,dy_bar,-0.13728591939197635,0.19874525807934587,-0.690763244963395,0.49662715904400356,-0.5268266252274942,0.2522547864435416
cs_base,NAM,Namibia,Lower middle income,dd_bar,-0.0013137627326209281,0.006381917482822692,-0.2058570541153185,0.8387138185601115,-0.013822320998953405,0.011194795533711548
cs_base,NER,Niger,Low income,(Intercept),-1.1649504491164141e-4,0.0013523842431568598,-0.08614049261599496,0.9321002453498055,-0.0027671681614990866,0.0025341780716758035
cs_base,NER,Niger,Low income,"L(dy, 1)",0.49774988162536743,0.14414803007709376,3.4530467142642123,0.002161513772091564,0.2152197426742637,0.7802800205764712
cs_base,NER,Niger,Low income,dd,0.021175571405749456,0.008215699186632335,2.577452134591779,0.01683736242317607,0.00507280099995008,0.037278341811548835
cs_base,NER,Niger,Low income,"L(dd, 1)",0.010669109263182961,0.0076868394266364996,1.387970877368958,0.17844572432039735,-0.004397096013024578,0.0257353145393905
cs_base,NER,Niger,Low income,dy_bar,0.8310839949039835,0.7432915400083246,1.118113082377711,0.2750617509631689,-0.6257674235123328,2.2879354133203
cs_base,NER,Niger,Low income,dd_bar,0.009435479907663994,0.03620675560138273,0.2605999833717124,0.7967200209639296,-0.06152976107104616,0.08040072088637415
cs_base,NGA,Nigeria,Low income,(Intercept),-3.776618131747649e-4,3.3092556116860543e-4,-1.1412288970399223,0.2650344709846487,-0.0010262759130652316,2.709522867157017e-4
cs_base,NGA,Nigeria,Low income,"L(dy, 1)",0.7468806667347481,0.13440985429877741,5.556740394008013,1.0228515917438661e-5,0.48343735230914436,1.0103239811603517
cs_base,NGA,Nigeria,Low income,dd,0.001888992006702786,0.001277286251347258,1.4789104671801736,0.15217059597950727,-6.144890459378394e-4,0.004392473059343411
cs_base,NGA,Nigeria,Low income,dy_bar,0.030975800833191923,0.19013064274327768,0.16291850901181007,0.8719466385640242,-0.34168025894363235,0.40363186061001616
cs_base,NGA,Nigeria,Low income,dd_bar,5.047225409963617e-4,0.007186879121961134,0.07022833310971767,0.9445938323835832,-0.013581560538047462,0.014591005620040185
cs_base,NLD,Netherlands,High income,(Intercept),7.648276924592774e-4,8.855493469498232e-4,0.8636759714110137,0.39668358790108793,-9.708490275623761e-4,0.0025005044124809307
cs_base,NLD,Netherlands,High income,"L(dy, 1)",-0.39617965368794456,0.14614001103332072,-2.71095951674462,0.012464855880497826,-0.6826140753132532,-0.10974523206263592
cs_base,NLD,Netherlands,High income,dd,-0.03648327605016452,0.013167533013084872,-2.7706994175682165,0.010876964779645342,-0.06229164075581087,-0.010674911344518173
cs_base,NLD,Netherlands,High income,dy_bar,1.1466751537527733,0.49055693312858917,2.3374965805491867,0.028480084712333934,0.1851835648207385,2.108166742684808
cs_base,NLD,Netherlands,High income,"L(dy_bar, 1)",-1.0152849139351137,0.5031240003253726,-2.017961602464848,0.05540748346058035,-2.0014079545728443,-0.02916187329738329
cs_base,NLD,Netherlands,High income,dd_bar,-0.02736378694584774,0.0155373745699528,-1.7611589926373814,0.09150238165831093,-0.05781704110295523,0.0030894672112597443
cs_base,NOR,Norway,High income,(Intercept),0.004053690300000042,0.0032642405979979713,1.2418478902830437,0.22629216082871362,-0.002344221272075982,0.010451601872076065
cs_base,NOR,Norway,High income,"L(dy, 1)",-0.3428419801863537,0.18417040073767635,-1.861547668969248,0.07495840284508073,-0.7038159656321994,0.018132005259491935
cs_base,NOR,Norway,High income,dd,-0.007866759015145879,0.020025568445682842,-0.39283574079225764,0.6979083330678406,-0.04711687316868425,0.031383355138392494
cs_base,NOR,Norway,High income,dy_bar,3.055646284180576,1.604575624670577,1.904332982004452,0.06892168466515332,-0.08932194017375483,6.2006145085349065
cs_base,NOR,Norway,High income,dd_bar,-0.06659414466598235,0.055963284043508095,-1.1899613434802967,0.2457002519620817,-0.17628218139125823,0.04309389205929352
cs_base,NPL,Nepal,Low income,(Intercept),-2.1790291338335998e-4,4.3584168193360633e-4,-0.49995886675325857,0.6220680511536459,-0.0010721526099732284,6.363467832065084e-4
cs_base,NPL,Nepal,Low income,"L(dy, 1)",0.6240740337639928,0.15742798147398898,3.964187483831173,6.581417496687492e-4,0.3155151900749744,0.9326328774530113
cs_base,NPL,Nepal,Low income,dd,0.007159231126185775,0.0056833136570153915,1.2596931224002628,0.22098035825243634,-0.003980063641564392,0.018298525893935942
cs_base,NPL,Nepal,Low income,dy_bar,0.541715880881383,0.29138566222503776,1.8591027325943537,0.07644070018190316,-0.029400017079690977,1.112831778842457
cs_base,NPL,Nepal,Low income,"L(dy_bar, 1)",-0.4093230088191773,0.3065419252308305,-1.3352920926263223,0.1954335664366027,-1.0101451822716052,0.1914991646332505
cs_base,NPL,Nepal,Low income,dd_bar,-0.009184447000123034,0.009653210809080727,-0.9514395968109669,0.3517179685973574,-0.02810474018592126,0.009735846185675192
cs_base,NPL,Nepal,Low income,"L(dd_bar, 1)",0.019507284308087833,0.009026218004313935,2.161180274924076,0.041834013831513174,0.0018158970196325182,0.03719867159654315
cs_base,NZL,New Zealand,High income,(Intercept),0.0018020353389190404,0.0031114538384402323,0.5791618428195606,0.5705447564315178,-0.004296414184423815,0.007900484862261895
cs_base,NZL,New Zealand,High income,"L(dy, 1)",-0.19710237098851005,0.16584513601428855,-1.1884724250913727,0.2519890162225203,-0.5221588375765156,0.12795409559949547
cs_base,NZL,New Zealand,High income,"L(dy, 2)",-0.5246716681765278,0.22534978675994172,-2.328254558037122,0.03333770858217503,-0.9663572502260136,-0.082986086127042
cs_base,NZL,New Zealand,High income,dd,0.18828209775600976,0.05991238115540983,3.142624180928731,0.006291815674095481,0.0708538306914065,0.30571036482061303
cs_base,NZL,New Zealand,High income,"L(dd, 1)",0.08577889802532575,0.0809735822485143,1.0593442409656961,0.30517418694885545,-0.07292932318176228,0.24448711923241379
cs_base,NZL,New Zealand,High income,"L(dd, 2)",-0.20010278631163755,0.06504065195696479,-3.0765802662008803,0.007225643800239485,-0.32758246414728853,-0.07262310847598658
cs_base,NZL,New Zealand,High income,dy_bar,7.8981051549478405,2.223257912466471,3.5524916433045424,0.002652512020973252,3.540519646513557,12.255690663382124
cs_base,NZL,New Zealand,High income,"L(dy_bar, 1)",-0.23608234299776737,2.0605740221222133,-0.11457115369950309,0.9102104974786404,-4.274807426357306,3.802642740361771
cs_base,NZL,New Zealand,High income,"L(dy_bar, 2)",-0.5879145663534814,2.638379907127698,-0.2228316569441742,0.8264863210543857,-5.759139184323769,4.583310051616807
cs_base,NZL,New Zealand,High income,dd_bar,-0.04371263608831537,0.10374214614905353,-0.42135850964091676,0.6790994269305195,-0.2470472425404603,0.15962197036382952
cs_base,NZL,New Zealand,High income,"L(dd_bar, 1)",0.12720852321659287,0.08956548541885784,1.420285086623439,0.17471778383597852,-0.048339828204368496,0.30275687463755424
cs_base,NZL,New Zealand,High income,"L(dd_bar, 2)",0.05528748491435513,0.08445223017106847,0.6546598568488182,0.5219873386487603,-0.11023888622093907,0.22081385604964932
cs_base,OMN,Oman,Upper middle income,(Intercept),-0,0,NA,NA,-0,0
cs_base,OMN,Oman,Upper middle income,"L(dy, 1)",NA,NA,NA,NA,NA,NA
cs_base,OMN,Oman,Upper middle income,dd,0,0,NA,NA,0,0
cs_base,OMN,Oman,Upper middle income,"L(dd, 1)",0,0,NA,NA,0,0
cs_base,OMN,Oman,Upper middle income,dy_bar,-0,0,NA,NA,-0,0
cs_base,OMN,Oman,Upper middle income,"L(dy_bar, 1)",-0,0,NA,NA,-0,0
cs_base,OMN,Oman,Upper middle income,dd_bar,0,0,NA,NA,0,0
cs_base,OMN,Oman,Upper middle income,"L(dd_bar, 1)",-0,0,NA,NA,-0,0
cs_base,PAK,Pakistan,Low income,(Intercept),3.864067225896165e-4,0.0014910297771882296,0.25915426271251185,0.7978216232399361,-0.002536011640699314,0.0033088250858785465
cs_base,PAK,Pakistan,Low income,"L(dy, 1)",0.22154736867944036,0.17571969604274906,1.260799862899503,0.22002125822788077,-0.1228632355643478,0.5659579729232285
cs_base,PAK,Pakistan,Low income,dd,-0.05538097984536636,0.024977750979689115,-2.2172124259866273,0.03676983186262551,-0.10433737176555702,-0.0064245879251756954
cs_base,PAK,Pakistan,Low income,dy_bar,-0.5355686500326401,0.8254159241070684,-0.648847004753411,0.5228638636996711,-2.153383861282494,1.082246561217214
cs_base,PAK,Pakistan,Low income,"L(dy_bar, 1)",1.1642867332918034,0.8379102462077272,1.3895124669512202,0.17798275905561975,-0.4780173492753419,2.8065908158589488
cs_base,PAK,Pakistan,Low income,dd_bar,0.06516017974714029,0.02974266018154567,2.190798649125878,0.03886149617221593,0.006864565791310777,0.1234557937029698
cs_base,PAN,Panama,Upper middle income,(Intercept),-4.379243550384175e-4,7.400628794386017e-4,-0.5917393875647688,0.5597972007898003,-0.0018884475987380766,0.0010125988886612418
cs_base,PAN,Panama,Upper middle income,"L(dy, 1)",0.24159238927099608,0.21166253107124539,1.141403667660368,0.2654470139373685,-0.17326617162864488,0.656450950170637
cs_base,PAN,Panama,Upper middle income,dd,0.001940544943946702,0.010408921754603583,0.18643092816875598,0.8537414389479443,-0.01846094169507632,0.022342031582969723
cs_base,PAN,Panama,Upper middle income,dy_bar,2.1748699630764357,0.4169040538467233,5.216715795898777,2.7293496605343166e-5,1.357738017536858,2.9920019086160132
cs_base,PAN,Panama,Upper middle income,"L(dy_bar, 1)",-1.5015422431626286,0.5690967513165545,-2.638465673348064,0.014685571278701149,-2.6169718757430753,-0.38611261058218194
cs_base,PAN,Panama,Upper middle income,dd_bar,-0.01128572166097042,0.011054688180281177,-1.0208991404299714,0.3179211446142647,-0.03295291049432153,0.010381467172380688
cs_base,PHL,Philippines,Lower middle income,(Intercept),-0.0016592589693294607,0.0012406621168017612,-1.3373979481269072,0.19416924385873896,-0.004090956718260912,7.724387796019913e-4
cs_base,PHL,Philippines,Lower middle income,"L(dy, 1)",0.3497962279765331,0.1984750538411332,1.7624191111519887,0.09128466004889016,-0.03921487755208797,0.7388073335051542
cs_base,PHL,Philippines,Lower middle income,dd,-0.008435597221377803,0.016262561690016098,-0.5187126962018892,0.6089162102644459,-0.040310218133809354,0.023439023691053752
cs_base,PHL,Philippines,Lower middle income,"L(dd, 1)",-0.026096073433296164,0.016325013010108927,-1.5985330864445075,0.12357300182093896,-0.058093098933109655,0.005900952066517331
cs_base,PHL,Philippines,Lower middle income,dy_bar,0.793455001286059,0.6871026498972024,1.1547837887174035,0.260036275501511,-0.5532661925124577,2.1401761950845755
cs_base,PHL,Philippines,Lower middle income,dd_bar,-0.006590714592775469,0.021056421034079797,-0.31300260296412213,0.7570993071989128,-0.047861299819571865,0.034679870634020935
cs_base,POL,Poland,High income,(Intercept),0.004719168732733999,0.0014351692394257366,3.288231522173865,0.003354386579865496,0.001906237023459555,0.007532100442008442
cs_base,POL,Poland,High income,"L(dy, 1)",-0.269462580720605,0.1606911412777448,-1.6768975475434296,0.1077160514021063,-0.5844172176249849,0.045492056183774776
cs_base,POL,Poland,High income,dd,-0.04519058636985965,0.013976477488758424,-3.233331603489319,0.0038196562195916216,-0.07258448224782615,-0.017796690491893138
cs_base,POL,Poland,High income,"L(dd, 1)",0.003954179595331063,0.003077332482926585,1.2849373986299277,0.21217846166324217,-0.0020773920712050436,0.009985751261867168
cs_base,POL,Poland,High income,dy_bar,0.11014303372469478,0.7360082463307435,0.1496491843315561,0.8824048453993558,-1.3324331290835625,1.5527191965329519
cs_base,POL,Poland,High income,"L(dy_bar, 1)",1.318945370177933,0.7138766065621234,1.8475817221826207,0.07815435043836746,-0.08025277868382874,2.7181435190396948
cs_base,POL,Poland,High income,dd_bar,-0.020004334057711792,0.02085498128572841,-0.9592113166460265,0.34787630729128804,-0.06088009737773948,0.020871429262315895
cs_base,PRT,Portugal,High income,(Intercept),0.001657066489061173,0.0015267651695694182,1.0853447027014003,0.2885511380749079,-0.0013353932432948867,0.004649526221417233
cs_base,PRT,Portugal,High income,"L(dy, 1)",-0.3847833647786041,0.17201377420780103,-2.23693344646788,0.03484362043669331,-0.7219303622258941,-0.047636367331314045
cs_base,PRT,Portugal,High income,dd,-0.0024261972316424294,0.02393033227026105,-0.10138585642028623,0.9200864420730201,-0.04932964848135409,0.04447725401806923
cs_base,PRT,Portugal,High income,dy_bar,2.6548894527917666,0.7508809659905875,3.5356994957108108,0.0016864907950606247,1.183162759450215,4.126616146133318
cs_base,PRT,Portugal,High income,dd_bar,-0.004756724637715066,0.024136520937362915,-0.19707581925577927,0.8454276825921868,-0.052064305674946375,0.042550856399516244
cs_base,PRY,Paraguay,Lower middle income,(Intercept),1.91177880981242e-6,5.685563115102344e-4,0.0033625144442319794,0.9973488448812369,-0.0011124585917502469,0.0011162821493698718
cs_base,PRY,Paraguay,Lower middle income,"L(dy, 1)",0.10133048604635196,0.17784136808883122,0.5697801762058966,0.5748721797812285,-0.24723859540775722,0.4498995675004612
cs_base,PRY,Paraguay,Lower middle income,dd,0.005505871092738668,0.003792743760743078,1.4516854921039941,0.16136587122214122,-0.001927906678317764,0.0129396488637951
cs_base,PRY,Paraguay,Lower middle income,"L(dd, 1)",0.009099724932213475,0.0036155276552445503,2.5168456169914095,0.020034785401173042,0.0020132907279341566,0.016186159136492795
cs_base,PRY,Paraguay,Lower middle income,dy_bar,2.3733574009193577,0.35763764441926527,6.636206892518917,1.4344176298499612e-6,1.6723876178575976,3.0743271839811177
cs_base,PRY,Paraguay,Lower middle income,"L(dy_bar, 1)",-1.2707478156430372,0.46488810170489403,-2.733448782584017,0.01244957447333465,-2.1819284949846294,-0.3595671363014449
cs_base,PRY,Paraguay,Lower middle income,dd_bar,-0.017430096605600996,0.01204098152551463,-1.4475644339015823,0.16250394202782284,-0.04103042039560967,0.006170227184407677
cs_base,PRY,Paraguay,Lower middle income,"L(dd_bar, 1)",-0.018239050726822467,0.012162695102046442,-1.4995895707155928,0.14860523666879993,-0.04207793312683349,0.00559983167318856
cs_base,QAT,Qatar,High income,(Intercept),1.4710323310775076e-4,1.3804685391500035e-4,1.065603662350224,0.29815852902770423,-1.2346860056564995e-4,4.1767506678115147e-4
cs_base,QAT,Qatar,High income,"L(dy, 1)",0.6138702171607939,0.1253326364188577,4.89792790370466,6.747633095629682e-5,0.36821824977983286,0.859522184541755
cs_base,QAT,Qatar,High income,dd,6.15842191447185e-4,5.925722350675059e-4,1.0392694004251284,0.30996732121857123,-5.455993892851266e-4,0.0017772837721794967
cs_base,QAT,Qatar,High income,"L(dd, 1)",0.001006174507537331,5.443686825668053e-4,1.8483328298626962,0.07804161929082833,-6.078811029360735e-5,0.0020731371253682697
cs_base,QAT,Qatar,High income,dy_bar,-0.21472437374422032,0.07011868022238184,-3.062299134313718,0.005705738628510251,-0.3521569869800887,-0.07729176050835193
cs_base,QAT,Qatar,High income,dd_bar,-0.0019971031799421424,0.004429212498636109,-0.45089351223431073,0.656479021881896,-0.010678359677268916,0.006684153317384631
cs_base,QAT,Qatar,High income,"L(dd_bar, 1)",-0.005944514871438008,0.0039054254577589073,-1.522117099848377,0.14222471716971422,-0.013599148768645467,0.0017101190257694503
cs_base,ROU,Romania,Upper middle income,(Intercept),0.008724635988552302,0.0032689380603494445,2.6689511478904104,0.014744917096019435,0.002317517390267391,0.015131754586837213
cs_base,ROU,Romania,Upper middle income,"L(dy, 1)",-0.33364137970181995,0.15921949048772696,-2.0954807648221805,0.04905885803125188,-0.6457115810577647,-0.02157117834587513
cs_base,ROU,Romania,Upper middle income,dd,-0.03568743364527267,0.01951383337868217,-1.828827424767258,0.08237827216011219,-0.07393454706748973,0.002559679776944379
cs_base,ROU,Romania,Upper middle income,dy_bar,0.1771258875280709,2.0054940988728793,0.08832032346922315,0.9305004758429719,-3.7536425462627725,4.1078943213189145
cs_base,ROU,Romania,Upper middle income,"L(dy_bar, 1)",1.183413601798553,1.8244781258286331,0.6486312908032678,0.5239552560079432,-2.392563524825568,4.759390728422674
cs_base,ROU,Romania,Upper middle income,"L(dy_bar, 2)",5.595266411680138,1.9715000238397278,2.8380757514690256,0.010162592019704573,1.7311263649542714,9.459406458406004
cs_base,ROU,Romania,Upper middle income,dd_bar,0.044726929023893205,0.07559645360501624,0.5916537997613863,0.5607113888129882,-0.10344212004193863,0.19289597808972503
cs_base,ROU,Romania,Upper middle income,"L(dd_bar, 1)",-0.13599160650304054,0.06885100191896089,-1.975157989176477,0.06221501382703657,-0.2709395702642039,-0.0010436427418772098
cs_base,RUS,Russian Federation,Upper middle income,(Intercept),0.005638672445206116,0.004106944604583428,1.3729604336306973,0.18300368341201373,-0.002410938979777403,0.013688283870189635
cs_base,RUS,Russian Federation,Upper middle income,"L(dy, 1)",-0.3314652783259604,0.15346679433128077,-2.1598501471949922,0.041448904978563135,-0.6322601952152707,-0.030670361436650084
cs_base,RUS,Russian Federation,Upper middle income,dd,-0.04439184116007215,0.017122218438534245,-2.5926454167975406,0.01627551127561571,-0.07795138929959927,-0.01083229302054503
cs_base,RUS,Russian Federation,Upper middle income,dy_bar,1.828471441827809,2.130657215068931,0.8581725060681121,0.3996522529080747,-2.3476166997072956,6.004559583362914
cs_base,RUS,Russian Federation,Upper middle income,"L(dy_bar, 1)",8.627840226071974,2.2353564167856974,3.8597156861804924,7.965053862292996e-4,4.246541649172007,13.009138802971941
cs_base,RUS,Russian Federation,Upper middle income,dd_bar,0.11611461288323201,0.07651423093046955,1.5175557732358094,0.14275261335653772,-0.03385327974048831,0.26608250550695234
cs_base,RWA,Rwanda,Low income,(Intercept),-3.340163222218351e-4,5.551638376444379e-4,-0.6016536012847442,0.5530462643218654,-0.0014221374440049333,7.541047995612631e-4
cs_base,RWA,Rwanda,Low income,"L(dy, 1)",0.9059937025472949,0.12249301560997038,7.396288662139453,1.2295236193536534e-7,0.665907391951753,1.1460800131428368
cs_base,RWA,Rwanda,Low income,dd,0.00597349132348354,0.0029145159435822903,2.049565498736439,0.05148762286614587,2.610400740622517e-4,0.011685942572904829
cs_base,RWA,Rwanda,Low income,dy_bar,0.3558063287359719,0.2964807052068344,1.2000994415058142,0.24181345334940693,-0.22529585346942355,0.9369085109413673
cs_base,RWA,Rwanda,Low income,dd_bar,0.006880826856440265,0.011565799312770459,0.5949287784064134,0.5574592104464783,-0.015788139796589832,0.029549793509470363
cs_base,SAU,Saudi Arabia,High income,(Intercept),-0,0,NA,NA,-0,0
cs_base,SAU,Saudi Arabia,High income,"L(dy, 1)",NA,NA,NA,NA,NA,NA
cs_base,SAU,Saudi Arabia,High income,dd,-0,0,NA,NA,-0,0
cs_base,SAU,Saudi Arabia,High income,"L(dd, 1)",-0,0,NA,NA,-0,0
cs_base,SAU,Saudi Arabia,High income,dy_bar,-0,0,NA,NA,-0,0
cs_base,SAU,Saudi Arabia,High income,"L(dy_bar, 1)",-0,0,NA,NA,-0,0
cs_base,SAU,Saudi Arabia,High income,dd_bar,0,0,NA,NA,0,0
cs_base,SAU,Saudi Arabia,High income,"L(dd_bar, 1)",0,0,NA,NA,0,0
cs_base,SDN,Sudan,Low income,(Intercept),1.981950488786176e-4,2.6431403022276714e-4,0.7498468723418744,0.4609488705503051,-3.1986045035800603e-4,7.162505481152412e-4
cs_base,SDN,Sudan,Low income,"L(dy, 1)",0.7698384090706656,0.13404299613054152,5.743219946538176,7.531785461263816e-6,0.5071141366548042,1.032562681486527
cs_base,SDN,Sudan,Low income,dd,1.1646342517516592e-4,0.001228062573803839,0.09483509037689221,0.9252672039902154,-0.0022905392194803587,0.00252346606983069
cs_base,SDN,Sudan,Low income,dy_bar,-0.04340335003360085,0.132103167289265,-0.32855646782912457,0.7454636366348648,-0.30232555792056026,0.21551885785335856
cs_base,SDN,Sudan,Low income,dd_bar,-0.00927041759489754,0.0052561326579808245,-1.7637335657465747,0.09105802351437675,-0.019572437604539958,0.0010316024147448751
cs_base,SDN,Sudan,Low income,"L(dd_bar, 1)",0.010949121387590705,0.005005022150537081,2.187626959136589,0.03911977348460754,0.0011392779725380268,0.020758964802643384
cs_base,SEN,Senegal,Low income,(Intercept),-0.0024830842335276356,0.002037432708744945,-1.2187318986633973,0.23529918717289278,-0.006476452342667728,0.001510283875612457
cs_base,SEN,Senegal,Low income,"L(dy, 1)",0.421741552565116,0.1736818901624588,2.4282413795164643,0.023402050307628878,0.08132504784669675,0.7621580572835351
cs_base,SEN,Senegal,Low income,dd,-0.004154781047924771,0.004877343510669591,-0.8518532760376308,0.40307848044699945,-0.013714374328837167,0.005404812232987627
cs_base,SEN,Senegal,Low income,dy_bar,-0.8964087704013696,1.0927973713347225,-0.8202881832580842,0.4204722779759861,-3.0382916182174258,1.2454740774146869
cs_base,SEN,Senegal,Low income,"L(dy_bar, 1)",-2.027572949181183,1.157842651759794,-1.7511645007199332,0.09324502319990029,-4.296944546630379,0.24179864826801278
cs_base,SEN,Senegal,Low income,dd_bar,-0.03071521858286873,0.0334762818906543,-0.9175218049362769,0.3683909699554654,-0.09632873108855115,0.0348982939228137
cs_base,SGP,Singapore,High income,(Intercept),0.0012932040485577707,0.003213284509287147,0.40245550769628624,0.6910648508027009,-0.005004833589645037,0.007591241686760578
cs_base,SGP,Singapore,High income,"L(dy, 1)",0.04599667491706318,0.1974463831021849,0.2329577994510966,0.8178548600722011,-0.34099823596321926,0.4329915857973456
cs_base,SGP,Singapore,High income,dd,0.06849453238720242,0.05518607793411513,1.241156011648007,0.22705840124090326,-0.03967018036366324,0.17665924513806808
cs_base,SGP,Singapore,High income,dy_bar,-3.414710749152592,1.8223291566190218,-1.873816668492494,0.07371652866609922,-6.986475896125874,0.15705439782069108
cs_base,SGP,Singapore,High income,"L(dy_bar, 1)",3.687909625748377,1.8018409713668146,2.046745347870992,0.052276682126340804,0.15630132186942047,7.219517929627333
cs_base,SGP,Singapore,High income,dd_bar,-0.023425114255178726,0.05957752410792045,-0.39318710547195274,0.6978021684597058,-0.1401970615067028,0.09334683299634536
cs_base,SLE,Sierra Leone,Low income,(Intercept),-2.605360763899471e-4,5.833767388696958e-4,-0.44660004252953417,0.6591677334186157,-0.0014039544845745509,8.828823317946566e-4
cs_base,SLE,Sierra Leone,Low income,"L(dy, 1)",0.7122769067617108,0.13879589541188325,5.131829760872943,2.9774754893482044e-5,0.4402369517544197,0.984316861769002
cs_base,SLE,Sierra Leone,Low income,dd,9.104479396516591e-4,0.002581455064006605,0.35268788999897527,0.727401049805759,-0.004149203985801287,0.0059700998651046056
cs_base,SLE,Sierra Leone,Low income,dy_bar,0.09595332735256414,0.3029566441534111,0.31672296747509293,0.7541923761753384,-0.4978416951881216,0.6897483498932498
cs_base,SLE,Sierra Leone,Low income,dd_bar,0.014091178662539101,0.01087223129115174,1.2960705383454334,0.20727697291223543,-0.0072183946681183084,0.03540075199319651
cs_base,SLV,El Salvador,Lower middle income,(Intercept),-0.002510112967002708,0.003881990992769833,-0.6466045314576377,0.5240240272877184,-0.01011881531283158,0.005098589378826165
cs_base,SLV,El Salvador,Lower middle income,"L(dy, 1)",-0.25116329926514874,0.1919341359150886,-1.3085910855183314,0.20306630914126267,-0.6273542056587224,0.12502760712842487
cs_base,SLV,El Salvador,Lower middle income,dd,0.005699262830022911,0.048761900369285856,0.11687942403517895,0.9079281901730625,-0.08987406189377736,0.10127258755382318
cs_base,SLV,El Salvador,Lower middle income,dy_bar,2.3880699660453075,2.4278658119538123,0.9836087127581078,0.3351205850137602,-2.3705470253841643,7.146686957474779
cs_base,SLV,El Salvador,Lower middle income,dd_bar,-0.03093995420741464,0.06699433774016388,-0.4618293911257784,0.6483626439459467,-0.16224885617813584,0.10036894776330657
cs_base,STP,Sao Tome and Principe,Low income,(Intercept),8.593188265624663e-4,9.197303666478124e-4,0.9343160318762432,0.3594468259567192,-9.433526920672458e-4,0.0026619903451921786
cs_base,STP,Sao Tome and Principe,Low income,"L(dy, 1)",0.7570335072135742,0.126739829868215,5.973130214872019,3.6401731493668476e-6,0.5086234406718728,1.0054435737552756
cs_base,STP,Sao Tome and Principe,Low income,dd,5.592675781124864e-4,0.0026093733546991723,0.21433022495815393,0.8321001606162826,-0.004555104197097891,0.0056736393533228634
cs_base,STP,Sao Tome and Principe,Low income,dy_bar,-0.45594606959223033,0.423149953507178,-1.0775047139039706,0.29196657132305304,-1.2853199784662992,0.3734278392818385
cs_base,STP,Sao Tome and Principe,Low income,dd_bar,0.006205860657457251,0.015254210064585555,0.40682936915002155,0.6877387351708297,-0.023692391069130438,0.036104112384044935
cs_base,SUR,Suriname,Upper middle income,(Intercept),-4.991156664538468e-4,6.56642152481763e-4,-0.7601029945571591,0.4549145926907374,-0.0017861342853181022,7.879029524104086e-4
cs_base,SUR,Suriname,Upper middle income,"L(dy, 1)",0.24726336090900963,0.20622295398912907,1.1990098877259026,0.2427317900316106,-0.15693362890968332,0.6514603507277026
cs_base,SUR,Suriname,Upper middle income,dd,0.001322769540284877,0.0027229046988323665,0.48579355012024694,0.6317095190213382,-0.004014123669426561,0.006659662749996315
cs_base,SUR,Suriname,Upper middle income,dy_bar,2.2044351807323403,0.41739416461021644,5.2814230950999335,2.327145512498171e-5,1.386342618096316,3.0225277433683644
cs_base,SUR,Suriname,Upper middle income,"L(dy_bar, 1)",-1.464136719652391,0.5578111595306767,-2.624789222367415,0.015144189675366558,-2.5574465923325174,-0.3708268469722644
cs_base,SUR,Suriname,Upper middle income,dd_bar,-0.013182561905530044,0.011788164550869569,-1.1182879106109538,0.27498864620944174,-0.0362873644252344,0.00992224061417431
cs_base,SVK,Slovakia,High income,(Intercept),0.0014819271763610489,0.0023901214496389717,0.6200217049995072,0.5410863252917423,-0.003202710864931335,0.006166565217653433
cs_base,SVK,Slovakia,High income,"L(dy, 1)",-0.3856496386144129,0.17201697200062485,-2.241927840777316,0.03447570265871101,-0.7228029037356376,-0.04849637349318825
cs_base,SVK,Slovakia,High income,dd,0.014213264931367169,0.020334378634652504,0.6989770962140865,0.4912852194250815,-0.025642117192551737,0.05406864705528607
cs_base,SVK,Slovakia,High income,dy_bar,2.8149804654977895,1.179478971238815,2.3866304818823485,0.02523703661758089,0.503201681869712,5.1267592491258664
cs_base,SVK,Slovakia,High income,dd_bar,0.0026245220576876353,0.04370066565760899,0.06005679817901501,0.9526077013167793,-0.08302878263122598,0.08827782674660126
cs_base,SVN,Slovenia,High income,(Intercept),0.003244298164075164,0.0015063947470269495,2.153683933429916,0.041982638009696864,2.917644599023431e-4,0.0061968318682479855
cs_base,SVN,Slovenia,High income,"L(dy, 1)",-0.2884164564642114,0.18556243417654367,-1.5542825666417623,0.13377056312839364,-0.652118827450237,0.07528591452181421
cs_base,SVN,Slovenia,High income,dd,-0.004238168520214279,0.013557942769422725,-0.31259672594079946,0.7574037405347942,-0.03081173634828282,0.022335399307854262
cs_base,SVN,Slovenia,High income,dy_bar,0.8193970299725664,0.7839386839859499,1.045231019607717,0.3067776762023923,-0.7171227906398954,2.355916850585028
cs_base,SVN,Slovenia,High income,"L(dy_bar, 1)",2.1345431903811414,0.8152274746348576,2.6183405942460523,0.01536506571078024,0.5366973400968207,3.732389040665462
cs_base,SVN,Slovenia,High income,dd_bar,0.009228572369823817,0.025948492736584217,0.35564965038653873,0.7253441182997946,-0.04163047339388125,0.06008761813352888
cs_base,SWE,Sweden,High income,(Intercept),0.0019044191365789928,0.0016728878221653211,1.1384021757740974,0.2666720537263224,-0.0013744409948650367,0.005183279268023022
cs_base,SWE,Sweden,High income,"L(dy, 1)",-0.21598708289243862,0.17401233950756828,-1.2412170510646157,0.22703627258017683,-0.5570512683272724,0.12507710254239518
cs_base,SWE,Sweden,High income,dd,-0.031745047070075874,0.02449651044510988,-1.2959007831424816,0.20786410195378557,-0.07975820754249124,0.01626811340233949
cs_base,SWE,Sweden,High income,"L(dd, 1)",0.07115343659270715,0.02192892182620387,3.2447302770573363,0.0035747155486307866,0.028172749813347567,0.11413412337206673
cs_base,SWE,Sweden,High income,dy_bar,1.2668380812869995,0.9643918871130173,1.3136133746203305,0.20192974655369658,-0.6233700174545143,3.1570461800285132
cs_base,SWE,Sweden,High income,dd_bar,-0.044297309707379134,0.03320950101392278,-1.3338745947675603,0.19530391628118984,-0.10938793169466779,0.02079331227990952
cs_base,SWZ,Swaziland,Lower middle income,(Intercept),-5.965873217313385e-4,5.088064159543316e-4,-1.1725231896149786,0.2529887983890361,-0.0015938478970018285,4.006732535391514e-4
cs_base,SWZ,Swaziland,Lower middle income,"L(dy, 1)",0.8291025098428255,0.09881324814529475,8.390600707950773,1.8749599793857566e-8,0.6354285434780478,1.0227764762076033
cs_base,SWZ,Swaziland,Lower middle income,dd,0.006227599841066047,0.002925923078098876,2.1284222704557365,0.04423450574831043,4.927906079922502e-4,0.011962409074139844
cs_base,SWZ,Swaziland,Lower middle income,"L(dd, 1)",-0.00553253987607138,0.0030583075663280306,-1.8090201054284565,0.0835392920660704,-0.01152682270607432,4.6174295393155984e-4
cs_base,SWZ,Swaziland,Lower middle income,dy_bar,-0.24670051260995962,0.23181328379014499,-1.06422077534302,0.2982745174410392,-0.7010545488386437,0.20765352361872452
cs_base,SWZ,Swaziland,Lower middle income,dd_bar,0.00827648784999346,0.007766747343606932,1.0656311431073024,0.29764974605202543,-0.006946336943476126,0.023499312643463048
cs_base,SYC,Seychelles,Upper middle income,(Intercept),-0.0010549021792006568,0.0025179401630467135,-0.41895442738568606,0.6789753133264809,-0.005990064898772215,0.0038802605403709016
cs_base,SYC,Seychelles,Upper middle income,"L(dy, 1)",0.7085916399556954,0.13634513199054737,5.197043925299959,2.5252403495156972e-5,0.4413551812542226,0.9758280986571682
cs_base,SYC,Seychelles,Upper middle income,dd,-0.007185539012768857,0.013175328425365002,-0.5453783602794549,0.5905265119934253,-0.03300918272648426,0.018638104700946546
cs_base,SYC,Seychelles,Upper middle income,dy_bar,1.11266265339704,1.3742104150939036,0.8096741526449636,0.4260826955704208,-1.5807897601870111,3.806115066981091
cs_base,SYC,Seychelles,Upper middle income,dd_bar,-0.03532092239758089,0.0425283854957474,-0.8305258237727549,0.4144275366418748,-0.1186765579692458,0.04803471317408402
cs_base,TCD,Chad,Low income,(Intercept),-9.426846924107335e-5,2.401177468865187e-4,-0.3925926778149608,0.6980854920108843,-5.6489925313865e-4,3.763623146565033e-4
cs_base,TCD,Chad,Low income,"L(dy, 1)",0.7647229245880734,0.12395190395477593,6.169513336939818,2.2491925139129637e-6,0.5217771928367126,1.0076686563394341
cs_base,TCD,Chad,Low income,dd,0.0010955306435386654,0.0016903300534475512,0.6481164085701789,0.5230625052993845,-0.0022175162612185348,0.004408577548295866
cs_base,TCD,Chad,Low income,dy_bar,0.003479018224851698,0.11873710012135254,0.029300178472407082,0.9768674767318885,-0.22924569801299927,0.23620373446270265
cs_base,TCD,Chad,Low income,dd_bar,-0.006699382394177723,0.0052929310623688,-1.2657225864527846,0.21776216949489932,-0.017073527276420572,0.0036747624880651255
cs_base,TGO,Togo,Low income,(Intercept),-1.925434644763677e-4,9.428308213976301e-4,-0.20421846645928038,0.8399046585903798,-0.0020404918744157227,0.0016554049454629873
cs_base,TGO,Togo,Low income,"L(dy, 1)",0.3245711746290309,0.23731160311884322,1.3677004005003877,0.18407773898578678,-0.1405595674839018,0.7897019167419637
cs_base,TGO,Togo,Low income,dd,-0.003229747732206757,0.006224522103757094,-0.5188748113300611,0.6085998481524018,-0.01542981105557066,0.008970315591157147
cs_base,TGO,Togo,Low income,dy_bar,0.23437580257703866,0.47865878529189637,0.4896511038319526,0.6288266300305165,-0.7037954165950782,1.1725470217491556
cs_base,TGO,Togo,Low income,dd_bar,-0.0065178911627821684,0.01632689143522527,-0.3992120109722674,0.6932672036380381,-0.03851859837582369,0.025482816050259358
cs_base,THA,Thailand,Lower middle income,(Intercept),-0.0038891733571126837,0.0026683162733677104,-1.4575383720176907,0.15848735101532677,-0.009119073252913395,0.0013407265386880282
cs_base,THA,Thailand,Lower middle income,"L(dy, 1)",-0.3473484720246859,0.1877835890380937,-1.84972751774503,0.07724430640673184,-0.7154043065393495,0.020707362489977732
cs_base,THA,Thailand,Lower middle income,dd,0.005233790210466018,0.011850151035553015,0.4416644306695768,0.6628566700117267,-0.01799250581921789,0.028460086240149927
cs_base,THA,Thailand,Lower middle income,dy_bar,0.39997680057557666,1.4132955483560696,0.2830100194123058,0.7797007175886574,-2.3700824742023197,3.170036075353473
cs_base,THA,Thailand,Lower middle income,dd_bar,-0.10218821792217687,0.058756568705158885,-1.7391794683409525,0.09537209246389994,-0.21735109258428828,0.012974656739934531
cs_base,THA,Thailand,Lower middle income,"L(dd_bar, 1)",0.10079144967540177,0.05705882303248291,1.766448102478777,0.09059151270206965,-0.01104384346826473,0.21262674281906827
cs_base,TTO,Trinidad and Tobago,Upper middle income,(Intercept),-4.5278787501041554e-4,6.596087441189048e-4,-0.6864491701292447,0.4992925300068517,-0.001745621013483469,8.40045263462638e-4
cs_base,TTO,Trinidad and Tobago,Upper middle income,"L(dy, 1)",0.26371724328460083,0.20688942198003266,1.2746772684688188,0.21515127467181486,-0.14178602379626315,0.6692205103654648
cs_base,TTO,Trinidad and Tobago,Upper middle income,dd,0.0027742372292743076,0.00460085108469621,0.6029834867949194,0.5524197035428269,-0.006243430896730263,0.011791905355278878
cs_base,TTO,Trinidad and Tobago,Upper middle income,dy_bar,2.24677890270882,0.42785421838553306,5.251272059877837,2.5065064898645128e-5,1.4081846346731752,3.085373170744465
cs_base,TTO,Trinidad and Tobago,Upper middle income,"L(dy_bar, 1)",-1.57892692001613,0.5422880132471126,-2.9116021033948916,0.00785690537010617,-2.641811425980471,-0.5160424140517892
cs_base,TTO,Trinidad and Tobago,Upper middle income,dd_bar,-0.015483188183379041,0.013164400466026367,-1.1761407762804554,0.25156918036721326,-0.04128541309679072,0.010319036730032637
cs_base,TUN,Tunisia,Lower middle income,(Intercept),-8.291066662153561e-4,4.0036851514224046e-4,-2.0708588084674844,0.049776263347828816,-0.0016138289558941476,-4.43843765365648e-5
cs_base,TUN,Tunisia,Lower middle income,"L(dy, 1)",0.6110211400405041,0.13066638202463257,4.676192380725117,1.0432533484664304e-4,0.3549150312722243,0.867127248808784
cs_base,TUN,Tunisia,Lower middle income,dd,0.006482419365018394,0.004913943183831831,1.319188912551383,0.20008923228986752,-0.003148909275291996,0.016113748005328783
cs_base,TUN,Tunisia,Lower middle income,dy_bar,0.07222105004686885,0.18949447529445965,0.381124831922635,0.7066084945960072,-0.299188121530272,0.4436302216240097
cs_base,TUN,Tunisia,Lower middle income,"L(dy_bar, 1)",0.38366373110628543,0.19378748428490655,1.9798168727048575,0.059812509201473775,0.0038402619078685696,0.7634872003047023
cs_base,TUN,Tunisia,Lower middle income,dd_bar,0.013615412942316028,0.006033522648549955,2.256627468795238,0.03383826914836346,0.001789708551158115,0.025441117333473942
cs_base,TUR,Turkey,Upper middle income,(Intercept),-0.0016126794316262418,0.0016339469351194032,-0.9869839692856321,0.3334970668536609,-0.004815215424460272,0.0015898565612077883
cs_base,TUR,Turkey,Upper middle income,"L(dy, 1)",0.1363475900306179,0.2107592892168642,0.6469351388366128,0.5238136856643028,-0.27674061683443596,0.5494357968956717
cs_base,TUR,Turkey,Upper middle income,dd,0.004818620521684315,0.012543272732559578,0.3841597503637336,0.7042426899630634,-0.01976619403413246,0.029403435077501087
cs_base,TUR,Turkey,Upper middle income,dy_bar,-1.6787318432892058,0.8325164013149573,-2.016454979911091,0.05507560675630532,-3.310463989866522,-0.04699969671188953
cs_base,TUR,Turkey,Upper middle income,dd_bar,0.05603860330347293,0.03633772504534782,1.5421604746455457,0.13611821972576915,-0.015183337785408792,0.12726054439235465
cs_base,TWN,Taiwan,High income,(Intercept),0.0066239314075316365,0.0023388876546957425,2.832086181750923,0.00944597382018058,0.0020397116043279814,0.011208151210735292
cs_base,TWN,Taiwan,High income,"L(dy, 1)",-0.43345465019227286,0.18034534121694942,-2.4034701826361093,0.02469820325738303,-0.7869315189774937,-0.07997778140705197
cs_base,TWN,Taiwan,High income,dd,-0.01767406036301573,0.0142719227696029,-1.2383797648246027,0.22806660985776958,-0.04564702899143741,0.010298908265405953
cs_base,TWN,Taiwan,High income,dy_bar,1.327959729070954,1.0996378180993263,1.20763373832147,0.23946033901851763,-0.8273303944037254,3.483249852545633
cs_base,TWN,Taiwan,High income,dd_bar,-0.04498132529677824,0.04218940485156801,-1.0661758670223684,0.29740869145738247,-0.12767255880585154,0.03770990821229506
cs_base,TWN,Taiwan,High income,"L(dd_bar, 1)",0.0881806697583771,0.04107590258392339,2.146773758122845,0.042588125417073026,0.007671900693887249,0.16868943882286697
cs_base,TZA,Tanzania,Low income,(Intercept),0.0011618766444614855,6.126532489832897e-4,1.8964669597192914,0.07052838898888435,-3.892372354576232e-5,0.002362677012468733
cs_base,TZA,Tanzania,Low income,"L(dy, 1)",0.6456740458044361,0.1654117369326899,3.9034354984566586,7.147901935273984e-4,0.3214670414163639,0.9698810501925084
cs_base,TZA,Tanzania,Low income,dd,0.0018158801792231792,0.00348571537117139,0.5209490695199662,0.6073819733657851,-0.005016121948272745,0.008647882306719104
cs_base,TZA,Tanzania,Low income,dy_bar,0.4134109302805587,0.20472598662958738,2.0193378333965337,0.055254080031511325,0.012147996486567447,0.8146738640745499
cs_base,TZA,Tanzania,Low income,"L(dy_bar, 1)",-0.29583684423798595,0.2068216880051313,-1.430395656719745,0.1660495022316422,-0.7012073527280432,0.10953366425207134
cs_base,TZA,Tanzania,Low income,dd_bar,-0.007038121786677328,0.007979186897372793,-0.8820600240601811,0.3868701412335207,-0.022677328105528003,0.008601084532173345
cs_base,UGA,Uganda,Low income,(Intercept),8.189988659184266e-4,0.0016969679815496514,0.48262481957410086,0.6341296857909944,-0.00250705837791889,0.004145056109755743
cs_base,UGA,Uganda,Low income,"L(dy, 1)",0.5755583035074353,0.17658781642896926,3.2593319015241806,0.0035919843020182445,0.22944618330665556,0.9216704237082151
cs_base,UGA,Uganda,Low income,dd,-0.00650326729037974,0.011494830581786115,-0.5657558190274115,0.5772852753790684,-0.029033135230680525,0.016026600649921043
cs_base,UGA,Uganda,Low income,"L(dd, 1)",0.014959595114889666,0.010399807289282874,1.4384492614883073,0.16438167006800466,-0.005424027172104766,0.0353432174018841
cs_base,UGA,Uganda,Low income,dy_bar,-0.0256167749033317,0.8589779758188748,-0.029822388494781717,0.9764775952093147,-1.7092136075083264,1.6579800577016628
cs_base,UGA,Uganda,Low income,dd_bar,0.03314153216847928,0.03522667111076462,0.940807948167201,0.35701970067521316,-0.03590274320861938,0.10218580754557793
cs_base,UGA,Uganda,Low income,"L(dd_bar, 1)",-0.06309889760705356,0.03784133237480299,-1.6674597231959136,0.10959673950941627,-0.13726790906166741,0.011070113847560306
cs_base,UKR,Ukraine,Lower middle income,(Intercept),-0.0015832377452277542,0.0037884637047129748,-0.41791023185946163,0.6804654593440336,-0.009008626606465184,0.005842151116009676
cs_base,UKR,Ukraine,Lower middle income,"L(dy, 1)",0.5040087541957902,0.17848570155858892,2.823804650986827,0.010489425439416479,0.1541767791409559,0.8538407292506245
cs_base,UKR,Ukraine,Lower middle income,dd,0.023593322085501647,0.02246026235136007,1.0504473062877187,0.30604035186445605,-0.02042879212316409,0.06761543629416739
cs_base,UKR,Ukraine,Lower middle income,"L(dd, 1)",-0.018072363106639615,0.022550048337219325,-0.8014334531075396,0.43229990445025235,-0.06227045784758949,0.026125731634310263
cs_base,UKR,Ukraine,Lower middle income,"L(dd, 2)",0.0016785464437284686,0.022848434886254064,0.07346439491740879,0.9421663572282531,-0.0431043859333295,0.04646147882078643
cs_base,UKR,Ukraine,Lower middle income,dy_bar,-1.435136333624535,2.3772137917404885,-0.6037052025404047,0.5528260481057108,-6.094475365435892,3.224202698186822
cs_base,UKR,Ukraine,Lower middle income,dd_bar,-0.16568559015341663,0.10818896635917043,-1.5314462807913924,0.14132446489455297,-0.37773596421739064,0.0463647839105574
cs_base,UKR,Ukraine,Lower middle income,"L(dd_bar, 1)",0.21866668082015497,0.10456292319332483,2.0912449092099825,0.049475738230022936,0.013723351361238312,0.42361001027907164
cs_base,URY,Uruguay,Upper middle income,(Intercept),-0.001463485628240377,0.0016933851716393427,-0.864236709255932,0.3963819145192258,-0.004782520564653488,0.0018555493081727343
cs_base,URY,Uruguay,Upper middle income,"L(dy, 1)",-0.017628912331597604,0.18814948819679975,-0.09369630765701682,0.926161844823786,-0.3864019091973251,0.35114408453412993
cs_base,URY,Uruguay,Upper middle income,dd,0.004005808180305942,0.009553651691968935,0.41929602517049425,0.6788901198905315,-0.01471934913595317,0.022730965496565052
cs_base,URY,Uruguay,Upper middle income,"L(dd, 1)",0.02050020969154475,0.008981776633444556,2.2824225682934647,0.032036694480003694,0.0028959274899934204,0.03810449189309608
cs_base,URY,Uruguay,Upper middle income,dy_bar,1.569671793075718,0.8423338124443988,1.8634795016961638,0.07521281312514352,-0.08130247931530343,3.2206460654667395
cs_base,URY,Uruguay,Upper middle income,dd_bar,-0.009911734534923942,0.028874261320713406,-0.3432723152579354,0.7345115392239869,-0.06650528672352221,0.04668181765367433
cs_base,USA,United States,High income,(Intercept),0.0031934766661329004,0.0011725118917414316,2.723619852920982,0.012111077896505505,8.953533583196944e-4,0.005491599973946106
cs_base,USA,United States,High income,"L(dy, 1)",-0.20542918717466546,0.16623299988412196,-1.2357906511815733,0.22900992086352917,-0.5312458669475445,0.12038749259821357
cs_base,USA,United States,High income,dd,-0.07831992501085715,0.023566052781075694,-3.3234214375413176,0.002958474091885995,-0.12450938846176551,-0.03213046155994879
cs_base,USA,United States,High income,"L(dd, 1)",0.07320746476017775,0.021729746619746842,3.368997625294475,0.0026501432048300303,0.03061716138547394,0.11579776813488157
cs_base,USA,United States,High income,dy_bar,-0.12027177530179692,0.4942434333574133,-0.2433452165156479,0.8098952605342093,-1.088988904682327,0.8484453540787331
cs_base,USA,United States,High income,dd_bar,-0.04323370270583935,0.016901848385094537,-2.5579274953126694,0.017586034144069222,-0.07636132554062464,-0.01010607987105406
cs_base,VCT,Saint Vincent and the Grenadines,Upper middle income,(Intercept),-7.692155215827781e-4,2.2364874726124736e-4,-3.43939114796045,0.003368170037833053,-0.001207567066214823,-3.308639769507333e-4
cs_base,VCT,Saint Vincent and the Grenadines,Upper middle income,"L(dy, 1)",0.7429132251100277,0.1366270903994012,5.437525039421344,5.47671535796434e-5,0.47512412792720127,1.010702322292854
cs_base,VCT,Saint Vincent and the Grenadines,Upper middle income,"L(dy, 2)",-0.05146468596035139,0.14418831347383934,-0.3569268876266372,0.7258103825805096,-0.33407378036907653,0.23114440844837372
cs_base,VCT,Saint Vincent and the Grenadines,Upper middle income,dd,-9.25733509833579e-4,0.0014554507188760148,-0.6360459325950144,0.5337399020438192,-0.0037784169188305678,0.00192694989916341
cs_base,VCT,Saint Vincent and the Grenadines,Upper middle income,"L(dd, 1)",9.903798063900385e-4,0.001335923983602029,0.7413444316791846,0.46922688497523024,-0.0016280312014699382,0.0036087908142500152
cs_base,VCT,Saint Vincent and the Grenadines,Upper middle income,"L(dd, 2)",-4.0100273137976504e-4,9.090594153208555e-4,-0.44111828624340227,0.6650300047804482,-0.002182759185408642,0.0013807537226491117
cs_base,VCT,Saint Vincent and the Grenadines,Upper middle income,dy_bar,0.1406116531222203,0.07266187515973117,1.9351503496588336,0.07085042921586471,-0.0018056221908528125,0.28302892843529337
cs_base,VCT,Saint Vincent and the Grenadines,Upper middle income,"L(dy_bar, 1)",-0.02143831244643627,0.06596528241921489,-0.3249938704149556,0.749396515632752,-0.15073026598809744,0.10785364109522491
cs_base,VCT,Saint Vincent and the Grenadines,Upper middle income,"L(dy_bar, 2)",0.19009532877645474,0.07474417901380537,2.543279373519426,0.021695968367439252,0.04359673790939622,0.33659391964351326
cs_base,VCT,Saint Vincent and the Grenadines,Upper middle income,dd_bar,-0.004065289081170056,0.0026078217901959206,-1.5588830097414894,0.1385825864837475,-0.009176619789954061,0.0010460416276139488
cs_base,VCT,Saint Vincent and the Grenadines,Upper middle income,"L(dd_bar, 1)",0.007403135382758342,0.002786148357485679,2.657121744026294,0.017217165994689105,0.001942284602086411,0.012863986163430274
cs_base,VCT,Saint Vincent and the Grenadines,Upper middle income,"L(dd_bar, 2)",-0.012080123706919202,0.0024366260525500462,-4.957725743052272,1.4252971755951055e-4,-0.01685591076991729,-0.0073043366439211116
cs_base,VEN,Venezuela,Upper middle income,(Intercept),-6.532241965000362e-4,6.586441139093508e-4,-0.9917710986937316,0.3316291277652266,-0.0019441666597623639,6.377182667622914e-4
cs_base,VEN,Venezuela,Upper middle income,"L(dy, 1)",0.22712312588578212,0.20312427072055822,1.1181486342330778,0.2750468837424808,-0.17100044472651196,0.6252466964980762
cs_base,VEN,Venezuela,Upper middle income,dd,0.003913974668228831,0.0035902798813219686,1.0901586499121834,0.28693338611514,-0.0031229738991622267,0.01095092323561989
cs_base,VEN,Venezuela,Upper middle income,dy_bar,2.1355176169589716,0.4080652790010456,5.233274495166004,2.6201712108114845e-5,1.3357096701169222,2.9353255638010207
cs_base,VEN,Venezuela,Upper middle income,"L(dy_bar, 1)",-1.3207096893719028,0.5632245083995232,-2.3449080600644914,0.028030140499579154,-2.4246297258349685,-0.21678965290883734
cs_base,VEN,Venezuela,Upper middle income,dd_bar,-0.017627977477781234,0.012295231805356686,-1.4337246956256018,0.16510671077873815,-0.041726631816280335,0.00647067686071787
cs_base,YEM,Yemen,Low income,(Intercept),0.0018056014432446602,0.0027971914146185718,0.6455051426971701,0.5249878882728649,-0.0036768937294077405,0.007288096615897061
cs_base,YEM,Yemen,Low income,"L(dy, 1)",-0.1448390710052078,0.19935218761382448,-0.7265486912327399,0.47483249480385337,-0.5355693587283038,0.2458912167178882
cs_base,YEM,Yemen,Low income,dd,-9.955761878591874e-4,0.016242067831301752,-0.061296147645714824,0.9516528986231765,-0.032830029137210615,0.030838876761492242
cs_base,YEM,Yemen,Low income,dy_bar,2.6767055424370794,1.56497562843781,1.7103816147661164,0.10065292447681666,-0.3906466893010281,5.744057774175187
cs_base,YEM,Yemen,Low income,"L(dy_bar, 1)",-3.065597040472537,1.6095364060806108,-1.9046459768732946,0.06940712935128981,-6.220288396390534,0.0890943154454602
cs_base,YEM,Yemen,Low income,dd_bar,-0.05118951302993429,0.053838483257209364,-0.95079782960044,0.35159222420551284,-0.15671294021406465,0.05433391415419606
cs_base,ZAF,South Africa,Upper middle income,(Intercept),0.007678579890015729,0.0025582672567054645,3.0014768276807016,0.00636821241868662,0.002664376066873019,0.01269278371315844
cs_base,ZAF,South Africa,Upper middle income,"L(dy, 1)",-0.05079643564268212,0.20193458544987716,-0.25154896339087224,0.8036236881870021,-0.44658822312444135,0.34499535183907715
cs_base,ZAF,South Africa,Upper middle income,dd,-0.016325900706825817,0.03090700423020994,-0.528226565901464,0.6024021154953401,-0.0769036289980373,0.044251827584385665
cs_base,ZAF,South Africa,Upper middle income,dy_bar,2.111330677333977,1.110702985669758,1.9008958331563655,0.06991928469934529,-0.06564717457874858,4.288308529246702
cs_base,ZAF,South Africa,Upper middle income,"L(dy_bar, 1)",-2.7980154826317714,1.132546265252075,-2.4705529199807184,0.021332686946633456,-5.017806162525838,-0.5782248027377044
cs_base,ZAF,South Africa,Upper middle income,dd_bar,-0.06126515486938148,0.041084620433977245,-1.4911943744943255,0.14949929888717953,-0.14179101091997687,0.019260701181213917
cs_base,ZMB,Zambia,Low income,(Intercept),-1.0462817360051371e-4,0.002329146529398366,-0.04492125002867031,0.9645417598339272,-0.004669755371221312,0.004460499024020284
cs_base,ZMB,Zambia,Low income,"L(dy, 1)",0.4276333363521144,0.19066628202967068,2.242836708199764,0.03440913050569018,0.05392742357395991,0.8013392491302689
cs_base,ZMB,Zambia,Low income,dd,0.0014825373587940536,0.0032772275402730014,0.4523754730410188,0.6550610392840739,-0.004940828620141029,0.007905903337729137
cs_base,ZMB,Zambia,Low income,dy_bar,-0.6369078274030593,1.1689459821954191,-0.5448565092861442,0.5908798270453592,-2.9280419525060806,1.654226297699962
cs_base,ZMB,Zambia,Low income,dd_bar,-0.03848622974272678,0.043988225988586066,-0.8749211607831848,0.3902887798417197,-0.12470315268035546,0.047730693194901905
cs_base,ZWE,Zimbabwe,Low income,(Intercept),8.167155615595255e-4,9.509519592466605e-4,0.8588399798939619,0.3992914483396037,-0.001047150278563929,0.0026805814016829803
cs_base,ZWE,Zimbabwe,Low income,"L(dy, 1)",1.4293860393831928,0.19508205399242065,7.327101648410609,1.8716347653322434e-7,1.0470252135580482,1.8117468652083373
cs_base,ZWE,Zimbabwe,Low income,dd,-0.016009589010339817,0.005141970894369823,-3.1135121802944163,0.004888444058710185,-0.026087851963304667,-0.005931326057374965
cs_base,ZWE,Zimbabwe,Low income,"L(dd, 1)",0.015227969455682827,0.005778462477000794,2.6352978004603447,0.01479062568369895,0.0039021830007612713,0.026553755910604382
cs_base,ZWE,Zimbabwe,Low income,dy_bar,-0.38419568499889883,0.46465631956943687,-0.8268383939228567,0.41682462592473646,-1.2949220713549952,0.5265307013571974
cs_base,ZWE,Zimbabwe,Low income,dd_bar,-0.014613025755021825,0.016037567926990796,-0.9111746757080601,0.37165477785973333,-0.04604665889192378,0.016820607381880133
cs_ctrl,ABW,Aruba,High income,(Intercept),-2.503545366523813e-4,NA,NA,NA,NA,NA
cs_ctrl,ABW,Aruba,High income,"L(dy, 1)",0.911767596413107,NA,NA,NA,NA,NA
cs_ctrl,ABW,Aruba,High income,dd,-0.003485773250128878,NA,NA,NA,NA,NA
cs_ctrl,ABW,Aruba,High income,"L(dd, 1)",0.005805492698809877,NA,NA,NA,NA,NA
cs_ctrl,ABW,Aruba,High income,"L(dd, 2)",-9.080673986936501e-4,NA,NA,NA,NA,NA
cs_ctrl,ABW,Aruba,High income,d_inf,-0.021127401869020873,NA,NA,NA,NA,NA
cs_ctrl,ABW,Aruba,High income,"L(d_inf, 1)",-0.03469168886631488,NA,NA,NA,NA,NA
cs_ctrl,ABW,Aruba,High income,"L(d_inf, 2)",0.0020014632586678916,NA,NA,NA,NA,NA
cs_ctrl,ABW,Aruba,High income,d_gov,-0.05944130363294254,NA,NA,NA,NA,NA
cs_ctrl,ABW,Aruba,High income,"L(d_gov, 1)",-0.09750836181714893,NA,NA,NA,NA,NA
cs_ctrl,ABW,Aruba,High income,"L(d_gov, 2)",-0.02693964528077795,NA,NA,NA,NA,NA
cs_ctrl,ABW,Aruba,High income,d_log_gdp,7.420090937390296e-4,NA,NA,NA,NA,NA
cs_ctrl,ABW,Aruba,High income,"L(d_log_gdp, 1)",-0.01869752256016783,NA,NA,NA,NA,NA
cs_ctrl,ABW,Aruba,High income,"L(d_log_gdp, 2)",-0.011599262193031496,NA,NA,NA,NA,NA
cs_ctrl,ABW,Aruba,High income,dy_bar,-0.6047191201649769,NA,NA,NA,NA,NA
cs_ctrl,ABW,Aruba,High income,"L(dy_bar, 1)",-0.3271498255259604,NA,NA,NA,NA,NA
cs_ctrl,ABW,Aruba,High income,"L(dy_bar, 2)",1.018331568646957,NA,NA,NA,NA,NA
cs_ctrl,ABW,Aruba,High income,dd_bar,-0.0088892399864916,NA,NA,NA,NA,NA
cs_ctrl,ABW,Aruba,High income,"L(dd_bar, 1)",-0.004036078723000683,NA,NA,NA,NA,NA
cs_ctrl,ABW,Aruba,High income,"L(dd_bar, 2)",0.006000033837570546,NA,NA,NA,NA,NA
cs_ctrl,ABW,Aruba,High income,d_inf_bar,1.6442554268312706e-4,NA,NA,NA,NA,NA
cs_ctrl,ABW,Aruba,High income,"L(d_inf_bar, 1)",4.408125300103764e-4,NA,NA,NA,NA,NA
cs_ctrl,ABW,Aruba,High income,d_gov_bar,0.11057062534914437,NA,NA,NA,NA,NA
cs_ctrl,ABW,Aruba,High income,"L(d_gov_bar, 1)",0.12444333179749072,NA,NA,NA,NA,NA
cs_ctrl,ABW,Aruba,High income,"L(d_gov_bar, 2)",-0.20842298469221643,NA,NA,NA,NA,NA
cs_ctrl,ABW,Aruba,High income,d_log_gdp_bar,0.03843855058544565,NA,NA,NA,NA,NA
cs_ctrl,ABW,Aruba,High income,"L(d_log_gdp_bar, 1)",-0.02827412978060546,NA,NA,NA,NA,NA
cs_ctrl,ABW,Aruba,High income,"L(d_log_gdp_bar, 2)",0.003781300515425709,NA,NA,NA,NA,NA
cs_ctrl,AGO,Angola,Lower middle income,(Intercept),0.0052250575907028494,NA,NA,NA,NA,NA
cs_ctrl,AGO,Angola,Lower middle income,"L(dy, 1)",0.09516581840318529,NA,NA,NA,NA,NA
cs_ctrl,AGO,Angola,Lower middle income,dd,-0.010391928110287505,NA,NA,NA,NA,NA
cs_ctrl,AGO,Angola,Lower middle income,"L(dd, 1)",0.01325691858576117,NA,NA,NA,NA,NA
cs_ctrl,AGO,Angola,Lower middle income,"L(dd, 2)",0.001120530816550281,NA,NA,NA,NA,NA
cs_ctrl,AGO,Angola,Lower middle income,d_inf,8.855726593423628e-4,NA,NA,NA,NA,NA
cs_ctrl,AGO,Angola,Lower middle income,"L(d_inf, 1)",4.327462192770284e-4,NA,NA,NA,NA,NA
cs_ctrl,AGO,Angola,Lower middle income,"L(d_inf, 2)",0.0012809283830223365,NA,NA,NA,NA,NA
cs_ctrl,AGO,Angola,Lower middle income,d_gov,0.11612347242090168,NA,NA,NA,NA,NA
cs_ctrl,AGO,Angola,Lower middle income,"L(d_gov, 1)",0.038621284726102205,NA,NA,NA,NA,NA
cs_ctrl,AGO,Angola,Lower middle income,"L(d_gov, 2)",0.08079713052190814,NA,NA,NA,NA,NA
cs_ctrl,AGO,Angola,Lower middle income,d_log_gdp,-0.017110800966606363,NA,NA,NA,NA,NA
cs_ctrl,AGO,Angola,Lower middle income,"L(d_log_gdp, 1)",0.09108432586783219,NA,NA,NA,NA,NA
cs_ctrl,AGO,Angola,Lower middle income,"L(d_log_gdp, 2)",0.006907575078797586,NA,NA,NA,NA,NA
cs_ctrl,AGO,Angola,Lower middle income,dy_bar,-1.2880207705862687,NA,NA,NA,NA,NA
cs_ctrl,AGO,Angola,Lower middle income,"L(dy_bar, 1)",-2.5564955835598226,NA,NA,NA,NA,NA
cs_ctrl,AGO,Angola,Lower middle income,"L(dy_bar, 2)",-3.2465601346925235,NA,NA,NA,NA,NA
cs_ctrl,AGO,Angola,Lower middle income,dd_bar,0.07629746835119015,NA,NA,NA,NA,NA
cs_ctrl,AGO,Angola,Lower middle income,"L(dd_bar, 1)",-0.006072404378875598,NA,NA,NA,NA,NA
cs_ctrl,AGO,Angola,Lower middle income,d_inf_bar,0.0015100308421409732,NA,NA,NA,NA,NA
cs_ctrl,AGO,Angola,Lower middle income,"L(d_inf_bar, 1)",0.002548438595943462,NA,NA,NA,NA,NA
cs_ctrl,AGO,Angola,Lower middle income,"L(d_inf_bar, 2)",-0.00609892104855049,NA,NA,NA,NA,NA
cs_ctrl,AGO,Angola,Lower middle income,d_gov_bar,-1.7986888327822175,NA,NA,NA,NA,NA
cs_ctrl,AGO,Angola,Lower middle income,"L(d_gov_bar, 1)",-0.2704284192508179,NA,NA,NA,NA,NA
cs_ctrl,AGO,Angola,Lower middle income,"L(d_gov_bar, 2)",-1.1736997293765365,NA,NA,NA,NA,NA
cs_ctrl,AGO,Angola,Lower middle income,d_log_gdp_bar,-0.06311088553688045,NA,NA,NA,NA,NA
cs_ctrl,AGO,Angola,Lower middle income,"L(d_log_gdp_bar, 1)",-0.3060948050142591,NA,NA,NA,NA,NA
cs_ctrl,AGO,Angola,Lower middle income,"L(d_log_gdp_bar, 2)",-0.09229766512183629,NA,NA,NA,NA,NA
cs_ctrl,ALB,Albania,Lower middle income,(Intercept),-0.016292084604947195,NA,NA,NA,NA,NA
cs_ctrl,ALB,Albania,Lower middle income,"L(dy, 1)",-0.6682952126247957,NA,NA,NA,NA,NA
cs_ctrl,ALB,Albania,Lower middle income,"L(dy, 2)",-0.09815075751081079,NA,NA,NA,NA,NA
cs_ctrl,ALB,Albania,Lower middle income,dd,0.4014226793907476,NA,NA,NA,NA,NA
cs_ctrl,ALB,Albania,Lower middle income,"L(dd, 1)",-0.09905148698668806,NA,NA,NA,NA,NA
cs_ctrl,ALB,Albania,Lower middle income,"L(dd, 2)",-0.06488429470156297,NA,NA,NA,NA,NA
cs_ctrl,ALB,Albania,Lower middle income,d_inf,-0.03036711003367603,NA,NA,NA,NA,NA
cs_ctrl,ALB,Albania,Lower middle income,"L(d_inf, 1)",-0.047611197105219834,NA,NA,NA,NA,NA
cs_ctrl,ALB,Albania,Lower middle income,"L(d_inf, 2)",-0.022277945799810614,NA,NA,NA,NA,NA
cs_ctrl,ALB,Albania,Lower middle income,d_gov,-0.39452756901754793,NA,NA,NA,NA,NA
cs_ctrl,ALB,Albania,Lower middle income,"L(d_gov, 1)",0.012018025080635415,NA,NA,NA,NA,NA
cs_ctrl,ALB,Albania,Lower middle income,"L(d_gov, 2)",1.6672356626799254,NA,NA,NA,NA,NA
cs_ctrl,ALB,Albania,Lower middle income,d_log_gdp,0.593136434985063,NA,NA,NA,NA,NA
cs_ctrl,ALB,Albania,Lower middle income,"L(d_log_gdp, 1)",0.10939125916457118,NA,NA,NA,NA,NA
cs_ctrl,ALB,Albania,Lower middle income,"L(d_log_gdp, 2)",0.05397324696080095,NA,NA,NA,NA,NA
cs_ctrl,ALB,Albania,Lower middle income,dy_bar,8.539285683197857,NA,NA,NA,NA,NA
cs_ctrl,ALB,Albania,Lower middle income,"L(dy_bar, 1)",3.343644154266398,NA,NA,NA,NA,NA
cs_ctrl,ALB,Albania,Lower middle income,"L(dy_bar, 2)",-23.550579053684316,NA,NA,NA,NA,NA
cs_ctrl,ALB,Albania,Lower middle income,dd_bar,-0.010107504904991904,NA,NA,NA,NA,NA
cs_ctrl,ALB,Albania,Lower middle income,"L(dd_bar, 1)",-0.6878801768433144,NA,NA,NA,NA,NA
cs_ctrl,ALB,Albania,Lower middle income,"L(dd_bar, 2)",0.4918440652559151,NA,NA,NA,NA,NA
cs_ctrl,ALB,Albania,Lower middle income,d_inf_bar,-0.008762479383430232,NA,NA,NA,NA,NA
cs_ctrl,ALB,Albania,Lower middle income,"L(d_inf_bar, 1)",0.008582238918306204,NA,NA,NA,NA,NA
cs_ctrl,ALB,Albania,Lower middle income,"L(d_inf_bar, 2)",-0.05803851551526849,NA,NA,NA,NA,NA
cs_ctrl,ALB,Albania,Lower middle income,d_gov_bar,-1.0147788882297113,NA,NA,NA,NA,NA
cs_ctrl,ALB,Albania,Lower middle income,"L(d_gov_bar, 1)",10.562450661731376,NA,NA,NA,NA,NA
cs_ctrl,ALB,Albania,Lower middle income,"L(d_gov_bar, 2)",-4.725613009277536,NA,NA,NA,NA,NA
cs_ctrl,ALB,Albania,Lower middle income,d_log_gdp_bar,-1.0789570731883806,NA,NA,NA,NA,NA
cs_ctrl,ALB,Albania,Lower middle income,"L(d_log_gdp_bar, 1)",NA,NA,NA,NA,NA,NA
cs_ctrl,ALB,Albania,Lower middle income,"L(d_log_gdp_bar, 2)",NA,NA,NA,NA,NA,NA
cs_ctrl,ARE,United Arab Emirates,High income,(Intercept),0.02381177460196465,NA,NA,NA,NA,NA
cs_ctrl,ARE,United Arab Emirates,High income,"L(dy, 1)",-0.5768206457498507,NA,NA,NA,NA,NA
cs_ctrl,ARE,United Arab Emirates,High income,"L(dy, 2)",1.3185221423444626,NA,NA,NA,NA,NA
cs_ctrl,ARE,United Arab Emirates,High income,dd,-0.04027116762453723,NA,NA,NA,NA,NA
cs_ctrl,ARE,United Arab Emirates,High income,"L(dd, 1)",-0.0796816345123442,NA,NA,NA,NA,NA
cs_ctrl,ARE,United Arab Emirates,High income,"L(dd, 2)",0.019684753214900576,NA,NA,NA,NA,NA
cs_ctrl,ARE,United Arab Emirates,High income,d_inf,0.3641528711396201,NA,NA,NA,NA,NA
cs_ctrl,ARE,United Arab Emirates,High income,"L(d_inf, 1)",0.33236436634464495,NA,NA,NA,NA,NA
cs_ctrl,ARE,United Arab Emirates,High income,"L(d_inf, 2)",0.06703918055563601,NA,NA,NA,NA,NA
cs_ctrl,ARE,United Arab Emirates,High income,d_gov,-2.104013760118686,NA,NA,NA,NA,NA
cs_ctrl,ARE,United Arab Emirates,High income,"L(d_gov, 1)",0.7986378885322284,NA,NA,NA,NA,NA
cs_ctrl,ARE,United Arab Emirates,High income,"L(d_gov, 2)",-0.14329917199081155,NA,NA,NA,NA,NA
cs_ctrl,ARE,United Arab Emirates,High income,d_log_gdp,-0.16796893907709137,NA,NA,NA,NA,NA
cs_ctrl,ARE,United Arab Emirates,High income,"L(d_log_gdp, 1)",0.11733491817550971,NA,NA,NA,NA,NA
cs_ctrl,ARE,United Arab Emirates,High income,"L(d_log_gdp, 2)",0.07139538008850571,NA,NA,NA,NA,NA
cs_ctrl,ARE,United Arab Emirates,High income,dy_bar,1.7750856840781153,NA,NA,NA,NA,NA
cs_ctrl,ARE,United Arab Emirates,High income,"L(dy_bar, 1)",-6.9677112372379915,NA,NA,NA,NA,NA
cs_ctrl,ARE,United Arab Emirates,High income,"L(dy_bar, 2)",6.582629593166829,NA,NA,NA,NA,NA
cs_ctrl,ARE,United Arab Emirates,High income,dd_bar,0.04486831071176033,NA,NA,NA,NA,NA
cs_ctrl,ARE,United Arab Emirates,High income,"L(dd_bar, 1)",0.13962132012169823,NA,NA,NA,NA,NA
cs_ctrl,ARE,United Arab Emirates,High income,"L(dd_bar, 2)",-0.43769081056240766,NA,NA,NA,NA,NA
cs_ctrl,ARE,United Arab Emirates,High income,d_inf_bar,-0.0015209083204385978,NA,NA,NA,NA,NA
cs_ctrl,ARE,United Arab Emirates,High income,"L(d_inf_bar, 1)",0.00834962507111755,NA,NA,NA,NA,NA
cs_ctrl,ARE,United Arab Emirates,High income,"L(d_inf_bar, 2)",0.0033911478818934165,NA,NA,NA,NA,NA
cs_ctrl,ARE,United Arab Emirates,High income,d_gov_bar,1.737792345783552,NA,NA,NA,NA,NA
cs_ctrl,ARE,United Arab Emirates,High income,"L(d_gov_bar, 1)",2.787450825969216,NA,NA,NA,NA,NA
cs_ctrl,ARE,United Arab Emirates,High income,"L(d_gov_bar, 2)",0.39573521776936166,NA,NA,NA,NA,NA
cs_ctrl,ARE,United Arab Emirates,High income,d_log_gdp_bar,-0.38690905417803384,NA,NA,NA,NA,NA
cs_ctrl,ARE,United Arab Emirates,High income,"L(d_log_gdp_bar, 1)",NA,NA,NA,NA,NA,NA
cs_ctrl,ARE,United Arab Emirates,High income,"L(d_log_gdp_bar, 2)",NA,NA,NA,NA,NA,NA
cs_ctrl,ARG,Argentina,Upper middle income,(Intercept),0.016952404484914592,NA,NA,NA,NA,NA
cs_ctrl,ARG,Argentina,Upper middle income,"L(dy, 1)",-0.991648578182205,NA,NA,NA,NA,NA
cs_ctrl,ARG,Argentina,Upper middle income,"L(dy, 2)",-0.677034340061072,NA,NA,NA,NA,NA
cs_ctrl,ARG,Argentina,Upper middle income,dd,-0.001587594422399293,NA,NA,NA,NA,NA
cs_ctrl,ARG,Argentina,Upper middle income,"L(dd, 1)",-0.011419187951816612,NA,NA,NA,NA,NA
cs_ctrl,ARG,Argentina,Upper middle income,"L(dd, 2)",-0.06299702760888298,NA,NA,NA,NA,NA
cs_ctrl,ARG,Argentina,Upper middle income,d_inf,0.15556743711766438,NA,NA,NA,NA,NA
cs_ctrl,ARG,Argentina,Upper middle income,"L(d_inf, 1)",-8.76758938829941e-4,NA,NA,NA,NA,NA
cs_ctrl,ARG,Argentina,Upper middle income,"L(d_inf, 2)",7.921504454218468e-4,NA,NA,NA,NA,NA
cs_ctrl,ARG,Argentina,Upper middle income,d_gov,-0.0998662048758775,NA,NA,NA,NA,NA
cs_ctrl,ARG,Argentina,Upper middle income,"L(d_gov, 1)",-0.33337995798443326,NA,NA,NA,NA,NA
cs_ctrl,ARG,Argentina,Upper middle income,"L(d_gov, 2)",-0.4727422673821029,NA,NA,NA,NA,NA
cs_ctrl,ARG,Argentina,Upper middle income,d_log_gdp,0.27879078147012126,NA,NA,NA,NA,NA
cs_ctrl,ARG,Argentina,Upper middle income,"L(d_log_gdp, 1)",-0.08959042927309802,NA,NA,NA,NA,NA
cs_ctrl,ARG,Argentina,Upper middle income,"L(d_log_gdp, 2)",-0.1889639139623312,NA,NA,NA,NA,NA
cs_ctrl,ARG,Argentina,Upper middle income,dy_bar,3.43561808306253,NA,NA,NA,NA,NA
cs_ctrl,ARG,Argentina,Upper middle income,"L(dy_bar, 1)",3.2178265110477264,NA,NA,NA,NA,NA
cs_ctrl,ARG,Argentina,Upper middle income,"L(dy_bar, 2)",1.2858428475005688,NA,NA,NA,NA,NA
cs_ctrl,ARG,Argentina,Upper middle income,dd_bar,0.4131390310137311,NA,NA,NA,NA,NA
cs_ctrl,ARG,Argentina,Upper middle income,"L(dd_bar, 1)",-0.3906536863934715,NA,NA,NA,NA,NA
cs_ctrl,ARG,Argentina,Upper middle income,"L(dd_bar, 2)",0.3731666093447316,NA,NA,NA,NA,NA
cs_ctrl,ARG,Argentina,Upper middle income,d_inf_bar,-0.017255982829303834,NA,NA,NA,NA,NA
cs_ctrl,ARG,Argentina,Upper middle income,"L(d_inf_bar, 1)",-0.001189347045206656,NA,NA,NA,NA,NA
cs_ctrl,ARG,Argentina,Upper middle income,"L(d_inf_bar, 2)",-0.03331921084162133,NA,NA,NA,NA,NA
cs_ctrl,ARG,Argentina,Upper middle income,d_gov_bar,-1.9899384283822523,NA,NA,NA,NA,NA
cs_ctrl,ARG,Argentina,Upper middle income,"L(d_gov_bar, 1)",3.081060093924588,NA,NA,NA,NA,NA
cs_ctrl,ARG,Argentina,Upper middle income,"L(d_gov_bar, 2)",-1.3160118254388693,NA,NA,NA,NA,NA
cs_ctrl,ARG,Argentina,Upper middle income,d_log_gdp_bar,-0.6501022188870482,NA,NA,NA,NA,NA
cs_ctrl,ARG,Argentina,Upper middle income,"L(d_log_gdp_bar, 1)",NA,NA,NA,NA,NA,NA
cs_ctrl,ARG,Argentina,Upper middle income,"L(d_log_gdp_bar, 2)",NA,NA,NA,NA,NA,NA
cs_ctrl,ARM,Armenia,Lower middle income,(Intercept),0.0759437926350824,NA,NA,NA,NA,NA
cs_ctrl,ARM,Armenia,Lower middle income,"L(dy, 1)",0.9054544290897807,NA,NA,NA,NA,NA
cs_ctrl,ARM,Armenia,Lower middle income,"L(dy, 2)",6.757804271801079,NA,NA,NA,NA,NA
cs_ctrl,ARM,Armenia,Lower middle income,dd,1.1804355969318405,NA,NA,NA,NA,NA
cs_ctrl,ARM,Armenia,Lower middle income,"L(dd, 1)",0.5291253264795468,NA,NA,NA,NA,NA
cs_ctrl,ARM,Armenia,Lower middle income,"L(dd, 2)",-0.48192975915978736,NA,NA,NA,NA,NA
cs_ctrl,ARM,Armenia,Lower middle income,d_inf,0.010353791807642624,NA,NA,NA,NA,NA
cs_ctrl,ARM,Armenia,Lower middle income,"L(d_inf, 1)",0.04616413012108848,NA,NA,NA,NA,NA
cs_ctrl,ARM,Armenia,Lower middle income,"L(d_inf, 2)",0.015721867838178794,NA,NA,NA,NA,NA
cs_ctrl,ARM,Armenia,Lower middle income,d_gov,15.889289020161193,NA,NA,NA,NA,NA
cs_ctrl,ARM,Armenia,Lower middle income,"L(d_gov, 1)",4.8911956827372185,NA,NA,NA,NA,NA
cs_ctrl,ARM,Armenia,Lower middle income,"L(d_gov, 2)",-3.758715913661253,NA,NA,NA,NA,NA
cs_ctrl,ARM,Armenia,Lower middle income,d_log_gdp,4.27428252227576,NA,NA,NA,NA,NA
cs_ctrl,ARM,Armenia,Lower middle income,"L(d_log_gdp, 1)",2.904582253183967,NA,NA,NA,NA,NA
cs_ctrl,ARM,Armenia,Lower middle income,"L(d_log_gdp, 2)",-2.5241337155058368,NA,NA,NA,NA,NA
cs_ctrl,ARM,Armenia,Lower middle income,dy_bar,176.80167963154386,NA,NA,NA,NA,NA
cs_ctrl,ARM,Armenia,Lower middle income,"L(dy_bar, 1)",231.9510482059643,NA,NA,NA,NA,NA
cs_ctrl,ARM,Armenia,Lower middle income,"L(dy_bar, 2)",-60.87825497544026,NA,NA,NA,NA,NA
cs_ctrl,ARM,Armenia,Lower middle income,dd_bar,8.004907213451297,NA,NA,NA,NA,NA
cs_ctrl,ARM,Armenia,Lower middle income,"L(dd_bar, 1)",-4.834970603168582,NA,NA,NA,NA,NA
cs_ctrl,ARM,Armenia,Lower middle income,"L(dd_bar, 2)",-0.5507002427504784,NA,NA,NA,NA,NA
cs_ctrl,ARM,Armenia,Lower middle income,d_inf_bar,0.12311813881103803,NA,NA,NA,NA,NA
cs_ctrl,ARM,Armenia,Lower middle income,"L(d_inf_bar, 1)",0.12831616870121343,NA,NA,NA,NA,NA
cs_ctrl,ARM,Armenia,Lower middle income,"L(d_inf_bar, 2)",-0.6703498467231133,NA,NA,NA,NA,NA
cs_ctrl,ARM,Armenia,Lower middle income,d_gov_bar,-89.62430749281954,NA,NA,NA,NA,NA
cs_ctrl,ARM,Armenia,Lower middle income,"L(d_gov_bar, 1)",34.961480956449655,NA,NA,NA,NA,NA
cs_ctrl,ARM,Armenia,Lower middle income,"L(d_gov_bar, 2)",-15.200913652693057,NA,NA,NA,NA,NA
cs_ctrl,ARM,Armenia,Lower middle income,d_log_gdp_bar,-5.201297254830513,NA,NA,NA,NA,NA
cs_ctrl,ARM,Armenia,Lower middle income,"L(d_log_gdp_bar, 1)",NA,NA,NA,NA,NA,NA
cs_ctrl,ARM,Armenia,Lower middle income,"L(d_log_gdp_bar, 2)",NA,NA,NA,NA,NA,NA
cs_ctrl,ATG,Antigua and Barbuda,Upper middle income,(Intercept),0.003293687421614305,NA,NA,NA,NA,NA
cs_ctrl,ATG,Antigua and Barbuda,Upper middle income,"L(dy, 1)",2.563320629842061,NA,NA,NA,NA,NA
cs_ctrl,ATG,Antigua and Barbuda,Upper middle income,"L(dy, 2)",-0.6443261974888829,NA,NA,NA,NA,NA
cs_ctrl,ATG,Antigua and Barbuda,Upper middle income,dd,-0.020643752688713636,NA,NA,NA,NA,NA
cs_ctrl,ATG,Antigua and Barbuda,Upper middle income,"L(dd, 1)",-0.003875023846847199,NA,NA,NA,NA,NA
cs_ctrl,ATG,Antigua and Barbuda,Upper middle income,"L(dd, 2)",-0.004256538689963815,NA,NA,NA,NA,NA
cs_ctrl,ATG,Antigua and Barbuda,Upper middle income,d_inf,-0.05755593003080932,NA,NA,NA,NA,NA
cs_ctrl,ATG,Antigua and Barbuda,Upper middle income,"L(d_inf, 1)",-0.019324777433004647,NA,NA,NA,NA,NA
cs_ctrl,ATG,Antigua and Barbuda,Upper middle income,"L(d_inf, 2)",-0.03207774709121456,NA,NA,NA,NA,NA
cs_ctrl,ATG,Antigua and Barbuda,Upper middle income,d_gov,0.008132419564901076,NA,NA,NA,NA,NA
cs_ctrl,ATG,Antigua and Barbuda,Upper middle income,"L(d_gov, 1)",0.024249071875912822,NA,NA,NA,NA,NA
cs_ctrl,ATG,Antigua and Barbuda,Upper middle income,"L(d_gov, 2)",0.034237817460469576,NA,NA,NA,NA,NA
cs_ctrl,ATG,Antigua and Barbuda,Upper middle income,d_log_gdp,0.003908399807132795,NA,NA,NA,NA,NA
cs_ctrl,ATG,Antigua and Barbuda,Upper middle income,"L(d_log_gdp, 1)",0.0056770558578929,NA,NA,NA,NA,NA
cs_ctrl,ATG,Antigua and Barbuda,Upper middle income,"L(d_log_gdp, 2)",0.012084846517759084,NA,NA,NA,NA,NA
cs_ctrl,ATG,Antigua and Barbuda,Upper middle income,dy_bar,-0.20004515213888163,NA,NA,NA,NA,NA
cs_ctrl,ATG,Antigua and Barbuda,Upper middle income,"L(dy_bar, 1)",-0.11968570133419422,NA,NA,NA,NA,NA
cs_ctrl,ATG,Antigua and Barbuda,Upper middle income,"L(dy_bar, 2)",-0.8128241626276211,NA,NA,NA,NA,NA
cs_ctrl,ATG,Antigua and Barbuda,Upper middle income,dd_bar,0.001787732385488534,NA,NA,NA,NA,NA
cs_ctrl,ATG,Antigua and Barbuda,Upper middle income,"L(dd_bar, 1)",-0.021540693731892362,NA,NA,NA,NA,NA
cs_ctrl,ATG,Antigua and Barbuda,Upper middle income,"L(dd_bar, 2)",0.03829166244371339,NA,NA,NA,NA,NA
cs_ctrl,ATG,Antigua and Barbuda,Upper middle income,d_inf_bar,-6.813342122224548e-4,NA,NA,NA,NA,NA
cs_ctrl,ATG,Antigua and Barbuda,Upper middle income,"L(d_inf_bar, 1)",-2.2599924757182773e-4,NA,NA,NA,NA,NA
cs_ctrl,ATG,Antigua and Barbuda,Upper middle income,"L(d_inf_bar, 2)",6.671952023958439e-4,NA,NA,NA,NA,NA
cs_ctrl,ATG,Antigua and Barbuda,Upper middle income,d_gov_bar,0.18898521543293287,NA,NA,NA,NA,NA
cs_ctrl,ATG,Antigua and Barbuda,Upper middle income,"L(d_gov_bar, 1)",-0.010533219035178783,NA,NA,NA,NA,NA
cs_ctrl,ATG,Antigua and Barbuda,Upper middle income,"L(d_gov_bar, 2)",-0.12814078381944438,NA,NA,NA,NA,NA
cs_ctrl,ATG,Antigua and Barbuda,Upper middle income,d_log_gdp_bar,-0.05646856541024628,NA,NA,NA,NA,NA
cs_ctrl,ATG,Antigua and Barbuda,Upper middle income,"L(d_log_gdp_bar, 1)",NA,NA,NA,NA,NA,NA
cs_ctrl,ATG,Antigua and Barbuda,Upper middle income,"L(d_log_gdp_bar, 2)",NA,NA,NA,NA,NA,NA
cs_ctrl,AUS,Australia,High income,(Intercept),0.02136137985310944,NA,NA,NA,NA,NA
cs_ctrl,AUS,Australia,High income,"L(dy, 1)",0.209152230076475,NA,NA,NA,NA,NA
cs_ctrl,AUS,Australia,High income,"L(dy, 2)",-2.563281323887533,NA,NA,NA,NA,NA
cs_ctrl,AUS,Australia,High income,dd,-0.4191676915224966,NA,NA,NA,NA,NA
cs_ctrl,AUS,Australia,High income,"L(dd, 1)",0.42208223518138643,NA,NA,NA,NA,NA
cs_ctrl,AUS,Australia,High income,"L(dd, 2)",-0.10145006049479328,NA,NA,NA,NA,NA
cs_ctrl,AUS,Australia,High income,d_inf,0.3131713217916121,NA,NA,NA,NA,NA
cs_ctrl,AUS,Australia,High income,"L(d_inf, 1)",0.2765077599048171,NA,NA,NA,NA,NA
cs_ctrl,AUS,Australia,High income,"L(d_inf, 2)",0.07986824233525161,NA,NA,NA,NA,NA
cs_ctrl,AUS,Australia,High income,d_gov,-3.0014161259860366,NA,NA,NA,NA,NA
cs_ctrl,AUS,Australia,High income,"L(d_gov, 1)",0.8087664411895766,NA,NA,NA,NA,NA
cs_ctrl,AUS,Australia,High income,"L(d_gov, 2)",-2.2201459090197466,NA,NA,NA,NA,NA
cs_ctrl,AUS,Australia,High income,d_log_gdp,0.04438804468596191,NA,NA,NA,NA,NA
cs_ctrl,AUS,Australia,High income,"L(d_log_gdp, 1)",0.24867228587369358,NA,NA,NA,NA,NA
cs_ctrl,AUS,Australia,High income,"L(d_log_gdp, 2)",-0.2820978615285388,NA,NA,NA,NA,NA
cs_ctrl,AUS,Australia,High income,dy_bar,-1.8164403480648097,NA,NA,NA,NA,NA
cs_ctrl,AUS,Australia,High income,"L(dy_bar, 1)",3.5137472907287104,NA,NA,NA,NA,NA
cs_ctrl,AUS,Australia,High income,"L(dy_bar, 2)",-0.8917505280753198,NA,NA,NA,NA,NA
cs_ctrl,AUS,Australia,High income,dd_bar,0.32422789384724493,NA,NA,NA,NA,NA
cs_ctrl,AUS,Australia,High income,"L(dd_bar, 1)",-0.4058943332927724,NA,NA,NA,NA,NA
cs_ctrl,AUS,Australia,High income,"L(dd_bar, 2)",-0.18066984424040194,NA,NA,NA,NA,NA
cs_ctrl,AUS,Australia,High income,d_inf_bar,-0.001305531479060632,NA,NA,NA,NA,NA
cs_ctrl,AUS,Australia,High income,"L(d_inf_bar, 1)",0.009649529167224433,NA,NA,NA,NA,NA
cs_ctrl,AUS,Australia,High income,"L(d_inf_bar, 2)",0.00840897854047987,NA,NA,NA,NA,NA
cs_ctrl,AUS,Australia,High income,d_gov_bar,1.008120845839013,NA,NA,NA,NA,NA
cs_ctrl,AUS,Australia,High income,"L(d_gov_bar, 1)",0.27118799778228864,NA,NA,NA,NA,NA
cs_ctrl,AUS,Australia,High income,"L(d_gov_bar, 2)",2.9899493477903034,NA,NA,NA,NA,NA
cs_ctrl,AUS,Australia,High income,d_log_gdp_bar,-0.12673417902326717,NA,NA,NA,NA,NA
cs_ctrl,AUS,Australia,High income,"L(d_log_gdp_bar, 1)",NA,NA,NA,NA,NA,NA
cs_ctrl,AUS,Australia,High income,"L(d_log_gdp_bar, 2)",NA,NA,NA,NA,NA,NA
cs_ctrl,AUT,Austria,High income,(Intercept),0.016547676108187654,NA,NA,NA,NA,NA
cs_ctrl,AUT,Austria,High income,"L(dy, 1)",0.1519820494860418,NA,NA,NA,NA,NA
cs_ctrl,AUT,Austria,High income,"L(dy, 2)",-1.479525035627123,NA,NA,NA,NA,NA
cs_ctrl,AUT,Austria,High income,dd,0.02703883861936236,NA,NA,NA,NA,NA
cs_ctrl,AUT,Austria,High income,"L(dd, 1)",-0.017895861613305867,NA,NA,NA,NA,NA
cs_ctrl,AUT,Austria,High income,"L(dd, 2)",0.2864282146079226,NA,NA,NA,NA,NA
cs_ctrl,AUT,Austria,High income,d_inf,-0.9216503812862175,NA,NA,NA,NA,NA
cs_ctrl,AUT,Austria,High income,"L(d_inf, 1)",1.6980976922007154,NA,NA,NA,NA,NA
cs_ctrl,AUT,Austria,High income,"L(d_inf, 2)",-0.5214744204655448,NA,NA,NA,NA,NA
cs_ctrl,AUT,Austria,High income,d_gov,-2.780952292838224,NA,NA,NA,NA,NA
cs_ctrl,AUT,Austria,High income,"L(d_gov, 1)",1.4703604796240148,NA,NA,NA,NA,NA
cs_ctrl,AUT,Austria,High income,"L(d_gov, 2)",2.486917057005048,NA,NA,NA,NA,NA
cs_ctrl,AUT,Austria,High income,d_log_gdp,-0.24315437357358424,NA,NA,NA,NA,NA
cs_ctrl,AUT,Austria,High income,"L(d_log_gdp, 1)",0.0039620836536992015,NA,NA,NA,NA,NA
cs_ctrl,AUT,Austria,High income,"L(d_log_gdp, 2)",0.4602317663713066,NA,NA,NA,NA,NA
cs_ctrl,AUT,Austria,High income,dy_bar,-9.536797495028214,NA,NA,NA,NA,NA
cs_ctrl,AUT,Austria,High income,"L(dy_bar, 1)",2.4014188204005165,NA,NA,NA,NA,NA
cs_ctrl,AUT,Austria,High income,"L(dy_bar, 2)",-6.391487685699425,NA,NA,NA,NA,NA
cs_ctrl,AUT,Austria,High income,dd_bar,-0.30960948082298273,NA,NA,NA,NA,NA
cs_ctrl,AUT,Austria,High income,"L(dd_bar, 1)",-0.17230007064489294,NA,NA,NA,NA,NA
cs_ctrl,AUT,Austria,High income,"L(dd_bar, 2)",-0.05560053963995257,NA,NA,NA,NA,NA
cs_ctrl,AUT,Austria,High income,d_inf_bar,0.003530207138769195,NA,NA,NA,NA,NA
cs_ctrl,AUT,Austria,High income,"L(d_inf_bar, 1)",0.007156078727297718,NA,NA,NA,NA,NA
cs_ctrl,AUT,Austria,High income,"L(d_inf_bar, 2)",-0.002301982032956144,NA,NA,NA,NA,NA
cs_ctrl,AUT,Austria,High income,d_gov_bar,-3.762737198618965,NA,NA,NA,NA,NA
cs_ctrl,AUT,Austria,High income,"L(d_gov_bar, 1)",-1.305220513321544,NA,NA,NA,NA,NA
cs_ctrl,AUT,Austria,High income,"L(d_gov_bar, 2)",0.4198354963218754,NA,NA,NA,NA,NA
cs_ctrl,AUT,Austria,High income,d_log_gdp_bar,-1.2242184825294697,NA,NA,NA,NA,NA
cs_ctrl,AUT,Austria,High income,"L(d_log_gdp_bar, 1)",NA,NA,NA,NA,NA,NA
cs_ctrl,AUT,Austria,High income,"L(d_log_gdp_bar, 2)",NA,NA,NA,NA,NA,NA
cs_ctrl,AZE,Azerbaijan,Upper middle income,(Intercept),0.03589761121716158,NA,NA,NA,NA,NA
cs_ctrl,AZE,Azerbaijan,Upper middle income,"L(dy, 1)",0.8043484318095792,NA,NA,NA,NA,NA
cs_ctrl,AZE,Azerbaijan,Upper middle income,"L(dy, 2)",-1.2920619112267753,NA,NA,NA,NA,NA
cs_ctrl,AZE,Azerbaijan,Upper middle income,dd,0.021147450952803928,NA,NA,NA,NA,NA
cs_ctrl,AZE,Azerbaijan,Upper middle income,"L(dd, 1)",0.08442089400495845,NA,NA,NA,NA,NA
cs_ctrl,AZE,Azerbaijan,Upper middle income,"L(dd, 2)",0.1848773440271506,NA,NA,NA,NA,NA
cs_ctrl,AZE,Azerbaijan,Upper middle income,d_inf,-0.016785029420324806,NA,NA,NA,NA,NA
cs_ctrl,AZE,Azerbaijan,Upper middle income,"L(d_inf, 1)",-0.016605700404963997,NA,NA,NA,NA,NA
cs_ctrl,AZE,Azerbaijan,Upper middle income,"L(d_inf, 2)",-0.057962303126917344,NA,NA,NA,NA,NA
cs_ctrl,AZE,Azerbaijan,Upper middle income,d_gov,-0.6355785934048435,NA,NA,NA,NA,NA
cs_ctrl,AZE,Azerbaijan,Upper middle income,"L(d_gov, 1)",2.50671769606606,NA,NA,NA,NA,NA
cs_ctrl,AZE,Azerbaijan,Upper middle income,"L(d_gov, 2)",-0.9135803678321721,NA,NA,NA,NA,NA
cs_ctrl,AZE,Azerbaijan,Upper middle income,d_log_gdp,0.3699443610933935,NA,NA,NA,NA,NA
cs_ctrl,AZE,Azerbaijan,Upper middle income,"L(d_log_gdp, 1)",0.5124033072266304,NA,NA,NA,NA,NA
cs_ctrl,AZE,Azerbaijan,Upper middle income,"L(d_log_gdp, 2)",0.2952923545264352,NA,NA,NA,NA,NA
cs_ctrl,AZE,Azerbaijan,Upper middle income,dy_bar,21.24619549203513,NA,NA,NA,NA,NA
cs_ctrl,AZE,Azerbaijan,Upper middle income,"L(dy_bar, 1)",53.60435966551623,NA,NA,NA,NA,NA
cs_ctrl,AZE,Azerbaijan,Upper middle income,"L(dy_bar, 2)",46.158433109528865,NA,NA,NA,NA,NA
cs_ctrl,AZE,Azerbaijan,Upper middle income,dd_bar,-0.6192599030029419,NA,NA,NA,NA,NA
cs_ctrl,AZE,Azerbaijan,Upper middle income,"L(dd_bar, 1)",2.354344759499791,NA,NA,NA,NA,NA
cs_ctrl,AZE,Azerbaijan,Upper middle income,"L(dd_bar, 2)",-1.4774589458132563,NA,NA,NA,NA,NA
cs_ctrl,AZE,Azerbaijan,Upper middle income,d_inf_bar,0.03578229367616348,NA,NA,NA,NA,NA
cs_ctrl,AZE,Azerbaijan,Upper middle income,"L(d_inf_bar, 1)",0.09014701070258896,NA,NA,NA,NA,NA
cs_ctrl,AZE,Azerbaijan,Upper middle income,"L(d_inf_bar, 2)",0.23968809438805116,NA,NA,NA,NA,NA
cs_ctrl,AZE,Azerbaijan,Upper middle income,d_gov_bar,3.1866924373992322,NA,NA,NA,NA,NA
cs_ctrl,AZE,Azerbaijan,Upper middle income,"L(d_gov_bar, 1)",-4.474407395044261,NA,NA,NA,NA,NA
cs_ctrl,AZE,Azerbaijan,Upper middle income,"L(d_gov_bar, 2)",15.802876963244262,NA,NA,NA,NA,NA
cs_ctrl,AZE,Azerbaijan,Upper middle income,d_log_gdp_bar,-1.9079669677949516,NA,NA,NA,NA,NA
cs_ctrl,AZE,Azerbaijan,Upper middle income,"L(d_log_gdp_bar, 1)",NA,NA,NA,NA,NA,NA
cs_ctrl,AZE,Azerbaijan,Upper middle income,"L(d_log_gdp_bar, 2)",NA,NA,NA,NA,NA,NA
cs_ctrl,BDI,Burundi,Low income,(Intercept),-0.00278640624773757,NA,NA,NA,NA,NA
cs_ctrl,BDI,Burundi,Low income,"L(dy, 1)",1.165061797639297,NA,NA,NA,NA,NA
cs_ctrl,BDI,Burundi,Low income,"L(dy, 2)",-1.3478073330218552,NA,NA,NA,NA,NA
cs_ctrl,BDI,Burundi,Low income,dd,-0.00841698040739317,NA,NA,NA,NA,NA
cs_ctrl,BDI,Burundi,Low income,"L(dd, 1)",-0.021727501250921634,NA,NA,NA,NA,NA
cs_ctrl,BDI,Burundi,Low income,"L(dd, 2)",-0.0077597688010241535,NA,NA,NA,NA,NA
cs_ctrl,BDI,Burundi,Low income,d_inf,-0.026623821028221212,NA,NA,NA,NA,NA
cs_ctrl,BDI,Burundi,Low income,"L(d_inf, 1)",-0.026704856023121906,NA,NA,NA,NA,NA
cs_ctrl,BDI,Burundi,Low income,"L(d_inf, 2)",-0.017736667286415195,NA,NA,NA,NA,NA
cs_ctrl,BDI,Burundi,Low income,d_gov,-0.1352300130966852,NA,NA,NA,NA,NA
cs_ctrl,BDI,Burundi,Low income,"L(d_gov, 1)",-0.3774424978816437,NA,NA,NA,NA,NA
cs_ctrl,BDI,Burundi,Low income,"L(d_gov, 2)",-0.0798598667201961,NA,NA,NA,NA,NA
cs_ctrl,BDI,Burundi,Low income,d_log_gdp,-0.018341386574104925,NA,NA,NA,NA,NA
cs_ctrl,BDI,Burundi,Low income,"L(d_log_gdp, 1)",-0.046329301893696544,NA,NA,NA,NA,NA
cs_ctrl,BDI,Burundi,Low income,"L(d_log_gdp, 2)",0.11349608360898288,NA,NA,NA,NA,NA
cs_ctrl,BDI,Burundi,Low income,dy_bar,0.7175477251245264,NA,NA,NA,NA,NA
cs_ctrl,BDI,Burundi,Low income,"L(dy_bar, 1)",1.1621863851428385,NA,NA,NA,NA,NA
cs_ctrl,BDI,Burundi,Low income,"L(dy_bar, 2)",2.527596106801487,NA,NA,NA,NA,NA
cs_ctrl,BDI,Burundi,Low income,dd_bar,0.13063637591577715,NA,NA,NA,NA,NA
cs_ctrl,BDI,Burundi,Low income,"L(dd_bar, 1)",-0.05280867660754263,NA,NA,NA,NA,NA
cs_ctrl,BDI,Burundi,Low income,"L(dd_bar, 2)",0.181421033365396,NA,NA,NA,NA,NA
cs_ctrl,BDI,Burundi,Low income,d_inf_bar,-0.0018581003232402706,NA,NA,NA,NA,NA
cs_ctrl,BDI,Burundi,Low income,"L(d_inf_bar, 1)",-0.0018288482899277074,NA,NA,NA,NA,NA
cs_ctrl,BDI,Burundi,Low income,"L(d_inf_bar, 2)",-0.0093221355124676,NA,NA,NA,NA,NA
cs_ctrl,BDI,Burundi,Low income,d_gov_bar,0.780385391224507,NA,NA,NA,NA,NA
cs_ctrl,BDI,Burundi,Low income,"L(d_gov_bar, 1)",-0.659925574217038,NA,NA,NA,NA,NA
cs_ctrl,BDI,Burundi,Low income,"L(d_gov_bar, 2)",-0.9844121438145399,NA,NA,NA,NA,NA
cs_ctrl,BDI,Burundi,Low income,d_log_gdp_bar,0.18411253261873872,NA,NA,NA,NA,NA
cs_ctrl,BDI,Burundi,Low income,"L(d_log_gdp_bar, 1)",NA,NA,NA,NA,NA,NA
cs_ctrl,BDI,Burundi,Low income,"L(d_log_gdp_bar, 2)",NA,NA,NA,NA,NA,NA
cs_ctrl,BEL,Belgium,High income,(Intercept),0.0043478595724283885,NA,NA,NA,NA,NA
cs_ctrl,BEL,Belgium,High income,"L(dy, 1)",-0.9727221700855976,NA,NA,NA,NA,NA
cs_ctrl,BEL,Belgium,High income,"L(dy, 2)",-0.7367761521570143,NA,NA,NA,NA,NA
cs_ctrl,BEL,Belgium,High income,dd,0.08084914897427019,NA,NA,NA,NA,NA
cs_ctrl,BEL,Belgium,High income,"L(dd, 1)",-0.09750025816296405,NA,NA,NA,NA,NA
cs_ctrl,BEL,Belgium,High income,"L(dd, 2)",-0.02264578562573922,NA,NA,NA,NA,NA
cs_ctrl,BEL,Belgium,High income,d_inf,-0.21371989970799782,NA,NA,NA,NA,NA
cs_ctrl,BEL,Belgium,High income,"L(d_inf, 1)",-0.23473534333467713,NA,NA,NA,NA,NA
cs_ctrl,BEL,Belgium,High income,"L(d_inf, 2)",0.14138502718092913,NA,NA,NA,NA,NA
cs_ctrl,BEL,Belgium,High income,d_gov,-0.13215738190326176,NA,NA,NA,NA,NA
cs_ctrl,BEL,Belgium,High income,"L(d_gov, 1)",-0.09022706454327133,NA,NA,NA,NA,NA
cs_ctrl,BEL,Belgium,High income,"L(d_gov, 2)",-0.2628216643516777,NA,NA,NA,NA,NA
cs_ctrl,BEL,Belgium,High income,d_log_gdp,-0.3066653785551462,NA,NA,NA,NA,NA
cs_ctrl,BEL,Belgium,High income,"L(d_log_gdp, 1)",-0.26852869817127467,NA,NA,NA,NA,NA
cs_ctrl,BEL,Belgium,High income,"L(d_log_gdp, 2)",-0.15031953126269648,NA,NA,NA,NA,NA
cs_ctrl,BEL,Belgium,High income,dy_bar,0.9486149273180331,NA,NA,NA,NA,NA
cs_ctrl,BEL,Belgium,High income,"L(dy_bar, 1)",-0.25130457068905787,NA,NA,NA,NA,NA
cs_ctrl,BEL,Belgium,High income,"L(dy_bar, 2)",-0.09305363235771025,NA,NA,NA,NA,NA
cs_ctrl,BEL,Belgium,High income,dd_bar,0.06142586987046999,NA,NA,NA,NA,NA
cs_ctrl,BEL,Belgium,High income,"L(dd_bar, 1)",0.024735082387689195,NA,NA,NA,NA,NA
cs_ctrl,BEL,Belgium,High income,"L(dd_bar, 2)",0.02161544755416888,NA,NA,NA,NA,NA
cs_ctrl,BEL,Belgium,High income,d_inf_bar,8.885494603006035e-4,NA,NA,NA,NA,NA
cs_ctrl,BEL,Belgium,High income,"L(d_inf_bar, 1)",0.0036615821734432125,NA,NA,NA,NA,NA
cs_ctrl,BEL,Belgium,High income,"L(d_inf_bar, 2)",6.671454494275792e-4,NA,NA,NA,NA,NA
cs_ctrl,BEL,Belgium,High income,d_gov_bar,-0.17901041737518483,NA,NA,NA,NA,NA
cs_ctrl,BEL,Belgium,High income,"L(d_gov_bar, 1)",-0.9259523344985492,NA,NA,NA,NA,NA
cs_ctrl,BEL,Belgium,High income,"L(d_gov_bar, 2)",-0.8182875168503249,NA,NA,NA,NA,NA
cs_ctrl,BEL,Belgium,High income,d_log_gdp_bar,0.2653919594814661,NA,NA,NA,NA,NA
cs_ctrl,BEL,Belgium,High income,"L(d_log_gdp_bar, 1)",NA,NA,NA,NA,NA,NA
cs_ctrl,BEL,Belgium,High income,"L(d_log_gdp_bar, 2)",NA,NA,NA,NA,NA,NA
cs_ctrl,BEN,Benin,Low income,(Intercept),-0.04016413124767547,NA,NA,NA,NA,NA
cs_ctrl,BEN,Benin,Low income,"L(dy, 1)",0.5186838802364406,NA,NA,NA,NA,NA
cs_ctrl,BEN,Benin,Low income,"L(dy, 2)",5.601657804277648,NA,NA,NA,NA,NA
cs_ctrl,BEN,Benin,Low income,dd,-0.06242829160496712,NA,NA,NA,NA,NA
cs_ctrl,BEN,Benin,Low income,"L(dd, 1)",-0.0199242676518649,NA,NA,NA,NA,NA
cs_ctrl,BEN,Benin,Low income,"L(dd, 2)",0.015015938529740218,NA,NA,NA,NA,NA
cs_ctrl,BEN,Benin,Low income,d_inf,-0.0029498761458234862,NA,NA,NA,NA,NA
cs_ctrl,BEN,Benin,Low income,"L(d_inf, 1)",-0.03073832830127859,NA,NA,NA,NA,NA
cs_ctrl,BEN,Benin,Low income,"L(d_inf, 2)",0.017156857734837792,NA,NA,NA,NA,NA
cs_ctrl,BEN,Benin,Low income,d_gov,1.8270601035743292,NA,NA,NA,NA,NA
cs_ctrl,BEN,Benin,Low income,"L(d_gov, 1)",1.3198064169310966,NA,NA,NA,NA,NA
cs_ctrl,BEN,Benin,Low income,"L(d_gov, 2)",0.9779016338980134,NA,NA,NA,NA,NA
cs_ctrl,BEN,Benin,Low income,d_log_gdp,0.5879693527062041,NA,NA,NA,NA,NA
cs_ctrl,BEN,Benin,Low income,"L(d_log_gdp, 1)",0.17436054910246898,NA,NA,NA,NA,NA
cs_ctrl,BEN,Benin,Low income,"L(d_log_gdp, 2)",-0.42380526251278733,NA,NA,NA,NA,NA
cs_ctrl,BEN,Benin,Low income,dy_bar,7.10387348853022,NA,NA,NA,NA,NA
cs_ctrl,BEN,Benin,Low income,"L(dy_bar, 1)",6.790910530113908,NA,NA,NA,NA,NA
cs_ctrl,BEN,Benin,Low income,"L(dy_bar, 2)",2.468607762858065,NA,NA,NA,NA,NA
cs_ctrl,BEN,Benin,Low income,dd_bar,0.642192657303393,NA,NA,NA,NA,NA
cs_ctrl,BEN,Benin,Low income,"L(dd_bar, 1)",-0.09560913164900518,NA,NA,NA,NA,NA
cs_ctrl,BEN,Benin,Low income,"L(dd_bar, 2)",-0.05451397674103371,NA,NA,NA,NA,NA
cs_ctrl,BEN,Benin,Low income,d_inf_bar,0.04201582969083236,NA,NA,NA,NA,NA
cs_ctrl,BEN,Benin,Low income,"L(d_inf_bar, 1)",0.0544439485115203,NA,NA,NA,NA,NA
cs_ctrl,BEN,Benin,Low income,"L(d_inf_bar, 2)",0.006574057623861119,NA,NA,NA,NA,NA
cs_ctrl,BEN,Benin,Low income,d_gov_bar,0.011751738776598356,NA,NA,NA,NA,NA
cs_ctrl,BEN,Benin,Low income,"L(d_gov_bar, 1)",-0.476067592001671,NA,NA,NA,NA,NA
cs_ctrl,BEN,Benin,Low income,"L(d_gov_bar, 2)",-1.24036330564727,NA,NA,NA,NA,NA
cs_ctrl,BEN,Benin,Low income,d_log_gdp_bar,0.7598071197584261,NA,NA,NA,NA,NA
cs_ctrl,BEN,Benin,Low income,"L(d_log_gdp_bar, 1)",NA,NA,NA,NA,NA,NA
cs_ctrl,BEN,Benin,Low income,"L(d_log_gdp_bar, 2)",NA,NA,NA,NA,NA,NA
cs_ctrl,BFA,Burkina Faso,Low income,(Intercept),0.014015682618670049,NA,NA,NA,NA,NA
cs_ctrl,BFA,Burkina Faso,Low income,"L(dy, 1)",-1.7844471470139256,NA,NA,NA,NA,NA
cs_ctrl,BFA,Burkina Faso,Low income,"L(dy, 2)",2.5100121883341937,NA,NA,NA,NA,NA
cs_ctrl,BFA,Burkina Faso,Low income,dd,0.121498921943001,NA,NA,NA,NA,NA
cs_ctrl,BFA,Burkina Faso,Low income,"L(dd, 1)",-0.010786199159845323,NA,NA,NA,NA,NA
cs_ctrl,BFA,Burkina Faso,Low income,"L(dd, 2)",0.02428611105246654,NA,NA,NA,NA,NA
cs_ctrl,BFA,Burkina Faso,Low income,d_inf,0.1302976809130391,NA,NA,NA,NA,NA
cs_ctrl,BFA,Burkina Faso,Low income,"L(d_inf, 1)",-0.15700095617269902,NA,NA,NA,NA,NA
cs_ctrl,BFA,Burkina Faso,Low income,"L(d_inf, 2)",-0.15570746620460055,NA,NA,NA,NA,NA
cs_ctrl,BFA,Burkina Faso,Low income,d_gov,0.24246470434036477,NA,NA,NA,NA,NA
cs_ctrl,BFA,Burkina Faso,Low income,"L(d_gov, 1)",-1.2235195087525392,NA,NA,NA,NA,NA
cs_ctrl,BFA,Burkina Faso,Low income,"L(d_gov, 2)",-1.8040620032565968,NA,NA,NA,NA,NA
cs_ctrl,BFA,Burkina Faso,Low income,d_log_gdp,0.9260835421165389,NA,NA,NA,NA,NA
cs_ctrl,BFA,Burkina Faso,Low income,"L(d_log_gdp, 1)",-0.16685277519703473,NA,NA,NA,NA,NA
cs_ctrl,BFA,Burkina Faso,Low income,"L(d_log_gdp, 2)",-0.2998868281956124,NA,NA,NA,NA,NA
cs_ctrl,BFA,Burkina Faso,Low income,dy_bar,-11.214427602106298,NA,NA,NA,NA,NA
cs_ctrl,BFA,Burkina Faso,Low income,"L(dy_bar, 1)",-2.2122016668150835,NA,NA,NA,NA,NA
cs_ctrl,BFA,Burkina Faso,Low income,"L(dy_bar, 2)",6.456038502625783,NA,NA,NA,NA,NA
cs_ctrl,BFA,Burkina Faso,Low income,dd_bar,-0.769088119925965,NA,NA,NA,NA,NA
cs_ctrl,BFA,Burkina Faso,Low income,"L(dd_bar, 1)",-0.014057312498247198,NA,NA,NA,NA,NA
cs_ctrl,BFA,Burkina Faso,Low income,"L(dd_bar, 2)",-0.12643664119411174,NA,NA,NA,NA,NA
cs_ctrl,BFA,Burkina Faso,Low income,d_inf_bar,0.018566079340035405,NA,NA,NA,NA,NA
cs_ctrl,BFA,Burkina Faso,Low income,"L(d_inf_bar, 1)",0.003710219478103305,NA,NA,NA,NA,NA
cs_ctrl,BFA,Burkina Faso,Low income,"L(d_inf_bar, 2)",0.03285430535374725,NA,NA,NA,NA,NA
cs_ctrl,BFA,Burkina Faso,Low income,d_gov_bar,2.386412219651665,NA,NA,NA,NA,NA
cs_ctrl,BFA,Burkina Faso,Low income,"L(d_gov_bar, 1)",1.0053317775096025,NA,NA,NA,NA,NA
cs_ctrl,BFA,Burkina Faso,Low income,"L(d_gov_bar, 2)",0.6398784680396502,NA,NA,NA,NA,NA
cs_ctrl,BFA,Burkina Faso,Low income,d_log_gdp_bar,-0.6966720218905594,NA,NA,NA,NA,NA
cs_ctrl,BFA,Burkina Faso,Low income,"L(d_log_gdp_bar, 1)",NA,NA,NA,NA,NA,NA
cs_ctrl,BFA,Burkina Faso,Low income,"L(d_log_gdp_bar, 2)",NA,NA,NA,NA,NA,NA
cs_ctrl,BGD,Bangladesh,Low income,(Intercept),0.005818848899765247,NA,NA,NA,NA,NA
cs_ctrl,BGD,Bangladesh,Low income,"L(dy, 1)",-0.7158744848256521,NA,NA,NA,NA,NA
cs_ctrl,BGD,Bangladesh,Low income,"L(dy, 2)",1.7212232196454456,NA,NA,NA,NA,NA
cs_ctrl,BGD,Bangladesh,Low income,dd,-0.16045779888436498,NA,NA,NA,NA,NA
cs_ctrl,BGD,Bangladesh,Low income,"L(dd, 1)",-0.0425807787152239,NA,NA,NA,NA,NA
cs_ctrl,BGD,Bangladesh,Low income,"L(dd, 2)",-7.180618903710638e-4,NA,NA,NA,NA,NA
cs_ctrl,BGD,Bangladesh,Low income,d_inf,-0.057851377969512285,NA,NA,NA,NA,NA
cs_ctrl,BGD,Bangladesh,Low income,"L(d_inf, 1)",-0.016581889655177935,NA,NA,NA,NA,NA
cs_ctrl,BGD,Bangladesh,Low income,"L(d_inf, 2)",-0.05701297877149927,NA,NA,NA,NA,NA
cs_ctrl,BGD,Bangladesh,Low income,d_gov,1.9345624654317937,NA,NA,NA,NA,NA
cs_ctrl,BGD,Bangladesh,Low income,"L(d_gov, 1)",-0.9312616924960455,NA,NA,NA,NA,NA
cs_ctrl,BGD,Bangladesh,Low income,"L(d_gov, 2)",-0.5975897410769868,NA,NA,NA,NA,NA
cs_ctrl,BGD,Bangladesh,Low income,d_log_gdp,0.12473518542416934,NA,NA,NA,NA,NA
cs_ctrl,BGD,Bangladesh,Low income,"L(d_log_gdp, 1)",0.011224016057090088,NA,NA,NA,NA,NA
cs_ctrl,BGD,Bangladesh,Low income,"L(d_log_gdp, 2)",-0.12680506097878283,NA,NA,NA,NA,NA
cs_ctrl,BGD,Bangladesh,Low income,dy_bar,2.840641406543665,NA,NA,NA,NA,NA
cs_ctrl,BGD,Bangladesh,Low income,"L(dy_bar, 1)",2.734965135216136,NA,NA,NA,NA,NA
cs_ctrl,BGD,Bangladesh,Low income,"L(dy_bar, 2)",-2.144641697571273,NA,NA,NA,NA,NA
cs_ctrl,BGD,Bangladesh,Low income,dd_bar,-0.03290645421667826,NA,NA,NA,NA,NA
cs_ctrl,BGD,Bangladesh,Low income,"L(dd_bar, 1)",0.08895618206971155,NA,NA,NA,NA,NA
cs_ctrl,BGD,Bangladesh,Low income,"L(dd_bar, 2)",-0.028544012208176095,NA,NA,NA,NA,NA
cs_ctrl,BGD,Bangladesh,Low income,d_inf_bar,0.0024461020854259934,NA,NA,NA,NA,NA
cs_ctrl,BGD,Bangladesh,Low income,"L(d_inf_bar, 1)",0.0013503467002795434,NA,NA,NA,NA,NA
cs_ctrl,BGD,Bangladesh,Low income,"L(d_inf_bar, 2)",-0.0011201404872417276,NA,NA,NA,NA,NA
cs_ctrl,BGD,Bangladesh,Low income,d_gov_bar,0.12093033689892128,NA,NA,NA,NA,NA
cs_ctrl,BGD,Bangladesh,Low income,"L(d_gov_bar, 1)",-0.6439815736790954,NA,NA,NA,NA,NA
cs_ctrl,BGD,Bangladesh,Low income,"L(d_gov_bar, 2)",0.1638551390362174,NA,NA,NA,NA,NA
cs_ctrl,BGD,Bangladesh,Low income,d_log_gdp_bar,-0.2199835809770569,NA,NA,NA,NA,NA
cs_ctrl,BGD,Bangladesh,Low income,"L(d_log_gdp_bar, 1)",NA,NA,NA,NA,NA,NA
cs_ctrl,BGD,Bangladesh,Low income,"L(d_log_gdp_bar, 2)",NA,NA,NA,NA,NA,NA
cs_ctrl,BGR,Bulgaria,Lower middle income,(Intercept),-0.04293139949418056,NA,NA,NA,NA,NA
cs_ctrl,BGR,Bulgaria,Lower middle income,"L(dy, 1)",-1.959516369556271,NA,NA,NA,NA,NA
cs_ctrl,BGR,Bulgaria,Lower middle income,"L(dy, 2)",1.963517954452742,NA,NA,NA,NA,NA
cs_ctrl,BGR,Bulgaria,Lower middle income,dd,-0.23772973097811553,NA,NA,NA,NA,NA
cs_ctrl,BGR,Bulgaria,Lower middle income,"L(dd, 1)",-0.08629514035372912,NA,NA,NA,NA,NA
cs_ctrl,BGR,Bulgaria,Lower middle income,"L(dd, 2)",-0.043100143278696906,NA,NA,NA,NA,NA
cs_ctrl,BGR,Bulgaria,Lower middle income,d_inf,-0.01789033248876257,NA,NA,NA,NA,NA
cs_ctrl,BGR,Bulgaria,Lower middle income,"L(d_inf, 1)",-0.06621728215377376,NA,NA,NA,NA,NA
cs_ctrl,BGR,Bulgaria,Lower middle income,"L(d_inf, 2)",-0.01425931425724742,NA,NA,NA,NA,NA
cs_ctrl,BGR,Bulgaria,Lower middle income,d_gov,-0.21988511393400686,NA,NA,NA,NA,NA
cs_ctrl,BGR,Bulgaria,Lower middle income,"L(d_gov, 1)",-3.581751735464292,NA,NA,NA,NA,NA
cs_ctrl,BGR,Bulgaria,Lower middle income,"L(d_gov, 2)",-0.6317379917689832,NA,NA,NA,NA,NA
cs_ctrl,BGR,Bulgaria,Lower middle income,d_log_gdp,0.36109759696201726,NA,NA,NA,NA,NA
cs_ctrl,BGR,Bulgaria,Lower middle income,"L(d_log_gdp, 1)",-0.6167018824287506,NA,NA,NA,NA,NA
cs_ctrl,BGR,Bulgaria,Lower middle income,"L(d_log_gdp, 2)",0.020079209135756674,NA,NA,NA,NA,NA
cs_ctrl,BGR,Bulgaria,Lower middle income,dy_bar,8.424963981158875,NA,NA,NA,NA,NA
cs_ctrl,BGR,Bulgaria,Lower middle income,"L(dy_bar, 1)",-5.583759507346096,NA,NA,NA,NA,NA
cs_ctrl,BGR,Bulgaria,Lower middle income,"L(dy_bar, 2)",-1.4179810225408853,NA,NA,NA,NA,NA
cs_ctrl,BGR,Bulgaria,Lower middle income,dd_bar,0.663942709043323,NA,NA,NA,NA,NA
cs_ctrl,BGR,Bulgaria,Lower middle income,"L(dd_bar, 1)",-0.5182195043865498,NA,NA,NA,NA,NA
cs_ctrl,BGR,Bulgaria,Lower middle income,"L(dd_bar, 2)",0.4587649765728991,NA,NA,NA,NA,NA
cs_ctrl,BGR,Bulgaria,Lower middle income,d_inf_bar,6.76378134979367e-4,NA,NA,NA,NA,NA
cs_ctrl,BGR,Bulgaria,Lower middle income,"L(d_inf_bar, 1)",-0.015402780168367528,NA,NA,NA,NA,NA
cs_ctrl,BGR,Bulgaria,Lower middle income,"L(d_inf_bar, 2)",0.0076642610576036895,NA,NA,NA,NA,NA
cs_ctrl,BGR,Bulgaria,Lower middle income,d_gov_bar,8.994704194246346,NA,NA,NA,NA,NA
cs_ctrl,BGR,Bulgaria,Lower middle income,"L(d_gov_bar, 1)",11.35862009531408,NA,NA,NA,NA,NA
cs_ctrl,BGR,Bulgaria,Lower middle income,"L(d_gov_bar, 2)",-0.23079728807281208,NA,NA,NA,NA,NA
cs_ctrl,BGR,Bulgaria,Lower middle income,d_log_gdp_bar,0.1347691762643032,NA,NA,NA,NA,NA
cs_ctrl,BGR,Bulgaria,Lower middle income,"L(d_log_gdp_bar, 1)",NA,NA,NA,NA,NA,NA
cs_ctrl,BGR,Bulgaria,Lower middle income,"L(d_log_gdp_bar, 2)",NA,NA,NA,NA,NA,NA
cs_ctrl,BHR,Bahrain,High income,(Intercept),0.03194030184049951,NA,NA,NA,NA,NA
cs_ctrl,BHR,Bahrain,High income,"L(dy, 1)",-3.2536032714302174,NA,NA,NA,NA,NA
cs_ctrl,BHR,Bahrain,High income,"L(dy, 2)",-2.0774640262968354,NA,NA,NA,NA,NA
cs_ctrl,BHR,Bahrain,High income,dd,-0.06905471868921553,NA,NA,NA,NA,NA
cs_ctrl,BHR,Bahrain,High income,"L(dd, 1)",-0.4481643435284828,NA,NA,NA,NA,NA
cs_ctrl,BHR,Bahrain,High income,"L(dd, 2)",0.03424059164959163,NA,NA,NA,NA,NA
cs_ctrl,BHR,Bahrain,High income,d_inf,-0.7851951558953227,NA,NA,NA,NA,NA
cs_ctrl,BHR,Bahrain,High income,"L(d_inf, 1)",-0.5357695647567253,NA,NA,NA,NA,NA
cs_ctrl,BHR,Bahrain,High income,"L(d_inf, 2)",0.015747706230292535,NA,NA,NA,NA,NA
cs_ctrl,BHR,Bahrain,High income,d_gov,-1.931681321092442,NA,NA,NA,NA,NA
cs_ctrl,BHR,Bahrain,High income,"L(d_gov, 1)",2.2404517301068725,NA,NA,NA,NA,NA
cs_ctrl,BHR,Bahrain,High income,"L(d_gov, 2)",4.556935817083524,NA,NA,NA,NA,NA
cs_ctrl,BHR,Bahrain,High income,d_log_gdp,-0.29069422456591437,NA,NA,NA,NA,NA
cs_ctrl,BHR,Bahrain,High income,"L(d_log_gdp, 1)",-0.6335851481026931,NA,NA,NA,NA,NA
cs_ctrl,BHR,Bahrain,High income,"L(d_log_gdp, 2)",0.03411280336671902,NA,NA,NA,NA,NA
cs_ctrl,BHR,Bahrain,High income,dy_bar,-20.30530641039719,NA,NA,NA,NA,NA
cs_ctrl,BHR,Bahrain,High income,"L(dy_bar, 1)",-20.553142931823707,NA,NA,NA,NA,NA
cs_ctrl,BHR,Bahrain,High income,"L(dy_bar, 2)",-21.03019556218985,NA,NA,NA,NA,NA
cs_ctrl,BHR,Bahrain,High income,dd_bar,0.5698107363129571,NA,NA,NA,NA,NA
cs_ctrl,BHR,Bahrain,High income,"L(dd_bar, 1)",0.6658353272857134,NA,NA,NA,NA,NA
cs_ctrl,BHR,Bahrain,High income,"L(dd_bar, 2)",1.0757874690724338,NA,NA,NA,NA,NA
cs_ctrl,BHR,Bahrain,High income,d_inf_bar,-0.007949589394437096,NA,NA,NA,NA,NA
cs_ctrl,BHR,Bahrain,High income,"L(d_inf_bar, 1)",-0.02671097841314786,NA,NA,NA,NA,NA
cs_ctrl,BHR,Bahrain,High income,"L(d_inf_bar, 2)",0.09243093127522704,NA,NA,NA,NA,NA
cs_ctrl,BHR,Bahrain,High income,d_gov_bar,-18.75203710382423,NA,NA,NA,NA,NA
cs_ctrl,BHR,Bahrain,High income,"L(d_gov_bar, 1)",-20.948418840909365,NA,NA,NA,NA,NA
cs_ctrl,BHR,Bahrain,High income,"L(d_gov_bar, 2)",-14.069980014715748,NA,NA,NA,NA,NA
cs_ctrl,BHR,Bahrain,High income,d_log_gdp_bar,0.04828692576092609,NA,NA,NA,NA,NA
cs_ctrl,BHR,Bahrain,High income,"L(d_log_gdp_bar, 1)",NA,NA,NA,NA,NA,NA
cs_ctrl,BHR,Bahrain,High income,"L(d_log_gdp_bar, 2)",NA,NA,NA,NA,NA,NA
cs_ctrl,BHS,Bahamas,High income,(Intercept),9.733556385430279e-4,NA,NA,NA,NA,NA
cs_ctrl,BHS,Bahamas,High income,"L(dy, 1)",-1.0428423147689245,NA,NA,NA,NA,NA
cs_ctrl,BHS,Bahamas,High income,"L(dy, 2)",-2.827504207239949,NA,NA,NA,NA,NA
cs_ctrl,BHS,Bahamas,High income,dd,0.06446750103297691,NA,NA,NA,NA,NA
cs_ctrl,BHS,Bahamas,High income,"L(dd, 1)",-0.04857959826564727,NA,NA,NA,NA,NA
cs_ctrl,BHS,Bahamas,High income,"L(dd, 2)",-0.14807767992099416,NA,NA,NA,NA,NA
cs_ctrl,BHS,Bahamas,High income,d_inf,0.01848088338378901,NA,NA,NA,NA,NA
cs_ctrl,BHS,Bahamas,High income,"L(d_inf, 1)",0.013466795501534701,NA,NA,NA,NA,NA
cs_ctrl,BHS,Bahamas,High income,"L(d_inf, 2)",0.03280207562820387,NA,NA,NA,NA,NA
cs_ctrl,BHS,Bahamas,High income,d_gov,0.14454022184627732,NA,NA,NA,NA,NA
cs_ctrl,BHS,Bahamas,High income,"L(d_gov, 1)",0.20223127430945256,NA,NA,NA,NA,NA
cs_ctrl,BHS,Bahamas,High income,"L(d_gov, 2)",-0.7131165054265444,NA,NA,NA,NA,NA
cs_ctrl,BHS,Bahamas,High income,d_log_gdp,0.09948044734231037,NA,NA,NA,NA,NA
cs_ctrl,BHS,Bahamas,High income,"L(d_log_gdp, 1)",0.15806324630625843,NA,NA,NA,NA,NA
cs_ctrl,BHS,Bahamas,High income,"L(d_log_gdp, 2)",-0.07941177575746966,NA,NA,NA,NA,NA
cs_ctrl,BHS,Bahamas,High income,dy_bar,5.224137013202425,NA,NA,NA,NA,NA
cs_ctrl,BHS,Bahamas,High income,"L(dy_bar, 1)",0.7473979434010274,NA,NA,NA,NA,NA
cs_ctrl,BHS,Bahamas,High income,"L(dy_bar, 2)",3.6711288745290984,NA,NA,NA,NA,NA
cs_ctrl,BHS,Bahamas,High income,dd_bar,0.21751620988488998,NA,NA,NA,NA,NA
cs_ctrl,BHS,Bahamas,High income,"L(dd_bar, 1)",-0.22838309847704108,NA,NA,NA,NA,NA
cs_ctrl,BHS,Bahamas,High income,"L(dd_bar, 2)",0.07594416057322435,NA,NA,NA,NA,NA
cs_ctrl,BHS,Bahamas,High income,d_inf_bar,-0.001343675634833513,NA,NA,NA,NA,NA
cs_ctrl,BHS,Bahamas,High income,"L(d_inf_bar, 1)",0.00545161426627179,NA,NA,NA,NA,NA
cs_ctrl,BHS,Bahamas,High income,"L(d_inf_bar, 2)",0.00912246619623776,NA,NA,NA,NA,NA
cs_ctrl,BHS,Bahamas,High income,d_gov_bar,0.5694644144788477,NA,NA,NA,NA,NA
cs_ctrl,BHS,Bahamas,High income,"L(d_gov_bar, 1)",2.162602647611624,NA,NA,NA,NA,NA
cs_ctrl,BHS,Bahamas,High income,"L(d_gov_bar, 2)",1.2104560747293385,NA,NA,NA,NA,NA
cs_ctrl,BHS,Bahamas,High income,d_log_gdp_bar,0.2410554286188859,NA,NA,NA,NA,NA
cs_ctrl,BHS,Bahamas,High income,"L(d_log_gdp_bar, 1)",NA,NA,NA,NA,NA,NA
cs_ctrl,BHS,Bahamas,High income,"L(d_log_gdp_bar, 2)",NA,NA,NA,NA,NA,NA
cs_ctrl,BLR,Belarus,Upper middle income,(Intercept),0.0014434348614244719,NA,NA,NA,NA,NA
cs_ctrl,BLR,Belarus,Upper middle income,"L(dy, 1)",0.23461858385632098,NA,NA,NA,NA,NA
cs_ctrl,BLR,Belarus,Upper middle income,"L(dy, 2)",0.7820339123660206,NA,NA,NA,NA,NA
cs_ctrl,BLR,Belarus,Upper middle income,dd,-0.024976684305315744,NA,NA,NA,NA,NA
cs_ctrl,BLR,Belarus,Upper middle income,"L(dd, 1)",-0.0032709592829549,NA,NA,NA,NA,NA
cs_ctrl,BLR,Belarus,Upper middle income,"L(dd, 2)",-0.045587446581416884,NA,NA,NA,NA,NA
cs_ctrl,BLR,Belarus,Upper middle income,d_inf,0.01260788534216153,NA,NA,NA,NA,NA
cs_ctrl,BLR,Belarus,Upper middle income,"L(d_inf, 1)",0.004730325780374757,NA,NA,NA,NA,NA
cs_ctrl,BLR,Belarus,Upper middle income,"L(d_inf, 2)",-0.0021871630508528118,NA,NA,NA,NA,NA
cs_ctrl,BLR,Belarus,Upper middle income,d_gov,0.06664761940283542,NA,NA,NA,NA,NA
cs_ctrl,BLR,Belarus,Upper middle income,"L(d_gov, 1)",1.0045292614901213,NA,NA,NA,NA,NA
cs_ctrl,BLR,Belarus,Upper middle income,"L(d_gov, 2)",-0.05349672447919915,NA,NA,NA,NA,NA
cs_ctrl,BLR,Belarus,Upper middle income,d_log_gdp,0.2619189450128725,NA,NA,NA,NA,NA
cs_ctrl,BLR,Belarus,Upper middle income,"L(d_log_gdp, 1)",0.10880850356073746,NA,NA,NA,NA,NA
cs_ctrl,BLR,Belarus,Upper middle income,"L(d_log_gdp, 2)",-0.2842800814934242,NA,NA,NA,NA,NA
cs_ctrl,BLR,Belarus,Upper middle income,dy_bar,3.8660094369587408,NA,NA,NA,NA,NA
cs_ctrl,BLR,Belarus,Upper middle income,"L(dy_bar, 1)",-1.4536307751511264,NA,NA,NA,NA,NA
cs_ctrl,BLR,Belarus,Upper middle income,"L(dy_bar, 2)",4.178608472626614,NA,NA,NA,NA,NA
cs_ctrl,BLR,Belarus,Upper middle income,dd_bar,-0.36094540403790293,NA,NA,NA,NA,NA
cs_ctrl,BLR,Belarus,Upper middle income,"L(dd_bar, 1)",0.5408193763993028,NA,NA,NA,NA,NA
cs_ctrl,BLR,Belarus,Upper middle income,"L(dd_bar, 2)",-0.14851964614742902,NA,NA,NA,NA,NA
cs_ctrl,BLR,Belarus,Upper middle income,d_inf_bar,-1.9521531848608846e-4,NA,NA,NA,NA,NA
cs_ctrl,BLR,Belarus,Upper middle income,"L(d_inf_bar, 1)",-0.005438145905146285,NA,NA,NA,NA,NA
cs_ctrl,BLR,Belarus,Upper middle income,"L(d_inf_bar, 2)",0.00865835631666054,NA,NA,NA,NA,NA
cs_ctrl,BLR,Belarus,Upper middle income,d_gov_bar,6.7361950434195865,NA,NA,NA,NA,NA
cs_ctrl,BLR,Belarus,Upper middle income,"L(d_gov_bar, 1)",-3.3943958003801966,NA,NA,NA,NA,NA
cs_ctrl,BLR,Belarus,Upper middle income,"L(d_gov_bar, 2)",-1.3025901593753786,NA,NA,NA,NA,NA
cs_ctrl,BLR,Belarus,Upper middle income,d_log_gdp_bar,0.2857933998105434,NA,NA,NA,NA,NA
cs_ctrl,BLR,Belarus,Upper middle income,"L(d_log_gdp_bar, 1)",NA,NA,NA,NA,NA,NA
cs_ctrl,BLR,Belarus,Upper middle income,"L(d_log_gdp_bar, 2)",NA,NA,NA,NA,NA,NA
cs_ctrl,BLZ,Belize,Lower middle income,(Intercept),0.0902032799876373,NA,NA,NA,NA,NA
cs_ctrl,BLZ,Belize,Lower middle income,"L(dy, 1)",2.836060951616471,NA,NA,NA,NA,NA
cs_ctrl,BLZ,Belize,Lower middle income,"L(dy, 2)",11.251865353920097,NA,NA,NA,NA,NA
cs_ctrl,BLZ,Belize,Lower middle income,dd,-0.3151917623990902,NA,NA,NA,NA,NA
cs_ctrl,BLZ,Belize,Lower middle income,"L(dd, 1)",-0.011640548103354159,NA,NA,NA,NA,NA
cs_ctrl,BLZ,Belize,Lower middle income,"L(dd, 2)",-0.28264784142475713,NA,NA,NA,NA,NA
cs_ctrl,BLZ,Belize,Lower middle income,d_inf,2.767851933921524,NA,NA,NA,NA,NA
cs_ctrl,BLZ,Belize,Lower middle income,"L(d_inf, 1)",2.436255280786675,NA,NA,NA,NA,NA
cs_ctrl,BLZ,Belize,Lower middle income,"L(d_inf, 2)",1.505723191785967,NA,NA,NA,NA,NA
cs_ctrl,BLZ,Belize,Lower middle income,d_gov,3.429090663185015,NA,NA,NA,NA,NA
cs_ctrl,BLZ,Belize,Lower middle income,"L(d_gov, 1)",1.2573931474138036,NA,NA,NA,NA,NA
cs_ctrl,BLZ,Belize,Lower middle income,"L(d_gov, 2)",-0.506524154783892,NA,NA,NA,NA,NA
cs_ctrl,BLZ,Belize,Lower middle income,d_log_gdp,2.392468753578301,NA,NA,NA,NA,NA
cs_ctrl,BLZ,Belize,Lower middle income,"L(d_log_gdp, 1)",-0.9120496991183691,NA,NA,NA,NA,NA
cs_ctrl,BLZ,Belize,Lower middle income,"L(d_log_gdp, 2)",-0.10269415667370926,NA,NA,NA,NA,NA
cs_ctrl,BLZ,Belize,Lower middle income,dy_bar,17.414444153939513,NA,NA,NA,NA,NA
cs_ctrl,BLZ,Belize,Lower middle income,"L(dy_bar, 1)",13.918756794588436,NA,NA,NA,NA,NA
cs_ctrl,BLZ,Belize,Lower middle income,"L(dy_bar, 2)",-4.153351464701478,NA,NA,NA,NA,NA
cs_ctrl,BLZ,Belize,Lower middle income,dd_bar,0.49832583023665183,NA,NA,NA,NA,NA
cs_ctrl,BLZ,Belize,Lower middle income,"L(dd_bar, 1)",0.585883823810383,NA,NA,NA,NA,NA
cs_ctrl,BLZ,Belize,Lower middle income,"L(dd_bar, 2)",-1.1676541559062488,NA,NA,NA,NA,NA
cs_ctrl,BLZ,Belize,Lower middle income,d_inf_bar,-0.02173375781283165,NA,NA,NA,NA,NA
cs_ctrl,BLZ,Belize,Lower middle income,"L(d_inf_bar, 1)",-0.05725575003437993,NA,NA,NA,NA,NA
cs_ctrl,BLZ,Belize,Lower middle income,"L(d_inf_bar, 2)",-0.07598701960018286,NA,NA,NA,NA,NA
cs_ctrl,BLZ,Belize,Lower middle income,d_gov_bar,4.953355106729434,NA,NA,NA,NA,NA
cs_ctrl,BLZ,Belize,Lower middle income,"L(d_gov_bar, 1)",-15.32250103819611,NA,NA,NA,NA,NA
cs_ctrl,BLZ,Belize,Lower middle income,"L(d_gov_bar, 2)",9.030221992772336,NA,NA,NA,NA,NA
cs_ctrl,BLZ,Belize,Lower middle income,d_log_gdp_bar,-1.0591369967555033,NA,NA,NA,NA,NA
cs_ctrl,BLZ,Belize,Lower middle income,"L(d_log_gdp_bar, 1)",NA,NA,NA,NA,NA,NA
cs_ctrl,BLZ,Belize,Lower middle income,"L(d_log_gdp_bar, 2)",NA,NA,NA,NA,NA,NA
cs_ctrl,BOL,Bolivia,Lower middle income,(Intercept),0.0038047832513930253,NA,NA,NA,NA,NA
cs_ctrl,BOL,Bolivia,Lower middle income,"L(dy, 1)",1.1224441630267696,NA,NA,NA,NA,NA
cs_ctrl,BOL,Bolivia,Lower middle income,"L(dy, 2)",3.0557826750668613,NA,NA,NA,NA,NA
cs_ctrl,BOL,Bolivia,Lower middle income,dd,-0.07134352877550372,NA,NA,NA,NA,NA
cs_ctrl,BOL,Bolivia,Lower middle income,"L(dd, 1)",-0.057690347786272224,NA,NA,NA,NA,NA
cs_ctrl,BOL,Bolivia,Lower middle income,"L(dd, 2)",-3.6793513824002496e-5,NA,NA,NA,NA,NA
cs_ctrl,BOL,Bolivia,Lower middle income,d_inf,-0.1473961295695662,NA,NA,NA,NA,NA
cs_ctrl,BOL,Bolivia,Lower middle income,"L(d_inf, 1)",-0.12764850529750246,NA,NA,NA,NA,NA
cs_ctrl,BOL,Bolivia,Lower middle income,"L(d_inf, 2)",-0.03545061523978254,NA,NA,NA,NA,NA
cs_ctrl,BOL,Bolivia,Lower middle income,d_gov,-0.6567030718976075,NA,NA,NA,NA,NA
cs_ctrl,BOL,Bolivia,Lower middle income,"L(d_gov, 1)",0.2982647407016217,NA,NA,NA,NA,NA
cs_ctrl,BOL,Bolivia,Lower middle income,"L(d_gov, 2)",0.15158052858214405,NA,NA,NA,NA,NA
cs_ctrl,BOL,Bolivia,Lower middle income,d_log_gdp,-0.0637138504905383,NA,NA,NA,NA,NA
cs_ctrl,BOL,Bolivia,Lower middle income,"L(d_log_gdp, 1)",0.03131047169776378,NA,NA,NA,NA,NA
cs_ctrl,BOL,Bolivia,Lower middle income,"L(d_log_gdp, 2)",0.02934575552955655,NA,NA,NA,NA,NA
cs_ctrl,BOL,Bolivia,Lower middle income,dy_bar,3.575285875907743,NA,NA,NA,NA,NA
cs_ctrl,BOL,Bolivia,Lower middle income,"L(dy_bar, 1)",-1.0100045467874537,NA,NA,NA,NA,NA
cs_ctrl,BOL,Bolivia,Lower middle income,"L(dy_bar, 2)",-8.60148492005885,NA,NA,NA,NA,NA
cs_ctrl,BOL,Bolivia,Lower middle income,dd_bar,-0.17070543704048732,NA,NA,NA,NA,NA
cs_ctrl,BOL,Bolivia,Lower middle income,"L(dd_bar, 1)",0.19758288071687938,NA,NA,NA,NA,NA
cs_ctrl,BOL,Bolivia,Lower middle income,"L(dd_bar, 2)",0.08324382354308003,NA,NA,NA,NA,NA
cs_ctrl,BOL,Bolivia,Lower middle income,d_inf_bar,-0.002472314595699624,NA,NA,NA,NA,NA
cs_ctrl,BOL,Bolivia,Lower middle income,"L(d_inf_bar, 1)",-0.0012683148965923592,NA,NA,NA,NA,NA
cs_ctrl,BOL,Bolivia,Lower middle income,"L(d_inf_bar, 2)",0.0106214401752727,NA,NA,NA,NA,NA
cs_ctrl,BOL,Bolivia,Lower middle income,d_gov_bar,0.26545015847935577,NA,NA,NA,NA,NA
cs_ctrl,BOL,Bolivia,Lower middle income,"L(d_gov_bar, 1)",-0.7925201305711649,NA,NA,NA,NA,NA
cs_ctrl,BOL,Bolivia,Lower middle income,"L(d_gov_bar, 2)",0.11905190501159478,NA,NA,NA,NA,NA
cs_ctrl,BOL,Bolivia,Lower middle income,d_log_gdp_bar,-0.21309223018308285,NA,NA,NA,NA,NA
cs_ctrl,BOL,Bolivia,Lower middle income,"L(d_log_gdp_bar, 1)",NA,NA,NA,NA,NA,NA
cs_ctrl,BOL,Bolivia,Lower middle income,"L(d_log_gdp_bar, 2)",NA,NA,NA,NA,NA,NA
cs_ctrl,BRA,Brazil,Upper middle income,(Intercept),-0.15050167283571708,NA,NA,NA,NA,NA
cs_ctrl,BRA,Brazil,Upper middle income,"L(dy, 1)",-0.3524422743422415,NA,NA,NA,NA,NA
cs_ctrl,BRA,Brazil,Upper middle income,dd,-0.18336623018222403,NA,NA,NA,NA,NA
cs_ctrl,BRA,Brazil,Upper middle income,"L(dd, 1)",0.01712587297347852,NA,NA,NA,NA,NA
cs_ctrl,BRA,Brazil,Upper middle income,"L(dd, 2)",-0.06451376899964356,NA,NA,NA,NA,NA
cs_ctrl,BRA,Brazil,Upper middle income,d_inf,-0.00407865564831069,NA,NA,NA,NA,NA
cs_ctrl,BRA,Brazil,Upper middle income,"L(d_inf, 1)",0.002685949324454618,NA,NA,NA,NA,NA
cs_ctrl,BRA,Brazil,Upper middle income,"L(d_inf, 2)",-2.3311988163239917e-4,NA,NA,NA,NA,NA
cs_ctrl,BRA,Brazil,Upper middle income,d_gov,2.746350340075388,NA,NA,NA,NA,NA
cs_ctrl,BRA,Brazil,Upper middle income,"L(d_gov, 1)",0.3828350001676481,NA,NA,NA,NA,NA
cs_ctrl,BRA,Brazil,Upper middle income,d_log_gdp,0.5433782657657017,NA,NA,NA,NA,NA
cs_ctrl,BRA,Brazil,Upper middle income,"L(d_log_gdp, 1)",-1.5831607971707373,NA,NA,NA,NA,NA
cs_ctrl,BRA,Brazil,Upper middle income,"L(d_log_gdp, 2)",-0.2562149872181601,NA,NA,NA,NA,NA
cs_ctrl,BRA,Brazil,Upper middle income,dy_bar,18.1861543450488,NA,NA,NA,NA,NA
cs_ctrl,BRA,Brazil,Upper middle income,"L(dy_bar, 1)",17.465608328573524,NA,NA,NA,NA,NA
cs_ctrl,BRA,Brazil,Upper middle income,"L(dy_bar, 2)",11.386607128958099,NA,NA,NA,NA,NA
cs_ctrl,BRA,Brazil,Upper middle income,dd_bar,2.0297945783016846,NA,NA,NA,NA,NA
cs_ctrl,BRA,Brazil,Upper middle income,"L(dd_bar, 1)",-0.3937270792637305,NA,NA,NA,NA,NA
cs_ctrl,BRA,Brazil,Upper middle income,"L(dd_bar, 2)",0.7047456605000851,NA,NA,NA,NA,NA
cs_ctrl,BRA,Brazil,Upper middle income,d_inf_bar,-0.005593784150137642,NA,NA,NA,NA,NA
cs_ctrl,BRA,Brazil,Upper middle income,"L(d_inf_bar, 1)",0.012309696300116465,NA,NA,NA,NA,NA
cs_ctrl,BRA,Brazil,Upper middle income,"L(d_inf_bar, 2)",-0.18045336352146985,NA,NA,NA,NA,NA
cs_ctrl,BRA,Brazil,Upper middle income,d_gov_bar,-5.5445769163762035,NA,NA,NA,NA,NA
cs_ctrl,BRA,Brazil,Upper middle income,"L(d_gov_bar, 1)",16.39224285169241,NA,NA,NA,NA,NA
cs_ctrl,BRA,Brazil,Upper middle income,"L(d_gov_bar, 2)",-3.98171200630207,NA,NA,NA,NA,NA
cs_ctrl,BRA,Brazil,Upper middle income,d_log_gdp_bar,2.4900971061044324,NA,NA,NA,NA,NA
cs_ctrl,BRA,Brazil,Upper middle income,"L(d_log_gdp_bar, 1)",3.7704586206950004,NA,NA,NA,NA,NA
cs_ctrl,BRA,Brazil,Upper middle income,"L(d_log_gdp_bar, 2)",1.2051018401591722,NA,NA,NA,NA,NA
cs_ctrl,BRB,Barbados,High income,(Intercept),0.004020596087944166,NA,NA,NA,NA,NA
cs_ctrl,BRB,Barbados,High income,"L(dy, 1)",1.1842383520896576,NA,NA,NA,NA,NA
cs_ctrl,BRB,Barbados,High income,dd,-0.03541533646030461,NA,NA,NA,NA,NA
cs_ctrl,BRB,Barbados,High income,"L(dd, 1)",0.004196886834108369,NA,NA,NA,NA,NA
cs_ctrl,BRB,Barbados,High income,"L(dd, 2)",-0.05985700063246996,NA,NA,NA,NA,NA
cs_ctrl,BRB,Barbados,High income,d_inf,-0.07105027242781319,NA,NA,NA,NA,NA
cs_ctrl,BRB,Barbados,High income,"L(d_inf, 1)",0.062462529605099855,NA,NA,NA,NA,NA
cs_ctrl,BRB,Barbados,High income,d_gov,0.022688601401962532,NA,NA,NA,NA,NA
cs_ctrl,BRB,Barbados,High income,"L(d_gov, 1)",0.013939176045501366,NA,NA,NA,NA,NA
cs_ctrl,BRB,Barbados,High income,"L(d_gov, 2)",-0.07136659907028456,NA,NA,NA,NA,NA
cs_ctrl,BRB,Barbados,High income,d_log_gdp,0.02062719850430982,NA,NA,NA,NA,NA
cs_ctrl,BRB,Barbados,High income,"L(d_log_gdp, 1)",-0.01838006794444261,NA,NA,NA,NA,NA
cs_ctrl,BRB,Barbados,High income,"L(d_log_gdp, 2)",0.009876344488052337,NA,NA,NA,NA,NA
cs_ctrl,BRB,Barbados,High income,dy_bar,3.140839556307078,NA,NA,NA,NA,NA
cs_ctrl,BRB,Barbados,High income,"L(dy_bar, 1)",0.4982056326568056,NA,NA,NA,NA,NA
cs_ctrl,BRB,Barbados,High income,"L(dy_bar, 2)",0.20653275540061727,NA,NA,NA,NA,NA
cs_ctrl,BRB,Barbados,High income,dd_bar,-0.002281209984217177,NA,NA,NA,NA,NA
cs_ctrl,BRB,Barbados,High income,"L(dd_bar, 1)",0.03761902583709278,NA,NA,NA,NA,NA
cs_ctrl,BRB,Barbados,High income,"L(dd_bar, 2)",-0.006817636586727079,NA,NA,NA,NA,NA
cs_ctrl,BRB,Barbados,High income,d_inf_bar,-0.0020633608297559326,NA,NA,NA,NA,NA
cs_ctrl,BRB,Barbados,High income,"L(d_inf_bar, 1)",-0.0017703363561930722,NA,NA,NA,NA,NA
cs_ctrl,BRB,Barbados,High income,"L(d_inf_bar, 2)",-9.80869881040158e-4,NA,NA,NA,NA,NA
cs_ctrl,BRB,Barbados,High income,d_gov_bar,1.0294518399499633,NA,NA,NA,NA,NA
cs_ctrl,BRB,Barbados,High income,"L(d_gov_bar, 1)",1.0739883991808545,NA,NA,NA,NA,NA
cs_ctrl,BRB,Barbados,High income,"L(d_gov_bar, 2)",0.250843328150831,NA,NA,NA,NA,NA
cs_ctrl,BRB,Barbados,High income,d_log_gdp_bar,0.05418934167886244,NA,NA,NA,NA,NA
cs_ctrl,BRB,Barbados,High income,"L(d_log_gdp_bar, 1)",0.14198679818458584,NA,NA,NA,NA,NA
cs_ctrl,BRB,Barbados,High income,"L(d_log_gdp_bar, 2)",-0.04656267900436484,NA,NA,NA,NA,NA
cs_ctrl,BTN,Bhutan,Low income,(Intercept),0.01797440503358601,NA,NA,NA,NA,NA
cs_ctrl,BTN,Bhutan,Low income,"L(dy, 1)",-1.5017217020935734,NA,NA,NA,NA,NA
cs_ctrl,BTN,Bhutan,Low income,"L(dy, 2)",3.5236866268227134,NA,NA,NA,NA,NA
cs_ctrl,BTN,Bhutan,Low income,dd,-0.3735945145318257,NA,NA,NA,NA,NA
cs_ctrl,BTN,Bhutan,Low income,"L(dd, 1)",-0.19287200695040585,NA,NA,NA,NA,NA
cs_ctrl,BTN,Bhutan,Low income,"L(dd, 2)",0.13332767240040846,NA,NA,NA,NA,NA
cs_ctrl,BTN,Bhutan,Low income,d_inf,-0.6505246890819524,NA,NA,NA,NA,NA
cs_ctrl,BTN,Bhutan,Low income,"L(d_inf, 1)",-0.9010449136365473,NA,NA,NA,NA,NA
cs_ctrl,BTN,Bhutan,Low income,"L(d_inf, 2)",0.25060087588469593,NA,NA,NA,NA,NA
cs_ctrl,BTN,Bhutan,Low income,d_gov,-0.9181645955484147,NA,NA,NA,NA,NA
cs_ctrl,BTN,Bhutan,Low income,"L(d_gov, 1)",-0.8144022980895689,NA,NA,NA,NA,NA
cs_ctrl,BTN,Bhutan,Low income,"L(d_gov, 2)",-0.6500748721459331,NA,NA,NA,NA,NA
cs_ctrl,BTN,Bhutan,Low income,d_log_gdp,-0.07076062284978646,NA,NA,NA,NA,NA
cs_ctrl,BTN,Bhutan,Low income,"L(d_log_gdp, 1)",0.3128843468929622,NA,NA,NA,NA,NA
cs_ctrl,BTN,Bhutan,Low income,"L(d_log_gdp, 2)",0.28353569666775835,NA,NA,NA,NA,NA
cs_ctrl,BTN,Bhutan,Low income,dy_bar,-4.027254652846957,NA,NA,NA,NA,NA
cs_ctrl,BTN,Bhutan,Low income,"L(dy_bar, 1)",0.9089394313918931,NA,NA,NA,NA,NA
cs_ctrl,BTN,Bhutan,Low income,"L(dy_bar, 2)",7.1637058806070595,NA,NA,NA,NA,NA
cs_ctrl,BTN,Bhutan,Low income,dd_bar,-0.9743419428383726,NA,NA,NA,NA,NA
cs_ctrl,BTN,Bhutan,Low income,"L(dd_bar, 1)",0.43738715256271177,NA,NA,NA,NA,NA
cs_ctrl,BTN,Bhutan,Low income,"L(dd_bar, 2)",0.5348211183629902,NA,NA,NA,NA,NA
cs_ctrl,BTN,Bhutan,Low income,d_inf_bar,-0.006822445676973678,NA,NA,NA,NA,NA
cs_ctrl,BTN,Bhutan,Low income,"L(d_inf_bar, 1)",-0.018111080072016023,NA,NA,NA,NA,NA
cs_ctrl,BTN,Bhutan,Low income,"L(d_inf_bar, 2)",-0.007427883950508559,NA,NA,NA,NA,NA
cs_ctrl,BTN,Bhutan,Low income,d_gov_bar,6.683112785282533,NA,NA,NA,NA,NA
cs_ctrl,BTN,Bhutan,Low income,"L(d_gov_bar, 1)",-2.90521507593447,NA,NA,NA,NA,NA
cs_ctrl,BTN,Bhutan,Low income,"L(d_gov_bar, 2)",-5.374033568471382,NA,NA,NA,NA,NA
cs_ctrl,BTN,Bhutan,Low income,d_log_gdp_bar,-1.112557877672286,NA,NA,NA,NA,NA
cs_ctrl,BTN,Bhutan,Low income,"L(d_log_gdp_bar, 1)",NA,NA,NA,NA,NA,NA
cs_ctrl,BTN,Bhutan,Low income,"L(d_log_gdp_bar, 2)",NA,NA,NA,NA,NA,NA
cs_ctrl,BWA,Botswana,Upper middle income,(Intercept),0.0604544317791596,NA,NA,NA,NA,NA
cs_ctrl,BWA,Botswana,Upper middle income,"L(dy, 1)",5.38267613206415,NA,NA,NA,NA,NA
cs_ctrl,BWA,Botswana,Upper middle income,"L(dy, 2)",4.701483734835574,NA,NA,NA,NA,NA
cs_ctrl,BWA,Botswana,Upper middle income,dd,-0.014977415119285133,NA,NA,NA,NA,NA
cs_ctrl,BWA,Botswana,Upper middle income,"L(dd, 1)",-0.02498021915919627,NA,NA,NA,NA,NA
cs_ctrl,BWA,Botswana,Upper middle income,"L(dd, 2)",-0.2094155224935792,NA,NA,NA,NA,NA
cs_ctrl,BWA,Botswana,Upper middle income,d_inf,-0.32459153040022964,NA,NA,NA,NA,NA
cs_ctrl,BWA,Botswana,Upper middle income,"L(d_inf, 1)",0.32416180318365206,NA,NA,NA,NA,NA
cs_ctrl,BWA,Botswana,Upper middle income,"L(d_inf, 2)",0.6600369661611084,NA,NA,NA,NA,NA
cs_ctrl,BWA,Botswana,Upper middle income,d_gov,2.419939026139377,NA,NA,NA,NA,NA
cs_ctrl,BWA,Botswana,Upper middle income,"L(d_gov, 1)",0.03302955799572791,NA,NA,NA,NA,NA
cs_ctrl,BWA,Botswana,Upper middle income,"L(d_gov, 2)",-1.886310696493758,NA,NA,NA,NA,NA
cs_ctrl,BWA,Botswana,Upper middle income,d_log_gdp,-0.29204054500538057,NA,NA,NA,NA,NA
cs_ctrl,BWA,Botswana,Upper middle income,"L(d_log_gdp, 1)",-0.6906838674093276,NA,NA,NA,NA,NA
cs_ctrl,BWA,Botswana,Upper middle income,"L(d_log_gdp, 2)",-1.0261985281213848,NA,NA,NA,NA,NA
cs_ctrl,BWA,Botswana,Upper middle income,dy_bar,-33.532967480783064,NA,NA,NA,NA,NA
cs_ctrl,BWA,Botswana,Upper middle income,"L(dy_bar, 1)",17.312353964131358,NA,NA,NA,NA,NA
cs_ctrl,BWA,Botswana,Upper middle income,"L(dy_bar, 2)",-26.81981349075941,NA,NA,NA,NA,NA
cs_ctrl,BWA,Botswana,Upper middle income,dd_bar,0.17358141752732675,NA,NA,NA,NA,NA
cs_ctrl,BWA,Botswana,Upper middle income,"L(dd_bar, 1)",-0.30242321401994116,NA,NA,NA,NA,NA
cs_ctrl,BWA,Botswana,Upper middle income,"L(dd_bar, 2)",-0.1881051871131876,NA,NA,NA,NA,NA
cs_ctrl,BWA,Botswana,Upper middle income,d_inf_bar,-0.027834257467343637,NA,NA,NA,NA,NA
cs_ctrl,BWA,Botswana,Upper middle income,"L(d_inf_bar, 1)",-0.03591074184005323,NA,NA,NA,NA,NA
cs_ctrl,BWA,Botswana,Upper middle income,"L(d_inf_bar, 2)",0.012252157339639228,NA,NA,NA,NA,NA
cs_ctrl,BWA,Botswana,Upper middle income,d_gov_bar,-12.096882014697067,NA,NA,NA,NA,NA
cs_ctrl,BWA,Botswana,Upper middle income,"L(d_gov_bar, 1)",-2.7284071993394754,NA,NA,NA,NA,NA
cs_ctrl,BWA,Botswana,Upper middle income,"L(d_gov_bar, 2)",4.066144353957949,NA,NA,NA,NA,NA
cs_ctrl,BWA,Botswana,Upper middle income,d_log_gdp_bar,0.05230033108360925,NA,NA,NA,NA,NA
cs_ctrl,BWA,Botswana,Upper middle income,"L(d_log_gdp_bar, 1)",NA,NA,NA,NA,NA,NA
cs_ctrl,BWA,Botswana,Upper middle income,"L(d_log_gdp_bar, 2)",NA,NA,NA,NA,NA,NA
cs_ctrl,CAF,Central African Republic,Low income,(Intercept),-0.003021403309639476,NA,NA,NA,NA,NA
cs_ctrl,CAF,Central African Republic,Low income,"L(dy, 1)",1.637425915158317,NA,NA,NA,NA,NA
cs_ctrl,CAF,Central African Republic,Low income,"L(dy, 2)",-1.3508462377500805,NA,NA,NA,NA,NA
cs_ctrl,CAF,Central African Republic,Low income,dd,0.011249248801458563,NA,NA,NA,NA,NA
cs_ctrl,CAF,Central African Republic,Low income,"L(dd, 1)",-0.025235846364221232,NA,NA,NA,NA,NA
cs_ctrl,CAF,Central African Republic,Low income,"L(dd, 2)",-0.007644159978941433,NA,NA,NA,NA,NA
cs_ctrl,CAF,Central African Republic,Low income,d_inf,-0.044793156456541104,NA,NA,NA,NA,NA
cs_ctrl,CAF,Central African Republic,Low income,"L(d_inf, 1)",-0.01197527184871078,NA,NA,NA,NA,NA
cs_ctrl,CAF,Central African Republic,Low income,"L(d_inf, 2)",-0.04056854404471263,NA,NA,NA,NA,NA
cs_ctrl,CAF,Central African Republic,Low income,d_gov,-0.005043131417051992,NA,NA,NA,NA,NA
cs_ctrl,CAF,Central African Republic,Low income,"L(d_gov, 1)",0.010505246349544516,NA,NA,NA,NA,NA
cs_ctrl,CAF,Central African Republic,Low income,"L(d_gov, 2)",0.003423658432598994,NA,NA,NA,NA,NA
cs_ctrl,CAF,Central African Republic,Low income,d_log_gdp,-0.01662894858895833,NA,NA,NA,NA,NA
cs_ctrl,CAF,Central African Republic,Low income,"L(d_log_gdp, 1)",-0.033549036329018546,NA,NA,NA,NA,NA
cs_ctrl,CAF,Central African Republic,Low income,"L(d_log_gdp, 2)",-0.033226082146427256,NA,NA,NA,NA,NA
cs_ctrl,CAF,Central African Republic,Low income,dy_bar,-1.4172019799682676,NA,NA,NA,NA,NA
cs_ctrl,CAF,Central African Republic,Low income,"L(dy_bar, 1)",2.0085069127729436,NA,NA,NA,NA,NA
cs_ctrl,CAF,Central African Republic,Low income,"L(dy_bar, 2)",0.21277943832290966,NA,NA,NA,NA,NA
cs_ctrl,CAF,Central African Republic,Low income,dd_bar,-0.12370289813737441,NA,NA,NA,NA,NA
cs_ctrl,CAF,Central African Republic,Low income,"L(dd_bar, 1)",0.17667645774790247,NA,NA,NA,NA,NA
cs_ctrl,CAF,Central African Republic,Low income,"L(dd_bar, 2)",-0.07604296346682263,NA,NA,NA,NA,NA
cs_ctrl,CAF,Central African Republic,Low income,d_inf_bar,-6.934401753277568e-4,NA,NA,NA,NA,NA
cs_ctrl,CAF,Central African Republic,Low income,"L(d_inf_bar, 1)",-8.144151880557574e-4,NA,NA,NA,NA,NA
cs_ctrl,CAF,Central African Republic,Low income,"L(d_inf_bar, 2)",0.0068674018404957845,NA,NA,NA,NA,NA
cs_ctrl,CAF,Central African Republic,Low income,d_gov_bar,0.2818653797629717,NA,NA,NA,NA,NA
cs_ctrl,CAF,Central African Republic,Low income,"L(d_gov_bar, 1)",-0.7608649153532151,NA,NA,NA,NA,NA
cs_ctrl,CAF,Central African Republic,Low income,"L(d_gov_bar, 2)",-0.21554119399525318,NA,NA,NA,NA,NA
cs_ctrl,CAF,Central African Republic,Low income,d_log_gdp_bar,-0.02467651606016685,NA,NA,NA,NA,NA
cs_ctrl,CAF,Central African Republic,Low income,"L(d_log_gdp_bar, 1)",NA,NA,NA,NA,NA,NA
cs_ctrl,CAF,Central African Republic,Low income,"L(d_log_gdp_bar, 2)",NA,NA,NA,NA,NA,NA
cs_ctrl,CAN,Canada,High income,(Intercept),-0.010409760744803325,NA,NA,NA,NA,NA
cs_ctrl,CAN,Canada,High income,"L(dy, 1)",-1.5504908317479769,NA,NA,NA,NA,NA
cs_ctrl,CAN,Canada,High income,dd,0.18967522443991783,NA,NA,NA,NA,NA
cs_ctrl,CAN,Canada,High income,"L(dd, 1)",-0.2394642068081095,NA,NA,NA,NA,NA
cs_ctrl,CAN,Canada,High income,d_inf,-0.16262457207423173,NA,NA,NA,NA,NA
cs_ctrl,CAN,Canada,High income,"L(d_inf, 1)",0.19164416292531017,NA,NA,NA,NA,NA
cs_ctrl,CAN,Canada,High income,"L(d_inf, 2)",-0.4514559399618106,NA,NA,NA,NA,NA
cs_ctrl,CAN,Canada,High income,d_gov,-0.35652284721901206,NA,NA,NA,NA,NA
cs_ctrl,CAN,Canada,High income,"L(d_gov, 1)",0.4854771415181694,NA,NA,NA,NA,NA
cs_ctrl,CAN,Canada,High income,"L(d_gov, 2)",-1.7560172308366127,NA,NA,NA,NA,NA
cs_ctrl,CAN,Canada,High income,d_log_gdp,-0.05903705970494651,NA,NA,NA,NA,NA
cs_ctrl,CAN,Canada,High income,"L(d_log_gdp, 1)",-0.1831782421079565,NA,NA,NA,NA,NA
cs_ctrl,CAN,Canada,High income,"L(d_log_gdp, 2)",-0.03332883104494929,NA,NA,NA,NA,NA
cs_ctrl,CAN,Canada,High income,dy_bar,-2.179999000249011,NA,NA,NA,NA,NA
cs_ctrl,CAN,Canada,High income,"L(dy_bar, 1)",0.6444166637972829,NA,NA,NA,NA,NA
cs_ctrl,CAN,Canada,High income,"L(dy_bar, 2)",4.294689939338221,NA,NA,NA,NA,NA
cs_ctrl,CAN,Canada,High income,dd_bar,-0.042978286226724234,NA,NA,NA,NA,NA
cs_ctrl,CAN,Canada,High income,"L(dd_bar, 1)",0.0930889513969633,NA,NA,NA,NA,NA
cs_ctrl,CAN,Canada,High income,"L(dd_bar, 2)",0.19290414106590217,NA,NA,NA,NA,NA
cs_ctrl,CAN,Canada,High income,d_inf_bar,0.006758191744221924,NA,NA,NA,NA,NA
cs_ctrl,CAN,Canada,High income,"L(d_inf_bar, 1)",0.003610699711995051,NA,NA,NA,NA,NA
cs_ctrl,CAN,Canada,High income,"L(d_inf_bar, 2)",-0.0014989774282016563,NA,NA,NA,NA,NA
cs_ctrl,CAN,Canada,High income,d_gov_bar,-0.2683073575208645,NA,NA,NA,NA,NA
cs_ctrl,CAN,Canada,High income,"L(d_gov_bar, 1)",-2.2474685965659686,NA,NA,NA,NA,NA
cs_ctrl,CAN,Canada,High income,"L(d_gov_bar, 2)",-0.20535084547233784,NA,NA,NA,NA,NA
cs_ctrl,CAN,Canada,High income,d_log_gdp_bar,0.5136063933318074,NA,NA,NA,NA,NA
cs_ctrl,CAN,Canada,High income,"L(d_log_gdp_bar, 1)",-0.27970766233423294,NA,NA,NA,NA,NA
cs_ctrl,CAN,Canada,High income,"L(d_log_gdp_bar, 2)",0.3105110431446145,NA,NA,NA,NA,NA
cs_ctrl,CHE,Switzerland,High income,(Intercept),-0.011566868196814139,NA,NA,NA,NA,NA
cs_ctrl,CHE,Switzerland,High income,"L(dy, 1)",0.34383273297290445,NA,NA,NA,NA,NA
cs_ctrl,CHE,Switzerland,High income,"L(dy, 2)",-1.7201390229684663,NA,NA,NA,NA,NA
cs_ctrl,CHE,Switzerland,High income,dd,0.4180360387880549,NA,NA,NA,NA,NA
cs_ctrl,CHE,Switzerland,High income,"L(dd, 1)",-0.4486130713268295,NA,NA,NA,NA,NA
cs_ctrl,CHE,Switzerland,High income,"L(dd, 2)",-0.2448423421618652,NA,NA,NA,NA,NA
cs_ctrl,CHE,Switzerland,High income,d_inf,4.662584309966205,NA,NA,NA,NA,NA
cs_ctrl,CHE,Switzerland,High income,"L(d_inf, 1)",3.52114050877807,NA,NA,NA,NA,NA
cs_ctrl,CHE,Switzerland,High income,"L(d_inf, 2)",0.5192732098923803,NA,NA,NA,NA,NA
cs_ctrl,CHE,Switzerland,High income,d_gov,-10.822592050751298,NA,NA,NA,NA,NA
cs_ctrl,CHE,Switzerland,High income,"L(d_gov, 1)",-2.255521589625814,NA,NA,NA,NA,NA
cs_ctrl,CHE,Switzerland,High income,"L(d_gov, 2)",4.612133757935675,NA,NA,NA,NA,NA
cs_ctrl,CHE,Switzerland,High income,d_log_gdp,0.9155275129613731,NA,NA,NA,NA,NA
cs_ctrl,CHE,Switzerland,High income,"L(d_log_gdp, 1)",0.022570537691085937,NA,NA,NA,NA,NA
cs_ctrl,CHE,Switzerland,High income,"L(d_log_gdp, 2)",1.1747190049038796,NA,NA,NA,NA,NA
cs_ctrl,CHE,Switzerland,High income,dy_bar,1.0121404751651137,NA,NA,NA,NA,NA
cs_ctrl,CHE,Switzerland,High income,"L(dy_bar, 1)",15.928855555236662,NA,NA,NA,NA,NA
cs_ctrl,CHE,Switzerland,High income,"L(dy_bar, 2)",27.398296812666253,NA,NA,NA,NA,NA
cs_ctrl,CHE,Switzerland,High income,dd_bar,0.2637971368930511,NA,NA,NA,NA,NA
cs_ctrl,CHE,Switzerland,High income,"L(dd_bar, 1)",0.354727363006298,NA,NA,NA,NA,NA
cs_ctrl,CHE,Switzerland,High income,"L(dd_bar, 2)",0.10525789568130399,NA,NA,NA,NA,NA
cs_ctrl,CHE,Switzerland,High income,d_inf_bar,-0.004626219771542667,NA,NA,NA,NA,NA
cs_ctrl,CHE,Switzerland,High income,"L(d_inf_bar, 1)",-0.015203199061207073,NA,NA,NA,NA,NA
cs_ctrl,CHE,Switzerland,High income,"L(d_inf_bar, 2)",-0.01931018844250631,NA,NA,NA,NA,NA
cs_ctrl,CHE,Switzerland,High income,d_gov_bar,2.3739924475926353,NA,NA,NA,NA,NA
cs_ctrl,CHE,Switzerland,High income,"L(d_gov_bar, 1)",4.2859807656673246,NA,NA,NA,NA,NA
cs_ctrl,CHE,Switzerland,High income,"L(d_gov_bar, 2)",0.8535705944367944,NA,NA,NA,NA,NA
cs_ctrl,CHE,Switzerland,High income,d_log_gdp_bar,-0.4689756903510331,NA,NA,NA,NA,NA
cs_ctrl,CHE,Switzerland,High income,"L(d_log_gdp_bar, 1)",NA,NA,NA,NA,NA,NA
cs_ctrl,CHE,Switzerland,High income,"L(d_log_gdp_bar, 2)",NA,NA,NA,NA,NA,NA
cs_ctrl,CHL,Chile,Upper middle income,(Intercept),-0.021716509785123315,NA,NA,NA,NA,NA
cs_ctrl,CHL,Chile,Upper middle income,"L(dy, 1)",-1.7477244038729467,NA,NA,NA,NA,NA
cs_ctrl,CHL,Chile,Upper middle income,dd,0.01149902029770239,NA,NA,NA,NA,NA
cs_ctrl,CHL,Chile,Upper middle income,"L(dd, 1)",0.1619846751802654,NA,NA,NA,NA,NA
cs_ctrl,CHL,Chile,Upper middle income,"L(dd, 2)",-0.19805412595564434,NA,NA,NA,NA,NA
cs_ctrl,CHL,Chile,Upper middle income,d_inf,0.832762062513247,NA,NA,NA,NA,NA
cs_ctrl,CHL,Chile,Upper middle income,"L(d_inf, 1)",0.112542467562534,NA,NA,NA,NA,NA
cs_ctrl,CHL,Chile,Upper middle income,"L(d_inf, 2)",0.5971858342745229,NA,NA,NA,NA,NA
cs_ctrl,CHL,Chile,Upper middle income,d_gov,-2.6865422412121984,NA,NA,NA,NA,NA
cs_ctrl,CHL,Chile,Upper middle income,"L(d_gov, 1)",-0.6994927942666784,NA,NA,NA,NA,NA
cs_ctrl,CHL,Chile,Upper middle income,"L(d_gov, 2)",2.018393934515962,NA,NA,NA,NA,NA
cs_ctrl,CHL,Chile,Upper middle income,d_log_gdp,0.0694128734799992,NA,NA,NA,NA,NA
cs_ctrl,CHL,Chile,Upper middle income,"L(d_log_gdp, 1)",0.7109538577841539,NA,NA,NA,NA,NA
cs_ctrl,CHL,Chile,Upper middle income,"L(d_log_gdp, 2)",-0.08934867556271961,NA,NA,NA,NA,NA
cs_ctrl,CHL,Chile,Upper middle income,dy_bar,-6.117439200730417,NA,NA,NA,NA,NA
cs_ctrl,CHL,Chile,Upper middle income,"L(dy_bar, 1)",-9.151722336260914,NA,NA,NA,NA,NA
cs_ctrl,CHL,Chile,Upper middle income,"L(dy_bar, 2)",0.06361600956704502,NA,NA,NA,NA,NA
cs_ctrl,CHL,Chile,Upper middle income,dd_bar,0.1993053006085018,NA,NA,NA,NA,NA
cs_ctrl,CHL,Chile,Upper middle income,"L(dd_bar, 1)",-0.16629515597909586,NA,NA,NA,NA,NA
cs_ctrl,CHL,Chile,Upper middle income,d_inf_bar,0.006754279563000025,NA,NA,NA,NA,NA
cs_ctrl,CHL,Chile,Upper middle income,"L(d_inf_bar, 1)",-0.001058937972504073,NA,NA,NA,NA,NA
cs_ctrl,CHL,Chile,Upper middle income,"L(d_inf_bar, 2)",2.3451407161386746e-5,NA,NA,NA,NA,NA
cs_ctrl,CHL,Chile,Upper middle income,d_gov_bar,-1.9070373305530293,NA,NA,NA,NA,NA
cs_ctrl,CHL,Chile,Upper middle income,"L(d_gov_bar, 1)",-2.1018432013562234,NA,NA,NA,NA,NA
cs_ctrl,CHL,Chile,Upper middle income,"L(d_gov_bar, 2)",-1.36528627450134,NA,NA,NA,NA,NA
cs_ctrl,CHL,Chile,Upper middle income,d_log_gdp_bar,0.07421296584143355,NA,NA,NA,NA,NA
cs_ctrl,CHL,Chile,Upper middle income,"L(d_log_gdp_bar, 1)",-0.6837230188163361,NA,NA,NA,NA,NA
cs_ctrl,CHL,Chile,Upper middle income,"L(d_log_gdp_bar, 2)",0.21405745692417313,NA,NA,NA,NA,NA
cs_ctrl,CHN,China,Lower middle income,(Intercept),-0.0360199383962061,NA,NA,NA,NA,NA
cs_ctrl,CHN,China,Lower middle income,"L(dy, 1)",-0.18026142118540706,NA,NA,NA,NA,NA
cs_ctrl,CHN,China,Lower middle income,dd,0.24115686477274798,NA,NA,NA,NA,NA
cs_ctrl,CHN,China,Lower middle income,"L(dd, 1)",0.15248130956170103,NA,NA,NA,NA,NA
cs_ctrl,CHN,China,Lower middle income,"L(dd, 2)",0.04193955079117424,NA,NA,NA,NA,NA
cs_ctrl,CHN,China,Lower middle income,d_inf,-0.0030839877202110113,NA,NA,NA,NA,NA
cs_ctrl,CHN,China,Lower middle income,"L(d_inf, 1)",-0.022918137597202244,NA,NA,NA,NA,NA
cs_ctrl,CHN,China,Lower middle income,"L(d_inf, 2)",-0.045523115879904937,NA,NA,NA,NA,NA
cs_ctrl,CHN,China,Lower middle income,d_gov,0.8054155845626487,NA,NA,NA,NA,NA
cs_ctrl,CHN,China,Lower middle income,"L(d_gov, 1)",0.016225791370995488,NA,NA,NA,NA,NA
cs_ctrl,CHN,China,Lower middle income,"L(d_gov, 2)",-0.08368380155059842,NA,NA,NA,NA,NA
cs_ctrl,CHN,China,Lower middle income,d_log_gdp,-0.3584481824747968,NA,NA,NA,NA,NA
cs_ctrl,CHN,China,Lower middle income,"L(d_log_gdp, 1)",0.8930561671358255,NA,NA,NA,NA,NA
cs_ctrl,CHN,China,Lower middle income,"L(d_log_gdp, 2)",-0.104607094285656,NA,NA,NA,NA,NA
cs_ctrl,CHN,China,Lower middle income,dy_bar,2.7715565386954326,NA,NA,NA,NA,NA
cs_ctrl,CHN,China,Lower middle income,"L(dy_bar, 1)",-0.38109909849290546,NA,NA,NA,NA,NA
cs_ctrl,CHN,China,Lower middle income,"L(dy_bar, 2)",0.177074590207832,NA,NA,NA,NA,NA
cs_ctrl,CHN,China,Lower middle income,dd_bar,0.03101494506551399,NA,NA,NA,NA,NA
cs_ctrl,CHN,China,Lower middle income,"L(dd_bar, 1)",-0.2964304564155413,NA,NA,NA,NA,NA
cs_ctrl,CHN,China,Lower middle income,"L(dd_bar, 2)",0.09332622997957557,NA,NA,NA,NA,NA
cs_ctrl,CHN,China,Lower middle income,d_inf_bar,-0.004205770759252225,NA,NA,NA,NA,NA
cs_ctrl,CHN,China,Lower middle income,"L(d_inf_bar, 1)",-0.00619592270024349,NA,NA,NA,NA,NA
cs_ctrl,CHN,China,Lower middle income,d_gov_bar,0.8133074725182122,NA,NA,NA,NA,NA
cs_ctrl,CHN,China,Lower middle income,"L(d_gov_bar, 1)",1.470698818051655,NA,NA,NA,NA,NA
cs_ctrl,CHN,China,Lower middle income,"L(d_gov_bar, 2)",-0.8765464657451667,NA,NA,NA,NA,NA
cs_ctrl,CHN,China,Lower middle income,d_log_gdp_bar,0.33126690291303323,NA,NA,NA,NA,NA
cs_ctrl,CHN,China,Lower middle income,"L(d_log_gdp_bar, 1)",-0.40196240887621054,NA,NA,NA,NA,NA
cs_ctrl,CHN,China,Lower middle income,"L(d_log_gdp_bar, 2)",-0.0851471688384734,NA,NA,NA,NA,NA
cs_ctrl,CIV,Cote d'Ivoire,Lower middle income,(Intercept),-0.016285401149405167,NA,NA,NA,NA,NA
cs_ctrl,CIV,Cote d'Ivoire,Lower middle income,"L(dy, 1)",-2.189772217014064,NA,NA,NA,NA,NA
cs_ctrl,CIV,Cote d'Ivoire,Lower middle income,dd,-0.005455961626158237,NA,NA,NA,NA,NA
cs_ctrl,CIV,Cote d'Ivoire,Lower middle income,"L(dd, 1)",0.07793383320240449,NA,NA,NA,NA,NA
cs_ctrl,CIV,Cote d'Ivoire,Lower middle income,"L(dd, 2)",0.0032337431622544923,NA,NA,NA,NA,NA
cs_ctrl,CIV,Cote d'Ivoire,Lower middle income,d_inf,0.04067790046826772,NA,NA,NA,NA,NA
cs_ctrl,CIV,Cote d'Ivoire,Lower middle income,"L(d_inf, 1)",-0.035129037633965805,NA,NA,NA,NA,NA
cs_ctrl,CIV,Cote d'Ivoire,Lower middle income,"L(d_inf, 2)",-0.05936496404911133,NA,NA,NA,NA,NA
cs_ctrl,CIV,Cote d'Ivoire,Lower middle income,d_gov,-2.541046256471645,NA,NA,NA,NA,NA
cs_ctrl,CIV,Cote d'Ivoire,Lower middle income,"L(d_gov, 1)",-1.8615244455654603,NA,NA,NA,NA,NA
cs_ctrl,CIV,Cote d'Ivoire,Lower middle income,"L(d_gov, 2)",-1.6061782523735144,NA,NA,NA,NA,NA
cs_ctrl,CIV,Cote d'Ivoire,Lower middle income,d_log_gdp,0.20216530262432192,NA,NA,NA,NA,NA
cs_ctrl,CIV,Cote d'Ivoire,Lower middle income,"L(d_log_gdp, 1)",0.1213473098470321,NA,NA,NA,NA,NA
cs_ctrl,CIV,Cote d'Ivoire,Lower middle income,"L(d_log_gdp, 2)",-0.32283492216777626,NA,NA,NA,NA,NA
cs_ctrl,CIV,Cote d'Ivoire,Lower middle income,dy_bar,-1.975428809550824,NA,NA,NA,NA,NA
cs_ctrl,CIV,Cote d'Ivoire,Lower middle income,"L(dy_bar, 1)",-4.57867346930135,NA,NA,NA,NA,NA
cs_ctrl,CIV,Cote d'Ivoire,Lower middle income,"L(dy_bar, 2)",2.138483662664233,NA,NA,NA,NA,NA
cs_ctrl,CIV,Cote d'Ivoire,Lower middle income,dd_bar,-0.32488253416614715,NA,NA,NA,NA,NA
cs_ctrl,CIV,Cote d'Ivoire,Lower middle income,"L(dd_bar, 1)",0.5988740281686796,NA,NA,NA,NA,NA
cs_ctrl,CIV,Cote d'Ivoire,Lower middle income,"L(dd_bar, 2)",-0.2785327074958659,NA,NA,NA,NA,NA
cs_ctrl,CIV,Cote d'Ivoire,Lower middle income,d_inf_bar,0.006661890873128292,NA,NA,NA,NA,NA
cs_ctrl,CIV,Cote d'Ivoire,Lower middle income,"L(d_inf_bar, 1)",-0.006589440111855534,NA,NA,NA,NA,NA
cs_ctrl,CIV,Cote d'Ivoire,Lower middle income,"L(d_inf_bar, 2)",0.020621173554047086,NA,NA,NA,NA,NA
cs_ctrl,CIV,Cote d'Ivoire,Lower middle income,d_gov_bar,8.046059346356577,NA,NA,NA,NA,NA
cs_ctrl,CIV,Cote d'Ivoire,Lower middle income,"L(d_gov_bar, 1)",-7.549255189059851,NA,NA,NA,NA,NA
cs_ctrl,CIV,Cote d'Ivoire,Lower middle income,"L(d_gov_bar, 2)",-1.6293971032189725,NA,NA,NA,NA,NA
cs_ctrl,CIV,Cote d'Ivoire,Lower middle income,d_log_gdp_bar,0.781296376438362,NA,NA,NA,NA,NA
cs_ctrl,CIV,Cote d'Ivoire,Lower middle income,"L(d_log_gdp_bar, 1)",-0.7331135191560435,NA,NA,NA,NA,NA
cs_ctrl,CMR,Cameroon,Lower middle income,(Intercept),-0.006577821674088782,NA,NA,NA,NA,NA
cs_ctrl,CMR,Cameroon,Lower middle income,"L(dy, 1)",0.8687766914891043,NA,NA,NA,NA,NA
cs_ctrl,CMR,Cameroon,Lower middle income,"L(dy, 2)",-0.05093313314538333,NA,NA,NA,NA,NA
cs_ctrl,CMR,Cameroon,Lower middle income,dd,-0.018034917293673142,NA,NA,NA,NA,NA
cs_ctrl,CMR,Cameroon,Lower middle income,"L(dd, 1)",-0.037790099721924444,NA,NA,NA,NA,NA
cs_ctrl,CMR,Cameroon,Lower middle income,"L(dd, 2)",0.010024131623442612,NA,NA,NA,NA,NA
cs_ctrl,CMR,Cameroon,Lower middle income,d_inf,-0.019447991191249913,NA,NA,NA,NA,NA
cs_ctrl,CMR,Cameroon,Lower middle income,"L(d_inf, 1)",0.007374379200127957,NA,NA,NA,NA,NA
cs_ctrl,CMR,Cameroon,Lower middle income,"L(d_inf, 2)",0.051529934775240975,NA,NA,NA,NA,NA
cs_ctrl,CMR,Cameroon,Lower middle income,d_gov,0.0995926834915258,NA,NA,NA,NA,NA
cs_ctrl,CMR,Cameroon,Lower middle income,"L(d_gov, 1)",-0.6527322840064717,NA,NA,NA,NA,NA
cs_ctrl,CMR,Cameroon,Lower middle income,"L(d_gov, 2)",-0.002600658713962246,NA,NA,NA,NA,NA
cs_ctrl,CMR,Cameroon,Lower middle income,d_log_gdp,0.2722191091617133,NA,NA,NA,NA,NA
cs_ctrl,CMR,Cameroon,Lower middle income,"L(d_log_gdp, 1)",0.09714459532524705,NA,NA,NA,NA,NA
cs_ctrl,CMR,Cameroon,Lower middle income,"L(d_log_gdp, 2)",-0.2631280382928849,NA,NA,NA,NA,NA
cs_ctrl,CMR,Cameroon,Lower middle income,dy_bar,-1.4614829821903077,NA,NA,NA,NA,NA
cs_ctrl,CMR,Cameroon,Lower middle income,"L(dy_bar, 1)",2.766366479818247,NA,NA,NA,NA,NA
cs_ctrl,CMR,Cameroon,Lower middle income,"L(dy_bar, 2)",-0.3535042199714958,NA,NA,NA,NA,NA
cs_ctrl,CMR,Cameroon,Lower middle income,dd_bar,0.028217080421689564,NA,NA,NA,NA,NA
cs_ctrl,CMR,Cameroon,Lower middle income,"L(dd_bar, 1)",0.13880127877075055,NA,NA,NA,NA,NA
cs_ctrl,CMR,Cameroon,Lower middle income,"L(dd_bar, 2)",-0.008180006078074373,NA,NA,NA,NA,NA
cs_ctrl,CMR,Cameroon,Lower middle income,d_inf_bar,-2.9180405224483265e-4,NA,NA,NA,NA,NA
cs_ctrl,CMR,Cameroon,Lower middle income,"L(d_inf_bar, 1)",-0.004256218923644192,NA,NA,NA,NA,NA
cs_ctrl,CMR,Cameroon,Lower middle income,"L(d_inf_bar, 2)",0.003578403844353499,NA,NA,NA,NA,NA
cs_ctrl,CMR,Cameroon,Lower middle income,d_gov_bar,0.9778114059543976,NA,NA,NA,NA,NA
cs_ctrl,CMR,Cameroon,Lower middle income,"L(d_gov_bar, 1)",0.048131345701496894,NA,NA,NA,NA,NA
cs_ctrl,CMR,Cameroon,Lower middle income,"L(d_gov_bar, 2)",-0.1050459635884991,NA,NA,NA,NA,NA
cs_ctrl,CMR,Cameroon,Lower middle income,d_log_gdp_bar,0.11694942413898775,NA,NA,NA,NA,NA
cs_ctrl,CMR,Cameroon,Lower middle income,"L(d_log_gdp_bar, 1)",NA,NA,NA,NA,NA,NA
cs_ctrl,CMR,Cameroon,Lower middle income,"L(d_log_gdp_bar, 2)",NA,NA,NA,NA,NA,NA
cs_ctrl,COD,DR Congo,Low income,(Intercept),0.0011723908643534336,NA,NA,NA,NA,NA
cs_ctrl,COD,DR Congo,Low income,"L(dy, 1)",0.32063341496717956,NA,NA,NA,NA,NA
cs_ctrl,COD,DR Congo,Low income,"L(dy, 2)",-0.046964978042348046,NA,NA,NA,NA,NA
cs_ctrl,COD,DR Congo,Low income,dd,-0.006570584317189905,NA,NA,NA,NA,NA
cs_ctrl,COD,DR Congo,Low income,"L(dd, 1)",-0.002629522957159039,NA,NA,NA,NA,NA
cs_ctrl,COD,DR Congo,Low income,"L(dd, 2)",0.0058490013210805575,NA,NA,NA,NA,NA
cs_ctrl,COD,DR Congo,Low income,d_inf,-7.005865438351729e-5,NA,NA,NA,NA,NA
cs_ctrl,COD,DR Congo,Low income,"L(d_inf, 1)",-1.3764397377670305e-4,NA,NA,NA,NA,NA
cs_ctrl,COD,DR Congo,Low income,"L(d_inf, 2)",-1.697432787974413e-4,NA,NA,NA,NA,NA
cs_ctrl,COD,DR Congo,Low income,d_gov,-0.05000247720188714,NA,NA,NA,NA,NA
cs_ctrl,COD,DR Congo,Low income,"L(d_gov, 1)",-0.041407405288318856,NA,NA,NA,NA,NA
cs_ctrl,COD,DR Congo,Low income,"L(d_gov, 2)",0.03877529167621979,NA,NA,NA,NA,NA
cs_ctrl,COD,DR Congo,Low income,d_log_gdp,0.06125380089772921,NA,NA,NA,NA,NA
cs_ctrl,COD,DR Congo,Low income,"L(d_log_gdp, 1)",0.045042188447208975,NA,NA,NA,NA,NA
cs_ctrl,COD,DR Congo,Low income,"L(d_log_gdp, 2)",-0.004512819394677417,NA,NA,NA,NA,NA
cs_ctrl,COD,DR Congo,Low income,dy_bar,0.8869269627202061,NA,NA,NA,NA,NA
cs_ctrl,COD,DR Congo,Low income,"L(dy_bar, 1)",1.273771354697322,NA,NA,NA,NA,NA
cs_ctrl,COD,DR Congo,Low income,"L(dy_bar, 2)",0.5718620737268617,NA,NA,NA,NA,NA
cs_ctrl,COD,DR Congo,Low income,dd_bar,0.061895412171006935,NA,NA,NA,NA,NA
cs_ctrl,COD,DR Congo,Low income,"L(dd_bar, 1)",0.027305522329705924,NA,NA,NA,NA,NA
cs_ctrl,COD,DR Congo,Low income,"L(dd_bar, 2)",-0.02506113886930404,NA,NA,NA,NA,NA
cs_ctrl,COD,DR Congo,Low income,d_inf_bar,8.691238844656309e-4,NA,NA,NA,NA,NA
cs_ctrl,COD,DR Congo,Low income,"L(d_inf_bar, 1)",0.002712156111082839,NA,NA,NA,NA,NA
cs_ctrl,COD,DR Congo,Low income,"L(d_inf_bar, 2)",0.017904175479006305,NA,NA,NA,NA,NA
cs_ctrl,COD,DR Congo,Low income,d_gov_bar,-0.0682434240172762,NA,NA,NA,NA,NA
cs_ctrl,COD,DR Congo,Low income,"L(d_gov_bar, 1)",-0.6756338531459909,NA,NA,NA,NA,NA
cs_ctrl,COD,DR Congo,Low income,"L(d_gov_bar, 2)",-0.19688444828478308,NA,NA,NA,NA,NA
cs_ctrl,COD,DR Congo,Low income,d_log_gdp_bar,-0.03968639725398705,NA,NA,NA,NA,NA
cs_ctrl,COD,DR Congo,Low income,"L(d_log_gdp_bar, 1)",NA,NA,NA,NA,NA,NA
cs_ctrl,COD,DR Congo,Low income,"L(d_log_gdp_bar, 2)",NA,NA,NA,NA,NA,NA
cs_ctrl,COG,Congo,Lower middle income,(Intercept),0.0011789412112773027,NA,NA,NA,NA,NA
cs_ctrl,COG,Congo,Lower middle income,"L(dy, 1)",-1.2697449754482473,NA,NA,NA,NA,NA
cs_ctrl,COG,Congo,Lower middle income,"L(dy, 2)",-0.3122712107439997,NA,NA,NA,NA,NA
cs_ctrl,COG,Congo,Lower middle income,dd,-0.016442518477238415,NA,NA,NA,NA,NA
cs_ctrl,COG,Congo,Lower middle income,"L(dd, 1)",0.0013401116641142026,NA,NA,NA,NA,NA
cs_ctrl,COG,Congo,Lower middle income,"L(dd, 2)",-0.00805922117087591,NA,NA,NA,NA,NA
cs_ctrl,COG,Congo,Lower middle income,d_inf,0.004930268574612104,NA,NA,NA,NA,NA
cs_ctrl,COG,Congo,Lower middle income,"L(d_inf, 1)",0.0012366585082465354,NA,NA,NA,NA,NA
cs_ctrl,COG,Congo,Lower middle income,"L(d_inf, 2)",0.0024936409814948785,NA,NA,NA,NA,NA
cs_ctrl,COG,Congo,Lower middle income,d_gov,-0.024995968590701172,NA,NA,NA,NA,NA
cs_ctrl,COG,Congo,Lower middle income,"L(d_gov, 1)",0.01803336881635323,NA,NA,NA,NA,NA
cs_ctrl,COG,Congo,Lower middle income,"L(d_gov, 2)",-0.029419896387137996,NA,NA,NA,NA,NA
cs_ctrl,COG,Congo,Lower middle income,d_log_gdp,-0.018929004904540116,NA,NA,NA,NA,NA
cs_ctrl,COG,Congo,Lower middle income,"L(d_log_gdp, 1)",-0.001014636432544892,NA,NA,NA,NA,NA
cs_ctrl,COG,Congo,Lower middle income,"L(d_log_gdp, 2)",-0.007455598118849411,NA,NA,NA,NA,NA
cs_ctrl,COG,Congo,Lower middle income,dy_bar,-0.2134180553541616,NA,NA,NA,NA,NA
cs_ctrl,COG,Congo,Lower middle income,"L(dy_bar, 1)",0.055662258773697106,NA,NA,NA,NA,NA
cs_ctrl,COG,Congo,Lower middle income,"L(dy_bar, 2)",0.6321280007249651,NA,NA,NA,NA,NA
cs_ctrl,COG,Congo,Lower middle income,dd_bar,0.007248993285756822,NA,NA,NA,NA,NA
cs_ctrl,COG,Congo,Lower middle income,"L(dd_bar, 1)",-0.016652480016267943,NA,NA,NA,NA,NA
cs_ctrl,COG,Congo,Lower middle income,"L(dd_bar, 2)",0.008632690436073193,NA,NA,NA,NA,NA
cs_ctrl,COG,Congo,Lower middle income,d_inf_bar,-2.1934898874184788e-4,NA,NA,NA,NA,NA
cs_ctrl,COG,Congo,Lower middle income,"L(d_inf_bar, 1)",-3.8788941889472846e-4,NA,NA,NA,NA,NA
cs_ctrl,COG,Congo,Lower middle income,"L(d_inf_bar, 2)",-0.0021120445729000447,NA,NA,NA,NA,NA
cs_ctrl,COG,Congo,Lower middle income,d_gov_bar,0.5821264330170745,NA,NA,NA,NA,NA
cs_ctrl,COG,Congo,Lower middle income,"L(d_gov_bar, 1)",0.010038520602264725,NA,NA,NA,NA,NA
cs_ctrl,COG,Congo,Lower middle income,"L(d_gov_bar, 2)",0.36263764588995173,NA,NA,NA,NA,NA
cs_ctrl,COG,Congo,Lower middle income,d_log_gdp_bar,0.039744411595584596,NA,NA,NA,NA,NA
cs_ctrl,COG,Congo,Lower middle income,"L(d_log_gdp_bar, 1)",NA,NA,NA,NA,NA,NA
cs_ctrl,COG,Congo,Lower middle income,"L(d_log_gdp_bar, 2)",NA,NA,NA,NA,NA,NA
cs_ctrl,COL,Colombia,Lower middle income,(Intercept),0.026118756991726864,NA,NA,NA,NA,NA
cs_ctrl,COL,Colombia,Lower middle income,"L(dy, 1)",0.06486426725140725,NA,NA,NA,NA,NA
cs_ctrl,COL,Colombia,Lower middle income,"L(dy, 2)",0.5662021697989964,NA,NA,NA,NA,NA
cs_ctrl,COL,Colombia,Lower middle income,dd,0.06784735969731397,NA,NA,NA,NA,NA
cs_ctrl,COL,Colombia,Lower middle income,"L(dd, 1)",-0.005672830155828478,NA,NA,NA,NA,NA
cs_ctrl,COL,Colombia,Lower middle income,"L(dd, 2)",-0.0028391057304215273,NA,NA,NA,NA,NA
cs_ctrl,COL,Colombia,Lower middle income,d_inf,0.2847947522976882,NA,NA,NA,NA,NA
cs_ctrl,COL,Colombia,Lower middle income,"L(d_inf, 1)",0.13385727883913429,NA,NA,NA,NA,NA
cs_ctrl,COL,Colombia,Lower middle income,"L(d_inf, 2)",0.17416858043353092,NA,NA,NA,NA,NA
cs_ctrl,COL,Colombia,Lower middle income,d_gov,-1.728235013835134,NA,NA,NA,NA,NA
cs_ctrl,COL,Colombia,Lower middle income,"L(d_gov, 1)",1.679540092052546,NA,NA,NA,NA,NA
cs_ctrl,COL,Colombia,Lower middle income,"L(d_gov, 2)",-0.21540899701412583,NA,NA,NA,NA,NA
cs_ctrl,COL,Colombia,Lower middle income,d_log_gdp,-0.560536191789989,NA,NA,NA,NA,NA
cs_ctrl,COL,Colombia,Lower middle income,"L(d_log_gdp, 1)",0.9912139985174241,NA,NA,NA,NA,NA
cs_ctrl,COL,Colombia,Lower middle income,"L(d_log_gdp, 2)",-0.6061638226890591,NA,NA,NA,NA,NA
cs_ctrl,COL,Colombia,Lower middle income,dy_bar,12.325003793369563,NA,NA,NA,NA,NA
cs_ctrl,COL,Colombia,Lower middle income,"L(dy_bar, 1)",4.143111620123865,NA,NA,NA,NA,NA
cs_ctrl,COL,Colombia,Lower middle income,"L(dy_bar, 2)",-4.543811321423638,NA,NA,NA,NA,NA
cs_ctrl,COL,Colombia,Lower middle income,dd_bar,-0.38753474004957345,NA,NA,NA,NA,NA
cs_ctrl,COL,Colombia,Lower middle income,"L(dd_bar, 1)",0.403910674480392,NA,NA,NA,NA,NA
cs_ctrl,COL,Colombia,Lower middle income,"L(dd_bar, 2)",-0.42959663421462047,NA,NA,NA,NA,NA
cs_ctrl,COL,Colombia,Lower middle income,d_inf_bar,-0.001521411357469052,NA,NA,NA,NA,NA
cs_ctrl,COL,Colombia,Lower middle income,"L(d_inf_bar, 1)",9.307560321296381e-4,NA,NA,NA,NA,NA
cs_ctrl,COL,Colombia,Lower middle income,"L(d_inf_bar, 2)",-0.009101556665468717,NA,NA,NA,NA,NA
cs_ctrl,COL,Colombia,Lower middle income,d_gov_bar,2.826260335297853,NA,NA,NA,NA,NA
cs_ctrl,COL,Colombia,Lower middle income,"L(d_gov_bar, 1)",1.0467106292521369,NA,NA,NA,NA,NA
cs_ctrl,COL,Colombia,Lower middle income,"L(d_gov_bar, 2)",3.662361965447862,NA,NA,NA,NA,NA
cs_ctrl,COL,Colombia,Lower middle income,d_log_gdp_bar,-0.18482256144196196,NA,NA,NA,NA,NA
cs_ctrl,COL,Colombia,Lower middle income,"L(d_log_gdp_bar, 1)",NA,NA,NA,NA,NA,NA
cs_ctrl,COL,Colombia,Lower middle income,"L(d_log_gdp_bar, 2)",NA,NA,NA,NA,NA,NA
cs_ctrl,COM,Comoros,Low income,(Intercept),0.0069573672715206696,NA,NA,NA,NA,NA
cs_ctrl,COM,Comoros,Low income,"L(dy, 1)",0.7817979488779686,NA,NA,NA,NA,NA
cs_ctrl,COM,Comoros,Low income,"L(dy, 2)",0.29048729149980085,NA,NA,NA,NA,NA
cs_ctrl,COM,Comoros,Low income,dd,0.02543312198564971,NA,NA,NA,NA,NA
cs_ctrl,COM,Comoros,Low income,"L(dd, 1)",-0.0017828366631541838,NA,NA,NA,NA,NA
cs_ctrl,COM,Comoros,Low income,"L(dd, 2)",-0.03271716312802737,NA,NA,NA,NA,NA
cs_ctrl,COM,Comoros,Low income,d_inf,0.09126198772624357,NA,NA,NA,NA,NA
cs_ctrl,COM,Comoros,Low income,"L(d_inf, 1)",0.14720114597428655,NA,NA,NA,NA,NA
cs_ctrl,COM,Comoros,Low income,"L(d_inf, 2)",0.13325090200306774,NA,NA,NA,NA,NA
cs_ctrl,COM,Comoros,Low income,d_gov,-0.23662364004989517,NA,NA,NA,NA,NA
cs_ctrl,COM,Comoros,Low income,"L(d_gov, 1)",0.2500436636986805,NA,NA,NA,NA,NA
cs_ctrl,COM,Comoros,Low income,"L(d_gov, 2)",-0.2356895102368448,NA,NA,NA,NA,NA
cs_ctrl,COM,Comoros,Low income,d_log_gdp,-0.07577133587465111,NA,NA,NA,NA,NA
cs_ctrl,COM,Comoros,Low income,"L(d_log_gdp, 1)",0.059896706927029635,NA,NA,NA,NA,NA
cs_ctrl,COM,Comoros,Low income,"L(d_log_gdp, 2)",-0.0586964914990212,NA,NA,NA,NA,NA
cs_ctrl,COM,Comoros,Low income,dy_bar,0.2906981020786424,NA,NA,NA,NA,NA
cs_ctrl,COM,Comoros,Low income,"L(dy_bar, 1)",2.2017905997030667,NA,NA,NA,NA,NA
cs_ctrl,COM,Comoros,Low income,"L(dy_bar, 2)",-5.622583906924644,NA,NA,NA,NA,NA
cs_ctrl,COM,Comoros,Low income,dd_bar,-0.01645584592031986,NA,NA,NA,NA,NA
cs_ctrl,COM,Comoros,Low income,"L(dd_bar, 1)",-0.0031250338133662126,NA,NA,NA,NA,NA
cs_ctrl,COM,Comoros,Low income,"L(dd_bar, 2)",-0.025308216886556687,NA,NA,NA,NA,NA
cs_ctrl,COM,Comoros,Low income,d_inf_bar,-0.0019275646923937613,NA,NA,NA,NA,NA
cs_ctrl,COM,Comoros,Low income,"L(d_inf_bar, 1)",0.0017207495112467987,NA,NA,NA,NA,NA
cs_ctrl,COM,Comoros,Low income,"L(d_inf_bar, 2)",-0.007107037315556571,NA,NA,NA,NA,NA
cs_ctrl,COM,Comoros,Low income,d_gov_bar,-0.37504035935664526,NA,NA,NA,NA,NA
cs_ctrl,COM,Comoros,Low income,"L(d_gov_bar, 1)",-0.9806514870961961,NA,NA,NA,NA,NA
cs_ctrl,COM,Comoros,Low income,"L(d_gov_bar, 2)",0.8512453449962557,NA,NA,NA,NA,NA
cs_ctrl,COM,Comoros,Low income,d_log_gdp_bar,-0.311606485152348,NA,NA,NA,NA,NA
cs_ctrl,COM,Comoros,Low income,"L(d_log_gdp_bar, 1)",NA,NA,NA,NA,NA,NA
cs_ctrl,COM,Comoros,Low income,"L(d_log_gdp_bar, 2)",NA,NA,NA,NA,NA,NA
cs_ctrl,CPV,Cabo Verde,Lower middle income,(Intercept),-0.003380695494488592,NA,NA,NA,NA,NA
cs_ctrl,CPV,Cabo Verde,Lower middle income,"L(dy, 1)",1.3853194829368665,NA,NA,NA,NA,NA
cs_ctrl,CPV,Cabo Verde,Lower middle income,"L(dy, 2)",-1.326663739307908,NA,NA,NA,NA,NA
cs_ctrl,CPV,Cabo Verde,Lower middle income,dd,-0.10040815767887436,NA,NA,NA,NA,NA
cs_ctrl,CPV,Cabo Verde,Lower middle income,"L(dd, 1)",0.08203210284066038,NA,NA,NA,NA,NA
cs_ctrl,CPV,Cabo Verde,Lower middle income,"L(dd, 2)",-0.003013106917161918,NA,NA,NA,NA,NA
cs_ctrl,CPV,Cabo Verde,Lower middle income,d_inf,-0.02441021416875736,NA,NA,NA,NA,NA
cs_ctrl,CPV,Cabo Verde,Lower middle income,"L(d_inf, 1)",0.03674623006500975,NA,NA,NA,NA,NA
cs_ctrl,CPV,Cabo Verde,Lower middle income,"L(d_inf, 2)",-0.02013237018309405,NA,NA,NA,NA,NA
cs_ctrl,CPV,Cabo Verde,Lower middle income,d_gov,0.1734012588820125,NA,NA,NA,NA,NA
cs_ctrl,CPV,Cabo Verde,Lower middle income,"L(d_gov, 1)",-0.03288746956223881,NA,NA,NA,NA,NA
cs_ctrl,CPV,Cabo Verde,Lower middle income,"L(d_gov, 2)",-0.265554324896489,NA,NA,NA,NA,NA
cs_ctrl,CPV,Cabo Verde,Lower middle income,d_log_gdp,-0.06324726402214519,NA,NA,NA,NA,NA
cs_ctrl,CPV,Cabo Verde,Lower middle income,"L(d_log_gdp, 1)",0.054953414522879156,NA,NA,NA,NA,NA
cs_ctrl,CPV,Cabo Verde,Lower middle income,"L(d_log_gdp, 2)",-0.030331169809574187,NA,NA,NA,NA,NA
cs_ctrl,CPV,Cabo Verde,Lower middle income,dy_bar,-0.1775223949937901,NA,NA,NA,NA,NA
cs_ctrl,CPV,Cabo Verde,Lower middle income,"L(dy_bar, 1)",-2.5494170347269702,NA,NA,NA,NA,NA
cs_ctrl,CPV,Cabo Verde,Lower middle income,"L(dy_bar, 2)",1.0010446161335038,NA,NA,NA,NA,NA
cs_ctrl,CPV,Cabo Verde,Lower middle income,dd_bar,7.756369385492237e-4,NA,NA,NA,NA,NA
cs_ctrl,CPV,Cabo Verde,Lower middle income,"L(dd_bar, 1)",0.062393472146133666,NA,NA,NA,NA,NA
cs_ctrl,CPV,Cabo Verde,Lower middle income,"L(dd_bar, 2)",-0.03594343216605642,NA,NA,NA,NA,NA
cs_ctrl,CPV,Cabo Verde,Lower middle income,d_inf_bar,-0.0015047931713416155,NA,NA,NA,NA,NA
cs_ctrl,CPV,Cabo Verde,Lower middle income,"L(d_inf_bar, 1)",0.0013161131106347924,NA,NA,NA,NA,NA
cs_ctrl,CPV,Cabo Verde,Lower middle income,"L(d_inf_bar, 2)",0.008163371144430137,NA,NA,NA,NA,NA
cs_ctrl,CPV,Cabo Verde,Lower middle income,d_gov_bar,-1.3526705188272174,NA,NA,NA,NA,NA
cs_ctrl,CPV,Cabo Verde,Lower middle income,"L(d_gov_bar, 1)",0.289374696933944,NA,NA,NA,NA,NA
cs_ctrl,CPV,Cabo Verde,Lower middle income,"L(d_gov_bar, 2)",-0.6894176943190446,NA,NA,NA,NA,NA
cs_ctrl,CPV,Cabo Verde,Lower middle income,d_log_gdp_bar,-0.03167482635029252,NA,NA,NA,NA,NA
cs_ctrl,CPV,Cabo Verde,Lower middle income,"L(d_log_gdp_bar, 1)",NA,NA,NA,NA,NA,NA
cs_ctrl,CPV,Cabo Verde,Lower middle income,"L(d_log_gdp_bar, 2)",NA,NA,NA,NA,NA,NA
cs_ctrl,CRI,Costa Rica,Upper middle income,(Intercept),-0.006802912334859384,NA,NA,NA,NA,NA
cs_ctrl,CRI,Costa Rica,Upper middle income,"L(dy, 1)",-1.0205589785680633,NA,NA,NA,NA,NA
cs_ctrl,CRI,Costa Rica,Upper middle income,"L(dy, 2)",-1.4425986091696212,NA,NA,NA,NA,NA
cs_ctrl,CRI,Costa Rica,Upper middle income,dd,0.002077240706008303,NA,NA,NA,NA,NA
cs_ctrl,CRI,Costa Rica,Upper middle income,"L(dd, 1)",-0.033808592606965275,NA,NA,NA,NA,NA
cs_ctrl,CRI,Costa Rica,Upper middle income,"L(dd, 2)",0.022934006356122225,NA,NA,NA,NA,NA
cs_ctrl,CRI,Costa Rica,Upper middle income,d_inf,-0.11867019494510438,NA,NA,NA,NA,NA
cs_ctrl,CRI,Costa Rica,Upper middle income,"L(d_inf, 1)",0.01615786466941412,NA,NA,NA,NA,NA
cs_ctrl,CRI,Costa Rica,Upper middle income,"L(d_inf, 2)",-0.06610775251812794,NA,NA,NA,NA,NA
cs_ctrl,CRI,Costa Rica,Upper middle income,d_gov,0.7674053133150126,NA,NA,NA,NA,NA
cs_ctrl,CRI,Costa Rica,Upper middle income,"L(d_gov, 1)",0.7754178821693131,NA,NA,NA,NA,NA
cs_ctrl,CRI,Costa Rica,Upper middle income,"L(d_gov, 2)",1.0358007351991694,NA,NA,NA,NA,NA
cs_ctrl,CRI,Costa Rica,Upper middle income,d_log_gdp,-0.06874829117506417,NA,NA,NA,NA,NA
cs_ctrl,CRI,Costa Rica,Upper middle income,"L(d_log_gdp, 1)",0.12590154370781054,NA,NA,NA,NA,NA
cs_ctrl,CRI,Costa Rica,Upper middle income,"L(d_log_gdp, 2)",-8.964426760991962e-4,NA,NA,NA,NA,NA
cs_ctrl,CRI,Costa Rica,Upper middle income,dy_bar,1.8329632513081353,NA,NA,NA,NA,NA
cs_ctrl,CRI,Costa Rica,Upper middle income,"L(dy_bar, 1)",1.5175121654844168,NA,NA,NA,NA,NA
cs_ctrl,CRI,Costa Rica,Upper middle income,"L(dy_bar, 2)",1.8319697865485982,NA,NA,NA,NA,NA
cs_ctrl,CRI,Costa Rica,Upper middle income,dd_bar,0.023319005701114785,NA,NA,NA,NA,NA
cs_ctrl,CRI,Costa Rica,Upper middle income,"L(dd_bar, 1)",0.02756035239104859,NA,NA,NA,NA,NA
cs_ctrl,CRI,Costa Rica,Upper middle income,"L(dd_bar, 2)",-0.05263602913983613,NA,NA,NA,NA,NA
cs_ctrl,CRI,Costa Rica,Upper middle income,d_inf_bar,-0.004579147093706192,NA,NA,NA,NA,NA
cs_ctrl,CRI,Costa Rica,Upper middle income,"L(d_inf_bar, 1)",-0.0021442840591909115,NA,NA,NA,NA,NA
cs_ctrl,CRI,Costa Rica,Upper middle income,"L(d_inf_bar, 2)",-0.0044282475913074194,NA,NA,NA,NA,NA
cs_ctrl,CRI,Costa Rica,Upper middle income,d_gov_bar,0.3644595020925827,NA,NA,NA,NA,NA
cs_ctrl,CRI,Costa Rica,Upper middle income,"L(d_gov_bar, 1)",-0.42714079073044514,NA,NA,NA,NA,NA
cs_ctrl,CRI,Costa Rica,Upper middle income,"L(d_gov_bar, 2)",0.8962844984701809,NA,NA,NA,NA,NA
cs_ctrl,CRI,Costa Rica,Upper middle income,d_log_gdp_bar,0.07697797232662171,NA,NA,NA,NA,NA
cs_ctrl,CRI,Costa Rica,Upper middle income,"L(d_log_gdp_bar, 1)",NA,NA,NA,NA,NA,NA
cs_ctrl,CRI,Costa Rica,Upper middle income,"L(d_log_gdp_bar, 2)",NA,NA,NA,NA,NA,NA
cs_ctrl,CYP,Cyprus,High income,(Intercept),0.024469009663000765,NA,NA,NA,NA,NA
cs_ctrl,CYP,Cyprus,High income,"L(dy, 1)",-2.147726155488957,NA,NA,NA,NA,NA
cs_ctrl,CYP,Cyprus,High income,"L(dy, 2)",-0.39857964921559463,NA,NA,NA,NA,NA
cs_ctrl,CYP,Cyprus,High income,dd,0.11426654014129857,NA,NA,NA,NA,NA
cs_ctrl,CYP,Cyprus,High income,"L(dd, 1)",-0.06592904807194247,NA,NA,NA,NA,NA
cs_ctrl,CYP,Cyprus,High income,"L(dd, 2)",0.13270188695960178,NA,NA,NA,NA,NA
cs_ctrl,CYP,Cyprus,High income,d_inf,0.12907645457127587,NA,NA,NA,NA,NA
cs_ctrl,CYP,Cyprus,High income,"L(d_inf, 1)",-0.6220894142679521,NA,NA,NA,NA,NA
cs_ctrl,CYP,Cyprus,High income,"L(d_inf, 2)",0.35321666958933684,NA,NA,NA,NA,NA
cs_ctrl,CYP,Cyprus,High income,d_gov,-1.5086994968665095,NA,NA,NA,NA,NA
cs_ctrl,CYP,Cyprus,High income,"L(d_gov, 1)",-0.12875732962050124,NA,NA,NA,NA,NA
cs_ctrl,CYP,Cyprus,High income,"L(d_gov, 2)",0.033660193014851215,NA,NA,NA,NA,NA
cs_ctrl,CYP,Cyprus,High income,d_log_gdp,-0.801424540536864,NA,NA,NA,NA,NA
cs_ctrl,CYP,Cyprus,High income,"L(d_log_gdp, 1)",0.09997846563208715,NA,NA,NA,NA,NA
cs_ctrl,CYP,Cyprus,High income,"L(d_log_gdp, 2)",0.5938032166943477,NA,NA,NA,NA,NA
cs_ctrl,CYP,Cyprus,High income,dy_bar,-22.428712577730963,NA,NA,NA,NA,NA
cs_ctrl,CYP,Cyprus,High income,"L(dy_bar, 1)",-1.6503659400954065,NA,NA,NA,NA,NA
cs_ctrl,CYP,Cyprus,High income,"L(dy_bar, 2)",-14.877697084547396,NA,NA,NA,NA,NA
cs_ctrl,CYP,Cyprus,High income,dd_bar,0.6328606052313592,NA,NA,NA,NA,NA
cs_ctrl,CYP,Cyprus,High income,"L(dd_bar, 1)",-0.5346810340924124,NA,NA,NA,NA,NA
cs_ctrl,CYP,Cyprus,High income,"L(dd_bar, 2)",-0.4944223932480511,NA,NA,NA,NA,NA
cs_ctrl,CYP,Cyprus,High income,d_inf_bar,-0.02401766853304361,NA,NA,NA,NA,NA
cs_ctrl,CYP,Cyprus,High income,"L(d_inf_bar, 1)",0.02799430306314782,NA,NA,NA,NA,NA
cs_ctrl,CYP,Cyprus,High income,"L(d_inf_bar, 2)",0.04209110924752205,NA,NA,NA,NA,NA
cs_ctrl,CYP,Cyprus,High income,d_gov_bar,-16.67856024563628,NA,NA,NA,NA,NA
cs_ctrl,CYP,Cyprus,High income,"L(d_gov_bar, 1)",-2.2045657603017874,NA,NA,NA,NA,NA
cs_ctrl,CYP,Cyprus,High income,"L(d_gov_bar, 2)",-0.5177066484288634,NA,NA,NA,NA,NA
cs_ctrl,CYP,Cyprus,High income,d_log_gdp_bar,-1.8401653741165886,NA,NA,NA,NA,NA
cs_ctrl,CYP,Cyprus,High income,"L(d_log_gdp_bar, 1)",NA,NA,NA,NA,NA,NA
cs_ctrl,CYP,Cyprus,High income,"L(d_log_gdp_bar, 2)",NA,NA,NA,NA,NA,NA
cs_ctrl,CZE,Czech Republic,High income,(Intercept),-0.011507357586778769,NA,NA,NA,NA,NA
cs_ctrl,CZE,Czech Republic,High income,"L(dy, 1)",-1.9765002688631925,NA,NA,NA,NA,NA
cs_ctrl,CZE,Czech Republic,High income,"L(dy, 2)",2.7768302780611123,NA,NA,NA,NA,NA
cs_ctrl,CZE,Czech Republic,High income,dd,0.1644040462715663,NA,NA,NA,NA,NA
cs_ctrl,CZE,Czech Republic,High income,"L(dd, 1)",0.19803691670559637,NA,NA,NA,NA,NA
cs_ctrl,CZE,Czech Republic,High income,"L(dd, 2)",0.07944295716419553,NA,NA,NA,NA,NA
cs_ctrl,CZE,Czech Republic,High income,d_inf,-0.8229257237003674,NA,NA,NA,NA,NA
cs_ctrl,CZE,Czech Republic,High income,"L(d_inf, 1)",-0.13185578421079844,NA,NA,NA,NA,NA
cs_ctrl,CZE,Czech Republic,High income,"L(d_inf, 2)",-0.10113825218117876,NA,NA,NA,NA,NA
cs_ctrl,CZE,Czech Republic,High income,d_gov,-1.803913548203408,NA,NA,NA,NA,NA
cs_ctrl,CZE,Czech Republic,High income,"L(d_gov, 1)",-2.1681713242416922,NA,NA,NA,NA,NA
cs_ctrl,CZE,Czech Republic,High income,"L(d_gov, 2)",-0.027040985423358185,NA,NA,NA,NA,NA
cs_ctrl,CZE,Czech Republic,High income,d_log_gdp,0.4852261825585218,NA,NA,NA,NA,NA
cs_ctrl,CZE,Czech Republic,High income,"L(d_log_gdp, 1)",0.32846737069455917,NA,NA,NA,NA,NA
cs_ctrl,CZE,Czech Republic,High income,"L(d_log_gdp, 2)",0.19089584263174986,NA,NA,NA,NA,NA
cs_ctrl,CZE,Czech Republic,High income,dy_bar,-4.685789497252875,NA,NA,NA,NA,NA
cs_ctrl,CZE,Czech Republic,High income,"L(dy_bar, 1)",4.374682317923944,NA,NA,NA,NA,NA
cs_ctrl,CZE,Czech Republic,High income,"L(dy_bar, 2)",-11.995150502458278,NA,NA,NA,NA,NA
cs_ctrl,CZE,Czech Republic,High income,dd_bar,0.12578103504621757,NA,NA,NA,NA,NA
cs_ctrl,CZE,Czech Republic,High income,"L(dd_bar, 1)",-0.604505659635594,NA,NA,NA,NA,NA
cs_ctrl,CZE,Czech Republic,High income,"L(dd_bar, 2)",-0.16495886843412816,NA,NA,NA,NA,NA
cs_ctrl,CZE,Czech Republic,High income,d_inf_bar,0.008962321911214982,NA,NA,NA,NA,NA
cs_ctrl,CZE,Czech Republic,High income,"L(d_inf_bar, 1)",0.016052705094321496,NA,NA,NA,NA,NA
cs_ctrl,CZE,Czech Republic,High income,"L(d_inf_bar, 2)",-0.004774791157958187,NA,NA,NA,NA,NA
cs_ctrl,CZE,Czech Republic,High income,d_gov_bar,-0.3999685849376431,NA,NA,NA,NA,NA
cs_ctrl,CZE,Czech Republic,High income,"L(d_gov_bar, 1)",0.5619225948156024,NA,NA,NA,NA,NA
cs_ctrl,CZE,Czech Republic,High income,"L(d_gov_bar, 2)",5.8371988636867975,NA,NA,NA,NA,NA
cs_ctrl,CZE,Czech Republic,High income,d_log_gdp_bar,-1.6964466008851646,NA,NA,NA,NA,NA
cs_ctrl,CZE,Czech Republic,High income,"L(d_log_gdp_bar, 1)",NA,NA,NA,NA,NA,NA
cs_ctrl,CZE,Czech Republic,High income,"L(d_log_gdp_bar, 2)",NA,NA,NA,NA,NA,NA
cs_ctrl,DEU,Germany,High income,(Intercept),-18.441637830149652,NA,NA,NA,NA,NA
cs_ctrl,DEU,Germany,High income,"L(dy, 1)",-300.66639281940013,NA,NA,NA,NA,NA
cs_ctrl,DEU,Germany,High income,"L(dy, 2)",5.047305947678022,NA,NA,NA,NA,NA
cs_ctrl,DEU,Germany,High income,dd,-115.63127753691504,NA,NA,NA,NA,NA
cs_ctrl,DEU,Germany,High income,"L(dd, 1)",120.67772597844206,NA,NA,NA,NA,NA
cs_ctrl,DEU,Germany,High income,"L(dd, 2)",-199.36793312717776,NA,NA,NA,NA,NA
cs_ctrl,DEU,Germany,High income,d_inf,-130.10679171577405,NA,NA,NA,NA,NA
cs_ctrl,DEU,Germany,High income,"L(d_inf, 1)",-329.5503490257908,NA,NA,NA,NA,NA
cs_ctrl,DEU,Germany,High income,"L(d_inf, 2)",-281.81411614856523,NA,NA,NA,NA,NA
cs_ctrl,DEU,Germany,High income,d_gov,-2913.8647170154954,NA,NA,NA,NA,NA
cs_ctrl,DEU,Germany,High income,"L(d_gov, 1)",611.616326116682,NA,NA,NA,NA,NA
cs_ctrl,DEU,Germany,High income,"L(d_gov, 2)",224.03021495376046,NA,NA,NA,NA,NA
cs_ctrl,DEU,Germany,High income,d_log_gdp,234.80231747048944,NA,NA,NA,NA,NA
cs_ctrl,DEU,Germany,High income,"L(d_log_gdp, 1)",537.1085330852356,NA,NA,NA,NA,NA
cs_ctrl,DEU,Germany,High income,"L(d_log_gdp, 2)",381.02463605814404,NA,NA,NA,NA,NA
cs_ctrl,DEU,Germany,High income,dy_bar,-450.57541752448833,NA,NA,NA,NA,NA
cs_ctrl,DEU,Germany,High income,"L(dy_bar, 1)",2219.9216719020687,NA,NA,NA,NA,NA
cs_ctrl,DEU,Germany,High income,"L(dy_bar, 2)",3188.8968311402273,NA,NA,NA,NA,NA
cs_ctrl,DEU,Germany,High income,dd_bar,-57.53321869698475,NA,NA,NA,NA,NA
cs_ctrl,DEU,Germany,High income,"L(dd_bar, 1)",202.31454252110507,NA,NA,NA,NA,NA
cs_ctrl,DEU,Germany,High income,"L(dd_bar, 2)",-137.77779895686135,NA,NA,NA,NA,NA
cs_ctrl,DEU,Germany,High income,d_inf_bar,-2.6423168108286226,NA,NA,NA,NA,NA
cs_ctrl,DEU,Germany,High income,"L(d_inf_bar, 1)",-3.1699684401055523,NA,NA,NA,NA,NA
cs_ctrl,DEU,Germany,High income,"L(d_inf_bar, 2)",-9.754107776290025,NA,NA,NA,NA,NA
cs_ctrl,DEU,Germany,High income,d_gov_bar,2942.663949296718,NA,NA,NA,NA,NA
cs_ctrl,DEU,Germany,High income,"L(d_gov_bar, 1)",1509.567155028417,NA,NA,NA,NA,NA
cs_ctrl,DEU,Germany,High income,"L(d_gov_bar, 2)",-0.7503490856953556,NA,NA,NA,NA,NA
cs_ctrl,DEU,Germany,High income,d_log_gdp_bar,132.2308642016734,NA,NA,NA,NA,NA
cs_ctrl,DEU,Germany,High income,"L(d_log_gdp_bar, 1)",NA,NA,NA,NA,NA,NA
cs_ctrl,DEU,Germany,High income,"L(d_log_gdp_bar, 2)",NA,NA,NA,NA,NA,NA
cs_ctrl,DJI,Djibouti,Lower middle income,(Intercept),0.006299131108510819,NA,NA,NA,NA,NA
cs_ctrl,DJI,Djibouti,Lower middle income,"L(dy, 1)",-3.6340529820986367,NA,NA,NA,NA,NA
cs_ctrl,DJI,Djibouti,Lower middle income,"L(dy, 2)",8.662380021100555,NA,NA,NA,NA,NA
cs_ctrl,DJI,Djibouti,Lower middle income,dd,0.036517478367890203,NA,NA,NA,NA,NA
cs_ctrl,DJI,Djibouti,Lower middle income,"L(dd, 1)",0.01832467043718004,NA,NA,NA,NA,NA
cs_ctrl,DJI,Djibouti,Lower middle income,"L(dd, 2)",0.008338340667576072,NA,NA,NA,NA,NA
cs_ctrl,DJI,Djibouti,Lower middle income,d_inf,0.3670161132015836,NA,NA,NA,NA,NA
cs_ctrl,DJI,Djibouti,Lower middle income,"L(d_inf, 1)",0.8547037987724259,NA,NA,NA,NA,NA
cs_ctrl,DJI,Djibouti,Lower middle income,"L(d_inf, 2)",0.8335013204763406,NA,NA,NA,NA,NA
cs_ctrl,DJI,Djibouti,Lower middle income,d_gov,-0.017397393215499633,NA,NA,NA,NA,NA
cs_ctrl,DJI,Djibouti,Lower middle income,"L(d_gov, 1)",0.027614085676605237,NA,NA,NA,NA,NA
cs_ctrl,DJI,Djibouti,Lower middle income,"L(d_gov, 2)",0.13943683029174772,NA,NA,NA,NA,NA
cs_ctrl,DJI,Djibouti,Lower middle income,d_log_gdp,-0.08409040394761089,NA,NA,NA,NA,NA
cs_ctrl,DJI,Djibouti,Lower middle income,"L(d_log_gdp, 1)",-0.071082568016775,NA,NA,NA,NA,NA
cs_ctrl,DJI,Djibouti,Lower middle income,"L(d_log_gdp, 2)",-0.03315651430576648,NA,NA,NA,NA,NA
cs_ctrl,DJI,Djibouti,Lower middle income,dy_bar,-1.6610516683878722,NA,NA,NA,NA,NA
cs_ctrl,DJI,Djibouti,Lower middle income,"L(dy_bar, 1)",-1.1355999949895395,NA,NA,NA,NA,NA
cs_ctrl,DJI,Djibouti,Lower middle income,"L(dy_bar, 2)",-4.980073355543807,NA,NA,NA,NA,NA
cs_ctrl,DJI,Djibouti,Lower middle income,dd_bar,0.2122227270505925,NA,NA,NA,NA,NA
cs_ctrl,DJI,Djibouti,Lower middle income,"L(dd_bar, 1)",-0.29316786677855633,NA,NA,NA,NA,NA
cs_ctrl,DJI,Djibouti,Lower middle income,"L(dd_bar, 2)",0.19621330162912212,NA,NA,NA,NA,NA
cs_ctrl,DJI,Djibouti,Lower middle income,d_inf_bar,-0.002018253151779817,NA,NA,NA,NA,NA
cs_ctrl,DJI,Djibouti,Lower middle income,"L(d_inf_bar, 1)",0.017033708724224904,NA,NA,NA,NA,NA
cs_ctrl,DJI,Djibouti,Lower middle income,"L(d_inf_bar, 2)",-0.020673671459102497,NA,NA,NA,NA,NA
cs_ctrl,DJI,Djibouti,Lower middle income,d_gov_bar,-4.597510025940578,NA,NA,NA,NA,NA
cs_ctrl,DJI,Djibouti,Lower middle income,"L(d_gov_bar, 1)",0.0790517651545396,NA,NA,NA,NA,NA
cs_ctrl,DJI,Djibouti,Lower middle income,"L(d_gov_bar, 2)",0.6112733883475889,NA,NA,NA,NA,NA
cs_ctrl,DJI,Djibouti,Lower middle income,d_log_gdp_bar,-0.333177878681199,NA,NA,NA,NA,NA
cs_ctrl,DJI,Djibouti,Lower middle income,"L(d_log_gdp_bar, 1)",NA,NA,NA,NA,NA,NA
cs_ctrl,DJI,Djibouti,Lower middle income,"L(d_log_gdp_bar, 2)",NA,NA,NA,NA,NA,NA
cs_ctrl,DMA,Dominica,Upper middle income,(Intercept),4.748379580957906e-5,NA,NA,NA,NA,NA
cs_ctrl,DMA,Dominica,Upper middle income,"L(dy, 1)",0.7762172563530008,NA,NA,NA,NA,NA
cs_ctrl,DMA,Dominica,Upper middle income,dd,-0.00176927604159312,NA,NA,NA,NA,NA
cs_ctrl,DMA,Dominica,Upper middle income,"L(dd, 1)",9.609647202273394e-4,NA,NA,NA,NA,NA
cs_ctrl,DMA,Dominica,Upper middle income,"L(dd, 2)",0.0010177004127280276,NA,NA,NA,NA,NA
cs_ctrl,DMA,Dominica,Upper middle income,d_inf,-0.00629001718675668,NA,NA,NA,NA,NA
cs_ctrl,DMA,Dominica,Upper middle income,"L(d_inf, 1)",-0.0025052317495422344,NA,NA,NA,NA,NA
cs_ctrl,DMA,Dominica,Upper middle income,d_gov,0.0037686437719701804,NA,NA,NA,NA,NA
cs_ctrl,DMA,Dominica,Upper middle income,"L(d_gov, 1)",0.006537813993513883,NA,NA,NA,NA,NA
cs_ctrl,DMA,Dominica,Upper middle income,"L(d_gov, 2)",-0.02371156704611794,NA,NA,NA,NA,NA
cs_ctrl,DMA,Dominica,Upper middle income,d_log_gdp,0.001667246434021901,NA,NA,NA,NA,NA
cs_ctrl,DMA,Dominica,Upper middle income,"L(d_log_gdp, 1)",0.005232792677800839,NA,NA,NA,NA,NA
cs_ctrl,DMA,Dominica,Upper middle income,"L(d_log_gdp, 2)",-0.0034581316085868586,NA,NA,NA,NA,NA
cs_ctrl,DMA,Dominica,Upper middle income,dy_bar,-0.19236581392519217,NA,NA,NA,NA,NA
cs_ctrl,DMA,Dominica,Upper middle income,"L(dy_bar, 1)",-0.3235554483037252,NA,NA,NA,NA,NA
cs_ctrl,DMA,Dominica,Upper middle income,"L(dy_bar, 2)",0.15534921257454598,NA,NA,NA,NA,NA
cs_ctrl,DMA,Dominica,Upper middle income,dd_bar,-0.004518481145767918,NA,NA,NA,NA,NA
cs_ctrl,DMA,Dominica,Upper middle income,"L(dd_bar, 1)",-0.003045063145115586,NA,NA,NA,NA,NA
cs_ctrl,DMA,Dominica,Upper middle income,"L(dd_bar, 2)",-0.005170038235832369,NA,NA,NA,NA,NA
cs_ctrl,DMA,Dominica,Upper middle income,d_inf_bar,-1.664338202508898e-4,NA,NA,NA,NA,NA
cs_ctrl,DMA,Dominica,Upper middle income,"L(d_inf_bar, 1)",2.1236248840024627e-6,NA,NA,NA,NA,NA
cs_ctrl,DMA,Dominica,Upper middle income,"L(d_inf_bar, 2)",1.5329738533920406e-4,NA,NA,NA,NA,NA
cs_ctrl,DMA,Dominica,Upper middle income,d_gov_bar,-0.05421920922434909,NA,NA,NA,NA,NA
cs_ctrl,DMA,Dominica,Upper middle income,"L(d_gov_bar, 1)",-0.08101904258665861,NA,NA,NA,NA,NA
cs_ctrl,DMA,Dominica,Upper middle income,"L(d_gov_bar, 2)",-0.08335569691611017,NA,NA,NA,NA,NA
cs_ctrl,DMA,Dominica,Upper middle income,d_log_gdp_bar,-0.008440487499311915,NA,NA,NA,NA,NA
cs_ctrl,DMA,Dominica,Upper middle income,"L(d_log_gdp_bar, 1)",-0.03532795988164752,NA,NA,NA,NA,NA
cs_ctrl,DMA,Dominica,Upper middle income,"L(d_log_gdp_bar, 2)",-2.764352385152673e-4,NA,NA,NA,NA,NA
cs_ctrl,DNK,Denmark,High income,(Intercept),0.026191237817895643,NA,NA,NA,NA,NA
cs_ctrl,DNK,Denmark,High income,"L(dy, 1)",-1.0341043707802502,NA,NA,NA,NA,NA
cs_ctrl,DNK,Denmark,High income,"L(dy, 2)",-1.916183442662589,NA,NA,NA,NA,NA
cs_ctrl,DNK,Denmark,High income,dd,-0.16452950432974575,NA,NA,NA,NA,NA
cs_ctrl,DNK,Denmark,High income,"L(dd, 1)",0.1322611382009062,NA,NA,NA,NA,NA
cs_ctrl,DNK,Denmark,High income,"L(dd, 2)",0.12205434823204331,NA,NA,NA,NA,NA
cs_ctrl,DNK,Denmark,High income,d_inf,1.1881480877682482,NA,NA,NA,NA,NA
cs_ctrl,DNK,Denmark,High income,"L(d_inf, 1)",0.5068847449799619,NA,NA,NA,NA,NA
cs_ctrl,DNK,Denmark,High income,"L(d_inf, 2)",0.249903602240612,NA,NA,NA,NA,NA
cs_ctrl,DNK,Denmark,High income,d_gov,1.7913938484538008,NA,NA,NA,NA,NA
cs_ctrl,DNK,Denmark,High income,"L(d_gov, 1)",-0.13001023025848257,NA,NA,NA,NA,NA
cs_ctrl,DNK,Denmark,High income,"L(d_gov, 2)",-1.3520561862840783,NA,NA,NA,NA,NA
cs_ctrl,DNK,Denmark,High income,d_log_gdp,-0.2889481123341961,NA,NA,NA,NA,NA
cs_ctrl,DNK,Denmark,High income,"L(d_log_gdp, 1)",0.06546696314544811,NA,NA,NA,NA,NA
cs_ctrl,DNK,Denmark,High income,"L(d_log_gdp, 2)",-0.38468954058180055,NA,NA,NA,NA,NA
cs_ctrl,DNK,Denmark,High income,dy_bar,-4.130928763823867,NA,NA,NA,NA,NA
cs_ctrl,DNK,Denmark,High income,"L(dy_bar, 1)",1.611758190302712,NA,NA,NA,NA,NA
cs_ctrl,DNK,Denmark,High income,"L(dy_bar, 2)",-7.033905664609298,NA,NA,NA,NA,NA
cs_ctrl,DNK,Denmark,High income,dd_bar,0.1359711222233512,NA,NA,NA,NA,NA
cs_ctrl,DNK,Denmark,High income,"L(dd_bar, 1)",0.05377233883102644,NA,NA,NA,NA,NA
cs_ctrl,DNK,Denmark,High income,"L(dd_bar, 2)",-0.24965418984857807,NA,NA,NA,NA,NA
cs_ctrl,DNK,Denmark,High income,d_inf_bar,-0.001068675559972206,NA,NA,NA,NA,NA
cs_ctrl,DNK,Denmark,High income,"L(d_inf_bar, 1)",0.004450529057658518,NA,NA,NA,NA,NA
cs_ctrl,DNK,Denmark,High income,"L(d_inf_bar, 2)",0.007408021889256498,NA,NA,NA,NA,NA
cs_ctrl,DNK,Denmark,High income,d_gov_bar,-4.662697408129939,NA,NA,NA,NA,NA
cs_ctrl,DNK,Denmark,High income,"L(d_gov_bar, 1)",-2.603605930505075,NA,NA,NA,NA,NA
cs_ctrl,DNK,Denmark,High income,"L(d_gov_bar, 2)",0.8639583959181913,NA,NA,NA,NA,NA
cs_ctrl,DNK,Denmark,High income,d_log_gdp_bar,-0.33990104577418834,NA,NA,NA,NA,NA
cs_ctrl,DNK,Denmark,High income,"L(d_log_gdp_bar, 1)",NA,NA,NA,NA,NA,NA
cs_ctrl,DNK,Denmark,High income,"L(d_log_gdp_bar, 2)",NA,NA,NA,NA,NA,NA
cs_ctrl,DZA,Algeria,Lower middle income,(Intercept),-0.0055562199218647645,NA,NA,NA,NA,NA
cs_ctrl,DZA,Algeria,Lower middle income,"L(dy, 1)",0.46418687478772663,NA,NA,NA,NA,NA
cs_ctrl,DZA,Algeria,Lower middle income,dd,-0.002984758759375219,NA,NA,NA,NA,NA
cs_ctrl,DZA,Algeria,Lower middle income,"L(dd, 1)",3.343871004960865e-4,NA,NA,NA,NA,NA
cs_ctrl,DZA,Algeria,Lower middle income,"L(dd, 2)",0.01052627834330159,NA,NA,NA,NA,NA
cs_ctrl,DZA,Algeria,Lower middle income,d_inf,0.03686684840606445,NA,NA,NA,NA,NA
cs_ctrl,DZA,Algeria,Lower middle income,"L(d_inf, 1)",-0.018736628801852295,NA,NA,NA,NA,NA
cs_ctrl,DZA,Algeria,Lower middle income,"L(d_inf, 2)",0.013535170613852706,NA,NA,NA,NA,NA
cs_ctrl,DZA,Algeria,Lower middle income,d_gov,-0.3563700520650068,NA,NA,NA,NA,NA
cs_ctrl,DZA,Algeria,Lower middle income,"L(d_gov, 1)",-0.09896241483104529,NA,NA,NA,NA,NA
cs_ctrl,DZA,Algeria,Lower middle income,"L(d_gov, 2)",0.22712096231478876,NA,NA,NA,NA,NA
cs_ctrl,DZA,Algeria,Lower middle income,d_log_gdp,-0.0812506196418399,NA,NA,NA,NA,NA
cs_ctrl,DZA,Algeria,Lower middle income,"L(d_log_gdp, 1)",0.044766338433782644,NA,NA,NA,NA,NA
cs_ctrl,DZA,Algeria,Lower middle income,"L(d_log_gdp, 2)",0.09914070441698541,NA,NA,NA,NA,NA
cs_ctrl,DZA,Algeria,Lower middle income,dy_bar,1.0877040811001715,NA,NA,NA,NA,NA
cs_ctrl,DZA,Algeria,Lower middle income,"L(dy_bar, 1)",1.499953651825569,NA,NA,NA,NA,NA
cs_ctrl,DZA,Algeria,Lower middle income,"L(dy_bar, 2)",1.841405290116311,NA,NA,NA,NA,NA
cs_ctrl,DZA,Algeria,Lower middle income,dd_bar,0.0662766257895457,NA,NA,NA,NA,NA
cs_ctrl,DZA,Algeria,Lower middle income,"L(dd_bar, 1)",0.07032941275621338,NA,NA,NA,NA,NA
cs_ctrl,DZA,Algeria,Lower middle income,"L(dd_bar, 2)",0.006702917239892161,NA,NA,NA,NA,NA
cs_ctrl,DZA,Algeria,Lower middle income,d_inf_bar,-0.002770574846836964,NA,NA,NA,NA,NA
cs_ctrl,DZA,Algeria,Lower middle income,"L(d_inf_bar, 1)",0.002595412075497835,NA,NA,NA,NA,NA
cs_ctrl,DZA,Algeria,Lower middle income,"L(d_inf_bar, 2)",-0.0024480817808897395,NA,NA,NA,NA,NA
cs_ctrl,DZA,Algeria,Lower middle income,d_gov_bar,-0.14401118498077808,NA,NA,NA,NA,NA
cs_ctrl,DZA,Algeria,Lower middle income,"L(d_gov_bar, 1)",1.517856917321017,NA,NA,NA,NA,NA
cs_ctrl,DZA,Algeria,Lower middle income,"L(d_gov_bar, 2)",-0.07817772225117924,NA,NA,NA,NA,NA
cs_ctrl,DZA,Algeria,Lower middle income,d_log_gdp_bar,-0.10559006361845467,NA,NA,NA,NA,NA
cs_ctrl,DZA,Algeria,Lower middle income,"L(d_log_gdp_bar, 1)",0.4091656144332711,NA,NA,NA,NA,NA
cs_ctrl,ECU,Ecuador,Lower middle income,(Intercept),-0.06185809944388465,NA,NA,NA,NA,NA
cs_ctrl,ECU,Ecuador,Lower middle income,"L(dy, 1)",-1.4557974147652892,NA,NA,NA,NA,NA
cs_ctrl,ECU,Ecuador,Lower middle income,"L(dy, 2)",-2.571212691318521,NA,NA,NA,NA,NA
cs_ctrl,ECU,Ecuador,Lower middle income,dd,-0.22691543963093272,NA,NA,NA,NA,NA
cs_ctrl,ECU,Ecuador,Lower middle income,"L(dd, 1)",-0.29962958941458984,NA,NA,NA,NA,NA
cs_ctrl,ECU,Ecuador,Lower middle income,"L(dd, 2)",0.26049814385692477,NA,NA,NA,NA,NA
cs_ctrl,ECU,Ecuador,Lower middle income,d_inf,-0.34655632914208967,NA,NA,NA,NA,NA
cs_ctrl,ECU,Ecuador,Lower middle income,"L(d_inf, 1)",-0.1266069261900878,NA,NA,NA,NA,NA
cs_ctrl,ECU,Ecuador,Lower middle income,"L(d_inf, 2)",0.09750057490154859,NA,NA,NA,NA,NA
cs_ctrl,ECU,Ecuador,Lower middle income,d_gov,2.3114450204745838,NA,NA,NA,NA,NA
cs_ctrl,ECU,Ecuador,Lower middle income,"L(d_gov, 1)",2.1303732226392764,NA,NA,NA,NA,NA
cs_ctrl,ECU,Ecuador,Lower middle income,"L(d_gov, 2)",-1.7147922755957874,NA,NA,NA,NA,NA
cs_ctrl,ECU,Ecuador,Lower middle income,d_log_gdp,-0.12555028811407654,NA,NA,NA,NA,NA
cs_ctrl,ECU,Ecuador,Lower middle income,"L(d_log_gdp, 1)",-0.09536305159311742,NA,NA,NA,NA,NA
cs_ctrl,ECU,Ecuador,Lower middle income,"L(d_log_gdp, 2)",-0.06049453174309752,NA,NA,NA,NA,NA
cs_ctrl,ECU,Ecuador,Lower middle income,dy_bar,-0.3376607774326794,NA,NA,NA,NA,NA
cs_ctrl,ECU,Ecuador,Lower middle income,"L(dy_bar, 1)",12.03723527438019,NA,NA,NA,NA,NA
cs_ctrl,ECU,Ecuador,Lower middle income,"L(dy_bar, 2)",-7.71351680587007,NA,NA,NA,NA,NA
cs_ctrl,ECU,Ecuador,Lower middle income,dd_bar,0.7242433769410168,NA,NA,NA,NA,NA
cs_ctrl,ECU,Ecuador,Lower middle income,"L(dd_bar, 1)",-0.4379100845058625,NA,NA,NA,NA,NA
cs_ctrl,ECU,Ecuador,Lower middle income,"L(dd_bar, 2)",0.8954864066105979,NA,NA,NA,NA,NA
cs_ctrl,ECU,Ecuador,Lower middle income,d_inf_bar,0.0012063996079304602,NA,NA,NA,NA,NA
cs_ctrl,ECU,Ecuador,Lower middle income,"L(d_inf_bar, 1)",0.013094459675900545,NA,NA,NA,NA,NA
cs_ctrl,ECU,Ecuador,Lower middle income,"L(d_inf_bar, 2)",-0.053191643924303034,NA,NA,NA,NA,NA
cs_ctrl,ECU,Ecuador,Lower middle income,d_gov_bar,1.9615675647454478,NA,NA,NA,NA,NA
cs_ctrl,ECU,Ecuador,Lower middle income,"L(d_gov_bar, 1)",-5.877952907913494,NA,NA,NA,NA,NA
cs_ctrl,ECU,Ecuador,Lower middle income,"L(d_gov_bar, 2)",-7.396263583053079,NA,NA,NA,NA,NA
cs_ctrl,ECU,Ecuador,Lower middle income,d_log_gdp_bar,1.3638673108505197,NA,NA,NA,NA,NA
cs_ctrl,ECU,Ecuador,Lower middle income,"L(d_log_gdp_bar, 1)",NA,NA,NA,NA,NA,NA
cs_ctrl,ECU,Ecuador,Lower middle income,"L(d_log_gdp_bar, 2)",NA,NA,NA,NA,NA,NA
cs_ctrl,EGY,Egypt,Lower middle income,(Intercept),-0.055340314512937964,NA,NA,NA,NA,NA
cs_ctrl,EGY,Egypt,Lower middle income,"L(dy, 1)",9.010216451312655,NA,NA,NA,NA,NA
cs_ctrl,EGY,Egypt,Lower middle income,"L(dy, 2)",4.26042140427639,NA,NA,NA,NA,NA
cs_ctrl,EGY,Egypt,Lower middle income,dd,0.46838755726299514,NA,NA,NA,NA,NA
cs_ctrl,EGY,Egypt,Lower middle income,"L(dd, 1)",-0.33982558409200664,NA,NA,NA,NA,NA
cs_ctrl,EGY,Egypt,Lower middle income,"L(dd, 2)",0.02343903424800955,NA,NA,NA,NA,NA
cs_ctrl,EGY,Egypt,Lower middle income,d_inf,0.3103662591672371,NA,NA,NA,NA,NA
cs_ctrl,EGY,Egypt,Lower middle income,"L(d_inf, 1)",0.30677268127475926,NA,NA,NA,NA,NA
cs_ctrl,EGY,Egypt,Lower middle income,"L(d_inf, 2)",0.485091681946746,NA,NA,NA,NA,NA
cs_ctrl,EGY,Egypt,Lower middle income,d_gov,1.6772452551765262,NA,NA,NA,NA,NA
cs_ctrl,EGY,Egypt,Lower middle income,"L(d_gov, 1)",0.6486728448329636,NA,NA,NA,NA,NA
cs_ctrl,EGY,Egypt,Lower middle income,"L(d_gov, 2)",-1.1580352489699828,NA,NA,NA,NA,NA
cs_ctrl,EGY,Egypt,Lower middle income,d_log_gdp,1.0590803683370624,NA,NA,NA,NA,NA
cs_ctrl,EGY,Egypt,Lower middle income,"L(d_log_gdp, 1)",0.08122126825307628,NA,NA,NA,NA,NA
cs_ctrl,EGY,Egypt,Lower middle income,"L(d_log_gdp, 2)",0.03302678853541334,NA,NA,NA,NA,NA
cs_ctrl,EGY,Egypt,Lower middle income,dy_bar,0.2597374463353996,NA,NA,NA,NA,NA
cs_ctrl,EGY,Egypt,Lower middle income,"L(dy_bar, 1)",9.130224927037734,NA,NA,NA,NA,NA
cs_ctrl,EGY,Egypt,Lower middle income,"L(dy_bar, 2)",1.156736207346262,NA,NA,NA,NA,NA
cs_ctrl,EGY,Egypt,Lower middle income,dd_bar,-0.8209529262586356,NA,NA,NA,NA,NA
cs_ctrl,EGY,Egypt,Lower middle income,"L(dd_bar, 1)",-0.2546787084802449,NA,NA,NA,NA,NA
cs_ctrl,EGY,Egypt,Lower middle income,"L(dd_bar, 2)",0.6342770190159795,NA,NA,NA,NA,NA
cs_ctrl,EGY,Egypt,Lower middle income,d_inf_bar,0.01628204255527715,NA,NA,NA,NA,NA
cs_ctrl,EGY,Egypt,Lower middle income,"L(d_inf_bar, 1)",0.014939850555853123,NA,NA,NA,NA,NA
cs_ctrl,EGY,Egypt,Lower middle income,"L(d_inf_bar, 2)",-0.003975069233338759,NA,NA,NA,NA,NA
cs_ctrl,EGY,Egypt,Lower middle income,d_gov_bar,2.831714495940251,NA,NA,NA,NA,NA
cs_ctrl,EGY,Egypt,Lower middle income,"L(d_gov_bar, 1)",9.098388083179238,NA,NA,NA,NA,NA
cs_ctrl,EGY,Egypt,Lower middle income,"L(d_gov_bar, 2)",3.1299836522203863,NA,NA,NA,NA,NA
cs_ctrl,EGY,Egypt,Lower middle income,d_log_gdp_bar,-0.2889658136580588,NA,NA,NA,NA,NA
cs_ctrl,EGY,Egypt,Lower middle income,"L(d_log_gdp_bar, 1)",NA,NA,NA,NA,NA,NA
cs_ctrl,EGY,Egypt,Lower middle income,"L(d_log_gdp_bar, 2)",NA,NA,NA,NA,NA,NA
cs_ctrl,ESP,Spain,High income,(Intercept),0.016466374715186957,NA,NA,NA,NA,NA
cs_ctrl,ESP,Spain,High income,"L(dy, 1)",3.604445846227806,NA,NA,NA,NA,NA
cs_ctrl,ESP,Spain,High income,"L(dy, 2)",-4.172972586855938,NA,NA,NA,NA,NA
cs_ctrl,ESP,Spain,High income,dd,-0.14189430433516362,NA,NA,NA,NA,NA
cs_ctrl,ESP,Spain,High income,"L(dd, 1)",0.2852079657233467,NA,NA,NA,NA,NA
cs_ctrl,ESP,Spain,High income,"L(dd, 2)",-0.41664447827430234,NA,NA,NA,NA,NA
cs_ctrl,ESP,Spain,High income,d_inf,-0.06156005270169548,NA,NA,NA,NA,NA
cs_ctrl,ESP,Spain,High income,"L(d_inf, 1)",-1.922499677311867,NA,NA,NA,NA,NA
cs_ctrl,ESP,Spain,High income,"L(d_inf, 2)",-1.019868733901655,NA,NA,NA,NA,NA
cs_ctrl,ESP,Spain,High income,d_gov,2.4572482332640093,NA,NA,NA,NA,NA
cs_ctrl,ESP,Spain,High income,"L(d_gov, 1)",0.7767994021017097,NA,NA,NA,NA,NA
cs_ctrl,ESP,Spain,High income,"L(d_gov, 2)",-1.8225008975811303,NA,NA,NA,NA,NA
cs_ctrl,ESP,Spain,High income,d_log_gdp,0.007340719033921473,NA,NA,NA,NA,NA
cs_ctrl,ESP,Spain,High income,"L(d_log_gdp, 1)",0.2520050684085038,NA,NA,NA,NA,NA
cs_ctrl,ESP,Spain,High income,"L(d_log_gdp, 2)",-0.7533990129599492,NA,NA,NA,NA,NA
cs_ctrl,ESP,Spain,High income,dy_bar,-13.762948757364681,NA,NA,NA,NA,NA
cs_ctrl,ESP,Spain,High income,"L(dy_bar, 1)",17.997137023179697,NA,NA,NA,NA,NA
cs_ctrl,ESP,Spain,High income,"L(dy_bar, 2)",-9.039297067530454,NA,NA,NA,NA,NA
cs_ctrl,ESP,Spain,High income,dd_bar,0.17291230344670755,NA,NA,NA,NA,NA
cs_ctrl,ESP,Spain,High income,"L(dd_bar, 1)",-0.4629507504858525,NA,NA,NA,NA,NA
cs_ctrl,ESP,Spain,High income,"L(dd_bar, 2)",0.6762629589391341,NA,NA,NA,NA,NA
cs_ctrl,ESP,Spain,High income,d_inf_bar,-0.013058492678293227,NA,NA,NA,NA,NA
cs_ctrl,ESP,Spain,High income,"L(d_inf_bar, 1)",-0.009185607734004512,NA,NA,NA,NA,NA
cs_ctrl,ESP,Spain,High income,"L(d_inf_bar, 2)",-0.007264155463368627,NA,NA,NA,NA,NA
cs_ctrl,ESP,Spain,High income,d_gov_bar,-0.668781730866286,NA,NA,NA,NA,NA
cs_ctrl,ESP,Spain,High income,"L(d_gov_bar, 1)",0.6664066856707604,NA,NA,NA,NA,NA
cs_ctrl,ESP,Spain,High income,"L(d_gov_bar, 2)",0.7887351081602413,NA,NA,NA,NA,NA
cs_ctrl,ESP,Spain,High income,d_log_gdp_bar,-0.20531037187987383,NA,NA,NA,NA,NA
cs_ctrl,ESP,Spain,High income,"L(d_log_gdp_bar, 1)",NA,NA,NA,NA,NA,NA
cs_ctrl,ESP,Spain,High income,"L(d_log_gdp_bar, 2)",NA,NA,NA,NA,NA,NA
cs_ctrl,EST,Estonia,High income,(Intercept),-0.05141795161078222,NA,NA,NA,NA,NA
cs_ctrl,EST,Estonia,High income,"L(dy, 1)",1.548871405657512,NA,NA,NA,NA,NA
cs_ctrl,EST,Estonia,High income,"L(dy, 2)",0.4981917174221718,NA,NA,NA,NA,NA
cs_ctrl,EST,Estonia,High income,dd,-0.004799424716742723,NA,NA,NA,NA,NA
cs_ctrl,EST,Estonia,High income,"L(dd, 1)",-0.11187080782032828,NA,NA,NA,NA,NA
cs_ctrl,EST,Estonia,High income,"L(dd, 2)",-0.1945176815510239,NA,NA,NA,NA,NA
cs_ctrl,EST,Estonia,High income,d_inf,1.0931478310229377,NA,NA,NA,NA,NA
cs_ctrl,EST,Estonia,High income,"L(d_inf, 1)",0.10558486584258517,NA,NA,NA,NA,NA
cs_ctrl,EST,Estonia,High income,"L(d_inf, 2)",0.36038250631427554,NA,NA,NA,NA,NA
cs_ctrl,EST,Estonia,High income,d_gov,-0.37033858605264663,NA,NA,NA,NA,NA
cs_ctrl,EST,Estonia,High income,"L(d_gov, 1)",0.8604177633746742,NA,NA,NA,NA,NA
cs_ctrl,EST,Estonia,High income,"L(d_gov, 2)",1.20588200674091,NA,NA,NA,NA,NA
cs_ctrl,EST,Estonia,High income,d_log_gdp,0.02904508872538228,NA,NA,NA,NA,NA
cs_ctrl,EST,Estonia,High income,"L(d_log_gdp, 1)",-0.23800884316583165,NA,NA,NA,NA,NA
cs_ctrl,EST,Estonia,High income,"L(d_log_gdp, 2)",0.4719260476363781,NA,NA,NA,NA,NA
cs_ctrl,EST,Estonia,High income,dy_bar,4.0669739378777106,NA,NA,NA,NA,NA
cs_ctrl,EST,Estonia,High income,"L(dy_bar, 1)",9.888281661312268,NA,NA,NA,NA,NA
cs_ctrl,EST,Estonia,High income,"L(dy_bar, 2)",1.8993855613890354,NA,NA,NA,NA,NA
cs_ctrl,EST,Estonia,High income,dd_bar,1.25872912698702,NA,NA,NA,NA,NA
cs_ctrl,EST,Estonia,High income,"L(dd_bar, 1)",-0.24705537194808652,NA,NA,NA,NA,NA
cs_ctrl,EST,Estonia,High income,"L(dd_bar, 2)",0.3122470719137426,NA,NA,NA,NA,NA
cs_ctrl,EST,Estonia,High income,d_inf_bar,-0.01277578375866951,NA,NA,NA,NA,NA
cs_ctrl,EST,Estonia,High income,"L(d_inf_bar, 1)",-0.021792317296479277,NA,NA,NA,NA,NA
cs_ctrl,EST,Estonia,High income,"L(d_inf_bar, 2)",-0.06069771545636028,NA,NA,NA,NA,NA
cs_ctrl,EST,Estonia,High income,d_gov_bar,2.0303290003304277,NA,NA,NA,NA,NA
cs_ctrl,EST,Estonia,High income,"L(d_gov_bar, 1)",1.9491452190227934,NA,NA,NA,NA,NA
cs_ctrl,EST,Estonia,High income,"L(d_gov_bar, 2)",-1.6552692020436675,NA,NA,NA,NA,NA
cs_ctrl,EST,Estonia,High income,d_log_gdp_bar,2.6048230974160234,NA,NA,NA,NA,NA
cs_ctrl,EST,Estonia,High income,"L(d_log_gdp_bar, 1)",NA,NA,NA,NA,NA,NA
cs_ctrl,EST,Estonia,High income,"L(d_log_gdp_bar, 2)",NA,NA,NA,NA,NA,NA
cs_ctrl,ETH,Ethiopia,Low income,(Intercept),-0.057236042667938004,NA,NA,NA,NA,NA
cs_ctrl,ETH,Ethiopia,Low income,"L(dy, 1)",6.761785163429138,NA,NA,NA,NA,NA
cs_ctrl,ETH,Ethiopia,Low income,"L(dy, 2)",0.42009288742822465,NA,NA,NA,NA,NA
cs_ctrl,ETH,Ethiopia,Low income,dd,0.2855188796172318,NA,NA,NA,NA,NA
cs_ctrl,ETH,Ethiopia,Low income,"L(dd, 1)",0.11826842334035928,NA,NA,NA,NA,NA
cs_ctrl,ETH,Ethiopia,Low income,"L(dd, 2)",0.1490080951576162,NA,NA,NA,NA,NA
cs_ctrl,ETH,Ethiopia,Low income,d_inf,-0.1761905683964424,NA,NA,NA,NA,NA
cs_ctrl,ETH,Ethiopia,Low income,"L(d_inf, 1)",0.6158040464267127,NA,NA,NA,NA,NA
cs_ctrl,ETH,Ethiopia,Low income,"L(d_inf, 2)",0.49662001359794267,NA,NA,NA,NA,NA
cs_ctrl,ETH,Ethiopia,Low income,d_gov,4.203169535124204,NA,NA,NA,NA,NA
cs_ctrl,ETH,Ethiopia,Low income,"L(d_gov, 1)",2.817371990443147,NA,NA,NA,NA,NA
cs_ctrl,ETH,Ethiopia,Low income,"L(d_gov, 2)",0.7069735313183882,NA,NA,NA,NA,NA
cs_ctrl,ETH,Ethiopia,Low income,d_log_gdp,-0.25492883454696785,NA,NA,NA,NA,NA
cs_ctrl,ETH,Ethiopia,Low income,"L(d_log_gdp, 1)",-0.31745289133420257,NA,NA,NA,NA,NA
cs_ctrl,ETH,Ethiopia,Low income,"L(d_log_gdp, 2)",0.4409974276353293,NA,NA,NA,NA,NA
cs_ctrl,ETH,Ethiopia,Low income,dy_bar,3.8252047718526736,NA,NA,NA,NA,NA
cs_ctrl,ETH,Ethiopia,Low income,"L(dy_bar, 1)",19.821685975390974,NA,NA,NA,NA,NA
cs_ctrl,ETH,Ethiopia,Low income,"L(dy_bar, 2)",45.41314752816139,NA,NA,NA,NA,NA
cs_ctrl,ETH,Ethiopia,Low income,dd_bar,1.666480010021195,NA,NA,NA,NA,NA
cs_ctrl,ETH,Ethiopia,Low income,"L(dd_bar, 1)",-1.891957714939042,NA,NA,NA,NA,NA
cs_ctrl,ETH,Ethiopia,Low income,"L(dd_bar, 2)",1.6008555004434186,NA,NA,NA,NA,NA
cs_ctrl,ETH,Ethiopia,Low income,d_inf_bar,0.007216571133921282,NA,NA,NA,NA,NA
cs_ctrl,ETH,Ethiopia,Low income,"L(d_inf_bar, 1)",-0.008911641662602332,NA,NA,NA,NA,NA
cs_ctrl,ETH,Ethiopia,Low income,"L(d_inf_bar, 2)",-0.17506163095820598,NA,NA,NA,NA,NA
cs_ctrl,ETH,Ethiopia,Low income,d_gov_bar,12.855207219967069,NA,NA,NA,NA,NA
cs_ctrl,ETH,Ethiopia,Low income,"L(d_gov_bar, 1)",16.59619694895837,NA,NA,NA,NA,NA
cs_ctrl,ETH,Ethiopia,Low income,"L(d_gov_bar, 2)",-8.395946161301428,NA,NA,NA,NA,NA
cs_ctrl,ETH,Ethiopia,Low income,d_log_gdp_bar,4.993527069103932,NA,NA,NA,NA,NA
cs_ctrl,ETH,Ethiopia,Low income,"L(d_log_gdp_bar, 1)",NA,NA,NA,NA,NA,NA
cs_ctrl,ETH,Ethiopia,Low income,"L(d_log_gdp_bar, 2)",NA,NA,NA,NA,NA,NA
cs_ctrl,FIN,Finland,High income,(Intercept),0.009390061297890938,NA,NA,NA,NA,NA
cs_ctrl,FIN,Finland,High income,"L(dy, 1)",-0.8884906203942673,NA,NA,NA,NA,NA
cs_ctrl,FIN,Finland,High income,"L(dy, 2)",0.13758201237132797,NA,NA,NA,NA,NA
cs_ctrl,FIN,Finland,High income,dd,-0.12175518680353684,NA,NA,NA,NA,NA
cs_ctrl,FIN,Finland,High income,"L(dd, 1)",0.021152561987938145,NA,NA,NA,NA,NA
cs_ctrl,FIN,Finland,High income,"L(dd, 2)",0.032601997359611834,NA,NA,NA,NA,NA
cs_ctrl,FIN,Finland,High income,d_inf,0.6601854436579203,NA,NA,NA,NA,NA
cs_ctrl,FIN,Finland,High income,"L(d_inf, 1)",-0.5674083807989501,NA,NA,NA,NA,NA
cs_ctrl,FIN,Finland,High income,"L(d_inf, 2)",-0.21409047335394743,NA,NA,NA,NA,NA
cs_ctrl,FIN,Finland,High income,d_gov,-0.035982037701473464,NA,NA,NA,NA,NA
cs_ctrl,FIN,Finland,High income,"L(d_gov, 1)",-0.5769281113026552,NA,NA,NA,NA,NA
cs_ctrl,FIN,Finland,High income,"L(d_gov, 2)",-0.26473117582643957,NA,NA,NA,NA,NA
cs_ctrl,FIN,Finland,High income,d_log_gdp,-0.03256587446911141,NA,NA,NA,NA,NA
cs_ctrl,FIN,Finland,High income,"L(d_log_gdp, 1)",-0.1590301739563877,NA,NA,NA,NA,NA
cs_ctrl,FIN,Finland,High income,"L(d_log_gdp, 2)",0.18829721261721927,NA,NA,NA,NA,NA
cs_ctrl,FIN,Finland,High income,dy_bar,-2.2289483281847877,NA,NA,NA,NA,NA
cs_ctrl,FIN,Finland,High income,"L(dy_bar, 1)",2.4038998124925746,NA,NA,NA,NA,NA
cs_ctrl,FIN,Finland,High income,"L(dy_bar, 2)",1.4905021588553862,NA,NA,NA,NA,NA
cs_ctrl,FIN,Finland,High income,dd_bar,0.24927577401967566,NA,NA,NA,NA,NA
cs_ctrl,FIN,Finland,High income,"L(dd_bar, 1)",-0.04001358209231006,NA,NA,NA,NA,NA
cs_ctrl,FIN,Finland,High income,"L(dd_bar, 2)",-0.14020595994166957,NA,NA,NA,NA,NA
cs_ctrl,FIN,Finland,High income,d_inf_bar,-0.0016532785281016726,NA,NA,NA,NA,NA
cs_ctrl,FIN,Finland,High income,"L(d_inf_bar, 1)",-0.001561336363072284,NA,NA,NA,NA,NA
cs_ctrl,FIN,Finland,High income,"L(d_inf_bar, 2)",0.01792247992741286,NA,NA,NA,NA,NA
cs_ctrl,FIN,Finland,High income,d_gov_bar,-2.012086965084857,NA,NA,NA,NA,NA
cs_ctrl,FIN,Finland,High income,"L(d_gov_bar, 1)",0.6638685487309549,NA,NA,NA,NA,NA
cs_ctrl,FIN,Finland,High income,"L(d_gov_bar, 2)",0.7089532022888281,NA,NA,NA,NA,NA
cs_ctrl,FIN,Finland,High income,d_log_gdp_bar,-0.09064757356067896,NA,NA,NA,NA,NA
cs_ctrl,FIN,Finland,High income,"L(d_log_gdp_bar, 1)",NA,NA,NA,NA,NA,NA
cs_ctrl,FIN,Finland,High income,"L(d_log_gdp_bar, 2)",NA,NA,NA,NA,NA,NA
cs_ctrl,FJI,Fiji,Lower middle income,(Intercept),8.106304349161566e-4,NA,NA,NA,NA,NA
cs_ctrl,FJI,Fiji,Lower middle income,"L(dy, 1)",0.16319529956608406,NA,NA,NA,NA,NA
cs_ctrl,FJI,Fiji,Lower middle income,"L(dy, 2)",1.0344555353872023,NA,NA,NA,NA,NA
cs_ctrl,FJI,Fiji,Lower middle income,dd,-0.006227861846205794,NA,NA,NA,NA,NA
cs_ctrl,FJI,Fiji,Lower middle income,"L(dd, 1)",-0.030023907615088215,NA,NA,NA,NA,NA
cs_ctrl,FJI,Fiji,Lower middle income,"L(dd, 2)",-0.034229670608167014,NA,NA,NA,NA,NA
cs_ctrl,FJI,Fiji,Lower middle income,d_inf,0.042202886094370826,NA,NA,NA,NA,NA
cs_ctrl,FJI,Fiji,Lower middle income,"L(d_inf, 1)",0.029981932207258546,NA,NA,NA,NA,NA
cs_ctrl,FJI,Fiji,Lower middle income,"L(d_inf, 2)",-0.027213488757284156,NA,NA,NA,NA,NA
cs_ctrl,FJI,Fiji,Lower middle income,d_gov,-0.13170863598974464,NA,NA,NA,NA,NA
cs_ctrl,FJI,Fiji,Lower middle income,"L(d_gov, 1)",0.05215035094845593,NA,NA,NA,NA,NA
cs_ctrl,FJI,Fiji,Lower middle income,"L(d_gov, 2)",-0.09805564245654866,NA,NA,NA,NA,NA
cs_ctrl,FJI,Fiji,Lower middle income,d_log_gdp,-0.06030733044394155,NA,NA,NA,NA,NA
cs_ctrl,FJI,Fiji,Lower middle income,"L(d_log_gdp, 1)",0.010229786925797084,NA,NA,NA,NA,NA
cs_ctrl,FJI,Fiji,Lower middle income,"L(d_log_gdp, 2)",0.03475620004930114,NA,NA,NA,NA,NA
cs_ctrl,FJI,Fiji,Lower middle income,dy_bar,1.195300468977936,NA,NA,NA,NA,NA
cs_ctrl,FJI,Fiji,Lower middle income,"L(dy_bar, 1)",1.0400354922882007,NA,NA,NA,NA,NA
cs_ctrl,FJI,Fiji,Lower middle income,"L(dy_bar, 2)",1.0759570126756002,NA,NA,NA,NA,NA
cs_ctrl,FJI,Fiji,Lower middle income,dd_bar,-0.0595630482434382,NA,NA,NA,NA,NA
cs_ctrl,FJI,Fiji,Lower middle income,"L(dd_bar, 1)",0.021234366640422307,NA,NA,NA,NA,NA
cs_ctrl,FJI,Fiji,Lower middle income,"L(dd_bar, 2)",-0.008317509559429693,NA,NA,NA,NA,NA
cs_ctrl,FJI,Fiji,Lower middle income,d_inf_bar,8.539403126286728e-4,NA,NA,NA,NA,NA
cs_ctrl,FJI,Fiji,Lower middle income,"L(d_inf_bar, 1)",3.657142315566784e-4,NA,NA,NA,NA,NA
cs_ctrl,FJI,Fiji,Lower middle income,"L(d_inf_bar, 2)",9.103829762725946e-4,NA,NA,NA,NA,NA
cs_ctrl,FJI,Fiji,Lower middle income,d_gov_bar,1.059713236164134,NA,NA,NA,NA,NA
cs_ctrl,FJI,Fiji,Lower middle income,"L(d_gov_bar, 1)",0.26449242753552016,NA,NA,NA,NA,NA
cs_ctrl,FJI,Fiji,Lower middle income,"L(d_gov_bar, 2)",0.20426772988637507,NA,NA,NA,NA,NA
cs_ctrl,FJI,Fiji,Lower middle income,d_log_gdp_bar,0.034217618303190755,NA,NA,NA,NA,NA
cs_ctrl,FJI,Fiji,Lower middle income,"L(d_log_gdp_bar, 1)",NA,NA,NA,NA,NA,NA
cs_ctrl,FJI,Fiji,Lower middle income,"L(d_log_gdp_bar, 2)",NA,NA,NA,NA,NA,NA
cs_ctrl,FRA,France,High income,(Intercept),0.054552242547891795,NA,NA,NA,NA,NA
cs_ctrl,FRA,France,High income,"L(dy, 1)",-15.42752222966438,NA,NA,NA,NA,NA
cs_ctrl,FRA,France,High income,dd,1.9581532981330987,NA,NA,NA,NA,NA
cs_ctrl,FRA,France,High income,"L(dd, 1)",-0.23944536936608488,NA,NA,NA,NA,NA
cs_ctrl,FRA,France,High income,"L(dd, 2)",0.5524608143914893,NA,NA,NA,NA,NA
cs_ctrl,FRA,France,High income,d_inf,3.9516068196819596,NA,NA,NA,NA,NA
cs_ctrl,FRA,France,High income,"L(d_inf, 1)",11.950022501707295,NA,NA,NA,NA,NA
cs_ctrl,FRA,France,High income,"L(d_inf, 2)",8.135007768310805,NA,NA,NA,NA,NA
cs_ctrl,FRA,France,High income,d_gov,-8.434818349799947,NA,NA,NA,NA,NA
cs_ctrl,FRA,France,High income,"L(d_gov, 1)",0.4183905460628787,NA,NA,NA,NA,NA
cs_ctrl,FRA,France,High income,"L(d_gov, 2)",1.5459775219111078,NA,NA,NA,NA,NA
cs_ctrl,FRA,France,High income,d_log_gdp,2.661792410414203,NA,NA,NA,NA,NA
cs_ctrl,FRA,France,High income,"L(d_log_gdp, 1)",1.7780352670355517,NA,NA,NA,NA,NA
cs_ctrl,FRA,France,High income,dy_bar,-41.649733742150374,NA,NA,NA,NA,NA
cs_ctrl,FRA,France,High income,"L(dy_bar, 1)",-17.282815808694934,NA,NA,NA,NA,NA
cs_ctrl,FRA,France,High income,"L(dy_bar, 2)",-21.31608384866819,NA,NA,NA,NA,NA
cs_ctrl,FRA,France,High income,dd_bar,-1.3586956190186055,NA,NA,NA,NA,NA
cs_ctrl,FRA,France,High income,"L(dd_bar, 1)",0.10628820982547117,NA,NA,NA,NA,NA
cs_ctrl,FRA,France,High income,"L(dd_bar, 2)",-0.9705343981490125,NA,NA,NA,NA,NA
cs_ctrl,FRA,France,High income,d_inf_bar,0.006615980507324307,NA,NA,NA,NA,NA
cs_ctrl,FRA,France,High income,"L(d_inf_bar, 1)",-0.02544148101391781,NA,NA,NA,NA,NA
cs_ctrl,FRA,France,High income,"L(d_inf_bar, 2)",-0.012426346368346504,NA,NA,NA,NA,NA
cs_ctrl,FRA,France,High income,d_gov_bar,-5.560298557816075,NA,NA,NA,NA,NA
cs_ctrl,FRA,France,High income,"L(d_gov_bar, 1)",-6.190516046421439,NA,NA,NA,NA,NA
cs_ctrl,FRA,France,High income,"L(d_gov_bar, 2)",-0.6363435663294058,NA,NA,NA,NA,NA
cs_ctrl,FRA,France,High income,d_log_gdp_bar,-3.3839450597936502,NA,NA,NA,NA,NA
cs_ctrl,FRA,France,High income,"L(d_log_gdp_bar, 1)",-1.6668029977556458,NA,NA,NA,NA,NA
cs_ctrl,FRA,France,High income,"L(d_log_gdp_bar, 2)",-2.235295416168226,NA,NA,NA,NA,NA
cs_ctrl,GAB,Gabon,Upper middle income,(Intercept),-8.216511868734428e-4,NA,NA,NA,NA,NA
cs_ctrl,GAB,Gabon,Upper middle income,"L(dy, 1)",4.549428700748568,NA,NA,NA,NA,NA
cs_ctrl,GAB,Gabon,Upper middle income,"L(dy, 2)",-0.3205319842597177,NA,NA,NA,NA,NA
cs_ctrl,GAB,Gabon,Upper middle income,dd,0.025494216791117637,NA,NA,NA,NA,NA
cs_ctrl,GAB,Gabon,Upper middle income,"L(dd, 1)",0.03558141928866748,NA,NA,NA,NA,NA
cs_ctrl,GAB,Gabon,Upper middle income,"L(dd, 2)",0.015189802683955023,NA,NA,NA,NA,NA
cs_ctrl,GAB,Gabon,Upper middle income,d_inf,-0.00784383903532761,NA,NA,NA,NA,NA
cs_ctrl,GAB,Gabon,Upper middle income,"L(d_inf, 1)",-0.002476640236320751,NA,NA,NA,NA,NA
cs_ctrl,GAB,Gabon,Upper middle income,"L(d_inf, 2)",-0.037912450559723344,NA,NA,NA,NA,NA
cs_ctrl,GAB,Gabon,Upper middle income,d_gov,-0.09112123020969314,NA,NA,NA,NA,NA
cs_ctrl,GAB,Gabon,Upper middle income,"L(d_gov, 1)",-0.06955146901713535,NA,NA,NA,NA,NA
cs_ctrl,GAB,Gabon,Upper middle income,"L(d_gov, 2)",-0.1646938153457,NA,NA,NA,NA,NA
cs_ctrl,GAB,Gabon,Upper middle income,d_log_gdp,-0.036830624207454705,NA,NA,NA,NA,NA
cs_ctrl,GAB,Gabon,Upper middle income,"L(d_log_gdp, 1)",0.01965948009240791,NA,NA,NA,NA,NA
cs_ctrl,GAB,Gabon,Upper middle income,"L(d_log_gdp, 2)",0.012988359893437093,NA,NA,NA,NA,NA
cs_ctrl,GAB,Gabon,Upper middle income,dy_bar,1.41100218244101,NA,NA,NA,NA,NA
cs_ctrl,GAB,Gabon,Upper middle income,"L(dy_bar, 1)",-1.6535229428532285,NA,NA,NA,NA,NA
cs_ctrl,GAB,Gabon,Upper middle income,"L(dy_bar, 2)",-1.5237121342435105,NA,NA,NA,NA,NA
cs_ctrl,GAB,Gabon,Upper middle income,dd_bar,0.17441133281589613,NA,NA,NA,NA,NA
cs_ctrl,GAB,Gabon,Upper middle income,"L(dd_bar, 1)",-0.10302816782948078,NA,NA,NA,NA,NA
cs_ctrl,GAB,Gabon,Upper middle income,"L(dd_bar, 2)",-0.030638904826185996,NA,NA,NA,NA,NA
cs_ctrl,GAB,Gabon,Upper middle income,d_inf_bar,0.0030473561568184065,NA,NA,NA,NA,NA
cs_ctrl,GAB,Gabon,Upper middle income,"L(d_inf_bar, 1)",-0.001669065731046286,NA,NA,NA,NA,NA
cs_ctrl,GAB,Gabon,Upper middle income,"L(d_inf_bar, 2)",0.0034775098184870504,NA,NA,NA,NA,NA
cs_ctrl,GAB,Gabon,Upper middle income,d_gov_bar,-0.3758029275767933,NA,NA,NA,NA,NA
cs_ctrl,GAB,Gabon,Upper middle income,"L(d_gov_bar, 1)",0.5829471378399722,NA,NA,NA,NA,NA
cs_ctrl,GAB,Gabon,Upper middle income,"L(d_gov_bar, 2)",0.18740569715274413,NA,NA,NA,NA,NA
cs_ctrl,GAB,Gabon,Upper middle income,d_log_gdp_bar,0.450372898832005,NA,NA,NA,NA,NA
cs_ctrl,GAB,Gabon,Upper middle income,"L(d_log_gdp_bar, 1)",NA,NA,NA,NA,NA,NA
cs_ctrl,GAB,Gabon,Upper middle income,"L(d_log_gdp_bar, 2)",NA,NA,NA,NA,NA,NA
cs_ctrl,GBR,United Kingdom,High income,(Intercept),0.04224175568399318,NA,NA,NA,NA,NA
cs_ctrl,GBR,United Kingdom,High income,"L(dy, 1)",-1.0768685625144616,NA,NA,NA,NA,NA
cs_ctrl,GBR,United Kingdom,High income,"L(dy, 2)",-0.07001245618315159,NA,NA,NA,NA,NA
cs_ctrl,GBR,United Kingdom,High income,dd,0.02578097924937879,NA,NA,NA,NA,NA
cs_ctrl,GBR,United Kingdom,High income,"L(dd, 1)",-0.15035172092492718,NA,NA,NA,NA,NA
cs_ctrl,GBR,United Kingdom,High income,"L(dd, 2)",-0.1933286693985804,NA,NA,NA,NA,NA
cs_ctrl,GBR,United Kingdom,High income,d_inf,0.07879891158660968,NA,NA,NA,NA,NA
cs_ctrl,GBR,United Kingdom,High income,"L(d_inf, 1)",-0.26599302188703255,NA,NA,NA,NA,NA
cs_ctrl,GBR,United Kingdom,High income,"L(d_inf, 2)",-0.46286504750078183,NA,NA,NA,NA,NA
cs_ctrl,GBR,United Kingdom,High income,d_gov,-2.329679628271083,NA,NA,NA,NA,NA
cs_ctrl,GBR,United Kingdom,High income,"L(d_gov, 1)",-3.521954381639751,NA,NA,NA,NA,NA
cs_ctrl,GBR,United Kingdom,High income,"L(d_gov, 2)",-1.3943256464950897,NA,NA,NA,NA,NA
cs_ctrl,GBR,United Kingdom,High income,d_log_gdp,-0.8664399971104088,NA,NA,NA,NA,NA
cs_ctrl,GBR,United Kingdom,High income,"L(d_log_gdp, 1)",-1.0416694148470098,NA,NA,NA,NA,NA
cs_ctrl,GBR,United Kingdom,High income,"L(d_log_gdp, 2)",0.15922718398305766,NA,NA,NA,NA,NA
cs_ctrl,GBR,United Kingdom,High income,dy_bar,-2.0858793193973404,NA,NA,NA,NA,NA
cs_ctrl,GBR,United Kingdom,High income,"L(dy_bar, 1)",-2.2106848387309608,NA,NA,NA,NA,NA
cs_ctrl,GBR,United Kingdom,High income,"L(dy_bar, 2)",5.650707579918141,NA,NA,NA,NA,NA
cs_ctrl,GBR,United Kingdom,High income,dd_bar,-0.3455192537016423,NA,NA,NA,NA,NA
cs_ctrl,GBR,United Kingdom,High income,"L(dd_bar, 1)",0.6505404726897612,NA,NA,NA,NA,NA
cs_ctrl,GBR,United Kingdom,High income,"L(dd_bar, 2)",-0.19660995958121133,NA,NA,NA,NA,NA
cs_ctrl,GBR,United Kingdom,High income,d_inf_bar,0.0011018551215962245,NA,NA,NA,NA,NA
cs_ctrl,GBR,United Kingdom,High income,"L(d_inf_bar, 1)",-0.02052105070709607,NA,NA,NA,NA,NA
cs_ctrl,GBR,United Kingdom,High income,"L(d_inf_bar, 2)",0.0156863716448559,NA,NA,NA,NA,NA
cs_ctrl,GBR,United Kingdom,High income,d_gov_bar,2.7607621205270663,NA,NA,NA,NA,NA
cs_ctrl,GBR,United Kingdom,High income,"L(d_gov_bar, 1)",-8.002559748209684,NA,NA,NA,NA,NA
cs_ctrl,GBR,United Kingdom,High income,"L(d_gov_bar, 2)",-1.7764224300685711,NA,NA,NA,NA,NA
cs_ctrl,GBR,United Kingdom,High income,d_log_gdp_bar,0.12797101763284757,NA,NA,NA,NA,NA
cs_ctrl,GBR,United Kingdom,High income,"L(d_log_gdp_bar, 1)",NA,NA,NA,NA,NA,NA
cs_ctrl,GBR,United Kingdom,High income,"L(d_log_gdp_bar, 2)",NA,NA,NA,NA,NA,NA
cs_ctrl,GEO,Georgia,Lower middle income,(Intercept),0.01234185218483782,NA,NA,NA,NA,NA
cs_ctrl,GEO,Georgia,Lower middle income,"L(dy, 1)",0.9161275915863976,NA,NA,NA,NA,NA
cs_ctrl,GEO,Georgia,Lower middle income,"L(dy, 2)",0.7793306708808135,NA,NA,NA,NA,NA
cs_ctrl,GEO,Georgia,Lower middle income,dd,0.13048083386467257,NA,NA,NA,NA,NA
cs_ctrl,GEO,Georgia,Lower middle income,"L(dd, 1)",-0.022014938439128186,NA,NA,NA,NA,NA
cs_ctrl,GEO,Georgia,Lower middle income,"L(dd, 2)",0.030097237122663573,NA,NA,NA,NA,NA
cs_ctrl,GEO,Georgia,Lower middle income,d_inf,0.0037412519419980634,NA,NA,NA,NA,NA
cs_ctrl,GEO,Georgia,Lower middle income,"L(d_inf, 1)",-0.002135693625180106,NA,NA,NA,NA,NA
cs_ctrl,GEO,Georgia,Lower middle income,"L(d_inf, 2)",0.006296142994426746,NA,NA,NA,NA,NA
cs_ctrl,GEO,Georgia,Lower middle income,d_gov,0.9039336437115084,NA,NA,NA,NA,NA
cs_ctrl,GEO,Georgia,Lower middle income,"L(d_gov, 1)",-0.6641027851363548,NA,NA,NA,NA,NA
cs_ctrl,GEO,Georgia,Lower middle income,"L(d_gov, 2)",2.193149750525686,NA,NA,NA,NA,NA
cs_ctrl,GEO,Georgia,Lower middle income,d_log_gdp,0.05662616514808923,NA,NA,NA,NA,NA
cs_ctrl,GEO,Georgia,Lower middle income,"L(d_log_gdp, 1)",0.5108282550063697,NA,NA,NA,NA,NA
cs_ctrl,GEO,Georgia,Lower middle income,"L(d_log_gdp, 2)",-0.2670527763469312,NA,NA,NA,NA,NA
cs_ctrl,GEO,Georgia,Lower middle income,dy_bar,20.2423758628292,NA,NA,NA,NA,NA
cs_ctrl,GEO,Georgia,Lower middle income,"L(dy_bar, 1)",32.918621440775006,NA,NA,NA,NA,NA
cs_ctrl,GEO,Georgia,Lower middle income,"L(dy_bar, 2)",9.004787792892328,NA,NA,NA,NA,NA
cs_ctrl,GEO,Georgia,Lower middle income,dd_bar,-0.18783909466267015,NA,NA,NA,NA,NA
cs_ctrl,GEO,Georgia,Lower middle income,"L(dd_bar, 1)",1.0071791552460205,NA,NA,NA,NA,NA
cs_ctrl,GEO,Georgia,Lower middle income,"L(dd_bar, 2)",-0.12567240047857176,NA,NA,NA,NA,NA
cs_ctrl,GEO,Georgia,Lower middle income,d_inf_bar,-0.013973487728021285,NA,NA,NA,NA,NA
cs_ctrl,GEO,Georgia,Lower middle income,"L(d_inf_bar, 1)",-0.007914792746330473,NA,NA,NA,NA,NA
cs_ctrl,GEO,Georgia,Lower middle income,"L(d_inf_bar, 2)",-0.07889186388590186,NA,NA,NA,NA,NA
cs_ctrl,GEO,Georgia,Lower middle income,d_gov_bar,6.660399047225255,NA,NA,NA,NA,NA
cs_ctrl,GEO,Georgia,Lower middle income,"L(d_gov_bar, 1)",-6.703963388150137,NA,NA,NA,NA,NA
cs_ctrl,GEO,Georgia,Lower middle income,"L(d_gov_bar, 2)",3.1620805538392784,NA,NA,NA,NA,NA
cs_ctrl,GEO,Georgia,Lower middle income,d_log_gdp_bar,0.5262275433785017,NA,NA,NA,NA,NA
cs_ctrl,GEO,Georgia,Lower middle income,"L(d_log_gdp_bar, 1)",NA,NA,NA,NA,NA,NA
cs_ctrl,GEO,Georgia,Lower middle income,"L(d_log_gdp_bar, 2)",NA,NA,NA,NA,NA,NA
cs_ctrl,GHA,Ghana,Low income,(Intercept),-3.985565205718565e-4,NA,NA,NA,NA,NA
cs_ctrl,GHA,Ghana,Low income,"L(dy, 1)",0.8555823303743856,NA,NA,NA,NA,NA
cs_ctrl,GHA,Ghana,Low income,"L(dy, 2)",0.3230998154094596,NA,NA,NA,NA,NA
cs_ctrl,GHA,Ghana,Low income,dd,-0.030460302468942647,NA,NA,NA,NA,NA
cs_ctrl,GHA,Ghana,Low income,"L(dd, 1)",-0.025628157799542677,NA,NA,NA,NA,NA
cs_ctrl,GHA,Ghana,Low income,"L(dd, 2)",-0.0034711586401984782,NA,NA,NA,NA,NA
cs_ctrl,GHA,Ghana,Low income,d_inf,-0.008000457945623951,NA,NA,NA,NA,NA
cs_ctrl,GHA,Ghana,Low income,"L(d_inf, 1)",0.007300331006695042,NA,NA,NA,NA,NA
cs_ctrl,GHA,Ghana,Low income,"L(d_inf, 2)",0.013091354314487312,NA,NA,NA,NA,NA
cs_ctrl,GHA,Ghana,Low income,d_gov,0.05663021584504148,NA,NA,NA,NA,NA
cs_ctrl,GHA,Ghana,Low income,"L(d_gov, 1)",-0.03880655244729518,NA,NA,NA,NA,NA
cs_ctrl,GHA,Ghana,Low income,"L(d_gov, 2)",0.008126512604949203,NA,NA,NA,NA,NA
cs_ctrl,GHA,Ghana,Low income,d_log_gdp,0.0828726910431709,NA,NA,NA,NA,NA
cs_ctrl,GHA,Ghana,Low income,"L(d_log_gdp, 1)",0.0599586577530053,NA,NA,NA,NA,NA
cs_ctrl,GHA,Ghana,Low income,"L(d_log_gdp, 2)",0.003498886241132986,NA,NA,NA,NA,NA
cs_ctrl,GHA,Ghana,Low income,dy_bar,0.26265819486849556,NA,NA,NA,NA,NA
cs_ctrl,GHA,Ghana,Low income,"L(dy_bar, 1)",0.5201656792383771,NA,NA,NA,NA,NA
cs_ctrl,GHA,Ghana,Low income,"L(dy_bar, 2)",1.2999025624007599,NA,NA,NA,NA,NA
cs_ctrl,GHA,Ghana,Low income,dd_bar,0.016609789308166544,NA,NA,NA,NA,NA
cs_ctrl,GHA,Ghana,Low income,"L(dd_bar, 1)",0.2838027738601487,NA,NA,NA,NA,NA
cs_ctrl,GHA,Ghana,Low income,"L(dd_bar, 2)",-0.12784126748101152,NA,NA,NA,NA,NA
cs_ctrl,GHA,Ghana,Low income,d_inf_bar,0.002073330663637065,NA,NA,NA,NA,NA
cs_ctrl,GHA,Ghana,Low income,"L(d_inf_bar, 1)",-1.2410450216440036e-4,NA,NA,NA,NA,NA
cs_ctrl,GHA,Ghana,Low income,"L(d_inf_bar, 2)",0.008123310772961887,NA,NA,NA,NA,NA
cs_ctrl,GHA,Ghana,Low income,d_gov_bar,0.4663095972537581,NA,NA,NA,NA,NA
cs_ctrl,GHA,Ghana,Low income,"L(d_gov_bar, 1)",-1.5642880563098478,NA,NA,NA,NA,NA
cs_ctrl,GHA,Ghana,Low income,"L(d_gov_bar, 2)",0.5715989777011723,NA,NA,NA,NA,NA
cs_ctrl,GHA,Ghana,Low income,d_log_gdp_bar,-0.08636362575598155,NA,NA,NA,NA,NA
cs_ctrl,GHA,Ghana,Low income,"L(d_log_gdp_bar, 1)",NA,NA,NA,NA,NA,NA
cs_ctrl,GHA,Ghana,Low income,"L(d_log_gdp_bar, 2)",NA,NA,NA,NA,NA,NA
cs_ctrl,GIN,Guinea,Low income,(Intercept),-0.0023488024599936075,NA,NA,NA,NA,NA
cs_ctrl,GIN,Guinea,Low income,"L(dy, 1)",1.9225128927471955,NA,NA,NA,NA,NA
cs_ctrl,GIN,Guinea,Low income,"L(dy, 2)",0.8872664113491757,NA,NA,NA,NA,NA
cs_ctrl,GIN,Guinea,Low income,dd,0.4161101647297268,NA,NA,NA,NA,NA
cs_ctrl,GIN,Guinea,Low income,"L(dd, 1)",-0.22175507162151864,NA,NA,NA,NA,NA
cs_ctrl,GIN,Guinea,Low income,"L(dd, 2)",0.2558040254305381,NA,NA,NA,NA,NA
cs_ctrl,GIN,Guinea,Low income,d_inf,-0.28545113967891644,NA,NA,NA,NA,NA
cs_ctrl,GIN,Guinea,Low income,"L(d_inf, 1)",0.03797104494257519,NA,NA,NA,NA,NA
cs_ctrl,GIN,Guinea,Low income,"L(d_inf, 2)",-0.10209342429700113,NA,NA,NA,NA,NA
cs_ctrl,GIN,Guinea,Low income,d_gov,0.8972706764138614,NA,NA,NA,NA,NA
cs_ctrl,GIN,Guinea,Low income,"L(d_gov, 1)",2.86746534726438,NA,NA,NA,NA,NA
cs_ctrl,GIN,Guinea,Low income,"L(d_gov, 2)",0.6778691572168636,NA,NA,NA,NA,NA
cs_ctrl,GIN,Guinea,Low income,d_log_gdp,0.5128138906405718,NA,NA,NA,NA,NA
cs_ctrl,GIN,Guinea,Low income,"L(d_log_gdp, 1)",-0.2823756934742283,NA,NA,NA,NA,NA
cs_ctrl,GIN,Guinea,Low income,"L(d_log_gdp, 2)",0.1680833692838563,NA,NA,NA,NA,NA
cs_ctrl,GIN,Guinea,Low income,dy_bar,-62.87220611357854,NA,NA,NA,NA,NA
cs_ctrl,GIN,Guinea,Low income,"L(dy_bar, 1)",3.2494218371955292,NA,NA,NA,NA,NA
cs_ctrl,GIN,Guinea,Low income,"L(dy_bar, 2)",14.676542776347427,NA,NA,NA,NA,NA
cs_ctrl,GIN,Guinea,Low income,dd_bar,-1.8879953571836587,NA,NA,NA,NA,NA
cs_ctrl,GIN,Guinea,Low income,"L(dd_bar, 1)",0.9024558459875195,NA,NA,NA,NA,NA
cs_ctrl,GIN,Guinea,Low income,"L(dd_bar, 2)",0.27778958992617064,NA,NA,NA,NA,NA
cs_ctrl,GIN,Guinea,Low income,d_inf_bar,0.029700457320349784,NA,NA,NA,NA,NA
cs_ctrl,GIN,Guinea,Low income,"L(d_inf_bar, 1)",0.009300029623410377,NA,NA,NA,NA,NA
cs_ctrl,GIN,Guinea,Low income,"L(d_inf_bar, 2)",-0.001274368834494634,NA,NA,NA,NA,NA
cs_ctrl,GIN,Guinea,Low income,d_gov_bar,-3.291565131799869,NA,NA,NA,NA,NA
cs_ctrl,GIN,Guinea,Low income,"L(d_gov_bar, 1)",-8.398414416591898,NA,NA,NA,NA,NA
cs_ctrl,GIN,Guinea,Low income,"L(d_gov_bar, 2)",-8.276301361425766,NA,NA,NA,NA,NA
cs_ctrl,GIN,Guinea,Low income,d_log_gdp_bar,-1.5118139200674534,NA,NA,NA,NA,NA
cs_ctrl,GIN,Guinea,Low income,"L(d_log_gdp_bar, 1)",NA,NA,NA,NA,NA,NA
cs_ctrl,GIN,Guinea,Low income,"L(d_log_gdp_bar, 2)",NA,NA,NA,NA,NA,NA
cs_ctrl,GMB,Gambia,Low income,(Intercept),0.060174380730538844,NA,NA,NA,NA,NA
cs_ctrl,GMB,Gambia,Low income,"L(dy, 1)",-11.358668699022644,NA,NA,NA,NA,NA
cs_ctrl,GMB,Gambia,Low income,"L(dy, 2)",6.511077134546996,NA,NA,NA,NA,NA
cs_ctrl,GMB,Gambia,Low income,dd,0.5274249496833091,NA,NA,NA,NA,NA
cs_ctrl,GMB,Gambia,Low income,"L(dd, 1)",-0.3263895300313548,NA,NA,NA,NA,NA
cs_ctrl,GMB,Gambia,Low income,"L(dd, 2)",-0.5219258685050211,NA,NA,NA,NA,NA
cs_ctrl,GMB,Gambia,Low income,d_inf,-0.04921678688911351,NA,NA,NA,NA,NA
cs_ctrl,GMB,Gambia,Low income,"L(d_inf, 1)",-0.31740509038567855,NA,NA,NA,NA,NA
cs_ctrl,GMB,Gambia,Low income,"L(d_inf, 2)",-0.3107654170024531,NA,NA,NA,NA,NA
cs_ctrl,GMB,Gambia,Low income,d_gov,-4.109215439149631,NA,NA,NA,NA,NA
cs_ctrl,GMB,Gambia,Low income,"L(d_gov, 1)",-4.069033854977192,NA,NA,NA,NA,NA
cs_ctrl,GMB,Gambia,Low income,"L(d_gov, 2)",2.122464121686325,NA,NA,NA,NA,NA
cs_ctrl,GMB,Gambia,Low income,d_log_gdp,1.4700812684474065,NA,NA,NA,NA,NA
cs_ctrl,GMB,Gambia,Low income,"L(d_log_gdp, 1)",0.6464550766174161,NA,NA,NA,NA,NA
cs_ctrl,GMB,Gambia,Low income,"L(d_log_gdp, 2)",0.5106688107440992,NA,NA,NA,NA,NA
cs_ctrl,GMB,Gambia,Low income,dy_bar,19.423917946213656,NA,NA,NA,NA,NA
cs_ctrl,GMB,Gambia,Low income,"L(dy_bar, 1)",-12.187883223402865,NA,NA,NA,NA,NA
cs_ctrl,GMB,Gambia,Low income,"L(dy_bar, 2)",-20.181385088667376,NA,NA,NA,NA,NA
cs_ctrl,GMB,Gambia,Low income,dd_bar,0.3621387854389078,NA,NA,NA,NA,NA
cs_ctrl,GMB,Gambia,Low income,"L(dd_bar, 1)",-2.5849749221375458,NA,NA,NA,NA,NA
cs_ctrl,GMB,Gambia,Low income,"L(dd_bar, 2)",1.716486253578179,NA,NA,NA,NA,NA
cs_ctrl,GMB,Gambia,Low income,d_inf_bar,-0.0628130817848939,NA,NA,NA,NA,NA
cs_ctrl,GMB,Gambia,Low income,"L(d_inf_bar, 1)",-5.031249218037272e-4,NA,NA,NA,NA,NA
cs_ctrl,GMB,Gambia,Low income,"L(d_inf_bar, 2)",-0.12451460100822966,NA,NA,NA,NA,NA
cs_ctrl,GMB,Gambia,Low income,d_gov_bar,-19.782468451042963,NA,NA,NA,NA,NA
cs_ctrl,GMB,Gambia,Low income,"L(d_gov_bar, 1)",23.252180478169826,NA,NA,NA,NA,NA
cs_ctrl,GMB,Gambia,Low income,"L(d_gov_bar, 2)",9.064352946116353,NA,NA,NA,NA,NA
cs_ctrl,GMB,Gambia,Low income,d_log_gdp_bar,-2.314287059444602,NA,NA,NA,NA,NA
cs_ctrl,GMB,Gambia,Low income,"L(d_log_gdp_bar, 1)",NA,NA,NA,NA,NA,NA
cs_ctrl,GMB,Gambia,Low income,"L(d_log_gdp_bar, 2)",NA,NA,NA,NA,NA,NA
cs_ctrl,GNB,Guinea-Bissau,Low income,(Intercept),-0.022952397670214474,NA,NA,NA,NA,NA
cs_ctrl,GNB,Guinea-Bissau,Low income,"L(dy, 1)",1.4120596311986875,NA,NA,NA,NA,NA
cs_ctrl,GNB,Guinea-Bissau,Low income,dd,-0.026716957838909556,NA,NA,NA,NA,NA
cs_ctrl,GNB,Guinea-Bissau,Low income,"L(dd, 1)",0.1468560576320497,NA,NA,NA,NA,NA
cs_ctrl,GNB,Guinea-Bissau,Low income,d_inf,-0.019094429571502605,NA,NA,NA,NA,NA
cs_ctrl,GNB,Guinea-Bissau,Low income,"L(d_inf, 1)",-0.054181692965073455,NA,NA,NA,NA,NA
cs_ctrl,GNB,Guinea-Bissau,Low income,"L(d_inf, 2)",-0.05579421398233233,NA,NA,NA,NA,NA
cs_ctrl,GNB,Guinea-Bissau,Low income,d_gov,-0.36479557468585194,NA,NA,NA,NA,NA
cs_ctrl,GNB,Guinea-Bissau,Low income,"L(d_gov, 1)",-0.4395984985577871,NA,NA,NA,NA,NA
cs_ctrl,GNB,Guinea-Bissau,Low income,"L(d_gov, 2)",-0.06720965669238255,NA,NA,NA,NA,NA
cs_ctrl,GNB,Guinea-Bissau,Low income,d_log_gdp,-0.16113457285550342,NA,NA,NA,NA,NA
cs_ctrl,GNB,Guinea-Bissau,Low income,"L(d_log_gdp, 1)",0.064880540672795875,NA,NA,NA,NA,NA
cs_ctrl,GNB,Guinea-Bissau,Low income,"L(d_log_gdp, 2)",-0.024280618052920696,NA,NA,NA,NA,NA
cs_ctrl,GNB,Guinea-Bissau,Low income,dy_bar,-9.777895285584352,NA,NA,NA,NA,NA
cs_ctrl,GNB,Guinea-Bissau,Low income,"L(dy_bar, 1)",2.631506166567743,NA,NA,NA,NA,NA
cs_ctrl,GNB,Guinea-Bissau,Low income,"L(dy_bar, 2)",4.387633149939951,NA,NA,NA,NA,NA
cs_ctrl,GNB,Guinea-Bissau,Low income,dd_bar,0.3247366492192074,NA,NA,NA,NA,NA
cs_ctrl,GNB,Guinea-Bissau,Low income,"L(dd_bar, 1)",-0.21060530917661868,NA,NA,NA,NA,NA
cs_ctrl,GNB,Guinea-Bissau,Low income,"L(dd_bar, 2)",0.4296935236771717,NA,NA,NA,NA,NA
cs_ctrl,GNB,Guinea-Bissau,Low income,d_inf_bar,0.001717820260226053,NA,NA,NA,NA,NA
cs_ctrl,GNB,Guinea-Bissau,Low income,"L(d_inf_bar, 1)",0.003449576957640119,NA,NA,NA,NA,NA
cs_ctrl,GNB,Guinea-Bissau,Low income,"L(d_inf_bar, 2)",-0.01227995896270967,NA,NA,NA,NA,NA
cs_ctrl,GNB,Guinea-Bissau,Low income,d_gov_bar,-3.8545291418710295,NA,NA,NA,NA,NA
cs_ctrl,GNB,Guinea-Bissau,Low income,"L(d_gov_bar, 1)",-0.9455639766134063,NA,NA,NA,NA,NA
cs_ctrl,GNB,Guinea-Bissau,Low income,"L(d_gov_bar, 2)",3.1921373554828056,NA,NA,NA,NA,NA
cs_ctrl,GNB,Guinea-Bissau,Low income,d_log_gdp_bar,0.09486086847018965,NA,NA,NA,NA,NA
cs_ctrl,GNB,Guinea-Bissau,Low income,"L(d_log_gdp_bar, 1)",-0.06419776733870418,NA,NA,NA,NA,NA
cs_ctrl,GNB,Guinea-Bissau,Low income,"L(d_log_gdp_bar, 2)",0.7342730810795133,NA,NA,NA,NA,NA
cs_ctrl,GNQ,Equatorial Guinea,Low income,(Intercept),-0,0,NA,NA,-0,0
cs_ctrl,GNQ,Equatorial Guinea,Low income,"L(dy, 1)",NA,NA,NA,NA,NA,NA
cs_ctrl,GNQ,Equatorial Guinea,Low income,dd,0,0,NA,NA,0,0
cs_ctrl,GNQ,Equatorial Guinea,Low income,"L(dd, 1)",0,0,NA,NA,0,0
cs_ctrl,GNQ,Equatorial Guinea,Low income,d_inf,-0,0,NA,NA,-0,0
cs_ctrl,GNQ,Equatorial Guinea,Low income,"L(d_inf, 1)",-0,0,NA,NA,-0,0
cs_ctrl,GNQ,Equatorial Guinea,Low income,d_gov,0,0,NA,NA,0,0
cs_ctrl,GNQ,Equatorial Guinea,Low income,"L(d_gov, 1)",0,0,NA,NA,0,0
cs_ctrl,GNQ,Equatorial Guinea,Low income,d_log_gdp,-0,0,NA,NA,-0,0
cs_ctrl,GNQ,Equatorial Guinea,Low income,"L(d_log_gdp, 1)",0,0,NA,NA,0,0
cs_ctrl,GNQ,Equatorial Guinea,Low income,dy_bar,0,0,NA,NA,0,0
cs_ctrl,GNQ,Equatorial Guinea,Low income,"L(dy_bar, 1)",0,0,NA,NA,0,0
cs_ctrl,GNQ,Equatorial Guinea,Low income,dd_bar,0,0,NA,NA,0,0
cs_ctrl,GNQ,Equatorial Guinea,Low income,"L(dd_bar, 1)",-0,0,NA,NA,-0,0
cs_ctrl,GNQ,Equatorial Guinea,Low income,d_inf_bar,-0,0,NA,NA,-0,0
cs_ctrl,GNQ,Equatorial Guinea,Low income,"L(d_inf_bar, 1)",-0,0,NA,NA,-0,0
cs_ctrl,GNQ,Equatorial Guinea,Low income,d_gov_bar,-0,0,NA,NA,-0,0
cs_ctrl,GNQ,Equatorial Guinea,Low income,"L(d_gov_bar, 1)",-0,0,NA,NA,-0,0
cs_ctrl,GNQ,Equatorial Guinea,Low income,d_log_gdp_bar,-0,0,NA,NA,-0,0
cs_ctrl,GNQ,Equatorial Guinea,Low income,"L(d_log_gdp_bar, 1)",-0,0,NA,NA,-0,0
cs_ctrl,GRC,Greece,High income,(Intercept),0.0163196031663358,NA,NA,NA,NA,NA
cs_ctrl,GRC,Greece,High income,"L(dy, 1)",0.48637411049410145,NA,NA,NA,NA,NA
cs_ctrl,GRC,Greece,High income,"L(dy, 2)",-0.33792295405281686,NA,NA,NA,NA,NA
cs_ctrl,GRC,Greece,High income,dd,-0.0018245325835835357,NA,NA,NA,NA,NA
cs_ctrl,GRC,Greece,High income,"L(dd, 1)",-0.10463904941705035,NA,NA,NA,NA,NA
cs_ctrl,GRC,Greece,High income,"L(dd, 2)",-0.22381394613293384,NA,NA,NA,NA,NA
cs_ctrl,GRC,Greece,High income,d_inf,0.6526218473394364,NA,NA,NA,NA,NA
cs_ctrl,GRC,Greece,High income,"L(d_inf, 1)",0.26243882550262937,NA,NA,NA,NA,NA
cs_ctrl,GRC,Greece,High income,"L(d_inf, 2)",-0.0703686741036474,NA,NA,NA,NA,NA
cs_ctrl,GRC,Greece,High income,d_gov,1.5689347999044494,NA,NA,NA,NA,NA
cs_ctrl,GRC,Greece,High income,"L(d_gov, 1)",-0.20632564965283384,NA,NA,NA,NA,NA
cs_ctrl,GRC,Greece,High income,"L(d_gov, 2)",1.1524554172699388,NA,NA,NA,NA,NA
cs_ctrl,GRC,Greece,High income,d_log_gdp,0.11872854967464908,NA,NA,NA,NA,NA
cs_ctrl,GRC,Greece,High income,"L(d_log_gdp, 1)",-0.3301760824428741,NA,NA,NA,NA,NA
cs_ctrl,GRC,Greece,High income,"L(d_log_gdp, 2)",-0.49645148131685807,NA,NA,NA,NA,NA
cs_ctrl,GRC,Greece,High income,dy_bar,12.092067697246575,NA,NA,NA,NA,NA
cs_ctrl,GRC,Greece,High income,"L(dy_bar, 1)",-0.0315614974561066,NA,NA,NA,NA,NA
cs_ctrl,GRC,Greece,High income,"L(dy_bar, 2)",8.727504339660253,NA,NA,NA,NA,NA
cs_ctrl,GRC,Greece,High income,dd_bar,0.22246722488186432,NA,NA,NA,NA,NA
cs_ctrl,GRC,Greece,High income,"L(dd_bar, 1)",0.05965703378911692,NA,NA,NA,NA,NA
cs_ctrl,GRC,Greece,High income,"L(dd_bar, 2)",-0.12260597058415838,NA,NA,NA,NA,NA
cs_ctrl,GRC,Greece,High income,d_inf_bar,-9.539593471037574e-4,NA,NA,NA,NA,NA
cs_ctrl,GRC,Greece,High income,"L(d_inf_bar, 1)",0.0014048327746428646,NA,NA,NA,NA,NA
cs_ctrl,GRC,Greece,High income,"L(d_inf_bar, 2)",-0.004064189326259267,NA,NA,NA,NA,NA
cs_ctrl,GRC,Greece,High income,d_gov_bar,-2.181329963419488,NA,NA,NA,NA,NA
cs_ctrl,GRC,Greece,High income,"L(d_gov_bar, 1)",3.110064039264509,NA,NA,NA,NA,NA
cs_ctrl,GRC,Greece,High income,"L(d_gov_bar, 2)",0.27072112607994026,NA,NA,NA,NA,NA
cs_ctrl,GRC,Greece,High income,d_log_gdp_bar,0.31655165504085286,NA,NA,NA,NA,NA
cs_ctrl,GRC,Greece,High income,"L(d_log_gdp_bar, 1)",NA,NA,NA,NA,NA,NA
cs_ctrl,GRC,Greece,High income,"L(d_log_gdp_bar, 2)",NA,NA,NA,NA,NA,NA
cs_ctrl,GRD,Grenada,Upper middle income,(Intercept),3.534130121339615e-4,NA,NA,NA,NA,NA
cs_ctrl,GRD,Grenada,Upper middle income,"L(dy, 1)",1.4803979274331396,NA,NA,NA,NA,NA
cs_ctrl,GRD,Grenada,Upper middle income,"L(dy, 2)",-0.3782167641339281,NA,NA,NA,NA,NA
cs_ctrl,GRD,Grenada,Upper middle income,dd,3.834608975490375e-4,NA,NA,NA,NA,NA
cs_ctrl,GRD,Grenada,Upper middle income,"L(dd, 1)",-5.635137621926066e-4,NA,NA,NA,NA,NA
cs_ctrl,GRD,Grenada,Upper middle income,"L(dd, 2)",-0.0010670804056619248,NA,NA,NA,NA,NA
cs_ctrl,GRD,Grenada,Upper middle income,d_inf,0.04222986995838325,NA,NA,NA,NA,NA
cs_ctrl,GRD,Grenada,Upper middle income,"L(d_inf, 1)",0.06073589340334834,NA,NA,NA,NA,NA
cs_ctrl,GRD,Grenada,Upper middle income,"L(d_inf, 2)",0.04018390668535998,NA,NA,NA,NA,NA
cs_ctrl,GRD,Grenada,Upper middle income,d_gov,0.012103581265933028,NA,NA,NA,NA,NA
cs_ctrl,GRD,Grenada,Upper middle income,"L(d_gov, 1)",0.008888539111972116,NA,NA,NA,NA,NA
cs_ctrl,GRD,Grenada,Upper middle income,"L(d_gov, 2)",0.012552152315433147,NA,NA,NA,NA,NA
cs_ctrl,GRD,Grenada,Upper middle income,d_log_gdp,9.287843990588847e-4,NA,NA,NA,NA,NA
cs_ctrl,GRD,Grenada,Upper middle income,"L(d_log_gdp, 1)",-0.007621229844253306,NA,NA,NA,NA,NA
cs_ctrl,GRD,Grenada,Upper middle income,"L(d_log_gdp, 2)",-0.0013513882859645524,NA,NA,NA,NA,NA
cs_ctrl,GRD,Grenada,Upper middle income,dy_bar,-0.08477669657819875,NA,NA,NA,NA,NA
cs_ctrl,GRD,Grenada,Upper middle income,"L(dy_bar, 1)",-0.16667860179601185,NA,NA,NA,NA,NA
cs_ctrl,GRD,Grenada,Upper middle income,"L(dy_bar, 2)",0.45952472059315086,NA,NA,NA,NA,NA
cs_ctrl,GRD,Grenada,Upper middle income,dd_bar,0.0026573001769414385,NA,NA,NA,NA,NA
cs_ctrl,GRD,Grenada,Upper middle income,"L(dd_bar, 1)",0.002562304195945938,NA,NA,NA,NA,NA
cs_ctrl,GRD,Grenada,Upper middle income,"L(dd_bar, 2)",0.004647652126535638,NA,NA,NA,NA,NA
cs_ctrl,GRD,Grenada,Upper middle income,d_inf_bar,4.5563335343177185e-4,NA,NA,NA,NA,NA
cs_ctrl,GRD,Grenada,Upper middle income,"L(d_inf_bar, 1)",3.427119805888872e-4,NA,NA,NA,NA,NA
cs_ctrl,GRD,Grenada,Upper middle income,"L(d_inf_bar, 2)",-0.00073056506984277075,NA,NA,NA,NA,NA
cs_ctrl,GRD,Grenada,Upper middle income,d_gov_bar,-0.023479140191769218,NA,NA,NA,NA,NA
cs_ctrl,GRD,Grenada,Upper middle income,"L(d_gov_bar, 1)",0.12075305313749515,NA,NA,NA,NA,NA
cs_ctrl,GRD,Grenada,Upper middle income,"L(d_gov_bar, 2)",-0.016432580611338714,NA,NA,NA,NA,NA
cs_ctrl,GRD,Grenada,Upper middle income,d_log_gdp_bar,0.015974589062465377,NA,NA,NA,NA,NA
cs_ctrl,GRD,Grenada,Upper middle income,"L(d_log_gdp_bar, 1)",NA,NA,NA,NA,NA,NA
cs_ctrl,GRD,Grenada,Upper middle income,"L(d_log_gdp_bar, 2)",NA,NA,NA,NA,NA,NA
cs_ctrl,GTM,Guatemala,Lower middle income,(Intercept),0.008706422487051797,NA,NA,NA,NA,NA
cs_ctrl,GTM,Guatemala,Lower middle income,"L(dy, 1)",-0.5561832256925234,NA,NA,NA,NA,NA
cs_ctrl,GTM,Guatemala,Lower middle income,dd,0.004089922723373484,NA,NA,NA,NA,NA
cs_ctrl,GTM,Guatemala,Lower middle income,"L(dd, 1)",-0.021867323053041392,NA,NA,NA,NA,NA
cs_ctrl,GTM,Guatemala,Lower middle income,"L(dd, 2)",0.00903230572977448,NA,NA,NA,NA,NA
cs_ctrl,GTM,Guatemala,Lower middle income,d_inf,-0.02626275648734987,NA,NA,NA,NA,NA
cs_ctrl,GTM,Guatemala,Lower middle income,"L(d_inf, 1)",-0.034982903659478454,NA,NA,NA,NA,NA
cs_ctrl,GTM,Guatemala,Lower middle income,"L(d_inf, 2)",-0.023287437069345995,NA,NA,NA,NA,NA
cs_ctrl,GTM,Guatemala,Lower middle income,d_gov,-0.031443427928181555,NA,NA,NA,NA,NA
cs_ctrl,GTM,Guatemala,Lower middle income,"L(d_gov, 1)",0.4748211296068786,NA,NA,NA,NA,NA
cs_ctrl,GTM,Guatemala,Lower middle income,"L(d_gov, 2)",0.3155507479743346,NA,NA,NA,NA,NA
cs_ctrl,GTM,Guatemala,Lower middle income,d_log_gdp,-0.18761512360941413,NA,NA,NA,NA,NA
cs_ctrl,GTM,Guatemala,Lower middle income,"L(d_log_gdp, 1)",0.17530117599291298,NA,NA,NA,NA,NA
cs_ctrl,GTM,Guatemala,Lower middle income,dy_bar,-0.21770083508481156,NA,NA,NA,NA,NA
cs_ctrl,GTM,Guatemala,Lower middle income,"L(dy_bar, 1)",-1.2619213009275392,NA,NA,NA,NA,NA
cs_ctrl,GTM,Guatemala,Lower middle income,"L(dy_bar, 2)",-2.113516892180982,NA,NA,NA,NA,NA
cs_ctrl,GTM,Guatemala,Lower middle income,dd_bar,-0.08410092238684513,NA,NA,NA,NA,NA
cs_ctrl,GTM,Guatemala,Lower middle income,"L(dd_bar, 1)",-0.11587234851810778,NA,NA,NA,NA,NA
cs_ctrl,GTM,Guatemala,Lower middle income,"L(dd_bar, 2)",0.05365367143050145,NA,NA,NA,NA,NA
cs_ctrl,GTM,Guatemala,Lower middle income,d_inf_bar,-0.0028919216177810867,NA,NA,NA,NA,NA
cs_ctrl,GTM,Guatemala,Lower middle income,"L(d_inf_bar, 1)",-0.0014916376709981595,NA,NA,NA,NA,NA
cs_ctrl,GTM,Guatemala,Lower middle income,"L(d_inf_bar, 2)",-0.003970376926305035,NA,NA,NA,NA,NA
cs_ctrl,GTM,Guatemala,Lower middle income,d_gov_bar,0.014341306288906602,NA,NA,NA,NA,NA
cs_ctrl,GTM,Guatemala,Lower middle income,"L(d_gov_bar, 1)",-0.70214382756327,NA,NA,NA,NA,NA
cs_ctrl,GTM,Guatemala,Lower middle income,"L(d_gov_bar, 2)",-0.45042446809811437,NA,NA,NA,NA,NA
cs_ctrl,GTM,Guatemala,Lower middle income,d_log_gdp_bar,-0.09219059227958493,NA,NA,NA,NA,NA
cs_ctrl,GTM,Guatemala,Lower middle income,"L(d_log_gdp_bar, 1)",-0.3243335745647523,NA,NA,NA,NA,NA
cs_ctrl,GTM,Guatemala,Lower middle income,"L(d_log_gdp_bar, 2)",-0.016237259921505334,NA,NA,NA,NA,NA
cs_ctrl,GUY,Guyana,Lower middle income,(Intercept),0.011537144414078734,NA,NA,NA,NA,NA
cs_ctrl,GUY,Guyana,Lower middle income,"L(dy, 1)",0.6081208169204384,NA,NA,NA,NA,NA
cs_ctrl,GUY,Guyana,Lower middle income,dd,-0.026062542031095585,NA,NA,NA,NA,NA
cs_ctrl,GUY,Guyana,Lower middle income,"L(dd, 1)",0.0518971458327655,NA,NA,NA,NA,NA
cs_ctrl,GUY,Guyana,Lower middle income,"L(dd, 2)",0.03050586984481851,NA,NA,NA,NA,NA
cs_ctrl,GUY,Guyana,Lower middle income,d_inf,-0.026063998929032217,NA,NA,NA,NA,NA
cs_ctrl,GUY,Guyana,Lower middle income,"L(d_inf, 1)",-0.03587875278181607,NA,NA,NA,NA,NA
cs_ctrl,GUY,Guyana,Lower middle income,"L(d_inf, 2)",-0.005217121037890888,NA,NA,NA,NA,NA
cs_ctrl,GUY,Guyana,Lower middle income,d_gov,0.2425059963808566,NA,NA,NA,NA,NA
cs_ctrl,GUY,Guyana,Lower middle income,"L(d_gov, 1)",0.32839169268134333,NA,NA,NA,NA,NA
cs_ctrl,GUY,Guyana,Lower middle income,"L(d_gov, 2)",0.4850999030535693,NA,NA,NA,NA,NA
cs_ctrl,GUY,Guyana,Lower middle income,d_log_gdp,-0.1982162912792868,NA,NA,NA,NA,NA
cs_ctrl,GUY,Guyana,Lower middle income,"L(d_log_gdp, 1)",-0.02652164299367623,NA,NA,NA,NA,NA
cs_ctrl,GUY,Guyana,Lower middle income,"L(d_log_gdp, 2)",-0.016926658183928914,NA,NA,NA,NA,NA
cs_ctrl,GUY,Guyana,Lower middle income,dy_bar,0.1332913520051226,NA,NA,NA,NA,NA
cs_ctrl,GUY,Guyana,Lower middle income,"L(dy_bar, 1)",-2.834893426374814,NA,NA,NA,NA,NA
cs_ctrl,GUY,Guyana,Lower middle income,"L(dy_bar, 2)",-0.6770552981380686,NA,NA,NA,NA,NA
cs_ctrl,GUY,Guyana,Lower middle income,dd_bar,-0.3615792562383706,NA,NA,NA,NA,NA
cs_ctrl,GUY,Guyana,Lower middle income,"L(dd_bar, 1)",0.04181217745409733,NA,NA,NA,NA,NA
cs_ctrl,GUY,Guyana,Lower middle income,"L(dd_bar, 2)",0.04234456812678076,NA,NA,NA,NA,NA
cs_ctrl,GUY,Guyana,Lower middle income,d_inf_bar,-0.0039135919375688595,NA,NA,NA,NA,NA
cs_ctrl,GUY,Guyana,Lower middle income,"L(d_inf_bar, 1)",-7.244400437864995e-4,NA,NA,NA,NA,NA
cs_ctrl,GUY,Guyana,Lower middle income,"L(d_inf_bar, 2)",-0.0034720706596495657,NA,NA,NA,NA,NA
cs_ctrl,GUY,Guyana,Lower middle income,d_gov_bar,-0.46611676023824505,NA,NA,NA,NA,NA
cs_ctrl,GUY,Guyana,Lower middle income,"L(d_gov_bar, 1)",0.9333417447975839,NA,NA,NA,NA,NA
cs_ctrl,GUY,Guyana,Lower middle income,"L(d_gov_bar, 2)",-0.5945280006924145,NA,NA,NA,NA,NA
cs_ctrl,GUY,Guyana,Lower middle income,d_log_gdp_bar,-0.41548865170124694,NA,NA,NA,NA,NA
cs_ctrl,GUY,Guyana,Lower middle income,"L(d_log_gdp_bar, 1)",0.2257945674962844,NA,NA,NA,NA,NA
cs_ctrl,HND,Honduras,Lower middle income,(Intercept),0.006882026917225172,NA,NA,NA,NA,NA
cs_ctrl,HND,Honduras,Lower middle income,"L(dy, 1)",0.9164590098343097,NA,NA,NA,NA,NA
cs_ctrl,HND,Honduras,Lower middle income,"L(dy, 2)",0.7421823660845832,NA,NA,NA,NA,NA
cs_ctrl,HND,Honduras,Lower middle income,dd,-0.03645954921404856,NA,NA,NA,NA,NA
cs_ctrl,HND,Honduras,Lower middle income,"L(dd, 1)",0.0076760952548065265,NA,NA,NA,NA,NA
cs_ctrl,HND,Honduras,Lower middle income,"L(dd, 2)",0.0038819320430299657,NA,NA,NA,NA,NA
cs_ctrl,HND,Honduras,Lower middle income,d_inf,0.11664427131126405,NA,NA,NA,NA,NA
cs_ctrl,HND,Honduras,Lower middle income,"L(d_inf, 1)",-0.009445417344191773,NA,NA,NA,NA,NA
cs_ctrl,HND,Honduras,Lower middle income,"L(d_inf, 2)",0.11984312934598337,NA,NA,NA,NA,NA
cs_ctrl,HND,Honduras,Lower middle income,d_gov,-0.3000566937388966,NA,NA,NA,NA,NA
cs_ctrl,HND,Honduras,Lower middle income,"L(d_gov, 1)",-0.30612561001759686,NA,NA,NA,NA,NA
cs_ctrl,HND,Honduras,Lower middle income,"L(d_gov, 2)",-0.03822060788769103,NA,NA,NA,NA,NA
cs_ctrl,HND,Honduras,Lower middle income,d_log_gdp,-0.08743959353810492,NA,NA,NA,NA,NA
cs_ctrl,HND,Honduras,Lower middle income,"L(d_log_gdp, 1)",-0.023977315136360543,NA,NA,NA,NA,NA
cs_ctrl,HND,Honduras,Lower middle income,"L(d_log_gdp, 2)",-0.0662465392064976,NA,NA,NA,NA,NA
cs_ctrl,HND,Honduras,Lower middle income,dy_bar,1.160770274107424,NA,NA,NA,NA,NA
cs_ctrl,HND,Honduras,Lower middle income,"L(dy_bar, 1)",-3.6825507971560336,NA,NA,NA,NA,NA
cs_ctrl,HND,Honduras,Lower middle income,"L(dy_bar, 2)",-3.511429265079296,NA,NA,NA,NA,NA
cs_ctrl,HND,Honduras,Lower middle income,dd_bar,-0.00861503882835594,NA,NA,NA,NA,NA
cs_ctrl,HND,Honduras,Lower middle income,"L(dd_bar, 1)",0.03554156913791561,NA,NA,NA,NA,NA
cs_ctrl,HND,Honduras,Lower middle income,"L(dd_bar, 2)",-0.03223624492926849,NA,NA,NA,NA,NA
cs_ctrl,HND,Honduras,Lower middle income,d_inf_bar,0.0018683922521475285,NA,NA,NA,NA,NA
cs_ctrl,HND,Honduras,Lower middle income,"L(d_inf_bar, 1)",0.0021674296159420025,NA,NA,NA,NA,NA
cs_ctrl,HND,Honduras,Lower middle income,"L(d_inf_bar, 2)",-0.0017916797635779975,NA,NA,NA,NA,NA
cs_ctrl,HND,Honduras,Lower middle income,d_gov_bar,-0.9930365086309405,NA,NA,NA,NA,NA
cs_ctrl,HND,Honduras,Lower middle income,"L(d_gov_bar, 1)",-0.7204860084977213,NA,NA,NA,NA,NA
cs_ctrl,HND,Honduras,Lower middle income,"L(d_gov_bar, 2)",-0.6190313701839247,NA,NA,NA,NA,NA
cs_ctrl,HND,Honduras,Lower middle income,d_log_gdp_bar,-0.18697508006244687,NA,NA,NA,NA,NA
cs_ctrl,HND,Honduras,Lower middle income,"L(d_log_gdp_bar, 1)",NA,NA,NA,NA,NA,NA
cs_ctrl,HND,Honduras,Lower middle income,"L(d_log_gdp_bar, 2)",NA,NA,NA,NA,NA,NA
cs_ctrl,HRV,Croatia,Upper middle income,(Intercept),-0.02958398545634279,NA,NA,NA,NA,NA
cs_ctrl,HRV,Croatia,Upper middle income,"L(dy, 1)",2.8894580816225326,NA,NA,NA,NA,NA
cs_ctrl,HRV,Croatia,Upper middle income,"L(dy, 2)",4.079922975311898,NA,NA,NA,NA,NA
cs_ctrl,HRV,Croatia,Upper middle income,dd,0.09870228906718131,NA,NA,NA,NA,NA
cs_ctrl,HRV,Croatia,Upper middle income,"L(dd, 1)",-0.12128476067117906,NA,NA,NA,NA,NA
cs_ctrl,HRV,Croatia,Upper middle income,"L(dd, 2)",0.17805447977743952,NA,NA,NA,NA,NA
cs_ctrl,HRV,Croatia,Upper middle income,d_inf,-0.046724733040955965,NA,NA,NA,NA,NA
cs_ctrl,HRV,Croatia,Upper middle income,"L(d_inf, 1)",-0.03694621166612495,NA,NA,NA,NA,NA
cs_ctrl,HRV,Croatia,Upper middle income,"L(d_inf, 2)",-0.015043401161375976,NA,NA,NA,NA,NA
cs_ctrl,HRV,Croatia,Upper middle income,d_gov,-4.8126507870390025,NA,NA,NA,NA,NA
cs_ctrl,HRV,Croatia,Upper middle income,"L(d_gov, 1)",-2.5212130543610622,NA,NA,NA,NA,NA
cs_ctrl,HRV,Croatia,Upper middle income,"L(d_gov, 2)",-3.197838334883203,NA,NA,NA,NA,NA
cs_ctrl,HRV,Croatia,Upper middle income,d_log_gdp,-0.8038596962071011,NA,NA,NA,NA,NA
cs_ctrl,HRV,Croatia,Upper middle income,"L(d_log_gdp, 1)",-0.5276472784937261,NA,NA,NA,NA,NA
cs_ctrl,HRV,Croatia,Upper middle income,"L(d_log_gdp, 2)",0.30744573062353747,NA,NA,NA,NA,NA
cs_ctrl,HRV,Croatia,Upper middle income,dy_bar,-14.212900322812397,NA,NA,NA,NA,NA
cs_ctrl,HRV,Croatia,Upper middle income,"L(dy_bar, 1)",-8.33121368903169,NA,NA,NA,NA,NA
cs_ctrl,HRV,Croatia,Upper middle income,"L(dy_bar, 2)",-24.31995992923077,NA,NA,NA,NA,NA
cs_ctrl,HRV,Croatia,Upper middle income,dd_bar,0.5728991297269638,NA,NA,NA,NA,NA
cs_ctrl,HRV,Croatia,Upper middle income,"L(dd_bar, 1)",-1.4619499478601365,NA,NA,NA,NA,NA
cs_ctrl,HRV,Croatia,Upper middle income,"L(dd_bar, 2)",0.3755931191637121,NA,NA,NA,NA,NA
cs_ctrl,HRV,Croatia,Upper middle income,d_inf_bar,0.011749623843296822,NA,NA,NA,NA,NA
cs_ctrl,HRV,Croatia,Upper middle income,"L(d_inf_bar, 1)",-0.0040513314874535255,NA,NA,NA,NA,NA
cs_ctrl,HRV,Croatia,Upper middle income,"L(d_inf_bar, 2)",-0.04740792438306632,NA,NA,NA,NA,NA
cs_ctrl,HRV,Croatia,Upper middle income,d_gov_bar,-1.7438798314707735,NA,NA,NA,NA,NA
cs_ctrl,HRV,Croatia,Upper middle income,"L(d_gov_bar, 1)",5.198640200729189,NA,NA,NA,NA,NA
cs_ctrl,HRV,Croatia,Upper middle income,"L(d_gov_bar, 2)",7.118586471594612,NA,NA,NA,NA,NA
cs_ctrl,HRV,Croatia,Upper middle income,d_log_gdp_bar,0.2815329948636406,NA,NA,NA,NA,NA
cs_ctrl,HRV,Croatia,Upper middle income,"L(d_log_gdp_bar, 1)",NA,NA,NA,NA,NA,NA
cs_ctrl,HRV,Croatia,Upper middle income,"L(d_log_gdp_bar, 2)",NA,NA,NA,NA,NA,NA
cs_ctrl,HTI,Haiti,Low income,(Intercept),0.007274237911753172,NA,NA,NA,NA,NA
cs_ctrl,HTI,Haiti,Low income,"L(dy, 1)",0.5935489344001138,NA,NA,NA,NA,NA
cs_ctrl,HTI,Haiti,Low income,"L(dy, 2)",-0.46800526638018136,NA,NA,NA,NA,NA
cs_ctrl,HTI,Haiti,Low income,dd,0.0012317278539022741,NA,NA,NA,NA,NA
cs_ctrl,HTI,Haiti,Low income,"L(dd, 1)",-0.006035274835086269,NA,NA,NA,NA,NA
cs_ctrl,HTI,Haiti,Low income,"L(dd, 2)",-0.0017950222216685182,NA,NA,NA,NA,NA
cs_ctrl,HTI,Haiti,Low income,d_inf,-0.010597297059376176,NA,NA,NA,NA,NA
cs_ctrl,HTI,Haiti,Low income,"L(d_inf, 1)",-0.0021354327487647096,NA,NA,NA,NA,NA
cs_ctrl,HTI,Haiti,Low income,"L(d_inf, 2)",-0.014548140514561875,NA,NA,NA,NA,NA
cs_ctrl,HTI,Haiti,Low income,d_gov,-0.5169759648820579,NA,NA,NA,NA,NA
cs_ctrl,HTI,Haiti,Low income,"L(d_gov, 1)",-0.3500130796212172,NA,NA,NA,NA,NA
cs_ctrl,HTI,Haiti,Low income,"L(d_gov, 2)",-1.159751868189844,NA,NA,NA,NA,NA
cs_ctrl,HTI,Haiti,Low income,d_log_gdp,-0.039605958197105315,NA,NA,NA,NA,NA
cs_ctrl,HTI,Haiti,Low income,"L(d_log_gdp, 1)",-0.013493307654372347,NA,NA,NA,NA,NA
cs_ctrl,HTI,Haiti,Low income,"L(d_log_gdp, 2)",-0.08021280573035615,NA,NA,NA,NA,NA
cs_ctrl,HTI,Haiti,Low income,dy_bar,1.8926086503869366,NA,NA,NA,NA,NA
cs_ctrl,HTI,Haiti,Low income,"L(dy_bar, 1)",-2.360481412079088,NA,NA,NA,NA,NA
cs_ctrl,HTI,Haiti,Low income,"L(dy_bar, 2)",-0.030778842844087634,NA,NA,NA,NA,NA
cs_ctrl,HTI,Haiti,Low income,dd_bar,0.012055463106907876,NA,NA,NA,NA,NA
cs_ctrl,HTI,Haiti,Low income,"L(dd_bar, 1)",0.05946413624488254,NA,NA,NA,NA,NA
cs_ctrl,HTI,Haiti,Low income,"L(dd_bar, 2)",-0.039523581671723894,NA,NA,NA,NA,NA
cs_ctrl,HTI,Haiti,Low income,d_inf_bar,0.0031608011624505933,NA,NA,NA,NA,NA
cs_ctrl,HTI,Haiti,Low income,"L(d_inf_bar, 1)",5.314298886256355e-4,NA,NA,NA,NA,NA
cs_ctrl,HTI,Haiti,Low income,"L(d_inf_bar, 2)",0.004365139924948684,NA,NA,NA,NA,NA
cs_ctrl,HTI,Haiti,Low income,d_gov_bar,-0.2820173718223456,NA,NA,NA,NA,NA
cs_ctrl,HTI,Haiti,Low income,"L(d_gov_bar, 1)",-0.48340904977684246,NA,NA,NA,NA,NA
cs_ctrl,HTI,Haiti,Low income,"L(d_gov_bar, 2)",0.1482629727101614,NA,NA,NA,NA,NA
cs_ctrl,HTI,Haiti,Low income,d_log_gdp_bar,-0.10396148417163174,NA,NA,NA,NA,NA
cs_ctrl,HTI,Haiti,Low income,"L(d_log_gdp_bar, 1)",NA,NA,NA,NA,NA,NA
cs_ctrl,HTI,Haiti,Low income,"L(d_log_gdp_bar, 2)",NA,NA,NA,NA,NA,NA
cs_ctrl,HUN,Hungary,Upper middle income,(Intercept),-0.007089681264198194,NA,NA,NA,NA,NA
cs_ctrl,HUN,Hungary,Upper middle income,"L(dy, 1)",1.37437862169406,NA,NA,NA,NA,NA
cs_ctrl,HUN,Hungary,Upper middle income,dd,-0.0038647084265059336,NA,NA,NA,NA,NA
cs_ctrl,HUN,Hungary,Upper middle income,"L(dd, 1)",0.2855663523970735,NA,NA,NA,NA,NA
cs_ctrl,HUN,Hungary,Upper middle income,"L(dd, 2)",0.155099725878889,NA,NA,NA,NA,NA
cs_ctrl,HUN,Hungary,Upper middle income,d_inf,-0.3696804068591175,NA,NA,NA,NA,NA
cs_ctrl,HUN,Hungary,Upper middle income,"L(d_inf, 1)",0.5937382333792208,NA,NA,NA,NA,NA
cs_ctrl,HUN,Hungary,Upper middle income,"L(d_inf, 2)",-0.16014897217142665,NA,NA,NA,NA,NA
cs_ctrl,HUN,Hungary,Upper middle income,d_gov,0.033800270974562965,NA,NA,NA,NA,NA
cs_ctrl,HUN,Hungary,Upper middle income,"L(d_gov, 1)",-2.3860743238092805,NA,NA,NA,NA,NA
cs_ctrl,HUN,Hungary,Upper middle income,"L(d_gov, 2)",0.22820198097120908,NA,NA,NA,NA,NA
cs_ctrl,HUN,Hungary,Upper middle income,d_log_gdp,0.40454785176552205,NA,NA,NA,NA,NA
cs_ctrl,HUN,Hungary,Upper middle income,"L(d_log_gdp, 1)",0.33063594328486295,NA,NA,NA,NA,NA
cs_ctrl,HUN,Hungary,Upper middle income,"L(d_log_gdp, 2)",-0.3668206326593966,NA,NA,NA,NA,NA
cs_ctrl,HUN,Hungary,Upper middle income,dy_bar,4.126492743444986,NA,NA,NA,NA,NA
cs_ctrl,HUN,Hungary,Upper middle income,"L(dy_bar, 1)",-6.65080099422316,NA,NA,NA,NA,NA
cs_ctrl,HUN,Hungary,Upper middle income,dd_bar,0.19885849230637356,NA,NA,NA,NA,NA
cs_ctrl,HUN,Hungary,Upper middle income,"L(dd_bar, 1)",-0.15134187030134416,NA,NA,NA,NA,NA
cs_ctrl,HUN,Hungary,Upper middle income,"L(dd_bar, 2)",0.15888090889642006,NA,NA,NA,NA,NA
cs_ctrl,HUN,Hungary,Upper middle income,d_inf_bar,-0.006066057082709055,NA,NA,NA,NA,NA
cs_ctrl,HUN,Hungary,Upper middle income,"L(d_inf_bar, 1)",-0.0027172918057178897,NA,NA,NA,NA,NA
cs_ctrl,HUN,Hungary,Upper middle income,"L(d_inf_bar, 2)",-0.036147849865800566,NA,NA,NA,NA,NA
cs_ctrl,HUN,Hungary,Upper middle income,d_gov_bar,-2.0001792729616614,NA,NA,NA,NA,NA
cs_ctrl,HUN,Hungary,Upper middle income,"L(d_gov_bar, 1)",0.4385074514728061,NA,NA,NA,NA,NA
cs_ctrl,HUN,Hungary,Upper middle income,"L(d_gov_bar, 2)",-1.1992059984078072,NA,NA,NA,NA,NA
cs_ctrl,HUN,Hungary,Upper middle income,d_log_gdp_bar,-0.3376235490739546,NA,NA,NA,NA,NA
cs_ctrl,HUN,Hungary,Upper middle income,"L(d_log_gdp_bar, 1)",-0.26660989898828824,NA,NA,NA,NA,NA
cs_ctrl,HUN,Hungary,Upper middle income,"L(d_log_gdp_bar, 2)",0.2800326803689244,NA,NA,NA,NA,NA
cs_ctrl,IDN,Indonesia,Lower middle income,(Intercept),0.008061625775748975,NA,NA,NA,NA,NA
cs_ctrl,IDN,Indonesia,Lower middle income,"L(dy, 1)",-4.292047906842992,NA,NA,NA,NA,NA
cs_ctrl,IDN,Indonesia,Lower middle income,"L(dy, 2)",0.21974786294345874,NA,NA,NA,NA,NA
cs_ctrl,IDN,Indonesia,Lower middle income,dd,-1.0582407130838158,NA,NA,NA,NA,NA
cs_ctrl,IDN,Indonesia,Lower middle income,"L(dd, 1)",0.13058111705935882,NA,NA,NA,NA,NA
cs_ctrl,IDN,Indonesia,Lower middle income,"L(dd, 2)",0.03944140235266846,NA,NA,NA,NA,NA
cs_ctrl,IDN,Indonesia,Lower middle income,d_inf,0.6931110889075995,NA,NA,NA,NA,NA
cs_ctrl,IDN,Indonesia,Lower middle income,"L(d_inf, 1)",0.8785669509940676,NA,NA,NA,NA,NA
cs_ctrl,IDN,Indonesia,Lower middle income,"L(d_inf, 2)",0.40394102140572286,NA,NA,NA,NA,NA
cs_ctrl,IDN,Indonesia,Lower middle income,d_gov,-6.473979295295672,NA,NA,NA,NA,NA
cs_ctrl,IDN,Indonesia,Lower middle income,"L(d_gov, 1)",9.449312604084852,NA,NA,NA,NA,NA
cs_ctrl,IDN,Indonesia,Lower middle income,"L(d_gov, 2)",-4.540812474509183,NA,NA,NA,NA,NA
cs_ctrl,IDN,Indonesia,Lower middle income,d_log_gdp,-1.9974469049612842,NA,NA,NA,NA,NA
cs_ctrl,IDN,Indonesia,Lower middle income,"L(d_log_gdp, 1)",1.422968874336598,NA,NA,NA,NA,NA
cs_ctrl,IDN,Indonesia,Lower middle income,"L(d_log_gdp, 2)",-0.47038172550820123,NA,NA,NA,NA,NA
cs_ctrl,IDN,Indonesia,Lower middle income,dy_bar,-10.848459684552932,NA,NA,NA,NA,NA
cs_ctrl,IDN,Indonesia,Lower middle income,"L(dy_bar, 1)",-28.943744265364522,NA,NA,NA,NA,NA
cs_ctrl,IDN,Indonesia,Lower middle income,"L(dy_bar, 2)",-2.928466964242101,NA,NA,NA,NA,NA
cs_ctrl,IDN,Indonesia,Lower middle income,dd_bar,1.0457891005448783,NA,NA,NA,NA,NA
cs_ctrl,IDN,Indonesia,Lower middle income,"L(dd_bar, 1)",-0.6648557592314741,NA,NA,NA,NA,NA
cs_ctrl,IDN,Indonesia,Lower middle income,"L(dd_bar, 2)",0.10569725228410017,NA,NA,NA,NA,NA
cs_ctrl,IDN,Indonesia,Lower middle income,d_inf_bar,0.018994865380848533,NA,NA,NA,NA,NA
cs_ctrl,IDN,Indonesia,Lower middle income,"L(d_inf_bar, 1)",0.055408814122429796,NA,NA,NA,NA,NA
cs_ctrl,IDN,Indonesia,Lower middle income,"L(d_inf_bar, 2)",0.09077008509774931,NA,NA,NA,NA,NA
cs_ctrl,IDN,Indonesia,Lower middle income,d_gov_bar,-8.308781188786947,NA,NA,NA,NA,NA
cs_ctrl,IDN,Indonesia,Lower middle income,"L(d_gov_bar, 1)",0.15725334376509234,NA,NA,NA,NA,NA
cs_ctrl,IDN,Indonesia,Lower middle income,"L(d_gov_bar, 2)",-6.42454002387827,NA,NA,NA,NA,NA
cs_ctrl,IDN,Indonesia,Lower middle income,d_log_gdp_bar,0.1834284966728068,NA,NA,NA,NA,NA
cs_ctrl,IDN,Indonesia,Lower middle income,"L(d_log_gdp_bar, 1)",NA,NA,NA,NA,NA,NA
cs_ctrl,IDN,Indonesia,Lower middle income,"L(d_log_gdp_bar, 2)",NA,NA,NA,NA,NA,NA
cs_ctrl,IND,India,Low income,(Intercept),-0.013593997637275907,NA,NA,NA,NA,NA
cs_ctrl,IND,India,Low income,"L(dy, 1)",0.6847486577915062,NA,NA,NA,NA,NA
cs_ctrl,IND,India,Low income,dd,-0.09015511892349665,NA,NA,NA,NA,NA
cs_ctrl,IND,India,Low income,"L(dd, 1)",0.06421047327746997,NA,NA,NA,NA,NA
cs_ctrl,IND,India,Low income,"L(dd, 2)",0.0861736872375478,NA,NA,NA,NA,NA
cs_ctrl,IND,India,Low income,d_inf,0.02600864820488757,NA,NA,NA,NA,NA
cs_ctrl,IND,India,Low income,"L(d_inf, 1)",0.023867866335471846,NA,NA,NA,NA,NA
cs_ctrl,IND,India,Low income,"L(d_inf, 2)",-0.15396482912228523,NA,NA,NA,NA,NA
cs_ctrl,IND,India,Low income,d_gov,-1.231613105664106,NA,NA,NA,NA,NA
cs_ctrl,IND,India,Low income,"L(d_gov, 1)",-0.22595540715548298,NA,NA,NA,NA,NA
cs_ctrl,IND,India,Low income,"L(d_gov, 2)",0.17795427730352778,NA,NA,NA,NA,NA
cs_ctrl,IND,India,Low income,d_log_gdp,0.07316135369981658,NA,NA,NA,NA,NA
cs_ctrl,IND,India,Low income,"L(d_log_gdp, 1)",0.09803781218552736,NA,NA,NA,NA,NA
cs_ctrl,IND,India,Low income,"L(d_log_gdp, 2)",0.12811153546608683,NA,NA,NA,NA,NA
cs_ctrl,IND,India,Low income,dy_bar,-3.0432942344045886,NA,NA,NA,NA,NA
cs_ctrl,IND,India,Low income,"L(dy_bar, 1)",-1.034581525516797,NA,NA,NA,NA,NA
cs_ctrl,IND,India,Low income,"L(dy_bar, 2)",-1.1575537745429147,NA,NA,NA,NA,NA
cs_ctrl,IND,India,Low income,dd_bar,0.12058209999846545,NA,NA,NA,NA,NA
cs_ctrl,IND,India,Low income,"L(dd_bar, 1)",-0.10004689298161726,NA,NA,NA,NA,NA
cs_ctrl,IND,India,Low income,d_inf_bar,-0.0035844553207331417,NA,NA,NA,NA,NA
cs_ctrl,IND,India,Low income,"L(d_inf_bar, 1)",-0.0019417774365827025,NA,NA,NA,NA,NA
cs_ctrl,IND,India,Low income,"L(d_inf_bar, 2)",-0.013897668445710389,NA,NA,NA,NA,NA
cs_ctrl,IND,India,Low income,d_gov_bar,-0.3909913590751102,NA,NA,NA,NA,NA
cs_ctrl,IND,India,Low income,"L(d_gov_bar, 1)",-0.5438125591740977,NA,NA,NA,NA,NA
cs_ctrl,IND,India,Low income,"L(d_gov_bar, 2)",-1.1129814433111167,NA,NA,NA,NA,NA
cs_ctrl,IND,India,Low income,d_log_gdp_bar,0.01111042213922915,NA,NA,NA,NA,NA
cs_ctrl,IND,India,Low income,"L(d_log_gdp_bar, 1)",-0.17175378673396263,NA,NA,NA,NA,NA
cs_ctrl,IND,India,Low income,"L(d_log_gdp_bar, 2)",-0.17442929111758954,NA,NA,NA,NA,NA
cs_ctrl,IRL,Ireland,High income,(Intercept),0.02570541222793146,NA,NA,NA,NA,NA
cs_ctrl,IRL,Ireland,High income,"L(dy, 1)",-1.7241654247312905,NA,NA,NA,NA,NA
cs_ctrl,IRL,Ireland,High income,dd,-0.3090978310786301,NA,NA,NA,NA,NA
cs_ctrl,IRL,Ireland,High income,"L(dd, 1)",0.3309590054240164,NA,NA,NA,NA,NA
cs_ctrl,IRL,Ireland,High income,"L(dd, 2)",-0.032145090428391435,NA,NA,NA,NA,NA
cs_ctrl,IRL,Ireland,High income,d_inf,0.09253235906795923,NA,NA,NA,NA,NA
cs_ctrl,IRL,Ireland,High income,"L(d_inf, 1)",0.9236556511545815,NA,NA,NA,NA,NA
cs_ctrl,IRL,Ireland,High income,"L(d_inf, 2)",-0.16695395411013766,NA,NA,NA,NA,NA
cs_ctrl,IRL,Ireland,High income,d_gov,-0.35447727091579867,NA,NA,NA,NA,NA
cs_ctrl,IRL,Ireland,High income,"L(d_gov, 1)",4.972806988254274,NA,NA,NA,NA,NA
cs_ctrl,IRL,Ireland,High income,"L(d_gov, 2)",-2.8695965943336383,NA,NA,NA,NA,NA
cs_ctrl,IRL,Ireland,High income,d_log_gdp,0.064714056111583,NA,NA,NA,NA,NA
cs_ctrl,IRL,Ireland,High income,"L(d_log_gdp, 1)",0.7495968055611003,NA,NA,NA,NA,NA
cs_ctrl,IRL,Ireland,High income,"L(d_log_gdp, 2)",-0.25041026900153146,NA,NA,NA,NA,NA
cs_ctrl,IRL,Ireland,High income,dy_bar,7.836749972276185,NA,NA,NA,NA,NA
cs_ctrl,IRL,Ireland,High income,"L(dy_bar, 1)",5.551887624805646,NA,NA,NA,NA,NA
cs_ctrl,IRL,Ireland,High income,"L(dy_bar, 2)",-27.894140529394274,NA,NA,NA,NA,NA
cs_ctrl,IRL,Ireland,High income,dd_bar,-0.29687930881491276,NA,NA,NA,NA,NA
cs_ctrl,IRL,Ireland,High income,"L(dd_bar, 1)",-0.002968359387066668,NA,NA,NA,NA,NA
cs_ctrl,IRL,Ireland,High income,"L(dd_bar, 2)",-0.7892426669904609,NA,NA,NA,NA,NA
cs_ctrl,IRL,Ireland,High income,d_inf_bar,-0.010296563944327134,NA,NA,NA,NA,NA
cs_ctrl,IRL,Ireland,High income,"L(d_inf_bar, 1)",0.002923536054169304,NA,NA,NA,NA,NA
cs_ctrl,IRL,Ireland,High income,d_gov_bar,-0.7476568857975432,NA,NA,NA,NA,NA
cs_ctrl,IRL,Ireland,High income,"L(d_gov_bar, 1)",-2.984425353825744,NA,NA,NA,NA,NA
cs_ctrl,IRL,Ireland,High income,"L(d_gov_bar, 2)",2.210953773789037,NA,NA,NA,NA,NA
cs_ctrl,IRL,Ireland,High income,d_log_gdp_bar,-0.12240947708669159,NA,NA,NA,NA,NA
cs_ctrl,IRL,Ireland,High income,"L(d_log_gdp_bar, 1)",-1.0407404110105756,NA,NA,NA,NA,NA
cs_ctrl,IRL,Ireland,High income,"L(d_log_gdp_bar, 2)",-0.6056224765127437,NA,NA,NA,NA,NA
cs_ctrl,IRN,Iran,Lower middle income,(Intercept),0.006491066979238134,NA,NA,NA,NA,NA
cs_ctrl,IRN,Iran,Lower middle income,"L(dy, 1)",-0.3520300168790996,NA,NA,NA,NA,NA
cs_ctrl,IRN,Iran,Lower middle income,"L(dy, 2)",0.4327893528458159,NA,NA,NA,NA,NA
cs_ctrl,IRN,Iran,Lower middle income,dd,0.03506608077988715,NA,NA,NA,NA,NA
cs_ctrl,IRN,Iran,Lower middle income,"L(dd, 1)",-0.025856444470636182,NA,NA,NA,NA,NA
cs_ctrl,IRN,Iran,Lower middle income,"L(dd, 2)",0.06326222743548317,NA,NA,NA,NA,NA
cs_ctrl,IRN,Iran,Lower middle income,d_inf,0.04784787096786918,NA,NA,NA,NA,NA
cs_ctrl,IRN,Iran,Lower middle income,"L(d_inf, 1)",0.0579523261667213,NA,NA,NA,NA,NA
cs_ctrl,IRN,Iran,Lower middle income,"L(d_inf, 2)",0.021684162077507174,NA,NA,NA,NA,NA
cs_ctrl,IRN,Iran,Lower middle income,d_gov,-0.3160739924644789,NA,NA,NA,NA,NA
cs_ctrl,IRN,Iran,Lower middle income,"L(d_gov, 1)",-0.3236797797422437,NA,NA,NA,NA,NA
cs_ctrl,IRN,Iran,Lower middle income,"L(d_gov, 2)",1.05697595204285,NA,NA,NA,NA,NA
cs_ctrl,IRN,Iran,Lower middle income,d_log_gdp,0.0367996943989621,NA,NA,NA,NA,NA
cs_ctrl,IRN,Iran,Lower middle income,"L(d_log_gdp, 1)",-0.08547574423150203,NA,NA,NA,NA,NA
cs_ctrl,IRN,Iran,Lower middle income,"L(d_log_gdp, 2)",0.20941129250409216,NA,NA,NA,NA,NA
cs_ctrl,IRN,Iran,Lower middle income,dy_bar,4.625669599740022,NA,NA,NA,NA,NA
cs_ctrl,IRN,Iran,Lower middle income,"L(dy_bar, 1)",-5.98906581464227,NA,NA,NA,NA,NA
cs_ctrl,IRN,Iran,Lower middle income,"L(dy_bar, 2)",-4.601281864776559,NA,NA,NA,NA,NA
cs_ctrl,IRN,Iran,Lower middle income,dd_bar,-0.4733220043183354,NA,NA,NA,NA,NA
cs_ctrl,IRN,Iran,Lower middle income,"L(dd_bar, 1)",0.4647687995511269,NA,NA,NA,NA,NA
cs_ctrl,IRN,Iran,Lower middle income,"L(dd_bar, 2)",-0.31144042326358423,NA,NA,NA,NA,NA
cs_ctrl,IRN,Iran,Lower middle income,d_inf_bar,-0.0013313910249964098,NA,NA,NA,NA,NA
cs_ctrl,IRN,Iran,Lower middle income,"L(d_inf_bar, 1)",0.003650947744330329,NA,NA,NA,NA,NA
cs_ctrl,IRN,Iran,Lower middle income,"L(d_inf_bar, 2)",-0.00714830781915203,NA,NA,NA,NA,NA
cs_ctrl,IRN,Iran,Lower middle income,d_gov_bar,-0.4580059969244251,NA,NA,NA,NA,NA
cs_ctrl,IRN,Iran,Lower middle income,"L(d_gov_bar, 1)",-0.7132219390321645,NA,NA,NA,NA,NA
cs_ctrl,IRN,Iran,Lower middle income,"L(d_gov_bar, 2)",0.07377350098135485,NA,NA,NA,NA,NA
cs_ctrl,IRN,Iran,Lower middle income,d_log_gdp_bar,-0.7167833261316303,NA,NA,NA,NA,NA
cs_ctrl,IRN,Iran,Lower middle income,"L(d_log_gdp_bar, 1)",NA,NA,NA,NA,NA,NA
cs_ctrl,IRN,Iran,Lower middle income,"L(d_log_gdp_bar, 2)",NA,NA,NA,NA,NA,NA
cs_ctrl,ISL,Iceland,High income,(Intercept),-0.0023737741211563054,NA,NA,NA,NA,NA
cs_ctrl,ISL,Iceland,High income,"L(dy, 1)",0.32207926297699263,NA,NA,NA,NA,NA
cs_ctrl,ISL,Iceland,High income,dd,0.012302810722746986,NA,NA,NA,NA,NA
cs_ctrl,ISL,Iceland,High income,"L(dd, 1)",-0.0559371435563873,NA,NA,NA,NA,NA
cs_ctrl,ISL,Iceland,High income,"L(dd, 2)",-0.010439849795667604,NA,NA,NA,NA,NA
cs_ctrl,ISL,Iceland,High income,d_inf,-0.07119529305778788,NA,NA,NA,NA,NA
cs_ctrl,ISL,Iceland,High income,"L(d_inf, 1)",0.14231777328059325,NA,NA,NA,NA,NA
cs_ctrl,ISL,Iceland,High income,"L(d_inf, 2)",-0.28193945546220156,NA,NA,NA,NA,NA
cs_ctrl,ISL,Iceland,High income,d_gov,0.32580716094390666,NA,NA,NA,NA,NA
cs_ctrl,ISL,Iceland,High income,"L(d_gov, 1)",-0.071098196758489135,NA,NA,NA,NA,NA
cs_ctrl,ISL,Iceland,High income,"L(d_gov, 2)",0.29288723039336595,NA,NA,NA,NA,NA
cs_ctrl,ISL,Iceland,High income,d_log_gdp,-0.414135511801384,NA,NA,NA,NA,NA
cs_ctrl,ISL,Iceland,High income,"L(d_log_gdp, 1)",-0.24309978386963288,NA,NA,NA,NA,NA
cs_ctrl,ISL,Iceland,High income,"L(d_log_gdp, 2)",0.011900701762159007,NA,NA,NA,NA,NA
cs_ctrl,ISL,Iceland,High income,dy_bar,2.157253318226835,NA,NA,NA,NA,NA
cs_ctrl,ISL,Iceland,High income,"L(dy_bar, 1)",-6.302398717114372,NA,NA,NA,NA,NA
cs_ctrl,ISL,Iceland,High income,dd_bar,0.2673570625090026,NA,NA,NA,NA,NA
cs_ctrl,ISL,Iceland,High income,"L(dd_bar, 1)",-0.0958999899002446,NA,NA,NA,NA,NA
cs_ctrl,ISL,Iceland,High income,"L(dd_bar, 2)",0.05894503124345126,NA,NA,NA,NA,NA
cs_ctrl,ISL,Iceland,High income,d_inf_bar,-0.0044172355743765,NA,NA,NA,NA,NA
cs_ctrl,ISL,Iceland,High income,"L(d_inf_bar, 1)",0.0011527699121518602,NA,NA,NA,NA,NA
cs_ctrl,ISL,Iceland,High income,"L(d_inf_bar, 2)",-0.008457329462097095,NA,NA,NA,NA,NA
cs_ctrl,ISL,Iceland,High income,d_gov_bar,-0.5460319711559313,NA,NA,NA,NA,NA
cs_ctrl,ISL,Iceland,High income,"L(d_gov_bar, 1)",-1.62359840774882,NA,NA,NA,NA,NA
cs_ctrl,ISL,Iceland,High income,"L(d_gov_bar, 2)",-3.022796980972199,NA,NA,NA,NA,NA
cs_ctrl,ISL,Iceland,High income,d_log_gdp_bar,0.3650682338500989,NA,NA,NA,NA,NA
cs_ctrl,ISL,Iceland,High income,"L(d_log_gdp_bar, 1)",-0.06814565379608327,NA,NA,NA,NA,NA
cs_ctrl,ISL,Iceland,High income,"L(d_log_gdp_bar, 2)",-0.15971230658205135,NA,NA,NA,NA,NA
cs_ctrl,ISR,Israel,High income,(Intercept),-0.01108218439569079,NA,NA,NA,NA,NA
cs_ctrl,ISR,Israel,High income,"L(dy, 1)",1.7343320836225815,NA,NA,NA,NA,NA
cs_ctrl,ISR,Israel,High income,dd,-0.16041566531199006,NA,NA,NA,NA,NA
cs_ctrl,ISR,Israel,High income,"L(dd, 1)",0.08453320064217379,NA,NA,NA,NA,NA
cs_ctrl,ISR,Israel,High income,"L(dd, 2)",-0.09755976215488388,NA,NA,NA,NA,NA
cs_ctrl,ISR,Israel,High income,d_inf,-0.36214667709956905,NA,NA,NA,NA,NA
cs_ctrl,ISR,Israel,High income,"L(d_inf, 1)",-0.3459979044643977,NA,NA,NA,NA,NA
cs_ctrl,ISR,Israel,High income,"L(d_inf, 2)",-0.36850959237829356,NA,NA,NA,NA,NA
cs_ctrl,ISR,Israel,High income,d_gov,-0.1119774604371211,NA,NA,NA,NA,NA
cs_ctrl,ISR,Israel,High income,"L(d_gov, 1)",-0.48986835428019276,NA,NA,NA,NA,NA
cs_ctrl,ISR,Israel,High income,"L(d_gov, 2)",-0.2169348277553423,NA,NA,NA,NA,NA
cs_ctrl,ISR,Israel,High income,d_log_gdp,-0.27656014500012555,NA,NA,NA,NA,NA
cs_ctrl,ISR,Israel,High income,"L(d_log_gdp, 1)",0.02346671855526064,NA,NA,NA,NA,NA
cs_ctrl,ISR,Israel,High income,"L(d_log_gdp, 2)",0.08381858516728435,NA,NA,NA,NA,NA
cs_ctrl,ISR,Israel,High income,dy_bar,-3.449166712487253,NA,NA,NA,NA,NA
cs_ctrl,ISR,Israel,High income,"L(dy_bar, 1)",-3.5805203229372986,NA,NA,NA,NA,NA
cs_ctrl,ISR,Israel,High income,"L(dy_bar, 2)",-1.8332751639247409,NA,NA,NA,NA,NA
cs_ctrl,ISR,Israel,High income,dd_bar,0.09181320998075332,NA,NA,NA,NA,NA
cs_ctrl,ISR,Israel,High income,"L(dd_bar, 1)",-0.11202136094967473,NA,NA,NA,NA,NA
cs_ctrl,ISR,Israel,High income,"L(dd_bar, 2)",0.040590751983664866,NA,NA,NA,NA,NA
cs_ctrl,ISR,Israel,High income,d_inf_bar,-0.003619388182023673,NA,NA,NA,NA,NA
cs_ctrl,ISR,Israel,High income,"L(d_inf_bar, 1)",6.842169515260868e-4,NA,NA,NA,NA,NA
cs_ctrl,ISR,Israel,High income,"L(d_inf_bar, 2)",0.006782793761009218,NA,NA,NA,NA,NA
cs_ctrl,ISR,Israel,High income,d_gov_bar,-0.46551897848961366,NA,NA,NA,NA,NA
cs_ctrl,ISR,Israel,High income,"L(d_gov_bar, 1)",0.15950522369961592,NA,NA,NA,NA,NA
cs_ctrl,ISR,Israel,High income,d_log_gdp_bar,-0.05556550276659428,NA,NA,NA,NA,NA
cs_ctrl,ISR,Israel,High income,"L(d_log_gdp_bar, 1)",-0.017895423209254187,NA,NA,NA,NA,NA
cs_ctrl,ISR,Israel,High income,"L(d_log_gdp_bar, 2)",0.027803251619645943,NA,NA,NA,NA,NA
cs_ctrl,ITA,Italy,High income,(Intercept),-0.0015927314518638604,NA,NA,NA,NA,NA
cs_ctrl,ITA,Italy,High income,"L(dy, 1)",-0.5353376531268881,NA,NA,NA,NA,NA
cs_ctrl,ITA,Italy,High income,"L(dy, 2)",-2.195247233800632,NA,NA,NA,NA,NA
cs_ctrl,ITA,Italy,High income,dd,0.08726035252428127,NA,NA,NA,NA,NA
cs_ctrl,ITA,Italy,High income,"L(dd, 1)",0.2177676861691889,NA,NA,NA,NA,NA
cs_ctrl,ITA,Italy,High income,"L(dd, 2)",-0.25124975306037783,NA,NA,NA,NA,NA
cs_ctrl,ITA,Italy,High income,d_inf,1.5832630834491803,NA,NA,NA,NA,NA
cs_ctrl,ITA,Italy,High income,"L(d_inf, 1)",0.10572611706917105,NA,NA,NA,NA,NA
cs_ctrl,ITA,Italy,High income,"L(d_inf, 2)",-0.01485455193639137,NA,NA,NA,NA,NA
cs_ctrl,ITA,Italy,High income,d_gov,-0.6471854010586661,NA,NA,NA,NA,NA
cs_ctrl,ITA,Italy,High income,"L(d_gov, 1)",-0.7698082112723406,NA,NA,NA,NA,NA
cs_ctrl,ITA,Italy,High income,"L(d_gov, 2)",-0.09892789007374723,NA,NA,NA,NA,NA
cs_ctrl,ITA,Italy,High income,d_log_gdp,0.17538096672697265,NA,NA,NA,NA,NA
cs_ctrl,ITA,Italy,High income,"L(d_log_gdp, 1)",0.12929350089724337,NA,NA,NA,NA,NA
cs_ctrl,ITA,Italy,High income,"L(d_log_gdp, 2)",0.3056883441697693,NA,NA,NA,NA,NA
cs_ctrl,ITA,Italy,High income,dy_bar,-0.0895775546595081,NA,NA,NA,NA,NA
cs_ctrl,ITA,Italy,High income,"L(dy_bar, 1)",1.5863508207084314,NA,NA,NA,NA,NA
cs_ctrl,ITA,Italy,High income,"L(dy_bar, 2)",0.10114385590511873,NA,NA,NA,NA,NA
cs_ctrl,ITA,Italy,High income,dd_bar,0.13219224380455785,NA,NA,NA,NA,NA
cs_ctrl,ITA,Italy,High income,"L(dd_bar, 1)",-0.086335392437882,NA,NA,NA,NA,NA
cs_ctrl,ITA,Italy,High income,"L(dd_bar, 2)",0.09397687154920141,NA,NA,NA,NA,NA
cs_ctrl,ITA,Italy,High income,d_inf_bar,-8.739282978675976e-4,NA,NA,NA,NA,NA
cs_ctrl,ITA,Italy,High income,"L(d_inf_bar, 1)",-0.0025098651761839372,NA,NA,NA,NA,NA
cs_ctrl,ITA,Italy,High income,"L(d_inf_bar, 2)",-0.015434669630832757,NA,NA,NA,NA,NA
cs_ctrl,ITA,Italy,High income,d_gov_bar,-0.5389212037104008,NA,NA,NA,NA,NA
cs_ctrl,ITA,Italy,High income,"L(d_gov_bar, 1)",1.6942732032402488,NA,NA,NA,NA,NA
cs_ctrl,ITA,Italy,High income,"L(d_gov_bar, 2)",-0.6202968592551754,NA,NA,NA,NA,NA
cs_ctrl,ITA,Italy,High income,d_log_gdp_bar,0.13717374904125304,NA,NA,NA,NA,NA
cs_ctrl,ITA,Italy,High income,"L(d_log_gdp_bar, 1)",NA,NA,NA,NA,NA,NA
cs_ctrl,ITA,Italy,High income,"L(d_log_gdp_bar, 2)",NA,NA,NA,NA,NA,NA
cs_ctrl,JAM,Jamaica,Lower middle income,(Intercept),0.012428719510694703,NA,NA,NA,NA,NA
cs_ctrl,JAM,Jamaica,Lower middle income,"L(dy, 1)",0.301929262577857,NA,NA,NA,NA,NA
cs_ctrl,JAM,Jamaica,Lower middle income,"L(dy, 2)",-0.6532469032909821,NA,NA,NA,NA,NA
cs_ctrl,JAM,Jamaica,Lower middle income,dd,-0.018001177770664536,NA,NA,NA,NA,NA
cs_ctrl,JAM,Jamaica,Lower middle income,"L(dd, 1)",-0.0012533715952887912,NA,NA,NA,NA,NA
cs_ctrl,JAM,Jamaica,Lower middle income,"L(dd, 2)",-0.004435283125353632,NA,NA,NA,NA,NA
cs_ctrl,JAM,Jamaica,Lower middle income,d_inf,-0.06705286476678919,NA,NA,NA,NA,NA
cs_ctrl,JAM,Jamaica,Lower middle income,"L(d_inf, 1)",-0.07220283513710636,NA,NA,NA,NA,NA
cs_ctrl,JAM,Jamaica,Lower middle income,"L(d_inf, 2)",-0.04352579890329351,NA,NA,NA,NA,NA
cs_ctrl,JAM,Jamaica,Lower middle income,d_gov,-0.28660072142768267,NA,NA,NA,NA,NA
cs_ctrl,JAM,Jamaica,Lower middle income,"L(d_gov, 1)",-0.43774771727601824,NA,NA,NA,NA,NA
cs_ctrl,JAM,Jamaica,Lower middle income,"L(d_gov, 2)",-0.28131760206953654,NA,NA,NA,NA,NA
cs_ctrl,JAM,Jamaica,Lower middle income,d_log_gdp,0.05212203908281058,NA,NA,NA,NA,NA
cs_ctrl,JAM,Jamaica,Lower middle income,"L(d_log_gdp, 1)",-0.33991475444653135,NA,NA,NA,NA,NA
cs_ctrl,JAM,Jamaica,Lower middle income,"L(d_log_gdp, 2)",-0.2787277157856244,NA,NA,NA,NA,NA
cs_ctrl,JAM,Jamaica,Lower middle income,dy_bar,2.7717260921949287,NA,NA,NA,NA,NA
cs_ctrl,JAM,Jamaica,Lower middle income,"L(dy_bar, 1)",-0.2551380291744566,NA,NA,NA,NA,NA
cs_ctrl,JAM,Jamaica,Lower middle income,"L(dy_bar, 2)",0.1738353677778774,NA,NA,NA,NA,NA
cs_ctrl,JAM,Jamaica,Lower middle income,dd_bar,-0.06488596412184683,NA,NA,NA,NA,NA
cs_ctrl,JAM,Jamaica,Lower middle income,"L(dd_bar, 1)",-0.0561932542979196,NA,NA,NA,NA,NA
cs_ctrl,JAM,Jamaica,Lower middle income,"L(dd_bar, 2)",-0.08083403914419227,NA,NA,NA,NA,NA
cs_ctrl,JAM,Jamaica,Lower middle income,d_inf_bar,0.0033153234024167412,NA,NA,NA,NA,NA
cs_ctrl,JAM,Jamaica,Lower middle income,"L(d_inf_bar, 1)",0.003093360458934327,NA,NA,NA,NA,NA
cs_ctrl,JAM,Jamaica,Lower middle income,"L(d_inf_bar, 2)",-0.001780581618024334,NA,NA,NA,NA,NA
cs_ctrl,JAM,Jamaica,Lower middle income,d_gov_bar,0.4729631259788081,NA,NA,NA,NA,NA
cs_ctrl,JAM,Jamaica,Lower middle income,"L(d_gov_bar, 1)",-0.5567806523997301,NA,NA,NA,NA,NA
cs_ctrl,JAM,Jamaica,Lower middle income,"L(d_gov_bar, 2)",-0.30773961011273393,NA,NA,NA,NA,NA
cs_ctrl,JAM,Jamaica,Lower middle income,d_log_gdp_bar,-0.16401382779924534,NA,NA,NA,NA,NA
cs_ctrl,JAM,Jamaica,Lower middle income,"L(d_log_gdp_bar, 1)",NA,NA,NA,NA,NA,NA
cs_ctrl,JAM,Jamaica,Lower middle income,"L(d_log_gdp_bar, 2)",NA,NA,NA,NA,NA,NA
cs_ctrl,JOR,Jordan,Lower middle income,(Intercept),0.010842369110682216,NA,NA,NA,NA,NA
cs_ctrl,JOR,Jordan,Lower middle income,"L(dy, 1)",0.3732498515121195,NA,NA,NA,NA,NA
cs_ctrl,JOR,Jordan,Lower middle income,dd,0.11256388051633871,NA,NA,NA,NA,NA
cs_ctrl,JOR,Jordan,Lower middle income,"L(dd, 1)",-0.012967595298366162,NA,NA,NA,NA,NA
cs_ctrl,JOR,Jordan,Lower middle income,"L(dd, 2)",0.09840204043375281,NA,NA,NA,NA,NA
cs_ctrl,JOR,Jordan,Lower middle income,d_inf,0.02174319855713954,NA,NA,NA,NA,NA
cs_ctrl,JOR,Jordan,Lower middle income,"L(d_inf, 1)",0.010632632122154727,NA,NA,NA,NA,NA
cs_ctrl,JOR,Jordan,Lower middle income,"L(d_inf, 2)",0.05796959712116609,NA,NA,NA,NA,NA
cs_ctrl,JOR,Jordan,Lower middle income,d_gov,0.35884735834767867,NA,NA,NA,NA,NA
cs_ctrl,JOR,Jordan,Lower middle income,"L(d_gov, 1)",-0.1224130681015001,NA,NA,NA,NA,NA
cs_ctrl,JOR,Jordan,Lower middle income,"L(d_gov, 2)",-0.4196031795587774,NA,NA,NA,NA,NA
cs_ctrl,JOR,Jordan,Lower middle income,d_log_gdp,0.06878319130232707,NA,NA,NA,NA,NA
cs_ctrl,JOR,Jordan,Lower middle income,"L(d_log_gdp, 1)",0.04397973605295431,NA,NA,NA,NA,NA
cs_ctrl,JOR,Jordan,Lower middle income,"L(d_log_gdp, 2)",-0.05372791951550779,NA,NA,NA,NA,NA
cs_ctrl,JOR,Jordan,Lower middle income,dy_bar,1.9653758915475792,NA,NA,NA,NA,NA
cs_ctrl,JOR,Jordan,Lower middle income,"L(dy_bar, 1)",-0.06372311081090674,NA,NA,NA,NA,NA
cs_ctrl,JOR,Jordan,Lower middle income,"L(dy_bar, 2)",-2.433954039424056,NA,NA,NA,NA,NA
cs_ctrl,JOR,Jordan,Lower middle income,dd_bar,0.012302248157957258,NA,NA,NA,NA,NA
cs_ctrl,JOR,Jordan,Lower middle income,"L(dd_bar, 1)",-0.03232952525923865,NA,NA,NA,NA,NA
cs_ctrl,JOR,Jordan,Lower middle income,"L(dd_bar, 2)",-0.08226452846515958,NA,NA,NA,NA,NA
cs_ctrl,JOR,Jordan,Lower middle income,d_inf_bar,-0.0029445823255385612,NA,NA,NA,NA,NA
cs_ctrl,JOR,Jordan,Lower middle income,"L(d_inf_bar, 1)",-0.0012865680477136094,NA,NA,NA,NA,NA
cs_ctrl,JOR,Jordan,Lower middle income,"L(d_inf_bar, 2)",-0.003309866183735955,NA,NA,NA,NA,NA
cs_ctrl,JOR,Jordan,Lower middle income,d_gov_bar,-0.5933366582043379,NA,NA,NA,NA,NA
cs_ctrl,JOR,Jordan,Lower middle income,"L(d_gov_bar, 1)",-0.544638830397075,NA,NA,NA,NA,NA
cs_ctrl,JOR,Jordan,Lower middle income,"L(d_gov_bar, 2)",-1.005954665712848,NA,NA,NA,NA,NA
cs_ctrl,JOR,Jordan,Lower middle income,d_log_gdp_bar,-0.04381824260305101,NA,NA,NA,NA,NA
cs_ctrl,JOR,Jordan,Lower middle income,"L(d_log_gdp_bar, 1)",-0.33804835998860794,NA,NA,NA,NA,NA
cs_ctrl,JPN,Japan,High income,(Intercept),-0.005053933915501286,NA,NA,NA,NA,NA
cs_ctrl,JPN,Japan,High income,"L(dy, 1)",0.32891419894675394,NA,NA,NA,NA,NA
cs_ctrl,JPN,Japan,High income,dd,-0.16201246892449223,NA,NA,NA,NA,NA
cs_ctrl,JPN,Japan,High income,"L(dd, 1)",0.09122151399841211,NA,NA,NA,NA,NA
cs_ctrl,JPN,Japan,High income,"L(dd, 2)",0.06366174344890883,NA,NA,NA,NA,NA
cs_ctrl,JPN,Japan,High income,d_inf,0.6184285133122932,NA,NA,NA,NA,NA
cs_ctrl,JPN,Japan,High income,"L(d_inf, 1)",0.6296382948598591,NA,NA,NA,NA,NA
cs_ctrl,JPN,Japan,High income,"L(d_inf, 2)",0.4476877400059309,NA,NA,NA,NA,NA
cs_ctrl,JPN,Japan,High income,d_gov,-0.022307236009249824,NA,NA,NA,NA,NA
cs_ctrl,JPN,Japan,High income,"L(d_gov, 1)",3.420714893601639,NA,NA,NA,NA,NA
cs_ctrl,JPN,Japan,High income,"L(d_gov, 2)",0.16759354507336557,NA,NA,NA,NA,NA
cs_ctrl,JPN,Japan,High income,d_log_gdp,-0.552138488441639,NA,NA,NA,NA,NA
cs_ctrl,JPN,Japan,High income,"L(d_log_gdp, 1)",0.2776010518236102,NA,NA,NA,NA,NA
cs_ctrl,JPN,Japan,High income,"L(d_log_gdp, 2)",0.024984426965940106,NA,NA,NA,NA,NA
cs_ctrl,JPN,Japan,High income,dy_bar,4.71814237974671,NA,NA,NA,NA,NA
cs_ctrl,JPN,Japan,High income,"L(dy_bar, 1)",1.273425552757492,NA,NA,NA,NA,NA
cs_ctrl,JPN,Japan,High income,"L(dy_bar, 2)",1.0274956348520716,NA,NA,NA,NA,NA
cs_ctrl,JPN,Japan,High income,dd_bar,-0.01574986756159686,NA,NA,NA,NA,NA
cs_ctrl,JPN,Japan,High income,"L(dd_bar, 1)",0.08084098847034814,NA,NA,NA,NA,NA
cs_ctrl,JPN,Japan,High income,"L(dd_bar, 2)",-0.0902800562024104,NA,NA,NA,NA,NA
cs_ctrl,JPN,Japan,High income,d_inf_bar,7.259298877149837e-4,NA,NA,NA,NA,NA
cs_ctrl,JPN,Japan,High income,"L(d_inf_bar, 1)",-0.002306376106151093,NA,NA,NA,NA,NA
cs_ctrl,JPN,Japan,High income,"L(d_inf_bar, 2)",0.006831699514963887,NA,NA,NA,NA,NA
cs_ctrl,JPN,Japan,High income,d_gov_bar,0.2775597560614679,NA,NA,NA,NA,NA
cs_ctrl,JPN,Japan,High income,"L(d_gov_bar, 1)",-1.4658399335746204,NA,NA,NA,NA,NA
cs_ctrl,JPN,Japan,High income,"L(d_gov_bar, 2)",1.1706939155745877,NA,NA,NA,NA,NA
cs_ctrl,JPN,Japan,High income,d_log_gdp_bar,0.18398241389115208,NA,NA,NA,NA,NA
cs_ctrl,JPN,Japan,High income,"L(d_log_gdp_bar, 1)",-0.21657797537072127,NA,NA,NA,NA,NA
cs_ctrl,KAZ,Kazakhstan,Upper middle income,(Intercept),-0.0196505497233909,NA,NA,NA,NA,NA
cs_ctrl,KAZ,Kazakhstan,Upper middle income,"L(dy, 1)",1.1322698949908914,NA,NA,NA,NA,NA
cs_ctrl,KAZ,Kazakhstan,Upper middle income,"L(dy, 2)",-4.661792703052794,NA,NA,NA,NA,NA
cs_ctrl,KAZ,Kazakhstan,Upper middle income,dd,-0.30321715289544715,NA,NA,NA,NA,NA
cs_ctrl,KAZ,Kazakhstan,Upper middle income,"L(dd, 1)",-0.03969607980781092,NA,NA,NA,NA,NA
cs_ctrl,KAZ,Kazakhstan,Upper middle income,"L(dd, 2)",-0.004876206243978875,NA,NA,NA,NA,NA
cs_ctrl,KAZ,Kazakhstan,Upper middle income,d_inf,-0.03605359609368854,NA,NA,NA,NA,NA
cs_ctrl,KAZ,Kazakhstan,Upper middle income,"L(d_inf, 1)",0.004957779671169246,NA,NA,NA,NA,NA
cs_ctrl,KAZ,Kazakhstan,Upper middle income,"L(d_inf, 2)",0.019131118981492928,NA,NA,NA,NA,NA
cs_ctrl,KAZ,Kazakhstan,Upper middle income,d_gov,0.11388315365223259,NA,NA,NA,NA,NA
cs_ctrl,KAZ,Kazakhstan,Upper middle income,"L(d_gov, 1)",1.3066596849585745,NA,NA,NA,NA,NA
cs_ctrl,KAZ,Kazakhstan,Upper middle income,"L(d_gov, 2)",0.1606851473727675,NA,NA,NA,NA,NA
cs_ctrl,KAZ,Kazakhstan,Upper middle income,d_log_gdp,0.5318205745340352,NA,NA,NA,NA,NA
cs_ctrl,KAZ,Kazakhstan,Upper middle income,"L(d_log_gdp, 1)",0.10300434148016255,NA,NA,NA,NA,NA
cs_ctrl,KAZ,Kazakhstan,Upper middle income,"L(d_log_gdp, 2)",-0.04009663073466726,NA,NA,NA,NA,NA
cs_ctrl,KAZ,Kazakhstan,Upper middle income,dy_bar,1.7221236658845538,NA,NA,NA,NA,NA
cs_ctrl,KAZ,Kazakhstan,Upper middle income,"L(dy_bar, 1)",23.977094087301218,NA,NA,NA,NA,NA
cs_ctrl,KAZ,Kazakhstan,Upper middle income,"L(dy_bar, 2)",-6.785780284066059,NA,NA,NA,NA,NA
cs_ctrl,KAZ,Kazakhstan,Upper middle income,dd_bar,3.477126531690422,NA,NA,NA,NA,NA
cs_ctrl,KAZ,Kazakhstan,Upper middle income,"L(dd_bar, 1)",-2.1091241431574423,NA,NA,NA,NA,NA
cs_ctrl,KAZ,Kazakhstan,Upper middle income,"L(dd_bar, 2)",0.12219239380300488,NA,NA,NA,NA,NA
cs_ctrl,KAZ,Kazakhstan,Upper middle income,d_inf_bar,0.027112193059260888,NA,NA,NA,NA,NA
cs_ctrl,KAZ,Kazakhstan,Upper middle income,"L(d_inf_bar, 1)",0.06082783447059088,NA,NA,NA,NA,NA
cs_ctrl,KAZ,Kazakhstan,Upper middle income,"L(d_inf_bar, 2)",-0.26287772389795816,NA,NA,NA,NA,NA
cs_ctrl,KAZ,Kazakhstan,Upper middle income,d_gov_bar,-26.787278824513734,NA,NA,NA,NA,NA
cs_ctrl,KAZ,Kazakhstan,Upper middle income,"L(d_gov_bar, 1)",16.368123797109313,NA,NA,NA,NA,NA
cs_ctrl,KAZ,Kazakhstan,Upper middle income,"L(d_gov_bar, 2)",-3.9932914623191738,NA,NA,NA,NA,NA
cs_ctrl,KAZ,Kazakhstan,Upper middle income,d_log_gdp_bar,-0.6862684798830314,NA,NA,NA,NA,NA
cs_ctrl,KAZ,Kazakhstan,Upper middle income,"L(d_log_gdp_bar, 1)",NA,NA,NA,NA,NA,NA
cs_ctrl,KAZ,Kazakhstan,Upper middle income,"L(d_log_gdp_bar, 2)",NA,NA,NA,NA,NA,NA
cs_ctrl,KEN,Kenya,Low income,(Intercept),-0.047308979112835096,NA,NA,NA,NA,NA
cs_ctrl,KEN,Kenya,Low income,"L(dy, 1)",1.7043799651431926,NA,NA,NA,NA,NA
cs_ctrl,KEN,Kenya,Low income,dd,-0.46358705233806,NA,NA,NA,NA,NA
cs_ctrl,KEN,Kenya,Low income,"L(dd, 1)",0.43509152150565694,NA,NA,NA,NA,NA
cs_ctrl,KEN,Kenya,Low income,"L(dd, 2)",0.6467997355360361,NA,NA,NA,NA,NA
cs_ctrl,KEN,Kenya,Low income,d_inf,0.09640383823784647,NA,NA,NA,NA,NA
cs_ctrl,KEN,Kenya,Low income,"L(d_inf, 1)",-0.5830928007866866,NA,NA,NA,NA,NA
cs_ctrl,KEN,Kenya,Low income,"L(d_inf, 2)",0.0028449155690767006,NA,NA,NA,NA,NA
cs_ctrl,KEN,Kenya,Low income,d_gov,0.6569056001183179,NA,NA,NA,NA,NA
cs_ctrl,KEN,Kenya,Low income,"L(d_gov, 1)",-0.9846901615745409,NA,NA,NA,NA,NA
cs_ctrl,KEN,Kenya,Low income,"L(d_gov, 2)",-0.4204297177615846,NA,NA,NA,NA,NA
cs_ctrl,KEN,Kenya,Low income,d_log_gdp,0.4003251515903675,NA,NA,NA,NA,NA
cs_ctrl,KEN,Kenya,Low income,"L(d_log_gdp, 1)",3.2240734357497606e-4,NA,NA,NA,NA,NA
cs_ctrl,KEN,Kenya,Low income,dy_bar,-8.715457016323013,NA,NA,NA,NA,NA
cs_ctrl,KEN,Kenya,Low income,"L(dy_bar, 1)",-23.649351412477635,NA,NA,NA,NA,NA
cs_ctrl,KEN,Kenya,Low income,"L(dy_bar, 2)",24.604051168351873,NA,NA,NA,NA,NA
cs_ctrl,KEN,Kenya,Low income,dd_bar,-0.026459038956531053,NA,NA,NA,NA,NA
cs_ctrl,KEN,Kenya,Low income,"L(dd_bar, 1)",0.13981781246981254,NA,NA,NA,NA,NA
cs_ctrl,KEN,Kenya,Low income,"L(dd_bar, 2)",-0.1692570792204219,NA,NA,NA,NA,NA
cs_ctrl,KEN,Kenya,Low income,d_inf_bar,0.007896932811286391,NA,NA,NA,NA,NA
cs_ctrl,KEN,Kenya,Low income,"L(d_inf_bar, 1)",-0.007234050520114976,NA,NA,NA,NA,NA
cs_ctrl,KEN,Kenya,Low income,"L(d_inf_bar, 2)",-0.08739391909802828,NA,NA,NA,NA,NA
cs_ctrl,KEN,Kenya,Low income,d_gov_bar,-5.976202461213757,NA,NA,NA,NA,NA
cs_ctrl,KEN,Kenya,Low income,"L(d_gov_bar, 1)",-7.41898917475033,NA,NA,NA,NA,NA
cs_ctrl,KEN,Kenya,Low income,"L(d_gov_bar, 2)",3.437369963303571,NA,NA,NA,NA,NA
cs_ctrl,KEN,Kenya,Low income,d_log_gdp_bar,-0.03450329000708833,NA,NA,NA,NA,NA
cs_ctrl,KEN,Kenya,Low income,"L(d_log_gdp_bar, 1)",-1.3467221992092473,NA,NA,NA,NA,NA
cs_ctrl,KEN,Kenya,Low income,"L(d_log_gdp_bar, 2)",2.14265182419634,NA,NA,NA,NA,NA
cs_ctrl,KGZ,Kyrgyzstan,Low income,(Intercept),0.08939316811922503,NA,NA,NA,NA,NA
cs_ctrl,KGZ,Kyrgyzstan,Low income,"L(dy, 1)",-0.796355485215256,NA,NA,NA,NA,NA
cs_ctrl,KGZ,Kyrgyzstan,Low income,"L(dy, 2)",-3.326234578566941,NA,NA,NA,NA,NA
cs_ctrl,KGZ,Kyrgyzstan,Low income,dd,0.24189765620955056,NA,NA,NA,NA,NA
cs_ctrl,KGZ,Kyrgyzstan,Low income,"L(dd, 1)",0.3713762688059976,NA,NA,NA,NA,NA
cs_ctrl,KGZ,Kyrgyzstan,Low income,"L(dd, 2)",0.20767689017729352,NA,NA,NA,NA,NA
cs_ctrl,KGZ,Kyrgyzstan,Low income,d_inf,0.0023354154620143777,NA,NA,NA,NA,NA
cs_ctrl,KGZ,Kyrgyzstan,Low income,"L(d_inf, 1)",0.026844958116896137,NA,NA,NA,NA,NA
cs_ctrl,KGZ,Kyrgyzstan,Low income,"L(d_inf, 2)",-4.2475825470035555e-4,NA,NA,NA,NA,NA
cs_ctrl,KGZ,Kyrgyzstan,Low income,d_gov,-1.7673755112932665,NA,NA,NA,NA,NA
cs_ctrl,KGZ,Kyrgyzstan,Low income,"L(d_gov, 1)",0.47490033961115624,NA,NA,NA,NA,NA
cs_ctrl,KGZ,Kyrgyzstan,Low income,"L(d_gov, 2)",1.8389787345028232,NA,NA,NA,NA,NA
cs_ctrl,KGZ,Kyrgyzstan,Low income,d_log_gdp,-0.5496630396034047,NA,NA,NA,NA,NA
cs_ctrl,KGZ,Kyrgyzstan,Low income,"L(d_log_gdp, 1)",0.032216713276449094,NA,NA,NA,NA,NA
cs_ctrl,KGZ,Kyrgyzstan,Low income,"L(d_log_gdp, 2)",-0.07162554721834269,NA,NA,NA,NA,NA
cs_ctrl,KGZ,Kyrgyzstan,Low income,dy_bar,-36.52154843088779,NA,NA,NA,NA,NA
cs_ctrl,KGZ,Kyrgyzstan,Low income,"L(dy_bar, 1)",9.960396757920863,NA,NA,NA,NA,NA
cs_ctrl,KGZ,Kyrgyzstan,Low income,"L(dy_bar, 2)",-17.441872828411075,NA,NA,NA,NA,NA
cs_ctrl,KGZ,Kyrgyzstan,Low income,dd_bar,-1.7551442905874457,NA,NA,NA,NA,NA
cs_ctrl,KGZ,Kyrgyzstan,Low income,"L(dd_bar, 1)",-0.29133180107271905,NA,NA,NA,NA,NA
cs_ctrl,KGZ,Kyrgyzstan,Low income,"L(dd_bar, 2)",-1.1683962692124958,NA,NA,NA,NA,NA
cs_ctrl,KGZ,Kyrgyzstan,Low income,d_inf_bar,-0.04598784620017969,NA,NA,NA,NA,NA
cs_ctrl,KGZ,Kyrgyzstan,Low income,"L(d_inf_bar, 1)",0.023548662380110972,NA,NA,NA,NA,NA
cs_ctrl,KGZ,Kyrgyzstan,Low income,"L(d_inf_bar, 2)",0.15104376988697196,NA,NA,NA,NA,NA
cs_ctrl,KGZ,Kyrgyzstan,Low income,d_gov_bar,-10.319520651830253,NA,NA,NA,NA,NA
cs_ctrl,KGZ,Kyrgyzstan,Low income,"L(d_gov_bar, 1)",1.8548877249858797,NA,NA,NA,NA,NA
cs_ctrl,KGZ,Kyrgyzstan,Low income,"L(d_gov_bar, 2)",11.6318384502587,NA,NA,NA,NA,NA
cs_ctrl,KGZ,Kyrgyzstan,Low income,d_log_gdp_bar,-2.0086925229343766,NA,NA,NA,NA,NA
cs_ctrl,KGZ,Kyrgyzstan,Low income,"L(d_log_gdp_bar, 1)",NA,NA,NA,NA,NA,NA
cs_ctrl,KGZ,Kyrgyzstan,Low income,"L(d_log_gdp_bar, 2)",NA,NA,NA,NA,NA,NA
cs_ctrl,KHM,Cambodia,Low income,(Intercept),0.028133485264681055,NA,NA,NA,NA,NA
cs_ctrl,KHM,Cambodia,Low income,"L(dy, 1)",0.1440113034819195,NA,NA,NA,NA,NA
cs_ctrl,KHM,Cambodia,Low income,dd,-0.37148818367722125,NA,NA,NA,NA,NA
cs_ctrl,KHM,Cambodia,Low income,"L(dd, 1)",0.18188765529303463,NA,NA,NA,NA,NA
cs_ctrl,KHM,Cambodia,Low income,d_inf,0.18778229836643714,NA,NA,NA,NA,NA
cs_ctrl,KHM,Cambodia,Low income,"L(d_inf, 1)",0.19970857181885693,NA,NA,NA,NA,NA
cs_ctrl,KHM,Cambodia,Low income,"L(d_inf, 2)",-7.130473421407651e-4,NA,NA,NA,NA,NA
cs_ctrl,KHM,Cambodia,Low income,d_gov,1.7590734025837087,NA,NA,NA,NA,NA
cs_ctrl,KHM,Cambodia,Low income,"L(d_gov, 1)",0.1610384013760354,NA,NA,NA,NA,NA
cs_ctrl,KHM,Cambodia,Low income,"L(d_gov, 2)",-3.9958102385707264,NA,NA,NA,NA,NA
cs_ctrl,KHM,Cambodia,Low income,d_log_gdp,-0.45269051375995295,NA,NA,NA,NA,NA
cs_ctrl,KHM,Cambodia,Low income,"L(d_log_gdp, 1)",0.2154108555953362,NA,NA,NA,NA,NA
cs_ctrl,KHM,Cambodia,Low income,"L(d_log_gdp, 2)",-0.21140983690305465,NA,NA,NA,NA,NA
cs_ctrl,KHM,Cambodia,Low income,dy_bar,10.340701195174988,NA,NA,NA,NA,NA
cs_ctrl,KHM,Cambodia,Low income,"L(dy_bar, 1)",0.4913735827630231,NA,NA,NA,NA,NA
cs_ctrl,KHM,Cambodia,Low income,"L(dy_bar, 2)",15.15125837201755,NA,NA,NA,NA,NA
cs_ctrl,KHM,Cambodia,Low income,dd_bar,-0.08422172260170831,NA,NA,NA,NA,NA
cs_ctrl,KHM,Cambodia,Low income,"L(dd_bar, 1)",-0.21607335026482613,NA,NA,NA,NA,NA
cs_ctrl,KHM,Cambodia,Low income,"L(dd_bar, 2)",0.35568138718972314,NA,NA,NA,NA,NA
cs_ctrl,KHM,Cambodia,Low income,d_inf_bar,-0.00794025025815495,NA,NA,NA,NA,NA
cs_ctrl,KHM,Cambodia,Low income,"L(d_inf_bar, 1)",-0.005777351255948068,NA,NA,NA,NA,NA
cs_ctrl,KHM,Cambodia,Low income,"L(d_inf_bar, 2)",0.04756799967447519,NA,NA,NA,NA,NA
cs_ctrl,KHM,Cambodia,Low income,d_gov_bar,0.5996271319466838,NA,NA,NA,NA,NA
cs_ctrl,KHM,Cambodia,Low income,"L(d_gov_bar, 1)",3.078370111800619,NA,NA,NA,NA,NA
cs_ctrl,KHM,Cambodia,Low income,"L(d_gov_bar, 2)",0.3626725264925671,NA,NA,NA,NA,NA
cs_ctrl,KHM,Cambodia,Low income,d_log_gdp_bar,0.398801542698575,NA,NA,NA,NA,NA
cs_ctrl,KHM,Cambodia,Low income,"L(d_log_gdp_bar, 1)",-0.17124035636987917,NA,NA,NA,NA,NA
cs_ctrl,KHM,Cambodia,Low income,"L(d_log_gdp_bar, 2)",0.36006380762324147,NA,NA,NA,NA,NA
cs_ctrl,KNA,Saint Kitts and Nevis,Upper middle income,(Intercept),-0.018544949671623515,NA,NA,NA,NA,NA
cs_ctrl,KNA,Saint Kitts and Nevis,Upper middle income,"L(dy, 1)",-0.8287328389161113,NA,NA,NA,NA,NA
cs_ctrl,KNA,Saint Kitts and Nevis,Upper middle income,"L(dy, 2)",-2.2345687909717937,NA,NA,NA,NA,NA
cs_ctrl,KNA,Saint Kitts and Nevis,Upper middle income,dd,-0.048613066907046656,NA,NA,NA,NA,NA
cs_ctrl,KNA,Saint Kitts and Nevis,Upper middle income,"L(dd, 1)",0.08331370632057705,NA,NA,NA,NA,NA
cs_ctrl,KNA,Saint Kitts and Nevis,Upper middle income,"L(dd, 2)",-0.013436359334816293,NA,NA,NA,NA,NA
cs_ctrl,KNA,Saint Kitts and Nevis,Upper middle income,d_inf,-0.012623553385477692,NA,NA,NA,NA,NA
cs_ctrl,KNA,Saint Kitts and Nevis,Upper middle income,"L(d_inf, 1)",0.029147194828686065,NA,NA,NA,NA,NA
cs_ctrl,KNA,Saint Kitts and Nevis,Upper middle income,"L(d_inf, 2)",-0.29574359830534297,NA,NA,NA,NA,NA
cs_ctrl,KNA,Saint Kitts and Nevis,Upper middle income,d_gov,-0.034467176783978565,NA,NA,NA,NA,NA
cs_ctrl,KNA,Saint Kitts and Nevis,Upper middle income,"L(d_gov, 1)",0.4955513567516257,NA,NA,NA,NA,NA
cs_ctrl,KNA,Saint Kitts and Nevis,Upper middle income,"L(d_gov, 2)",-0.050736657649043095,NA,NA,NA,NA,NA
cs_ctrl,KNA,Saint Kitts and Nevis,Upper middle income,d_log_gdp,-0.1081188321170495,NA,NA,NA,NA,NA
cs_ctrl,KNA,Saint Kitts and Nevis,Upper middle income,"L(d_log_gdp, 1)",0.028619683719480846,NA,NA,NA,NA,NA
cs_ctrl,KNA,Saint Kitts and Nevis,Upper middle income,"L(d_log_gdp, 2)",-0.1923837356909253,NA,NA,NA,NA,NA
cs_ctrl,KNA,Saint Kitts and Nevis,Upper middle income,dy_bar,2.859834950248339,NA,NA,NA,NA,NA
cs_ctrl,KNA,Saint Kitts and Nevis,Upper middle income,"L(dy_bar, 1)",-1.3283586690494156,NA,NA,NA,NA,NA
cs_ctrl,KNA,Saint Kitts and Nevis,Upper middle income,"L(dy_bar, 2)",-4.891389703264882,NA,NA,NA,NA,NA
cs_ctrl,KNA,Saint Kitts and Nevis,Upper middle income,dd_bar,0.5725476515476864,NA,NA,NA,NA,NA
cs_ctrl,KNA,Saint Kitts and Nevis,Upper middle income,"L(dd_bar, 1)",-0.40217517294105526,NA,NA,NA,NA,NA
cs_ctrl,KNA,Saint Kitts and Nevis,Upper middle income,"L(dd_bar, 2)",-0.16368881689710812,NA,NA,NA,NA,NA
cs_ctrl,KNA,Saint Kitts and Nevis,Upper middle income,d_inf_bar,-0.004299340920976716,NA,NA,NA,NA,NA
cs_ctrl,KNA,Saint Kitts and Nevis,Upper middle income,"L(d_inf_bar, 1)",0.005779760354743193,NA,NA,NA,NA,NA
cs_ctrl,KNA,Saint Kitts and Nevis,Upper middle income,"L(d_inf_bar, 2)",0.03489787234954324,NA,NA,NA,NA,NA
cs_ctrl,KNA,Saint Kitts and Nevis,Upper middle income,d_gov_bar,-5.645005016326985,NA,NA,NA,NA,NA
cs_ctrl,KNA,Saint Kitts and Nevis,Upper middle income,"L(d_gov_bar, 1)",0.2053587297811613,NA,NA,NA,NA,NA
cs_ctrl,KNA,Saint Kitts and Nevis,Upper middle income,"L(d_gov_bar, 2)",0.14505299730162408,NA,NA,NA,NA,NA
cs_ctrl,KNA,Saint Kitts and Nevis,Upper middle income,d_log_gdp_bar,0.3736253691322862,NA,NA,NA,NA,NA
cs_ctrl,KNA,Saint Kitts and Nevis,Upper middle income,"L(d_log_gdp_bar, 1)",NA,NA,NA,NA,NA,NA
cs_ctrl,KNA,Saint Kitts and Nevis,Upper middle income,"L(d_log_gdp_bar, 2)",NA,NA,NA,NA,NA,NA
cs_ctrl,KWT,Kuwait,High income,(Intercept),-0.028157086130086294,NA,NA,NA,NA,NA
cs_ctrl,KWT,Kuwait,High income,"L(dy, 1)",-0.6092508372599181,NA,NA,NA,NA,NA
cs_ctrl,KWT,Kuwait,High income,"L(dy, 2)",0.14066967123977506,NA,NA,NA,NA,NA
cs_ctrl,KWT,Kuwait,High income,dd,0.009748515043724593,NA,NA,NA,NA,NA
cs_ctrl,KWT,Kuwait,High income,"L(dd, 1)",0.10428173269530124,NA,NA,NA,NA,NA
cs_ctrl,KWT,Kuwait,High income,"L(dd, 2)",0.08422310136982324,NA,NA,NA,NA,NA
cs_ctrl,KWT,Kuwait,High income,d_inf,-0.24218755216742704,NA,NA,NA,NA,NA
cs_ctrl,KWT,Kuwait,High income,"L(d_inf, 1)",-0.33895014708614446,NA,NA,NA,NA,NA
cs_ctrl,KWT,Kuwait,High income,"L(d_inf, 2)",-0.134112646228043,NA,NA,NA,NA,NA
cs_ctrl,KWT,Kuwait,High income,d_gov,-0.026017587692636856,NA,NA,NA,NA,NA
cs_ctrl,KWT,Kuwait,High income,"L(d_gov, 1)",0.05274202850540008,NA,NA,NA,NA,NA
cs_ctrl,KWT,Kuwait,High income,"L(d_gov, 2)",-0.008171482248680119,NA,NA,NA,NA,NA
cs_ctrl,KWT,Kuwait,High income,d_log_gdp,0.2212099359613354,NA,NA,NA,NA,NA
cs_ctrl,KWT,Kuwait,High income,"L(d_log_gdp, 1)",0.14985014038728017,NA,NA,NA,NA,NA
cs_ctrl,KWT,Kuwait,High income,"L(d_log_gdp, 2)",0.06764062938524881,NA,NA,NA,NA,NA
cs_ctrl,KWT,Kuwait,High income,dy_bar,-9.311230641027487,NA,NA,NA,NA,NA
cs_ctrl,KWT,Kuwait,High income,"L(dy_bar, 1)",-15.495899400880484,NA,NA,NA,NA,NA
cs_ctrl,KWT,Kuwait,High income,"L(dy_bar, 2)",2.5841000798291405,NA,NA,NA,NA,NA
cs_ctrl,KWT,Kuwait,High income,dd_bar,-0.14453765346045025,NA,NA,NA,NA,NA
cs_ctrl,KWT,Kuwait,High income,"L(dd_bar, 1)",0.8158484284941089,NA,NA,NA,NA,NA
cs_ctrl,KWT,Kuwait,High income,"L(dd_bar, 2)",-0.2848395489816159,NA,NA,NA,NA,NA
cs_ctrl,KWT,Kuwait,High income,d_inf_bar,-0.004281396279197947,NA,NA,NA,NA,NA
cs_ctrl,KWT,Kuwait,High income,"L(d_inf_bar, 1)",-0.025128253588240678,NA,NA,NA,NA,NA
cs_ctrl,KWT,Kuwait,High income,"L(d_inf_bar, 2)",0.01827802201030683,NA,NA,NA,NA,NA
cs_ctrl,KWT,Kuwait,High income,d_gov_bar,0.9886161284672401,NA,NA,NA,NA,NA
cs_ctrl,KWT,Kuwait,High income,"L(d_gov_bar, 1)",-12.852465866328114,NA,NA,NA,NA,NA
cs_ctrl,KWT,Kuwait,High income,"L(d_gov_bar, 2)",0.28212358347190586,NA,NA,NA,NA,NA
cs_ctrl,KWT,Kuwait,High income,d_log_gdp_bar,0.29510866739106684,NA,NA,NA,NA,NA
cs_ctrl,KWT,Kuwait,High income,"L(d_log_gdp_bar, 1)",NA,NA,NA,NA,NA,NA
cs_ctrl,KWT,Kuwait,High income,"L(d_log_gdp_bar, 2)",NA,NA,NA,NA,NA,NA
cs_ctrl,LAO,Lao PDR,Low income,(Intercept),0.006150638430380095,NA,NA,NA,NA,NA
cs_ctrl,LAO,Lao PDR,Low income,"L(dy, 1)",0.9976415929357233,NA,NA,NA,NA,NA
cs_ctrl,LAO,Lao PDR,Low income,"L(dy, 2)",-0.3268937759378659,NA,NA,NA,NA,NA
cs_ctrl,LAO,Lao PDR,Low income,dd,-0.01033001777859791,NA,NA,NA,NA,NA
cs_ctrl,LAO,Lao PDR,Low income,"L(dd, 1)",-0.012650321332818836,NA,NA,NA,NA,NA
cs_ctrl,LAO,Lao PDR,Low income,"L(dd, 2)",0.015825544804450774,NA,NA,NA,NA,NA
cs_ctrl,LAO,Lao PDR,Low income,d_inf,0.021721165312712665,NA,NA,NA,NA,NA
cs_ctrl,LAO,Lao PDR,Low income,"L(d_inf, 1)",-0.009455794375316445,NA,NA,NA,NA,NA
cs_ctrl,LAO,Lao PDR,Low income,"L(d_inf, 2)",-0.006072574337852032,NA,NA,NA,NA,NA
cs_ctrl,LAO,Lao PDR,Low income,d_gov,0.05696237107691839,NA,NA,NA,NA,NA
cs_ctrl,LAO,Lao PDR,Low income,"L(d_gov, 1)",0.09105867333122296,NA,NA,NA,NA,NA
cs_ctrl,LAO,Lao PDR,Low income,"L(d_gov, 2)",0.01960564313016858,NA,NA,NA,NA,NA
cs_ctrl,LAO,Lao PDR,Low income,d_log_gdp,-0.01759552312792585,NA,NA,NA,NA,NA
cs_ctrl,LAO,Lao PDR,Low income,"L(d_log_gdp, 1)",-0.005868867042366096,NA,NA,NA,NA,NA
cs_ctrl,LAO,Lao PDR,Low income,"L(d_log_gdp, 2)",-0.03240549048887152,NA,NA,NA,NA,NA
cs_ctrl,LAO,Lao PDR,Low income,dy_bar,-0.46080207251664246,NA,NA,NA,NA,NA
cs_ctrl,LAO,Lao PDR,Low income,"L(dy_bar, 1)",-0.7191718960663843,NA,NA,NA,NA,NA
cs_ctrl,LAO,Lao PDR,Low income,"L(dy_bar, 2)",-1.682307439366745,NA,NA,NA,NA,NA
cs_ctrl,LAO,Lao PDR,Low income,dd_bar,-0.02577994096697982,NA,NA,NA,NA,NA
cs_ctrl,LAO,Lao PDR,Low income,"L(dd_bar, 1)",-0.02659964713991515,NA,NA,NA,NA,NA
cs_ctrl,LAO,Lao PDR,Low income,"L(dd_bar, 2)",0.010314788720115197,NA,NA,NA,NA,NA
cs_ctrl,LAO,Lao PDR,Low income,d_inf_bar,2.2430645145693321e-4,NA,NA,NA,NA,NA
cs_ctrl,LAO,Lao PDR,Low income,"L(d_inf_bar, 1)",2.597615620591773e-4,NA,NA,NA,NA,NA
cs_ctrl,LAO,Lao PDR,Low income,"L(d_inf_bar, 2)",0.003062736091644745,NA,NA,NA,NA,NA
cs_ctrl,LAO,Lao PDR,Low income,d_gov_bar,0.02890426412907785,NA,NA,NA,NA,NA
cs_ctrl,LAO,Lao PDR,Low income,"L(d_gov_bar, 1)",-0.7223256014757019,NA,NA,NA,NA,NA
cs_ctrl,LAO,Lao PDR,Low income,"L(d_gov_bar, 2)",-0.23130257950296274,NA,NA,NA,NA,NA
cs_ctrl,LAO,Lao PDR,Low income,d_log_gdp_bar,-0.15125361837727078,NA,NA,NA,NA,NA
cs_ctrl,LAO,Lao PDR,Low income,"L(d_log_gdp_bar, 1)",NA,NA,NA,NA,NA,NA
cs_ctrl,LAO,Lao PDR,Low income,"L(d_log_gdp_bar, 2)",NA,NA,NA,NA,NA,NA
cs_ctrl,LBN,Lebanon,Upper middle income,(Intercept),0.01171843067488113,NA,NA,NA,NA,NA
cs_ctrl,LBN,Lebanon,Upper middle income,"L(dy, 1)",0.06802243421841973,NA,NA,NA,NA,NA
cs_ctrl,LBN,Lebanon,Upper middle income,"L(dy, 2)",0.7748161929635369,NA,NA,NA,NA,NA
cs_ctrl,LBN,Lebanon,Upper middle income,dd,-0.2112720414011561,NA,NA,NA,NA,NA
cs_ctrl,LBN,Lebanon,Upper middle income,"L(dd, 1)",-0.052996714854454285,NA,NA,NA,NA,NA
cs_ctrl,LBN,Lebanon,Upper middle income,"L(dd, 2)",0.27791739033839236,NA,NA,NA,NA,NA
cs_ctrl,LBN,Lebanon,Upper middle income,d_inf,-0.08173881928256008,NA,NA,NA,NA,NA
cs_ctrl,LBN,Lebanon,Upper middle income,"L(d_inf, 1)",-0.17648735969673118,NA,NA,NA,NA,NA
cs_ctrl,LBN,Lebanon,Upper middle income,"L(d_inf, 2)",-0.009661852130595162,NA,NA,NA,NA,NA
cs_ctrl,LBN,Lebanon,Upper middle income,d_gov,-0.35379454981492103,NA,NA,NA,NA,NA
cs_ctrl,LBN,Lebanon,Upper middle income,"L(d_gov, 1)",-0.43397077283245494,NA,NA,NA,NA,NA
cs_ctrl,LBN,Lebanon,Upper middle income,"L(d_gov, 2)",0.1627126641653618,NA,NA,NA,NA,NA
cs_ctrl,LBN,Lebanon,Upper middle income,d_log_gdp,-0.02046401810894389,NA,NA,NA,NA,NA
cs_ctrl,LBN,Lebanon,Upper middle income,"L(d_log_gdp, 1)",-0.21313578882479348,NA,NA,NA,NA,NA
cs_ctrl,LBN,Lebanon,Upper middle income,"L(d_log_gdp, 2)",-0.021978200122054998,NA,NA,NA,NA,NA
cs_ctrl,LBN,Lebanon,Upper middle income,dy_bar,-2.8989893548460977,NA,NA,NA,NA,NA
cs_ctrl,LBN,Lebanon,Upper middle income,"L(dy_bar, 1)",-2.862018072027559,NA,NA,NA,NA,NA
cs_ctrl,LBN,Lebanon,Upper middle income,"L(dy_bar, 2)",0.15020382477544642,NA,NA,NA,NA,NA
cs_ctrl,LBN,Lebanon,Upper middle income,dd_bar,-0.4110402178449335,NA,NA,NA,NA,NA
cs_ctrl,LBN,Lebanon,Upper middle income,"L(dd_bar, 1)",0.31975815141058483,NA,NA,NA,NA,NA
cs_ctrl,LBN,Lebanon,Upper middle income,"L(dd_bar, 2)",-0.06937706848562566,NA,NA,NA,NA,NA
cs_ctrl,LBN,Lebanon,Upper middle income,d_inf_bar,0.005306364396012643,NA,NA,NA,NA,NA
cs_ctrl,LBN,Lebanon,Upper middle income,"L(d_inf_bar, 1)",0.01166054885368494,NA,NA,NA,NA,NA
cs_ctrl,LBN,Lebanon,Upper middle income,"L(d_inf_bar, 2)",0.0017216038209745266,NA,NA,NA,NA,NA
cs_ctrl,LBN,Lebanon,Upper middle income,d_gov_bar,0.2466857327513097,NA,NA,NA,NA,NA
cs_ctrl,LBN,Lebanon,Upper middle income,"L(d_gov_bar, 1)",-2.671959589913859,NA,NA,NA,NA,NA
cs_ctrl,LBN,Lebanon,Upper middle income,"L(d_gov_bar, 2)",1.1490511114845443,NA,NA,NA,NA,NA
cs_ctrl,LBN,Lebanon,Upper middle income,d_log_gdp_bar,-0.03486015132942194,NA,NA,NA,NA,NA
cs_ctrl,LBN,Lebanon,Upper middle income,"L(d_log_gdp_bar, 1)",NA,NA,NA,NA,NA,NA
cs_ctrl,LBN,Lebanon,Upper middle income,"L(d_log_gdp_bar, 2)",NA,NA,NA,NA,NA,NA
cs_ctrl,LCA,Saint Lucia,Upper middle income,(Intercept),0.025770740509361064,NA,NA,NA,NA,NA
cs_ctrl,LCA,Saint Lucia,Upper middle income,"L(dy, 1)",-0.25931549509942003,NA,NA,NA,NA,NA
cs_ctrl,LCA,Saint Lucia,Upper middle income,"L(dy, 2)",5.672592282952995,NA,NA,NA,NA,NA
cs_ctrl,LCA,Saint Lucia,Upper middle income,dd,0.05325291652341924,NA,NA,NA,NA,NA
cs_ctrl,LCA,Saint Lucia,Upper middle income,"L(dd, 1)",-0.022739642619680884,NA,NA,NA,NA,NA
cs_ctrl,LCA,Saint Lucia,Upper middle income,"L(dd, 2)",-0.10830996716104808,NA,NA,NA,NA,NA
cs_ctrl,LCA,Saint Lucia,Upper middle income,d_inf,0.21365248652434587,NA,NA,NA,NA,NA
cs_ctrl,LCA,Saint Lucia,Upper middle income,"L(d_inf, 1)",0.11894019935317258,NA,NA,NA,NA,NA
cs_ctrl,LCA,Saint Lucia,Upper middle income,"L(d_inf, 2)",0.010830496579528932,NA,NA,NA,NA,NA
cs_ctrl,LCA,Saint Lucia,Upper middle income,d_gov,-0.5163843832419844,NA,NA,NA,NA,NA
cs_ctrl,LCA,Saint Lucia,Upper middle income,"L(d_gov, 1)",-0.228531270664261,NA,NA,NA,NA,NA
cs_ctrl,LCA,Saint Lucia,Upper middle income,"L(d_gov, 2)",0.5641008928058273,NA,NA,NA,NA,NA
cs_ctrl,LCA,Saint Lucia,Upper middle income,d_log_gdp,-0.06408798200535244,NA,NA,NA,NA,NA
cs_ctrl,LCA,Saint Lucia,Upper middle income,"L(d_log_gdp, 1)",-0.021541778754791192,NA,NA,NA,NA,NA
cs_ctrl,LCA,Saint Lucia,Upper middle income,"L(d_log_gdp, 2)",0.09196785507920853,NA,NA,NA,NA,NA
cs_ctrl,LCA,Saint Lucia,Upper middle income,dy_bar,-4.328653914135169,NA,NA,NA,NA,NA
cs_ctrl,LCA,Saint Lucia,Upper middle income,"L(dy_bar, 1)",1.9346177192149776,NA,NA,NA,NA,NA
cs_ctrl,LCA,Saint Lucia,Upper middle income,"L(dy_bar, 2)",1.2912206176428795,NA,NA,NA,NA,NA
cs_ctrl,LCA,Saint Lucia,Upper middle income,dd_bar,-0.2284046166701166,NA,NA,NA,NA,NA
cs_ctrl,LCA,Saint Lucia,Upper middle income,"L(dd_bar, 1)",0.1252952765103277,NA,NA,NA,NA,NA
cs_ctrl,LCA,Saint Lucia,Upper middle income,"L(dd_bar, 2)",-0.012005648740954073,NA,NA,NA,NA,NA
cs_ctrl,LCA,Saint Lucia,Upper middle income,d_inf_bar,0.0024982893908835594,NA,NA,NA,NA,NA
cs_ctrl,LCA,Saint Lucia,Upper middle income,"L(d_inf_bar, 1)",0.002996981868967183,NA,NA,NA,NA,NA
cs_ctrl,LCA,Saint Lucia,Upper middle income,"L(d_inf_bar, 2)",0.016304498440083165,NA,NA,NA,NA,NA
cs_ctrl,LCA,Saint Lucia,Upper middle income,d_gov_bar,0.8183350417203383,NA,NA,NA,NA,NA
cs_ctrl,LCA,Saint Lucia,Upper middle income,"L(d_gov_bar, 1)",-0.2956320068674479,NA,NA,NA,NA,NA
cs_ctrl,LCA,Saint Lucia,Upper middle income,"L(d_gov_bar, 2)",1.219005293803458,NA,NA,NA,NA,NA
cs_ctrl,LCA,Saint Lucia,Upper middle income,d_log_gdp_bar,-0.4490419057075708,NA,NA,NA,NA,NA
cs_ctrl,LCA,Saint Lucia,Upper middle income,"L(d_log_gdp_bar, 1)",NA,NA,NA,NA,NA,NA
cs_ctrl,LCA,Saint Lucia,Upper middle income,"L(d_log_gdp_bar, 2)",NA,NA,NA,NA,NA,NA
cs_ctrl,LKA,Sri Lanka,Lower middle income,(Intercept),-0.0517044928559445,NA,NA,NA,NA,NA
cs_ctrl,LKA,Sri Lanka,Lower middle income,"L(dy, 1)",-6.517940329949317,NA,NA,NA,NA,NA
cs_ctrl,LKA,Sri Lanka,Lower middle income,"L(dy, 2)",3.437315011374082,NA,NA,NA,NA,NA
cs_ctrl,LKA,Sri Lanka,Lower middle income,dd,0.07771100393483613,NA,NA,NA,NA,NA
cs_ctrl,LKA,Sri Lanka,Lower middle income,"L(dd, 1)",0.18066183722399204,NA,NA,NA,NA,NA
cs_ctrl,LKA,Sri Lanka,Lower middle income,"L(dd, 2)",-0.10164674480556313,NA,NA,NA,NA,NA
cs_ctrl,LKA,Sri Lanka,Lower middle income,d_inf,-0.025582551759422607,NA,NA,NA,NA,NA
cs_ctrl,LKA,Sri Lanka,Lower middle income,"L(d_inf, 1)",-0.08843342212854581,NA,NA,NA,NA,NA
cs_ctrl,LKA,Sri Lanka,Lower middle income,"L(d_inf, 2)",-0.49135172429941176,NA,NA,NA,NA,NA
cs_ctrl,LKA,Sri Lanka,Lower middle income,d_gov,0.2170667585305596,NA,NA,NA,NA,NA
cs_ctrl,LKA,Sri Lanka,Lower middle income,"L(d_gov, 1)",-1.0187167878228884,NA,NA,NA,NA,NA
cs_ctrl,LKA,Sri Lanka,Lower middle income,"L(d_gov, 2)",1.1294914471946629,NA,NA,NA,NA,NA
cs_ctrl,LKA,Sri Lanka,Lower middle income,d_log_gdp,0.2631967250397318,NA,NA,NA,NA,NA
cs_ctrl,LKA,Sri Lanka,Lower middle income,"L(d_log_gdp, 1)",0.2408448459802816,NA,NA,NA,NA,NA
cs_ctrl,LKA,Sri Lanka,Lower middle income,"L(d_log_gdp, 2)",-0.039267589081863695,NA,NA,NA,NA,NA
cs_ctrl,LKA,Sri Lanka,Lower middle income,dy_bar,-9.356338575354387,NA,NA,NA,NA,NA
cs_ctrl,LKA,Sri Lanka,Lower middle income,"L(dy_bar, 1)",-2.3771832586700374,NA,NA,NA,NA,NA
cs_ctrl,LKA,Sri Lanka,Lower middle income,"L(dy_bar, 2)",9.962885171715957,NA,NA,NA,NA,NA
cs_ctrl,LKA,Sri Lanka,Lower middle income,dd_bar,0.11773754047865959,NA,NA,NA,NA,NA
cs_ctrl,LKA,Sri Lanka,Lower middle income,"L(dd_bar, 1)",-0.17234105118205267,NA,NA,NA,NA,NA
cs_ctrl,LKA,Sri Lanka,Lower middle income,"L(dd_bar, 2)",0.8762166306955418,NA,NA,NA,NA,NA
cs_ctrl,LKA,Sri Lanka,Lower middle income,d_inf_bar,-0.0037250925419069184,NA,NA,NA,NA,NA
cs_ctrl,LKA,Sri Lanka,Lower middle income,"L(d_inf_bar, 1)",-0.0038109122995563533,NA,NA,NA,NA,NA
cs_ctrl,LKA,Sri Lanka,Lower middle income,"L(d_inf_bar, 2)",-0.03323076514721842,NA,NA,NA,NA,NA
cs_ctrl,LKA,Sri Lanka,Lower middle income,d_gov_bar,-1.86407303398687,NA,NA,NA,NA,NA
cs_ctrl,LKA,Sri Lanka,Lower middle income,"L(d_gov_bar, 1)",1.0959246549867558,NA,NA,NA,NA,NA
cs_ctrl,LKA,Sri Lanka,Lower middle income,"L(d_gov_bar, 2)",-6.56835937385366,NA,NA,NA,NA,NA
cs_ctrl,LKA,Sri Lanka,Lower middle income,d_log_gdp_bar,0.7192945879136537,NA,NA,NA,NA,NA
cs_ctrl,LKA,Sri Lanka,Lower middle income,"L(d_log_gdp_bar, 1)",NA,NA,NA,NA,NA,NA
cs_ctrl,LKA,Sri Lanka,Lower middle income,"L(d_log_gdp_bar, 2)",NA,NA,NA,NA,NA,NA
cs_ctrl,LSO,Lesotho,Lower middle income,(Intercept),3.852763461287451e-4,NA,NA,NA,NA,NA
cs_ctrl,LSO,Lesotho,Lower middle income,"L(dy, 1)",0.013523385966608431,NA,NA,NA,NA,NA
cs_ctrl,LSO,Lesotho,Lower middle income,"L(dy, 2)",-0.06520067510105423,NA,NA,NA,NA,NA
cs_ctrl,LSO,Lesotho,Lower middle income,dd,0.012615374332193771,NA,NA,NA,NA,NA
cs_ctrl,LSO,Lesotho,Lower middle income,"L(dd, 1)",-0.011644889906735276,NA,NA,NA,NA,NA
cs_ctrl,LSO,Lesotho,Lower middle income,"L(dd, 2)",0.0025813586735866654,NA,NA,NA,NA,NA
cs_ctrl,LSO,Lesotho,Lower middle income,d_inf,-0.04813942422718724,NA,NA,NA,NA,NA
cs_ctrl,LSO,Lesotho,Lower middle income,"L(d_inf, 1)",-0.04912837744257298,NA,NA,NA,NA,NA
cs_ctrl,LSO,Lesotho,Lower middle income,"L(d_inf, 2)",-0.05411073530119529,NA,NA,NA,NA,NA
cs_ctrl,LSO,Lesotho,Lower middle income,d_gov,-0.02142113017862083,NA,NA,NA,NA,NA
cs_ctrl,LSO,Lesotho,Lower middle income,"L(d_gov, 1)",0.0080637875871862209,NA,NA,NA,NA,NA
cs_ctrl,LSO,Lesotho,Lower middle income,"L(d_gov, 2)",-0.048899332867011334,NA,NA,NA,NA,NA
cs_ctrl,LSO,Lesotho,Lower middle income,d_log_gdp,0.002092131116839786,NA,NA,NA,NA,NA
cs_ctrl,LSO,Lesotho,Lower middle income,"L(d_log_gdp, 1)",9.905782658204802e-4,NA,NA,NA,NA,NA
cs_ctrl,LSO,Lesotho,Lower middle income,"L(d_log_gdp, 2)",-0.09311224282035685,NA,NA,NA,NA,NA
cs_ctrl,LSO,Lesotho,Lower middle income,dy_bar,1.2091385862835122,NA,NA,NA,NA,NA
cs_ctrl,LSO,Lesotho,Lower middle income,"L(dy_bar, 1)",1.7723733537580697,NA,NA,NA,NA,NA
cs_ctrl,LSO,Lesotho,Lower middle income,"L(dy_bar, 2)",0.09998184623036388,NA,NA,NA,NA,NA
cs_ctrl,LSO,Lesotho,Lower middle income,dd_bar,-0.05977043844447462,NA,NA,NA,NA,NA
cs_ctrl,LSO,Lesotho,Lower middle income,"L(dd_bar, 1)",0.029867143699583987,NA,NA,NA,NA,NA
cs_ctrl,LSO,Lesotho,Lower middle income,"L(dd_bar, 2)",-0.08442241259386869,NA,NA,NA,NA,NA
cs_ctrl,LSO,Lesotho,Lower middle income,d_inf_bar,4.4146581533967375e-4,NA,NA,NA,NA,NA
cs_ctrl,LSO,Lesotho,Lower middle income,"L(d_inf_bar, 1)",9.98261231569249e-4,NA,NA,NA,NA,NA
cs_ctrl,LSO,Lesotho,Lower middle income,"L(d_inf_bar, 2)",-0.001898684276855948,NA,NA,NA,NA,NA
cs_ctrl,LSO,Lesotho,Lower middle income,d_gov_bar,0.7822960274455604,NA,NA,NA,NA,NA
cs_ctrl,LSO,Lesotho,Lower middle income,"L(d_gov_bar, 1)",1.1893652418573157,NA,NA,NA,NA,NA
cs_ctrl,LSO,Lesotho,Lower middle income,"L(d_gov_bar, 2)",0.6588811271524754,NA,NA,NA,NA,NA
cs_ctrl,LSO,Lesotho,Lower middle income,d_log_gdp_bar,-0.0635494731744147,NA,NA,NA,NA,NA
cs_ctrl,LSO,Lesotho,Lower middle income,"L(d_log_gdp_bar, 1)",NA,NA,NA,NA,NA,NA
cs_ctrl,LSO,Lesotho,Lower middle income,"L(d_log_gdp_bar, 2)",NA,NA,NA,NA,NA,NA
cs_ctrl,LTU,Lithuania,Upper middle income,(Intercept),0.26345190470185376,NA,NA,NA,NA,NA
cs_ctrl,LTU,Lithuania,Upper middle income,"L(dy, 1)",-1.7772855559016176,NA,NA,NA,NA,NA
cs_ctrl,LTU,Lithuania,Upper middle income,"L(dy, 2)",-2.71137251538616,NA,NA,NA,NA,NA
cs_ctrl,LTU,Lithuania,Upper middle income,dd,-0.07006670515914046,NA,NA,NA,NA,NA
cs_ctrl,LTU,Lithuania,Upper middle income,"L(dd, 1)",0.25568932214798773,NA,NA,NA,NA,NA
cs_ctrl,LTU,Lithuania,Upper middle income,"L(dd, 2)",0.8343544819134179,NA,NA,NA,NA,NA
cs_ctrl,LTU,Lithuania,Upper middle income,d_inf,4.145080082792054,NA,NA,NA,NA,NA
cs_ctrl,LTU,Lithuania,Upper middle income,"L(d_inf, 1)",-0.7207119927523419,NA,NA,NA,NA,NA
cs_ctrl,LTU,Lithuania,Upper middle income,"L(d_inf, 2)",0.2741866912166052,NA,NA,NA,NA,NA
cs_ctrl,LTU,Lithuania,Upper middle income,d_gov,-8.138539057992269,NA,NA,NA,NA,NA
cs_ctrl,LTU,Lithuania,Upper middle income,"L(d_gov, 1)",2.0688939321585567,NA,NA,NA,NA,NA
cs_ctrl,LTU,Lithuania,Upper middle income,"L(d_gov, 2)",2.1260623851164286,NA,NA,NA,NA,NA
cs_ctrl,LTU,Lithuania,Upper middle income,d_log_gdp,-2.7652769049025157,NA,NA,NA,NA,NA
cs_ctrl,LTU,Lithuania,Upper middle income,"L(d_log_gdp, 1)",-2.060003522195583,NA,NA,NA,NA,NA
cs_ctrl,LTU,Lithuania,Upper middle income,"L(d_log_gdp, 2)",0.6983719126978023,NA,NA,NA,NA,NA
cs_ctrl,LTU,Lithuania,Upper middle income,dy_bar,-98.17230767530344,NA,NA,NA,NA,NA
cs_ctrl,LTU,Lithuania,Upper middle income,"L(dy_bar, 1)",2.9595069148066875,NA,NA,NA,NA,NA
cs_ctrl,LTU,Lithuania,Upper middle income,"L(dy_bar, 2)",43.34943636114184,NA,NA,NA,NA,NA
cs_ctrl,LTU,Lithuania,Upper middle income,dd_bar,-2.7053096403337724,NA,NA,NA,NA,NA
cs_ctrl,LTU,Lithuania,Upper middle income,"L(dd_bar, 1)",-0.3511349595752638,NA,NA,NA,NA,NA
cs_ctrl,LTU,Lithuania,Upper middle income,"L(dd_bar, 2)",-0.22670446849773376,NA,NA,NA,NA,NA
cs_ctrl,LTU,Lithuania,Upper middle income,d_inf_bar,0.050762223938460575,NA,NA,NA,NA,NA
cs_ctrl,LTU,Lithuania,Upper middle income,"L(d_inf_bar, 1)",0.08425542250836728,NA,NA,NA,NA,NA
cs_ctrl,LTU,Lithuania,Upper middle income,"L(d_inf_bar, 2)",0.1271621279990893,NA,NA,NA,NA,NA
cs_ctrl,LTU,Lithuania,Upper middle income,d_gov_bar,15.485652273872633,NA,NA,NA,NA,NA
cs_ctrl,LTU,Lithuania,Upper middle income,"L(d_gov_bar, 1)",-22.252069627178273,NA,NA,NA,NA,NA
cs_ctrl,LTU,Lithuania,Upper middle income,"L(d_gov_bar, 2)",-8.13890948099135,NA,NA,NA,NA,NA
cs_ctrl,LTU,Lithuania,Upper middle income,d_log_gdp_bar,-5.6427904747252375,NA,NA,NA,NA,NA
cs_ctrl,LTU,Lithuania,Upper middle income,"L(d_log_gdp_bar, 1)",NA,NA,NA,NA,NA,NA
cs_ctrl,LTU,Lithuania,Upper middle income,"L(d_log_gdp_bar, 2)",NA,NA,NA,NA,NA,NA
cs_ctrl,LUX,Luxembourg,High income,(Intercept),0.007402087868391268,NA,NA,NA,NA,NA
cs_ctrl,LUX,Luxembourg,High income,"L(dy, 1)",1.982495703310183,NA,NA,NA,NA,NA
cs_ctrl,LUX,Luxembourg,High income,"L(dy, 2)",-0.9425974957835084,NA,NA,NA,NA,NA
cs_ctrl,LUX,Luxembourg,High income,dd,-0.140746989892232,NA,NA,NA,NA,NA
cs_ctrl,LUX,Luxembourg,High income,"L(dd, 1)",-0.05371559914331265,NA,NA,NA,NA,NA
cs_ctrl,LUX,Luxembourg,High income,"L(dd, 2)",0.20657151223749134,NA,NA,NA,NA,NA
cs_ctrl,LUX,Luxembourg,High income,d_inf,-0.896201412223505,NA,NA,NA,NA,NA
cs_ctrl,LUX,Luxembourg,High income,"L(d_inf, 1)",0.6603414034578853,NA,NA,NA,NA,NA
cs_ctrl,LUX,Luxembourg,High income,"L(d_inf, 2)",-0.6528555773624014,NA,NA,NA,NA,NA
cs_ctrl,LUX,Luxembourg,High income,d_gov,-0.8922159816863622,NA,NA,NA,NA,NA
cs_ctrl,LUX,Luxembourg,High income,"L(d_gov, 1)",4.273162102396975,NA,NA,NA,NA,NA
cs_ctrl,LUX,Luxembourg,High income,"L(d_gov, 2)",2.2521709036354816,NA,NA,NA,NA,NA
cs_ctrl,LUX,Luxembourg,High income,d_log_gdp,0.12651995474220692,NA,NA,NA,NA,NA
cs_ctrl,LUX,Luxembourg,High income,"L(d_log_gdp, 1)",0.42436540698801395,NA,NA,NA,NA,NA
cs_ctrl,LUX,Luxembourg,High income,"L(d_log_gdp, 2)",0.907524334236127,NA,NA,NA,NA,NA
cs_ctrl,LUX,Luxembourg,High income,dy_bar,2.0873525118645846,NA,NA,NA,NA,NA
cs_ctrl,LUX,Luxembourg,High income,"L(dy_bar, 1)",19.398352031766805,NA,NA,NA,NA,NA
cs_ctrl,LUX,Luxembourg,High income,"L(dy_bar, 2)",-22.21196217639548,NA,NA,NA,NA,NA
cs_ctrl,LUX,Luxembourg,High income,dd_bar,-0.33225208815448015,NA,NA,NA,NA,NA
cs_ctrl,LUX,Luxembourg,High income,"L(dd_bar, 1)",-0.4961861737439946,NA,NA,NA,NA,NA
cs_ctrl,LUX,Luxembourg,High income,"L(dd_bar, 2)",-0.3851210513149161,NA,NA,NA,NA,NA
cs_ctrl,LUX,Luxembourg,High income,d_inf_bar,-0.02634480262033918,NA,NA,NA,NA,NA
cs_ctrl,LUX,Luxembourg,High income,"L(d_inf_bar, 1)",-0.006952310697924398,NA,NA,NA,NA,NA
cs_ctrl,LUX,Luxembourg,High income,"L(d_inf_bar, 2)",0.03247292261723805,NA,NA,NA,NA,NA
cs_ctrl,LUX,Luxembourg,High income,d_gov_bar,-5.374378609315156,NA,NA,NA,NA,NA
cs_ctrl,LUX,Luxembourg,High income,"L(d_gov_bar, 1)",5.328546019477017,NA,NA,NA,NA,NA
cs_ctrl,LUX,Luxembourg,High income,"L(d_gov_bar, 2)",8.288341848611958,NA,NA,NA,NA,NA
cs_ctrl,LUX,Luxembourg,High income,d_log_gdp_bar,-1.369277754810212,NA,NA,NA,NA,NA
cs_ctrl,LUX,Luxembourg,High income,"L(d_log_gdp_bar, 1)",NA,NA,NA,NA,NA,NA
cs_ctrl,LUX,Luxembourg,High income,"L(d_log_gdp_bar, 2)",NA,NA,NA,NA,NA,NA
cs_ctrl,LVA,Latvia,High income,(Intercept),-0.036320416866773966,NA,NA,NA,NA,NA
cs_ctrl,LVA,Latvia,High income,"L(dy, 1)",-0.35435288336705434,NA,NA,NA,NA,NA
cs_ctrl,LVA,Latvia,High income,dd,0.060322640166696154,NA,NA,NA,NA,NA
cs_ctrl,LVA,Latvia,High income,"L(dd, 1)",-0.01371355439536923,NA,NA,NA,NA,NA
cs_ctrl,LVA,Latvia,High income,"L(dd, 2)",-0.06251710601718612,NA,NA,NA,NA,NA
cs_ctrl,LVA,Latvia,High income,d_inf,0.06221637041729487,NA,NA,NA,NA,NA
cs_ctrl,LVA,Latvia,High income,"L(d_inf, 1)",0.06094331720698643,NA,NA,NA,NA,NA
cs_ctrl,LVA,Latvia,High income,"L(d_inf, 2)",-0.03836972804530902,NA,NA,NA,NA,NA
cs_ctrl,LVA,Latvia,High income,d_gov,0.1890717071703237,NA,NA,NA,NA,NA
cs_ctrl,LVA,Latvia,High income,"L(d_gov, 1)",0.15680985547182552,NA,NA,NA,NA,NA
cs_ctrl,LVA,Latvia,High income,"L(d_gov, 2)",0.38977347990653965,NA,NA,NA,NA,NA
cs_ctrl,LVA,Latvia,High income,d_log_gdp,-0.01985813606710075,NA,NA,NA,NA,NA
cs_ctrl,LVA,Latvia,High income,"L(d_log_gdp, 1)",0.13100732692095685,NA,NA,NA,NA,NA
cs_ctrl,LVA,Latvia,High income,"L(d_log_gdp, 2)",-0.06860398113205242,NA,NA,NA,NA,NA
cs_ctrl,LVA,Latvia,High income,dy_bar,11.696639643208924,NA,NA,NA,NA,NA
cs_ctrl,LVA,Latvia,High income,"L(dy_bar, 1)",1.0218919840051988,NA,NA,NA,NA,NA
cs_ctrl,LVA,Latvia,High income,"L(dy_bar, 2)",11.140019949654937,NA,NA,NA,NA,NA
cs_ctrl,LVA,Latvia,High income,dd_bar,0.17539595195261443,NA,NA,NA,NA,NA
cs_ctrl,LVA,Latvia,High income,"L(dd_bar, 1)",0.1546375051010984,NA,NA,NA,NA,NA
cs_ctrl,LVA,Latvia,High income,"L(dd_bar, 2)",0.391802278069552,NA,NA,NA,NA,NA
cs_ctrl,LVA,Latvia,High income,d_inf_bar,0.004888062083041438,NA,NA,NA,NA,NA
cs_ctrl,LVA,Latvia,High income,"L(d_inf_bar, 1)",-0.003355130507379995,NA,NA,NA,NA,NA
cs_ctrl,LVA,Latvia,High income,"L(d_inf_bar, 2)",-0.009580014549770043,NA,NA,NA,NA,NA
cs_ctrl,LVA,Latvia,High income,d_gov_bar,3.961744527726202,NA,NA,NA,NA,NA
cs_ctrl,LVA,Latvia,High income,"L(d_gov_bar, 1)",0.7994637706309724,NA,NA,NA,NA,NA
cs_ctrl,LVA,Latvia,High income,d_log_gdp_bar,1.2578881877302606,NA,NA,NA,NA,NA
cs_ctrl,LVA,Latvia,High income,"L(d_log_gdp_bar, 1)",0.1144269599817179,NA,NA,NA,NA,NA
cs_ctrl,LVA,Latvia,High income,"L(d_log_gdp_bar, 2)",0.5174598924266359,NA,NA,NA,NA,NA
cs_ctrl,MAR,Morocco,Lower middle income,(Intercept),-0,0,NA,NA,-0,0
cs_ctrl,MAR,Morocco,Lower middle income,"L(dy, 1)",NA,NA,NA,NA,NA,NA
cs_ctrl,MAR,Morocco,Lower middle income,dd,-0,0,NA,NA,-0,0
cs_ctrl,MAR,Morocco,Lower middle income,"L(dd, 1)",-0,0,NA,NA,-0,0
cs_ctrl,MAR,Morocco,Lower middle income,d_inf,0,0,NA,NA,0,0
cs_ctrl,MAR,Morocco,Lower middle income,"L(d_inf, 1)",0,0,NA,NA,0,0
cs_ctrl,MAR,Morocco,Lower middle income,d_gov,0,0,NA,NA,0,0
cs_ctrl,MAR,Morocco,Lower middle income,"L(d_gov, 1)",0,0,NA,NA,0,0
cs_ctrl,MAR,Morocco,Lower middle income,d_log_gdp,0,0,NA,NA,0,0
cs_ctrl,MAR,Morocco,Lower middle income,"L(d_log_gdp, 1)",-0,0,NA,NA,-0,0
cs_ctrl,MAR,Morocco,Lower middle income,dy_bar,0,0,NA,NA,0,0
cs_ctrl,MAR,Morocco,Lower middle income,"L(dy_bar, 1)",-0,0,NA,NA,-0,0
cs_ctrl,MAR,Morocco,Lower middle income,dd_bar,0,0,NA,NA,0,0
cs_ctrl,MAR,Morocco,Lower middle income,"L(dd_bar, 1)",-0,0,NA,NA,-0,0
cs_ctrl,MAR,Morocco,Lower middle income,d_inf_bar,-0,0,NA,NA,-0,0
cs_ctrl,MAR,Morocco,Lower middle income,"L(d_inf_bar, 1)",0,0,NA,NA,0,0
cs_ctrl,MAR,Morocco,Lower middle income,d_gov_bar,0,0,NA,NA,0,0
cs_ctrl,MAR,Morocco,Lower middle income,"L(d_gov_bar, 1)",-0,0,NA,NA,-0,0
cs_ctrl,MAR,Morocco,Lower middle income,d_log_gdp_bar,-0,0,NA,NA,-0,0
cs_ctrl,MAR,Morocco,Lower middle income,"L(d_log_gdp_bar, 1)",0,0,NA,NA,0,0
cs_ctrl,MDA,Moldova,Lower middle income,(Intercept),0.010153183180441231,NA,NA,NA,NA,NA
cs_ctrl,MDA,Moldova,Lower middle income,"L(dy, 1)",-0.5692274445708588,NA,NA,NA,NA,NA
cs_ctrl,MDA,Moldova,Lower middle income,"L(dy, 2)",-0.32686481612781965,NA,NA,NA,NA,NA
cs_ctrl,MDA,Moldova,Lower middle income,dd,0.001826697074681078,NA,NA,NA,NA,NA
cs_ctrl,MDA,Moldova,Lower middle income,"L(dd, 1)",-0.028151761476840155,NA,NA,NA,NA,NA
cs_ctrl,MDA,Moldova,Lower middle income,"L(dd, 2)",-1.8432438404052533e-4,NA,NA,NA,NA,NA
cs_ctrl,MDA,Moldova,Lower middle income,d_inf,0.0033643435708985807,NA,NA,NA,NA,NA
cs_ctrl,MDA,Moldova,Lower middle income,"L(d_inf, 1)",-0.0047813500568394075,NA,NA,NA,NA,NA
cs_ctrl,MDA,Moldova,Lower middle income,"L(d_inf, 2)",-3.1920494957120337e-4,NA,NA,NA,NA,NA
cs_ctrl,MDA,Moldova,Lower middle income,d_gov,0.1704635003883449,NA,NA,NA,NA,NA
cs_ctrl,MDA,Moldova,Lower middle income,"L(d_gov, 1)",-0.08479002245724818,NA,NA,NA,NA,NA
cs_ctrl,MDA,Moldova,Lower middle income,"L(d_gov, 2)",0.07036861791945435,NA,NA,NA,NA,NA
cs_ctrl,MDA,Moldova,Lower middle income,d_log_gdp,0.0077528233223251655,NA,NA,NA,NA,NA
cs_ctrl,MDA,Moldova,Lower middle income,"L(d_log_gdp, 1)",-0.00661285970062604,NA,NA,NA,NA,NA
cs_ctrl,MDA,Moldova,Lower middle income,"L(d_log_gdp, 2)",-0.023104672360064783,NA,NA,NA,NA,NA
cs_ctrl,MDA,Moldova,Lower middle income,dy_bar,2.4692514617208454,NA,NA,NA,NA,NA
cs_ctrl,MDA,Moldova,Lower middle income,"L(dy_bar, 1)",2.452764491456492,NA,NA,NA,NA,NA
cs_ctrl,MDA,Moldova,Lower middle income,"L(dy_bar, 2)",0.7767804471249993,NA,NA,NA,NA,NA
cs_ctrl,MDA,Moldova,Lower middle income,dd_bar,0.021203333891396035,NA,NA,NA,NA,NA
cs_ctrl,MDA,Moldova,Lower middle income,"L(dd_bar, 1)",-0.049551959752375495,NA,NA,NA,NA,NA
cs_ctrl,MDA,Moldova,Lower middle income,"L(dd_bar, 2)",-0.07111131572708675,NA,NA,NA,NA,NA
cs_ctrl,MDA,Moldova,Lower middle income,d_inf_bar,0.001058074319512994,NA,NA,NA,NA,NA
cs_ctrl,MDA,Moldova,Lower middle income,"L(d_inf_bar, 1)",0.0034708956344094233,NA,NA,NA,NA,NA
cs_ctrl,MDA,Moldova,Lower middle income,"L(d_inf_bar, 2)",-0.005363995014005819,NA,NA,NA,NA,NA
cs_ctrl,MDA,Moldova,Lower middle income,d_gov_bar,-1.4444976967395076,NA,NA,NA,NA,NA
cs_ctrl,MDA,Moldova,Lower middle income,"L(d_gov_bar, 1)",1.2643195748843417,NA,NA,NA,NA,NA
cs_ctrl,MDA,Moldova,Lower middle income,"L(d_gov_bar, 2)",0.7480962625930626,NA,NA,NA,NA,NA
cs_ctrl,MDA,Moldova,Lower middle income,d_log_gdp_bar,-0.2162022297258611,NA,NA,NA,NA,NA
cs_ctrl,MDA,Moldova,Lower middle income,"L(d_log_gdp_bar, 1)",NA,NA,NA,NA,NA,NA
cs_ctrl,MDA,Moldova,Lower middle income,"L(d_log_gdp_bar, 2)",NA,NA,NA,NA,NA,NA
cs_ctrl,MDG,Madagascar,Low income,(Intercept),0.03865013233876981,NA,NA,NA,NA,NA
cs_ctrl,MDG,Madagascar,Low income,"L(dy, 1)",1.3521341540509644,NA,NA,NA,NA,NA
cs_ctrl,MDG,Madagascar,Low income,"L(dy, 2)",0.7681896071867602,NA,NA,NA,NA,NA
cs_ctrl,MDG,Madagascar,Low income,dd,0.2693383301222267,NA,NA,NA,NA,NA
cs_ctrl,MDG,Madagascar,Low income,"L(dd, 1)",0.20934722946370216,NA,NA,NA,NA,NA
cs_ctrl,MDG,Madagascar,Low income,"L(dd, 2)",0.13423638026727772,NA,NA,NA,NA,NA
cs_ctrl,MDG,Madagascar,Low income,d_inf,0.120684831555083,NA,NA,NA,NA,NA
cs_ctrl,MDG,Madagascar,Low income,"L(d_inf, 1)",0.29212006953654407,NA,NA,NA,NA,NA
cs_ctrl,MDG,Madagascar,Low income,"L(d_inf, 2)",-0.060764213121058945,NA,NA,NA,NA,NA
cs_ctrl,MDG,Madagascar,Low income,d_gov,1.4645988766531868,NA,NA,NA,NA,NA
cs_ctrl,MDG,Madagascar,Low income,"L(d_gov, 1)",-1.5320898206753486,NA,NA,NA,NA,NA
cs_ctrl,MDG,Madagascar,Low income,"L(d_gov, 2)",-3.325241541840201,NA,NA,NA,NA,NA
cs_ctrl,MDG,Madagascar,Low income,d_log_gdp,-0.21118807482416085,NA,NA,NA,NA,NA
cs_ctrl,MDG,Madagascar,Low income,"L(d_log_gdp, 1)",-0.12183116512024374,NA,NA,NA,NA,NA
cs_ctrl,MDG,Madagascar,Low income,"L(d_log_gdp, 2)",-0.5475438426456485,NA,NA,NA,NA,NA
cs_ctrl,MDG,Madagascar,Low income,dy_bar,-32.468675875373606,NA,NA,NA,NA,NA
cs_ctrl,MDG,Madagascar,Low income,"L(dy_bar, 1)",-20.74229868894183,NA,NA,NA,NA,NA
cs_ctrl,MDG,Madagascar,Low income,"L(dy_bar, 2)",-13.299858175284779,NA,NA,NA,NA,NA
cs_ctrl,MDG,Madagascar,Low income,dd_bar,-0.7579292812926707,NA,NA,NA,NA,NA
cs_ctrl,MDG,Madagascar,Low income,"L(dd_bar, 1)",-0.09974359594432071,NA,NA,NA,NA,NA
cs_ctrl,MDG,Madagascar,Low income,"L(dd_bar, 2)",-0.9756211658706955,NA,NA,NA,NA,NA
cs_ctrl,MDG,Madagascar,Low income,d_inf_bar,0.01791266396353793,NA,NA,NA,NA,NA
cs_ctrl,MDG,Madagascar,Low income,"L(d_inf_bar, 1)",0.0036556328048431867,NA,NA,NA,NA,NA
cs_ctrl,MDG,Madagascar,Low income,"L(d_inf_bar, 2)",0.028000429982585943,NA,NA,NA,NA,NA
cs_ctrl,MDG,Madagascar,Low income,d_gov_bar,-7.3446731407886405,NA,NA,NA,NA,NA
cs_ctrl,MDG,Madagascar,Low income,"L(d_gov_bar, 1)",-12.416601394425166,NA,NA,NA,NA,NA
cs_ctrl,MDG,Madagascar,Low income,"L(d_gov_bar, 2)",-1.0712201555047538,NA,NA,NA,NA,NA
cs_ctrl,MDG,Madagascar,Low income,d_log_gdp_bar,-1.5842043950068778,NA,NA,NA,NA,NA
cs_ctrl,MDG,Madagascar,Low income,"L(d_log_gdp_bar, 1)",NA,NA,NA,NA,NA,NA
cs_ctrl,MDG,Madagascar,Low income,"L(d_log_gdp_bar, 2)",NA,NA,NA,NA,NA,NA
cs_ctrl,MDV,Maldives,Lower middle income,(Intercept),0.05191336828125716,NA,NA,NA,NA,NA
cs_ctrl,MDV,Maldives,Lower middle income,"L(dy, 1)",3.3599040345026814,NA,NA,NA,NA,NA
cs_ctrl,MDV,Maldives,Lower middle income,"L(dy, 2)",0.4701678665874207,NA,NA,NA,NA,NA
cs_ctrl,MDV,Maldives,Lower middle income,dd,0.14271915064282867,NA,NA,NA,NA,NA
cs_ctrl,MDV,Maldives,Lower middle income,"L(dd, 1)",0.0540543815149128,NA,NA,NA,NA,NA
cs_ctrl,MDV,Maldives,Lower middle income,"L(dd, 2)",0.1525861175830149,NA,NA,NA,NA,NA
cs_ctrl,MDV,Maldives,Lower middle income,d_inf,-0.020791347696224996,NA,NA,NA,NA,NA
cs_ctrl,MDV,Maldives,Lower middle income,"L(d_inf, 1)",-0.014757564382092272,NA,NA,NA,NA,NA
cs_ctrl,MDV,Maldives,Lower middle income,"L(d_inf, 2)",-0.09312097371580999,NA,NA,NA,NA,NA
cs_ctrl,MDV,Maldives,Lower middle income,d_gov,0.5570545387236799,NA,NA,NA,NA,NA
cs_ctrl,MDV,Maldives,Lower middle income,"L(d_gov, 1)",0.8059815368965224,NA,NA,NA,NA,NA
cs_ctrl,MDV,Maldives,Lower middle income,"L(d_gov, 2)",-0.6160574693893677,NA,NA,NA,NA,NA
cs_ctrl,MDV,Maldives,Lower middle income,d_log_gdp,0.06983255994696104,NA,NA,NA,NA,NA
cs_ctrl,MDV,Maldives,Lower middle income,"L(d_log_gdp, 1)",0.15804663125882748,NA,NA,NA,NA,NA
cs_ctrl,MDV,Maldives,Lower middle income,"L(d_log_gdp, 2)",-0.3231967218568742,NA,NA,NA,NA,NA
cs_ctrl,MDV,Maldives,Lower middle income,dy_bar,-6.698851033231542,NA,NA,NA,NA,NA
cs_ctrl,MDV,Maldives,Lower middle income,"L(dy_bar, 1)",-2.227758107713038,NA,NA,NA,NA,NA
cs_ctrl,MDV,Maldives,Lower middle income,"L(dy_bar, 2)",-8.176798934223925,NA,NA,NA,NA,NA
cs_ctrl,MDV,Maldives,Lower middle income,dd_bar,-0.6627371238527064,NA,NA,NA,NA,NA
cs_ctrl,MDV,Maldives,Lower middle income,"L(dd_bar, 1)",0.21275880920288376,NA,NA,NA,NA,NA
cs_ctrl,MDV,Maldives,Lower middle income,"L(dd_bar, 2)",-0.5159092834582818,NA,NA,NA,NA,NA
cs_ctrl,MDV,Maldives,Lower middle income,d_inf_bar,-0.00669470913778909,NA,NA,NA,NA,NA
cs_ctrl,MDV,Maldives,Lower middle income,"L(d_inf_bar, 1)",-0.013698981719504457,NA,NA,NA,NA,NA
cs_ctrl,MDV,Maldives,Lower middle income,"L(d_inf_bar, 2)",0.01577487177293973,NA,NA,NA,NA,NA
cs_ctrl,MDV,Maldives,Lower middle income,d_gov_bar,-1.710856352195807,NA,NA,NA,NA,NA
cs_ctrl,MDV,Maldives,Lower middle income,"L(d_gov_bar, 1)",-0.1207474722963896,NA,NA,NA,NA,NA
cs_ctrl,MDV,Maldives,Lower middle income,"L(d_gov_bar, 2)",1.917440232227629,NA,NA,NA,NA,NA
cs_ctrl,MDV,Maldives,Lower middle income,d_log_gdp_bar,-1.1356810141957918,NA,NA,NA,NA,NA
cs_ctrl,MDV,Maldives,Lower middle income,"L(d_log_gdp_bar, 1)",NA,NA,NA,NA,NA,NA
cs_ctrl,MDV,Maldives,Lower middle income,"L(d_log_gdp_bar, 2)",NA,NA,NA,NA,NA,NA
cs_ctrl,MEX,Mexico,Upper middle income,(Intercept),0.011709191266928399,NA,NA,NA,NA,NA
cs_ctrl,MEX,Mexico,Upper middle income,"L(dy, 1)",0.24223038073227965,NA,NA,NA,NA,NA
cs_ctrl,MEX,Mexico,Upper middle income,"L(dy, 2)",-1.4319609985660597,NA,NA,NA,NA,NA
cs_ctrl,MEX,Mexico,Upper middle income,dd,0.23550923870448356,NA,NA,NA,NA,NA
cs_ctrl,MEX,Mexico,Upper middle income,"L(dd, 1)",0.3685575759678778,NA,NA,NA,NA,NA
cs_ctrl,MEX,Mexico,Upper middle income,"L(dd, 2)",0.35531222171358473,NA,NA,NA,NA,NA
cs_ctrl,MEX,Mexico,Upper middle income,d_inf,0.3790712516108899,NA,NA,NA,NA,NA
cs_ctrl,MEX,Mexico,Upper middle income,"L(d_inf, 1)",-0.06200043796454805,NA,NA,NA,NA,NA
cs_ctrl,MEX,Mexico,Upper middle income,"L(d_inf, 2)",-0.7263949653283249,NA,NA,NA,NA,NA
cs_ctrl,MEX,Mexico,Upper middle income,d_gov,2.8663212251014976,NA,NA,NA,NA,NA
cs_ctrl,MEX,Mexico,Upper middle income,"L(d_gov, 1)",1.6318962459852098,NA,NA,NA,NA,NA
cs_ctrl,MEX,Mexico,Upper middle income,"L(d_gov, 2)",-2.461078881388336,NA,NA,NA,NA,NA
cs_ctrl,MEX,Mexico,Upper middle income,d_log_gdp,1.063326271932524,NA,NA,NA,NA,NA
cs_ctrl,MEX,Mexico,Upper middle income,"L(d_log_gdp, 1)",0.5506102226210908,NA,NA,NA,NA,NA
cs_ctrl,MEX,Mexico,Upper middle income,"L(d_log_gdp, 2)",-0.11340476878249868,NA,NA,NA,NA,NA
cs_ctrl,MEX,Mexico,Upper middle income,dy_bar,14.963709065825313,NA,NA,NA,NA,NA
cs_ctrl,MEX,Mexico,Upper middle income,"L(dy_bar, 1)",14.021580044403997,NA,NA,NA,NA,NA
cs_ctrl,MEX,Mexico,Upper middle income,"L(dy_bar, 2)",-0.5361841334145628,NA,NA,NA,NA,NA
cs_ctrl,MEX,Mexico,Upper middle income,dd_bar,-0.9645326744748961,NA,NA,NA,NA,NA
cs_ctrl,MEX,Mexico,Upper middle income,"L(dd_bar, 1)",0.7746782103158204,NA,NA,NA,NA,NA
cs_ctrl,MEX,Mexico,Upper middle income,"L(dd_bar, 2)",-0.233284161940454,NA,NA,NA,NA,NA
cs_ctrl,MEX,Mexico,Upper middle income,d_inf_bar,0.021415985692977584,NA,NA,NA,NA,NA
cs_ctrl,MEX,Mexico,Upper middle income,"L(d_inf_bar, 1)",0.04341875187056812,NA,NA,NA,NA,NA
cs_ctrl,MEX,Mexico,Upper middle income,"L(d_inf_bar, 2)",-0.07460053234909417,NA,NA,NA,NA,NA
cs_ctrl,MEX,Mexico,Upper middle income,d_gov_bar,7.181766653981635,NA,NA,NA,NA,NA
cs_ctrl,MEX,Mexico,Upper middle income,"L(d_gov_bar, 1)",-3.2653532560680802,NA,NA,NA,NA,NA
cs_ctrl,MEX,Mexico,Upper middle income,"L(d_gov_bar, 2)",-4.06194565310332,NA,NA,NA,NA,NA
cs_ctrl,MEX,Mexico,Upper middle income,d_log_gdp_bar,-1.3693307435679745,NA,NA,NA,NA,NA
cs_ctrl,MEX,Mexico,Upper middle income,"L(d_log_gdp_bar, 1)",NA,NA,NA,NA,NA,NA
cs_ctrl,MEX,Mexico,Upper middle income,"L(d_log_gdp_bar, 2)",NA,NA,NA,NA,NA,NA
cs_ctrl,MKD,North Macedonia,Lower middle income,(Intercept),0.0012054346378972916,NA,NA,NA,NA,NA
cs_ctrl,MKD,North Macedonia,Lower middle income,"L(dy, 1)",-0.2703208506286873,NA,NA,NA,NA,NA
cs_ctrl,MKD,North Macedonia,Lower middle income,dd,0.002354541456724528,NA,NA,NA,NA,NA
cs_ctrl,MKD,North Macedonia,Lower middle income,"L(dd, 1)",-0.07495501886785431,NA,NA,NA,NA,NA
cs_ctrl,MKD,North Macedonia,Lower middle income,d_inf,-0.0016040381780269466,NA,NA,NA,NA,NA
cs_ctrl,MKD,North Macedonia,Lower middle income,"L(d_inf, 1)",3.6535049723336247e-4,NA,NA,NA,NA,NA
cs_ctrl,MKD,North Macedonia,Lower middle income,"L(d_inf, 2)",3.987408568964099e-4,NA,NA,NA,NA,NA
cs_ctrl,MKD,North Macedonia,Lower middle income,d_gov,0.49741021297527177,NA,NA,NA,NA,NA
cs_ctrl,MKD,North Macedonia,Lower middle income,"L(d_gov, 1)",0.14291547705001126,NA,NA,NA,NA,NA
cs_ctrl,MKD,North Macedonia,Lower middle income,"L(d_gov, 2)",0.035403060987694523,NA,NA,NA,NA,NA
cs_ctrl,MKD,North Macedonia,Lower middle income,d_log_gdp,0.036003682990795954,NA,NA,NA,NA,NA
cs_ctrl,MKD,North Macedonia,Lower middle income,"L(d_log_gdp, 1)",-0.047568289467908094,NA,NA,NA,NA,NA
cs_ctrl,MKD,North Macedonia,Lower middle income,"L(d_log_gdp, 2)",0.00922718876537119,NA,NA,NA,NA,NA
cs_ctrl,MKD,North Macedonia,Lower middle income,dy_bar,4.638162686229706,NA,NA,NA,NA,NA
cs_ctrl,MKD,North Macedonia,Lower middle income,"L(dy_bar, 1)",2.644654920574665,NA,NA,NA,NA,NA
cs_ctrl,MKD,North Macedonia,Lower middle income,"L(dy_bar, 2)",0.09469566066913275,NA,NA,NA,NA,NA
cs_ctrl,MKD,North Macedonia,Lower middle income,dd_bar,-0.15172707362559723,NA,NA,NA,NA,NA
cs_ctrl,MKD,North Macedonia,Lower middle income,"L(dd_bar, 1)",0.2637793146539567,NA,NA,NA,NA,NA
cs_ctrl,MKD,North Macedonia,Lower middle income,"L(dd_bar, 2)",-0.08309360064226341,NA,NA,NA,NA,NA
cs_ctrl,MKD,North Macedonia,Lower middle income,d_inf_bar,-0.0018008514560606764,NA,NA,NA,NA,NA
cs_ctrl,MKD,North Macedonia,Lower middle income,"L(d_inf_bar, 1)",0.0023367287486061143,NA,NA,NA,NA,NA
cs_ctrl,MKD,North Macedonia,Lower middle income,"L(d_inf_bar, 2)",-0.0024658263111944955,NA,NA,NA,NA,NA
cs_ctrl,MKD,North Macedonia,Lower middle income,d_gov_bar,0.8526825883748546,NA,NA,NA,NA,NA
cs_ctrl,MKD,North Macedonia,Lower middle income,"L(d_gov_bar, 1)",1.896697598244794,NA,NA,NA,NA,NA
cs_ctrl,MKD,North Macedonia,Lower middle income,"L(d_gov_bar, 2)",0.7877098668258754,NA,NA,NA,NA,NA
cs_ctrl,MKD,North Macedonia,Lower middle income,d_log_gdp_bar,-0.1621095095760229,NA,NA,NA,NA,NA
cs_ctrl,MKD,North Macedonia,Lower middle income,"L(d_log_gdp_bar, 1)",0.41695272345459405,NA,NA,NA,NA,NA
cs_ctrl,MKD,North Macedonia,Lower middle income,"L(d_log_gdp_bar, 2)",-0.060829457631400345,NA,NA,NA,NA,NA
cs_ctrl,MLI,Mali,Low income,(Intercept),0.013294767112453374,NA,NA,NA,NA,NA
cs_ctrl,MLI,Mali,Low income,"L(dy, 1)",0.8763553698023359,NA,NA,NA,NA,NA
cs_ctrl,MLI,Mali,Low income,"L(dy, 2)",0.07502976318193559,NA,NA,NA,NA,NA
cs_ctrl,MLI,Mali,Low income,dd,-0.020684051844979002,NA,NA,NA,NA,NA
cs_ctrl,MLI,Mali,Low income,"L(dd, 1)",0.031135262329987697,NA,NA,NA,NA,NA
cs_ctrl,MLI,Mali,Low income,"L(dd, 2)",0.004780204989283165,NA,NA,NA,NA,NA
cs_ctrl,MLI,Mali,Low income,d_inf,-0.06292684184102315,NA,NA,NA,NA,NA
cs_ctrl,MLI,Mali,Low income,"L(d_inf, 1)",0.03191823763797625,NA,NA,NA,NA,NA
cs_ctrl,MLI,Mali,Low income,"L(d_inf, 2)",0.12965613751173888,NA,NA,NA,NA,NA
cs_ctrl,MLI,Mali,Low income,d_gov,-0.009313415308287016,NA,NA,NA,NA,NA
cs_ctrl,MLI,Mali,Low income,"L(d_gov, 1)",0.6054249446829388,NA,NA,NA,NA,NA
cs_ctrl,MLI,Mali,Low income,"L(d_gov, 2)",-0.1136993845448944,NA,NA,NA,NA,NA
cs_ctrl,MLI,Mali,Low income,d_log_gdp,-0.1574472709519622,NA,NA,NA,NA,NA
cs_ctrl,MLI,Mali,Low income,"L(d_log_gdp, 1)",0.10410048453347273,NA,NA,NA,NA,NA
cs_ctrl,MLI,Mali,Low income,"L(d_log_gdp, 2)",0.13716226966732994,NA,NA,NA,NA,NA
cs_ctrl,MLI,Mali,Low income,dy_bar,7.943466070502749,NA,NA,NA,NA,NA
cs_ctrl,MLI,Mali,Low income,"L(dy_bar, 1)",5.688693687226176,NA,NA,NA,NA,NA
cs_ctrl,MLI,Mali,Low income,"L(dy_bar, 2)",2.7069553080294084,NA,NA,NA,NA,NA
cs_ctrl,MLI,Mali,Low income,dd_bar,-0.2818468294220638,NA,NA,NA,NA,NA
cs_ctrl,MLI,Mali,Low income,"L(dd_bar, 1)",0.19324159957121886,NA,NA,NA,NA,NA
cs_ctrl,MLI,Mali,Low income,"L(dd_bar, 2)",-0.1702625518586854,NA,NA,NA,NA,NA
cs_ctrl,MLI,Mali,Low income,d_inf_bar,0.0014380510581749302,NA,NA,NA,NA,NA
cs_ctrl,MLI,Mali,Low income,"L(d_inf_bar, 1)",-5.069312026540521e-4,NA,NA,NA,NA,NA
cs_ctrl,MLI,Mali,Low income,"L(d_inf_bar, 2)",0.006045684331266525,NA,NA,NA,NA,NA
cs_ctrl,MLI,Mali,Low income,d_gov_bar,5.582324075665163,NA,NA,NA,NA,NA
cs_ctrl,MLI,Mali,Low income,"L(d_gov_bar, 1)",1.5886901945868033,NA,NA,NA,NA,NA
cs_ctrl,MLI,Mali,Low income,"L(d_gov_bar, 2)",2.1270910894565627,NA,NA,NA,NA,NA
cs_ctrl,MLI,Mali,Low income,d_log_gdp_bar,-0.047993071071168805,NA,NA,NA,NA,NA
cs_ctrl,MLI,Mali,Low income,"L(d_log_gdp_bar, 1)",NA,NA,NA,NA,NA,NA
cs_ctrl,MLI,Mali,Low income,"L(d_log_gdp_bar, 2)",NA,NA,NA,NA,NA,NA
cs_ctrl,MLT,Malta,High income,(Intercept),-0.016636901194701115,NA,NA,NA,NA,NA
cs_ctrl,MLT,Malta,High income,"L(dy, 1)",1.4001451159104423,NA,NA,NA,NA,NA
cs_ctrl,MLT,Malta,High income,"L(dy, 2)",1.9330265172863759,NA,NA,NA,NA,NA
cs_ctrl,MLT,Malta,High income,dd,0.06370590990542269,NA,NA,NA,NA,NA
cs_ctrl,MLT,Malta,High income,"L(dd, 1)",0.1512334714064222,NA,NA,NA,NA,NA
cs_ctrl,MLT,Malta,High income,"L(dd, 2)",-0.03437125705907165,NA,NA,NA,NA,NA
cs_ctrl,MLT,Malta,High income,d_inf,0.28826197503641937,NA,NA,NA,NA,NA
cs_ctrl,MLT,Malta,High income,"L(d_inf, 1)",0.0942652360169261,NA,NA,NA,NA,NA
cs_ctrl,MLT,Malta,High income,"L(d_inf, 2)",0.07016602375618443,NA,NA,NA,NA,NA
cs_ctrl,MLT,Malta,High income,d_gov,-0.06287566267639365,NA,NA,NA,NA,NA
cs_ctrl,MLT,Malta,High income,"L(d_gov, 1)",0.3797944625969926,NA,NA,NA,NA,NA
cs_ctrl,MLT,Malta,High income,"L(d_gov, 2)",-0.19911129454791662,NA,NA,NA,NA,NA
cs_ctrl,MLT,Malta,High income,d_log_gdp,0.14482713379476309,NA,NA,NA,NA,NA
cs_ctrl,MLT,Malta,High income,"L(d_log_gdp, 1)",0.23125548727127773,NA,NA,NA,NA,NA
cs_ctrl,MLT,Malta,High income,"L(d_log_gdp, 2)",0.05296018806558447,NA,NA,NA,NA,NA
cs_ctrl,MLT,Malta,High income,dy_bar,-2.4761687541998345,NA,NA,NA,NA,NA
cs_ctrl,MLT,Malta,High income,"L(dy_bar, 1)",1.695535803553628,NA,NA,NA,NA,NA
cs_ctrl,MLT,Malta,High income,"L(dy_bar, 2)",-0.11085790022616591,NA,NA,NA,NA,NA
cs_ctrl,MLT,Malta,High income,dd_bar,-0.15248892101541778,NA,NA,NA,NA,NA
cs_ctrl,MLT,Malta,High income,"L(dd_bar, 1)",-0.3255594213245205,NA,NA,NA,NA,NA
cs_ctrl,MLT,Malta,High income,"L(dd_bar, 2)",0.27547336839604336,NA,NA,NA,NA,NA
cs_ctrl,MLT,Malta,High income,d_inf_bar,0.002623033240469132,NA,NA,NA,NA,NA
cs_ctrl,MLT,Malta,High income,"L(d_inf_bar, 1)",0.008861500849817825,NA,NA,NA,NA,NA
cs_ctrl,MLT,Malta,High income,"L(d_inf_bar, 2)",0.00308239076477272,NA,NA,NA,NA,NA
cs_ctrl,MLT,Malta,High income,d_gov_bar,1.6072968256544584,NA,NA,NA,NA,NA
cs_ctrl,MLT,Malta,High income,"L(d_gov_bar, 1)",1.9647550935745883,NA,NA,NA,NA,NA
cs_ctrl,MLT,Malta,High income,"L(d_gov_bar, 2)",-0.31923904717257756,NA,NA,NA,NA,NA
cs_ctrl,MLT,Malta,High income,d_log_gdp_bar,0.07557411101041141,NA,NA,NA,NA,NA
cs_ctrl,MLT,Malta,High income,"L(d_log_gdp_bar, 1)",NA,NA,NA,NA,NA,NA
cs_ctrl,MLT,Malta,High income,"L(d_log_gdp_bar, 2)",NA,NA,NA,NA,NA,NA
cs_ctrl,MMR,Myanmar,Low income,(Intercept),0.1865312953427693,NA,NA,NA,NA,NA
cs_ctrl,MMR,Myanmar,Low income,"L(dy, 1)",-7.943899878835551,NA,NA,NA,NA,NA
cs_ctrl,MMR,Myanmar,Low income,"L(dy, 2)",-3.181224548897035,NA,NA,NA,NA,NA
cs_ctrl,MMR,Myanmar,Low income,dd,0.2593272362257368,NA,NA,NA,NA,NA
cs_ctrl,MMR,Myanmar,Low income,"L(dd, 1)",0.10240394187433625,NA,NA,NA,NA,NA
cs_ctrl,MMR,Myanmar,Low income,"L(dd, 2)",1.4391192131598967,NA,NA,NA,NA,NA
cs_ctrl,MMR,Myanmar,Low income,d_inf,2.6249141916991388,NA,NA,NA,NA,NA
cs_ctrl,MMR,Myanmar,Low income,"L(d_inf, 1)",-1.3726601665071125,NA,NA,NA,NA,NA
cs_ctrl,MMR,Myanmar,Low income,"L(d_inf, 2)",0.48058126787004335,NA,NA,NA,NA,NA
cs_ctrl,MMR,Myanmar,Low income,d_gov,1.9309311521563866,NA,NA,NA,NA,NA
cs_ctrl,MMR,Myanmar,Low income,"L(d_gov, 1)",-3.4421893622167126,NA,NA,NA,NA,NA
cs_ctrl,MMR,Myanmar,Low income,"L(d_gov, 2)",-2.5731591218447165,NA,NA,NA,NA,NA
cs_ctrl,MMR,Myanmar,Low income,d_log_gdp,0.5098067174277179,NA,NA,NA,NA,NA
cs_ctrl,MMR,Myanmar,Low income,"L(d_log_gdp, 1)",3.3323813841065335,NA,NA,NA,NA,NA
cs_ctrl,MMR,Myanmar,Low income,"L(d_log_gdp, 2)",1.8786518537384935,NA,NA,NA,NA,NA
cs_ctrl,MMR,Myanmar,Low income,dy_bar,-23.959314928505293,NA,NA,NA,NA,NA
cs_ctrl,MMR,Myanmar,Low income,"L(dy_bar, 1)",28.383850177582545,NA,NA,NA,NA,NA
cs_ctrl,MMR,Myanmar,Low income,"L(dy_bar, 2)",-177.04326068945497,NA,NA,NA,NA,NA
cs_ctrl,MMR,Myanmar,Low income,dd_bar,-4.92650395261363,NA,NA,NA,NA,NA
cs_ctrl,MMR,Myanmar,Low income,"L(dd_bar, 1)",1.618178229546762,NA,NA,NA,NA,NA
cs_ctrl,MMR,Myanmar,Low income,"L(dd_bar, 2)",-3.92559809813265,NA,NA,NA,NA,NA
cs_ctrl,MMR,Myanmar,Low income,d_inf_bar,-0.08798169967006675,NA,NA,NA,NA,NA
cs_ctrl,MMR,Myanmar,Low income,"L(d_inf_bar, 1)",-0.032054763194649435,NA,NA,NA,NA,NA
cs_ctrl,MMR,Myanmar,Low income,"L(d_inf_bar, 2)",0.1325704578770507,NA,NA,NA,NA,NA
cs_ctrl,MMR,Myanmar,Low income,d_gov_bar,-47.186440265252045,NA,NA,NA,NA,NA
cs_ctrl,MMR,Myanmar,Low income,"L(d_gov_bar, 1)",-14.025489405216078,NA,NA,NA,NA,NA
cs_ctrl,MMR,Myanmar,Low income,"L(d_gov_bar, 2)",7.4313838436440545,NA,NA,NA,NA,NA
cs_ctrl,MMR,Myanmar,Low income,d_log_gdp_bar,-20.641119558018882,NA,NA,NA,NA,NA
cs_ctrl,MMR,Myanmar,Low income,"L(d_log_gdp_bar, 1)",NA,NA,NA,NA,NA,NA
cs_ctrl,MMR,Myanmar,Low income,"L(d_log_gdp_bar, 2)",NA,NA,NA,NA,NA,NA
cs_ctrl,MRT,Mauritania,Low income,(Intercept),-0.6828569302161633,NA,NA,NA,NA,NA
cs_ctrl,MRT,Mauritania,Low income,"L(dy, 1)",-24.310845014625304,NA,NA,NA,NA,NA
cs_ctrl,MRT,Mauritania,Low income,"L(dy, 2)",21.82396460578795,NA,NA,NA,NA,NA
cs_ctrl,MRT,Mauritania,Low income,dd,0.1711321720052765,NA,NA,NA,NA,NA
cs_ctrl,MRT,Mauritania,Low income,"L(dd, 1)",0.15057584079858233,NA,NA,NA,NA,NA
cs_ctrl,MRT,Mauritania,Low income,"L(dd, 2)",0.09236236772944571,NA,NA,NA,NA,NA
cs_ctrl,MRT,Mauritania,Low income,d_inf,-0.047534055496525965,NA,NA,NA,NA,NA
cs_ctrl,MRT,Mauritania,Low income,"L(d_inf, 1)",-0.932595190091336,NA,NA,NA,NA,NA
cs_ctrl,MRT,Mauritania,Low income,"L(d_inf, 2)",-3.2799698419432652,NA,NA,NA,NA,NA
cs_ctrl,MRT,Mauritania,Low income,d_gov,21.169211035731774,NA,NA,NA,NA,NA
cs_ctrl,MRT,Mauritania,Low income,"L(d_gov, 1)",-16.95342796609528,NA,NA,NA,NA,NA
cs_ctrl,MRT,Mauritania,Low income,"L(d_gov, 2)",-4.8532362898601225,NA,NA,NA,NA,NA
cs_ctrl,MRT,Mauritania,Low income,d_log_gdp,10.698359335817067,NA,NA,NA,NA,NA
cs_ctrl,MRT,Mauritania,Low income,"L(d_log_gdp, 1)",-3.3159376651111123,NA,NA,NA,NA,NA
cs_ctrl,MRT,Mauritania,Low income,"L(d_log_gdp, 2)",-2.397801093649382,NA,NA,NA,NA,NA
cs_ctrl,MRT,Mauritania,Low income,dy_bar,-76.31342844900018,NA,NA,NA,NA,NA
cs_ctrl,MRT,Mauritania,Low income,"L(dy_bar, 1)",-28.932001213971326,NA,NA,NA,NA,NA
cs_ctrl,MRT,Mauritania,Low income,"L(dy_bar, 2)",132.4423660584892,NA,NA,NA,NA,NA
cs_ctrl,MRT,Mauritania,Low income,dd_bar,7.035663732205017,NA,NA,NA,NA,NA
cs_ctrl,MRT,Mauritania,Low income,"L(dd_bar, 1)",-4.933560326931876,NA,NA,NA,NA,NA
cs_ctrl,MRT,Mauritania,Low income,"L(dd_bar, 2)",6.5835236236308345,NA,NA,NA,NA,NA
cs_ctrl,MRT,Mauritania,Low income,d_inf_bar,0.46126196238438144,NA,NA,NA,NA,NA
cs_ctrl,MRT,Mauritania,Low income,"L(d_inf_bar, 1)",0.12159644595014799,NA,NA,NA,NA,NA
cs_ctrl,MRT,Mauritania,Low income,"L(d_inf_bar, 2)",-0.8920487642963205,NA,NA,NA,NA,NA
cs_ctrl,MRT,Mauritania,Low income,d_gov_bar,0.8180080644089295,NA,NA,NA,NA,NA
cs_ctrl,MRT,Mauritania,Low income,"L(d_gov_bar, 1)",0.6361214185105867,NA,NA,NA,NA,NA
cs_ctrl,MRT,Mauritania,Low income,"L(d_gov_bar, 2)",-63.44286126231258,NA,NA,NA,NA,NA
cs_ctrl,MRT,Mauritania,Low income,d_log_gdp_bar,14.823871071563646,NA,NA,NA,NA,NA
cs_ctrl,MRT,Mauritania,Low income,"L(d_log_gdp_bar, 1)",NA,NA,NA,NA,NA,NA
cs_ctrl,MRT,Mauritania,Low income,"L(d_log_gdp_bar, 2)",NA,NA,NA,NA,NA,NA
cs_ctrl,MUS,Mauritius,Upper middle income,(Intercept),0.00695364445110299,NA,NA,NA,NA,NA
cs_ctrl,MUS,Mauritius,Upper middle income,"L(dy, 1)",-0.44011733950684595,NA,NA,NA,NA,NA
cs_ctrl,MUS,Mauritius,Upper middle income,"L(dy, 2)",-0.07459222894757822,NA,NA,NA,NA,NA
cs_ctrl,MUS,Mauritius,Upper middle income,dd,-0.00893211470654367,NA,NA,NA,NA,NA
cs_ctrl,MUS,Mauritius,Upper middle income,"L(dd, 1)",-0.014212277334876136,NA,NA,NA,NA,NA
cs_ctrl,MUS,Mauritius,Upper middle income,"L(dd, 2)",4.005394682309502e-4,NA,NA,NA,NA,NA
cs_ctrl,MUS,Mauritius,Upper middle income,d_inf,0.022838538962941368,NA,NA,NA,NA,NA
cs_ctrl,MUS,Mauritius,Upper middle income,"L(d_inf, 1)",-0.05912759131475196,NA,NA,NA,NA,NA
cs_ctrl,MUS,Mauritius,Upper middle income,"L(d_inf, 2)",-0.01773286341883512,NA,NA,NA,NA,NA
cs_ctrl,MUS,Mauritius,Upper middle income,d_gov,-0.48619142473630517,NA,NA,NA,NA,NA
cs_ctrl,MUS,Mauritius,Upper middle income,"L(d_gov, 1)",-0.6554248030028617,NA,NA,NA,NA,NA
cs_ctrl,MUS,Mauritius,Upper middle income,"L(d_gov, 2)",-0.5035032830816316,NA,NA,NA,NA,NA
cs_ctrl,MUS,Mauritius,Upper middle income,d_log_gdp,-0.040961540773837235,NA,NA,NA,NA,NA
cs_ctrl,MUS,Mauritius,Upper middle income,"L(d_log_gdp, 1)",-0.09638510461041734,NA,NA,NA,NA,NA
cs_ctrl,MUS,Mauritius,Upper middle income,"L(d_log_gdp, 2)",-0.09937411121678179,NA,NA,NA,NA,NA
cs_ctrl,MUS,Mauritius,Upper middle income,dy_bar,-0.1747291590040583,NA,NA,NA,NA,NA
cs_ctrl,MUS,Mauritius,Upper middle income,"L(dy_bar, 1)",-1.747864651123121,NA,NA,NA,NA,NA
cs_ctrl,MUS,Mauritius,Upper middle income,"L(dy_bar, 2)",0.7573277375194825,NA,NA,NA,NA,NA
cs_ctrl,MUS,Mauritius,Upper middle income,dd_bar,-0.019944247019111436,NA,NA,NA,NA,NA
cs_ctrl,MUS,Mauritius,Upper middle income,"L(dd_bar, 1)",0.02979427534373749,NA,NA,NA,NA,NA
cs_ctrl,MUS,Mauritius,Upper middle income,"L(dd_bar, 2)",0.04247425835643439,NA,NA,NA,NA,NA
cs_ctrl,MUS,Mauritius,Upper middle income,d_inf_bar,0.002274691176212333,NA,NA,NA,NA,NA
cs_ctrl,MUS,Mauritius,Upper middle income,"L(d_inf_bar, 1)",-5.664563003849735e-4,NA,NA,NA,NA,NA
cs_ctrl,MUS,Mauritius,Upper middle income,"L(d_inf_bar, 2)",-9.408129382495659e-5,NA,NA,NA,NA,NA
cs_ctrl,MUS,Mauritius,Upper middle income,d_gov_bar,1.0317472760019653,NA,NA,NA,NA,NA
cs_ctrl,MUS,Mauritius,Upper middle income,"L(d_gov_bar, 1)",-0.11116417130120478,NA,NA,NA,NA,NA
cs_ctrl,MUS,Mauritius,Upper middle income,"L(d_gov_bar, 2)",-0.393037109148414,NA,NA,NA,NA,NA
cs_ctrl,MUS,Mauritius,Upper middle income,d_log_gdp_bar,0.15938011570033378,NA,NA,NA,NA,NA
cs_ctrl,MUS,Mauritius,Upper middle income,"L(d_log_gdp_bar, 1)",NA,NA,NA,NA,NA,NA
cs_ctrl,MUS,Mauritius,Upper middle income,"L(d_log_gdp_bar, 2)",NA,NA,NA,NA,NA,NA
cs_ctrl,MWI,Malawi,Low income,(Intercept),-0.025485506392714304,NA,NA,NA,NA,NA
cs_ctrl,MWI,Malawi,Low income,"L(dy, 1)",2.21876825665371,NA,NA,NA,NA,NA
cs_ctrl,MWI,Malawi,Low income,dd,0.13070253653722053,NA,NA,NA,NA,NA
cs_ctrl,MWI,Malawi,Low income,"L(dd, 1)",-0.08269128640387403,NA,NA,NA,NA,NA
cs_ctrl,MWI,Malawi,Low income,d_inf,0.04131858081824507,NA,NA,NA,NA,NA
cs_ctrl,MWI,Malawi,Low income,"L(d_inf, 1)",0.15020637103092863,NA,NA,NA,NA,NA
cs_ctrl,MWI,Malawi,Low income,"L(d_inf, 2)",0.11240537638654091,NA,NA,NA,NA,NA
cs_ctrl,MWI,Malawi,Low income,d_gov,0.7026742504988929,NA,NA,NA,NA,NA
cs_ctrl,MWI,Malawi,Low income,"L(d_gov, 1)",3.2903313465918154,NA,NA,NA,NA,NA
cs_ctrl,MWI,Malawi,Low income,"L(d_gov, 2)",2.4216677945791707,NA,NA,NA,NA,NA
cs_ctrl,MWI,Malawi,Low income,d_log_gdp,-0.248215864326517,NA,NA,NA,NA,NA
cs_ctrl,MWI,Malawi,Low income,"L(d_log_gdp, 1)",0.14817587242304936,NA,NA,NA,NA,NA
cs_ctrl,MWI,Malawi,Low income,"L(d_log_gdp, 2)",0.19262602987707064,NA,NA,NA,NA,NA
cs_ctrl,MWI,Malawi,Low income,dy_bar,7.174124221277213,NA,NA,NA,NA,NA
cs_ctrl,MWI,Malawi,Low income,"L(dy_bar, 1)",21.96579372697358,NA,NA,NA,NA,NA
cs_ctrl,MWI,Malawi,Low income,"L(dy_bar, 2)",-10.14111039434585,NA,NA,NA,NA,NA
cs_ctrl,MWI,Malawi,Low income,dd_bar,0.4348876039309106,NA,NA,NA,NA,NA
cs_ctrl,MWI,Malawi,Low income,"L(dd_bar, 1)",0.376409234722932,NA,NA,NA,NA,NA
cs_ctrl,MWI,Malawi,Low income,"L(dd_bar, 2)",-0.6229300524088583,NA,NA,NA,NA,NA
cs_ctrl,MWI,Malawi,Low income,d_inf_bar,0.00538359175760638,NA,NA,NA,NA,NA
cs_ctrl,MWI,Malawi,Low income,"L(d_inf_bar, 1)",0.025771051357822143,NA,NA,NA,NA,NA
cs_ctrl,MWI,Malawi,Low income,"L(d_inf_bar, 2)",-0.02841354996699734,NA,NA,NA,NA,NA
cs_ctrl,MWI,Malawi,Low income,d_gov_bar,-6.594859699434423,NA,NA,NA,NA,NA
cs_ctrl,MWI,Malawi,Low income,"L(d_gov_bar, 1)",0.9439047103163858,NA,NA,NA,NA,NA
cs_ctrl,MWI,Malawi,Low income,"L(d_gov_bar, 2)",7.479289550303033,NA,NA,NA,NA,NA
cs_ctrl,MWI,Malawi,Low income,d_log_gdp_bar,0.3419404959315817,NA,NA,NA,NA,NA
cs_ctrl,MWI,Malawi,Low income,"L(d_log_gdp_bar, 1)",1.552101089946844,NA,NA,NA,NA,NA
cs_ctrl,MWI,Malawi,Low income,"L(d_log_gdp_bar, 2)",0.3265736188749058,NA,NA,NA,NA,NA
cs_ctrl,MYS,Malaysia,Upper middle income,(Intercept),-0.023891500500586745,NA,NA,NA,NA,NA
cs_ctrl,MYS,Malaysia,Upper middle income,"L(dy, 1)",-0.6968615901005641,NA,NA,NA,NA,NA
cs_ctrl,MYS,Malaysia,Upper middle income,"L(dy, 2)",-0.17100489393503435,NA,NA,NA,NA,NA
cs_ctrl,MYS,Malaysia,Upper middle income,dd,0.29149609546216754,NA,NA,NA,NA,NA
cs_ctrl,MYS,Malaysia,Upper middle income,"L(dd, 1)",0.46785616244220546,NA,NA,NA,NA,NA
cs_ctrl,MYS,Malaysia,Upper middle income,"L(dd, 2)",0.025872316827769127,NA,NA,NA,NA,NA
cs_ctrl,MYS,Malaysia,Upper middle income,d_inf,0.5216737577621967,NA,NA,NA,NA,NA
cs_ctrl,MYS,Malaysia,Upper middle income,"L(d_inf, 1)",0.5674065705793554,NA,NA,NA,NA,NA
cs_ctrl,MYS,Malaysia,Upper middle income,"L(d_inf, 2)",-0.05329150659000325,NA,NA,NA,NA,NA
cs_ctrl,MYS,Malaysia,Upper middle income,d_gov,-2.305248286458272,NA,NA,NA,NA,NA
cs_ctrl,MYS,Malaysia,Upper middle income,"L(d_gov, 1)",-1.6134765689396848,NA,NA,NA,NA,NA
cs_ctrl,MYS,Malaysia,Upper middle income,"L(d_gov, 2)",-0.3000294164512732,NA,NA,NA,NA,NA
cs_ctrl,MYS,Malaysia,Upper middle income,d_log_gdp,0.24524396035643256,NA,NA,NA,NA,NA
cs_ctrl,MYS,Malaysia,Upper middle income,"L(d_log_gdp, 1)",0.10284269214041532,NA,NA,NA,NA,NA
cs_ctrl,MYS,Malaysia,Upper middle income,"L(d_log_gdp, 2)",0.3707646745709459,NA,NA,NA,NA,NA
cs_ctrl,MYS,Malaysia,Upper middle income,dy_bar,-3.4590307182346507,NA,NA,NA,NA,NA
cs_ctrl,MYS,Malaysia,Upper middle income,"L(dy_bar, 1)",-0.9407953736202198,NA,NA,NA,NA,NA
cs_ctrl,MYS,Malaysia,Upper middle income,"L(dy_bar, 2)",15.148291267345801,NA,NA,NA,NA,NA
cs_ctrl,MYS,Malaysia,Upper middle income,dd_bar,-0.1401941933442513,NA,NA,NA,NA,NA
cs_ctrl,MYS,Malaysia,Upper middle income,"L(dd_bar, 1)",0.14636530706710205,NA,NA,NA,NA,NA
cs_ctrl,MYS,Malaysia,Upper middle income,"L(dd_bar, 2)",0.14826115677378585,NA,NA,NA,NA,NA
cs_ctrl,MYS,Malaysia,Upper middle income,d_inf_bar,-0.0015995952942143548,NA,NA,NA,NA,NA
cs_ctrl,MYS,Malaysia,Upper middle income,"L(d_inf_bar, 1)",0.009378282290596708,NA,NA,NA,NA,NA
cs_ctrl,MYS,Malaysia,Upper middle income,"L(d_inf_bar, 2)",0.0020896011721165237,NA,NA,NA,NA,NA
cs_ctrl,MYS,Malaysia,Upper middle income,d_gov_bar,-4.791693472846821,NA,NA,NA,NA,NA
cs_ctrl,MYS,Malaysia,Upper middle income,"L(d_gov_bar, 1)",-4.50569098344157,NA,NA,NA,NA,NA
cs_ctrl,MYS,Malaysia,Upper middle income,"L(d_gov_bar, 2)",-2.7295406561427114,NA,NA,NA,NA,NA
cs_ctrl,MYS,Malaysia,Upper middle income,d_log_gdp_bar,-0.9090961785988099,NA,NA,NA,NA,NA
cs_ctrl,MYS,Malaysia,Upper middle income,"L(d_log_gdp_bar, 1)",NA,NA,NA,NA,NA,NA
cs_ctrl,MYS,Malaysia,Upper middle income,"L(d_log_gdp_bar, 2)",NA,NA,NA,NA,NA,NA
cs_ctrl,NAM,Namibia,Lower middle income,(Intercept),-0.0010544764203017445,NA,NA,NA,NA,NA
cs_ctrl,NAM,Namibia,Lower middle income,"L(dy, 1)",0.41502440168092425,NA,NA,NA,NA,NA
cs_ctrl,NAM,Namibia,Lower middle income,dd,0.0022188577263091928,NA,NA,NA,NA,NA
cs_ctrl,NAM,Namibia,Lower middle income,"L(dd, 1)",-0.009957891815203984,NA,NA,NA,NA,NA
cs_ctrl,NAM,Namibia,Lower middle income,"L(dd, 2)",-0.0021495005591205185,NA,NA,NA,NA,NA
cs_ctrl,NAM,Namibia,Lower middle income,d_inf,-0.01014621523267687,NA,NA,NA,NA,NA
cs_ctrl,NAM,Namibia,Lower middle income,"L(d_inf, 1)",-0.007751251311659901,NA,NA,NA,NA,NA
cs_ctrl,NAM,Namibia,Lower middle income,d_gov,-0.2577373322667168,NA,NA,NA,NA,NA
cs_ctrl,NAM,Namibia,Lower middle income,"L(d_gov, 1)",0.1930679447683668,NA,NA,NA,NA,NA
cs_ctrl,NAM,Namibia,Lower middle income,"L(d_gov, 2)",-0.33730896678694533,NA,NA,NA,NA,NA
cs_ctrl,NAM,Namibia,Lower middle income,d_log_gdp,-0.08152374460337937,NA,NA,NA,NA,NA
cs_ctrl,NAM,Namibia,Lower middle income,"L(d_log_gdp, 1)",0.08485989764209508,NA,NA,NA,NA,NA
cs_ctrl,NAM,Namibia,Lower middle income,"L(d_log_gdp, 2)",-0.027346791092470738,NA,NA,NA,NA,NA
cs_ctrl,NAM,Namibia,Lower middle income,dy_bar,-0.2719937994358282,NA,NA,NA,NA,NA
cs_ctrl,NAM,Namibia,Lower middle income,"L(dy_bar, 1)",0.7332443053103783,NA,NA,NA,NA,NA
cs_ctrl,NAM,Namibia,Lower middle income,"L(dy_bar, 2)",-0.8013587011571837,NA,NA,NA,NA,NA
cs_ctrl,NAM,Namibia,Lower middle income,dd_bar,-0.034017795117247035,NA,NA,NA,NA,NA
cs_ctrl,NAM,Namibia,Lower middle income,"L(dd_bar, 1)",0.07658501068102362,NA,NA,NA,NA,NA
cs_ctrl,NAM,Namibia,Lower middle income,"L(dd_bar, 2)",-0.053466276364615054,NA,NA,NA,NA,NA
cs_ctrl,NAM,Namibia,Lower middle income,d_inf_bar,9.705584701757018e-4,NA,NA,NA,NA,NA
cs_ctrl,NAM,Namibia,Lower middle income,"L(d_inf_bar, 1)",4.208753443890798e-4,NA,NA,NA,NA,NA
cs_ctrl,NAM,Namibia,Lower middle income,"L(d_inf_bar, 2)",0.001869496709657644,NA,NA,NA,NA,NA
cs_ctrl,NAM,Namibia,Lower middle income,d_gov_bar,-0.08243394444903984,NA,NA,NA,NA,NA
cs_ctrl,NAM,Namibia,Lower middle income,"L(d_gov_bar, 1)",-0.2436578184498496,NA,NA,NA,NA,NA
cs_ctrl,NAM,Namibia,Lower middle income,"L(d_gov_bar, 2)",0.33976172750799755,NA,NA,NA,NA,NA
cs_ctrl,NAM,Namibia,Lower middle income,d_log_gdp_bar,-0.048582095296638046,NA,NA,NA,NA,NA
cs_ctrl,NAM,Namibia,Lower middle income,"L(d_log_gdp_bar, 1)",0.07954512679965207,NA,NA,NA,NA,NA
cs_ctrl,NAM,Namibia,Lower middle income,"L(d_log_gdp_bar, 2)",0.002397800371847216,NA,NA,NA,NA,NA
cs_ctrl,NER,Niger,Low income,(Intercept),0.005781706736155848,NA,NA,NA,NA,NA
cs_ctrl,NER,Niger,Low income,"L(dy, 1)",1.3507739645927748,NA,NA,NA,NA,NA
cs_ctrl,NER,Niger,Low income,dd,0.07131488025317193,NA,NA,NA,NA,NA
cs_ctrl,NER,Niger,Low income,"L(dd, 1)",-0.0035557527201756653,NA,NA,NA,NA,NA
cs_ctrl,NER,Niger,Low income,d_inf,-0.1365974147354967,NA,NA,NA,NA,NA
cs_ctrl,NER,Niger,Low income,"L(d_inf, 1)",-0.13167776641084714,NA,NA,NA,NA,NA
cs_ctrl,NER,Niger,Low income,"L(d_inf, 2)",-0.20138430154408096,NA,NA,NA,NA,NA
cs_ctrl,NER,Niger,Low income,d_gov,-0.3290646238702044,NA,NA,NA,NA,NA
cs_ctrl,NER,Niger,Low income,"L(d_gov, 1)",-0.3794907225603397,NA,NA,NA,NA,NA
cs_ctrl,NER,Niger,Low income,"L(d_gov, 2)",0.1594554062025775,NA,NA,NA,NA,NA
cs_ctrl,NER,Niger,Low income,d_log_gdp,0.06752447122931088,NA,NA,NA,NA,NA
cs_ctrl,NER,Niger,Low income,"L(d_log_gdp, 1)",0.01645461568256256,NA,NA,NA,NA,NA
cs_ctrl,NER,Niger,Low income,"L(d_log_gdp, 2)",0.04598113585887659,NA,NA,NA,NA,NA
cs_ctrl,NER,Niger,Low income,dy_bar,-2.790330966228106,NA,NA,NA,NA,NA
cs_ctrl,NER,Niger,Low income,"L(dy_bar, 1)",-1.6007660854705017,NA,NA,NA,NA,NA
cs_ctrl,NER,Niger,Low income,"L(dy_bar, 2)",-2.6539142480688347,NA,NA,NA,NA,NA
cs_ctrl,NER,Niger,Low income,dd_bar,-0.19259469374763996,NA,NA,NA,NA,NA
cs_ctrl,NER,Niger,Low income,"L(dd_bar, 1)",-0.0935096914630921,NA,NA,NA,NA,NA
cs_ctrl,NER,Niger,Low income,"L(dd_bar, 2)",-0.08991280511570927,NA,NA,NA,NA,NA
cs_ctrl,NER,Niger,Low income,d_inf_bar,-0.0015746471119331075,NA,NA,NA,NA,NA
cs_ctrl,NER,Niger,Low income,"L(d_inf_bar, 1)",-0.009868096179407346,NA,NA,NA,NA,NA
cs_ctrl,NER,Niger,Low income,"L(d_inf_bar, 2)",0.008503460795210983,NA,NA,NA,NA,NA
cs_ctrl,NER,Niger,Low income,d_gov_bar,-0.19552145621718403,NA,NA,NA,NA,NA
cs_ctrl,NER,Niger,Low income,"L(d_gov_bar, 1)",1.5207347984905788,NA,NA,NA,NA,NA
cs_ctrl,NER,Niger,Low income,"L(d_gov_bar, 2)",-1.81717743771178,NA,NA,NA,NA,NA
cs_ctrl,NER,Niger,Low income,d_log_gdp_bar,-0.19648013727279628,NA,NA,NA,NA,NA
cs_ctrl,NER,Niger,Low income,"L(d_log_gdp_bar, 1)",0.1372894324699872,NA,NA,NA,NA,NA
cs_ctrl,NER,Niger,Low income,"L(d_log_gdp_bar, 2)",-0.29202160526991305,NA,NA,NA,NA,NA
cs_ctrl,NGA,Nigeria,Low income,(Intercept),-0.07478909889606161,NA,NA,NA,NA,NA
cs_ctrl,NGA,Nigeria,Low income,"L(dy, 1)",32.40119339565595,NA,NA,NA,NA,NA
cs_ctrl,NGA,Nigeria,Low income,"L(dy, 2)",-56.69244106154359,NA,NA,NA,NA,NA
cs_ctrl,NGA,Nigeria,Low income,dd,0.4149725625797369,NA,NA,NA,NA,NA
cs_ctrl,NGA,Nigeria,Low income,"L(dd, 1)",0.23130173861107725,NA,NA,NA,NA,NA
cs_ctrl,NGA,Nigeria,Low income,"L(dd, 2)",0.15263189290178383,NA,NA,NA,NA,NA
cs_ctrl,NGA,Nigeria,Low income,d_inf,-0.8442296676513257,NA,NA,NA,NA,NA
cs_ctrl,NGA,Nigeria,Low income,"L(d_inf, 1)",-1.2668313518944048,NA,NA,NA,NA,NA
cs_ctrl,NGA,Nigeria,Low income,"L(d_inf, 2)",-0.03792039203087,NA,NA,NA,NA,NA
cs_ctrl,NGA,Nigeria,Low income,d_gov,6.468062343334487,NA,NA,NA,NA,NA
cs_ctrl,NGA,Nigeria,Low income,"L(d_gov, 1)",15.122776762823271,NA,NA,NA,NA,NA
cs_ctrl,NGA,Nigeria,Low income,"L(d_gov, 2)",10.946448204715367,NA,NA,NA,NA,NA
cs_ctrl,NGA,Nigeria,Low income,d_log_gdp,0.1443675113353699,NA,NA,NA,NA,NA
cs_ctrl,NGA,Nigeria,Low income,"L(d_log_gdp, 1)",0.32788866401140243,NA,NA,NA,NA,NA
cs_ctrl,NGA,Nigeria,Low income,"L(d_log_gdp, 2)",-0.3523166334419544,NA,NA,NA,NA,NA
cs_ctrl,NGA,Nigeria,Low income,dy_bar,111.4978794974994,NA,NA,NA,NA,NA
cs_ctrl,NGA,Nigeria,Low income,"L(dy_bar, 1)",57.89808918272853,NA,NA,NA,NA,NA
cs_ctrl,NGA,Nigeria,Low income,"L(dy_bar, 2)",48.964237816324214,NA,NA,NA,NA,NA
cs_ctrl,NGA,Nigeria,Low income,dd_bar,-0.6492564500372703,NA,NA,NA,NA,NA
cs_ctrl,NGA,Nigeria,Low income,"L(dd_bar, 1)",2.0222955724233556,NA,NA,NA,NA,NA
cs_ctrl,NGA,Nigeria,Low income,"L(dd_bar, 2)",2.3968999000545357,NA,NA,NA,NA,NA
cs_ctrl,NGA,Nigeria,Low income,d_inf_bar,0.013758455461550119,NA,NA,NA,NA,NA
cs_ctrl,NGA,Nigeria,Low income,"L(d_inf_bar, 1)",-0.06549942739058758,NA,NA,NA,NA,NA
cs_ctrl,NGA,Nigeria,Low income,"L(d_inf_bar, 2)",0.12092977235596859,NA,NA,NA,NA,NA
cs_ctrl,NGA,Nigeria,Low income,d_gov_bar,33.14510941428941,NA,NA,NA,NA,NA
cs_ctrl,NGA,Nigeria,Low income,"L(d_gov_bar, 1)",31.028981680518612,NA,NA,NA,NA,NA
cs_ctrl,NGA,Nigeria,Low income,"L(d_gov_bar, 2)",11.417613760280997,NA,NA,NA,NA,NA
cs_ctrl,NGA,Nigeria,Low income,d_log_gdp_bar,2.106981371843638,NA,NA,NA,NA,NA
cs_ctrl,NGA,Nigeria,Low income,"L(d_log_gdp_bar, 1)",NA,NA,NA,NA,NA,NA
cs_ctrl,NGA,Nigeria,Low income,"L(d_log_gdp_bar, 2)",NA,NA,NA,NA,NA,NA
cs_ctrl,NLD,Netherlands,High income,(Intercept),0.00224586227118364,NA,NA,NA,NA,NA
cs_ctrl,NLD,Netherlands,High income,"L(dy, 1)",-0.1233986914354096,NA,NA,NA,NA,NA
cs_ctrl,NLD,Netherlands,High income,"L(dy, 2)",0.08533393993901976,NA,NA,NA,NA,NA
cs_ctrl,NLD,Netherlands,High income,dd,0.051717287647781385,NA,NA,NA,NA,NA
cs_ctrl,NLD,Netherlands,High income,"L(dd, 1)",-0.010401055075543819,NA,NA,NA,NA,NA
cs_ctrl,NLD,Netherlands,High income,"L(dd, 2)",-0.029236325047474705,NA,NA,NA,NA,NA
cs_ctrl,NLD,Netherlands,High income,d_inf,-0.4985236218835716,NA,NA,NA,NA,NA
cs_ctrl,NLD,Netherlands,High income,"L(d_inf, 1)",-0.3648241463867258,NA,NA,NA,NA,NA
cs_ctrl,NLD,Netherlands,High income,"L(d_inf, 2)",-0.6139878213644313,NA,NA,NA,NA,NA
cs_ctrl,NLD,Netherlands,High income,d_gov,-0.023590990518711445,NA,NA,NA,NA,NA
cs_ctrl,NLD,Netherlands,High income,"L(d_gov, 1)",0.5622676243309223,NA,NA,NA,NA,NA
cs_ctrl,NLD,Netherlands,High income,"L(d_gov, 2)",-1.2569224177937797,NA,NA,NA,NA,NA
cs_ctrl,NLD,Netherlands,High income,d_log_gdp,-0.1933588113858516,NA,NA,NA,NA,NA
cs_ctrl,NLD,Netherlands,High income,"L(d_log_gdp, 1)",-0.1726597763115708,NA,NA,NA,NA,NA
cs_ctrl,NLD,Netherlands,High income,"L(d_log_gdp, 2)",0.1187839497620143,NA,NA,NA,NA,NA
cs_ctrl,NLD,Netherlands,High income,dy_bar,-2.544700461607061,NA,NA,NA,NA,NA
cs_ctrl,NLD,Netherlands,High income,"L(dy_bar, 1)",0.7027022968891523,NA,NA,NA,NA,NA
cs_ctrl,NLD,Netherlands,High income,"L(dy_bar, 2)",-3.6825418279943607,NA,NA,NA,NA,NA
cs_ctrl,NLD,Netherlands,High income,dd_bar,-0.12234471092453854,NA,NA,NA,NA,NA
cs_ctrl,NLD,Netherlands,High income,"L(dd_bar, 1)",0.16986548787077255,NA,NA,NA,NA,NA
cs_ctrl,NLD,Netherlands,High income,"L(dd_bar, 2)",0.05733437837798009,NA,NA,NA,NA,NA
cs_ctrl,NLD,Netherlands,High income,d_inf_bar,0.0014035692818771203,NA,NA,NA,NA,NA
cs_ctrl,NLD,Netherlands,High income,"L(d_inf_bar, 1)",0.0019103362703531256,NA,NA,NA,NA,NA
cs_ctrl,NLD,Netherlands,High income,"L(d_inf_bar, 2)",0.0026460855268731777,NA,NA,NA,NA,NA
cs_ctrl,NLD,Netherlands,High income,d_gov_bar,-0.9946075207904267,NA,NA,NA,NA,NA
cs_ctrl,NLD,Netherlands,High income,"L(d_gov_bar, 1)",-3.232375347973702,NA,NA,NA,NA,NA
cs_ctrl,NLD,Netherlands,High income,"L(d_gov_bar, 2)",-0.783204498688263,NA,NA,NA,NA,NA
cs_ctrl,NLD,Netherlands,High income,d_log_gdp_bar,-0.04398582804624656,NA,NA,NA,NA,NA
cs_ctrl,NLD,Netherlands,High income,"L(d_log_gdp_bar, 1)",NA,NA,NA,NA,NA,NA
cs_ctrl,NLD,Netherlands,High income,"L(d_log_gdp_bar, 2)",NA,NA,NA,NA,NA,NA
cs_ctrl,NOR,Norway,High income,(Intercept),-0.0080816214954109,NA,NA,NA,NA,NA
cs_ctrl,NOR,Norway,High income,"L(dy, 1)",-0.2328950227000038,NA,NA,NA,NA,NA
cs_ctrl,NOR,Norway,High income,dd,0.05187970072846814,NA,NA,NA,NA,NA
cs_ctrl,NOR,Norway,High income,"L(dd, 1)",0.012765636129821595,NA,NA,NA,NA,NA
cs_ctrl,NOR,Norway,High income,"L(dd, 2)",-0.020399854668116155,NA,NA,NA,NA,NA
cs_ctrl,NOR,Norway,High income,d_inf,-0.01546903812014232,NA,NA,NA,NA,NA
cs_ctrl,NOR,Norway,High income,"L(d_inf, 1)",0.05683562201364349,NA,NA,NA,NA,NA
cs_ctrl,NOR,Norway,High income,"L(d_inf, 2)",0.10452361316544269,NA,NA,NA,NA,NA
cs_ctrl,NOR,Norway,High income,d_gov,-1.6289636053085303,NA,NA,NA,NA,NA
cs_ctrl,NOR,Norway,High income,"L(d_gov, 1)",-0.3614112838680073,NA,NA,NA,NA,NA
cs_ctrl,NOR,Norway,High income,"L(d_gov, 2)",0.0295004435455046,NA,NA,NA,NA,NA
cs_ctrl,NOR,Norway,High income,d_log_gdp,-0.15014308569335155,NA,NA,NA,NA,NA
cs_ctrl,NOR,Norway,High income,"L(d_log_gdp, 1)",-0.20175769837960156,NA,NA,NA,NA,NA
cs_ctrl,NOR,Norway,High income,"L(d_log_gdp, 2)",-0.17850937299397807,NA,NA,NA,NA,NA
cs_ctrl,NOR,Norway,High income,dy_bar,5.372401929025676,NA,NA,NA,NA,NA
cs_ctrl,NOR,Norway,High income,"L(dy_bar, 1)",4.426418545907516,NA,NA,NA,NA,NA
cs_ctrl,NOR,Norway,High income,"L(dy_bar, 2)",4.4440914780777545,NA,NA,NA,NA,NA
cs_ctrl,NOR,Norway,High income,dd_bar,0.22464016811408716,NA,NA,NA,NA,NA
cs_ctrl,NOR,Norway,High income,"L(dd_bar, 1)",0.004156442003329465,NA,NA,NA,NA,NA
cs_ctrl,NOR,Norway,High income,d_inf_bar,0.0027181695959828884,NA,NA,NA,NA,NA
cs_ctrl,NOR,Norway,High income,"L(d_inf_bar, 1)",-0.005680887897333668,NA,NA,NA,NA,NA
cs_ctrl,NOR,Norway,High income,"L(d_inf_bar, 2)",-0.0046074071838690224,NA,NA,NA,NA,NA
cs_ctrl,NOR,Norway,High income,d_gov_bar,3.1043519722130295,NA,NA,NA,NA,NA
cs_ctrl,NOR,Norway,High income,"L(d_gov_bar, 1)",-1.9125568676040514,NA,NA,NA,NA,NA
cs_ctrl,NOR,Norway,High income,"L(d_gov_bar, 2)",-0.886712139050862,NA,NA,NA,NA,NA
cs_ctrl,NOR,Norway,High income,d_log_gdp_bar,0.8578187461330551,NA,NA,NA,NA,NA
cs_ctrl,NOR,Norway,High income,"L(d_log_gdp_bar, 1)",-0.07315594439505009,NA,NA,NA,NA,NA
cs_ctrl,NOR,Norway,High income,"L(d_log_gdp_bar, 2)",0.3567963393241632,NA,NA,NA,NA,NA
cs_ctrl,NPL,Nepal,Low income,(Intercept),-0.00475241303488347,NA,NA,NA,NA,NA
cs_ctrl,NPL,Nepal,Low income,"L(dy, 1)",0.6312002234689587,NA,NA,NA,NA,NA
cs_ctrl,NPL,Nepal,Low income,dd,-9.96458853766768e-4,NA,NA,NA,NA,NA
cs_ctrl,NPL,Nepal,Low income,"L(dd, 1)",-0.006577310484187815,NA,NA,NA,NA,NA
cs_ctrl,NPL,Nepal,Low income,"L(dd, 2)",-0.016151407166232895,NA,NA,NA,NA,NA
cs_ctrl,NPL,Nepal,Low income,d_inf,0.010263645227337293,NA,NA,NA,NA,NA
cs_ctrl,NPL,Nepal,Low income,"L(d_inf, 1)",-0.005760049437082304,NA,NA,NA,NA,NA
cs_ctrl,NPL,Nepal,Low income,"L(d_inf, 2)",-0.01399427343593651,NA,NA,NA,NA,NA
cs_ctrl,NPL,Nepal,Low income,d_gov,-0.058439403643344566,NA,NA,NA,NA,NA
cs_ctrl,NPL,Nepal,Low income,"L(d_gov, 1)",-0.08008850656910785,NA,NA,NA,NA,NA
cs_ctrl,NPL,Nepal,Low income,"L(d_gov, 2)",0.03543713157451403,NA,NA,NA,NA,NA
cs_ctrl,NPL,Nepal,Low income,d_log_gdp,0.0013244732673185352,NA,NA,NA,NA,NA
cs_ctrl,NPL,Nepal,Low income,"L(d_log_gdp, 1)",-0.009863146623919556,NA,NA,NA,NA,NA
cs_ctrl,NPL,Nepal,Low income,dy_bar,1.1051765885387945,NA,NA,NA,NA,NA
cs_ctrl,NPL,Nepal,Low income,"L(dy_bar, 1)",0.16664080296863815,NA,NA,NA,NA,NA
cs_ctrl,NPL,Nepal,Low income,"L(dy_bar, 2)",0.9486562514473705,NA,NA,NA,NA,NA
cs_ctrl,NPL,Nepal,Low income,dd_bar,-1.447317798316606e-4,NA,NA,NA,NA,NA
cs_ctrl,NPL,Nepal,Low income,"L(dd_bar, 1)",0.04594063896700374,NA,NA,NA,NA,NA
cs_ctrl,NPL,Nepal,Low income,"L(dd_bar, 2)",0.01048178077386983,NA,NA,NA,NA,NA
cs_ctrl,NPL,Nepal,Low income,d_inf_bar,0.0015209659852956014,NA,NA,NA,NA,NA
cs_ctrl,NPL,Nepal,Low income,"L(d_inf_bar, 1)",0.0022776418714520945,NA,NA,NA,NA,NA
cs_ctrl,NPL,Nepal,Low income,"L(d_inf_bar, 2)",3.808654300531573e-4,NA,NA,NA,NA,NA
cs_ctrl,NPL,Nepal,Low income,d_gov_bar,0.13439080042915844,NA,NA,NA,NA,NA
cs_ctrl,NPL,Nepal,Low income,"L(d_gov_bar, 1)",0.30838038966656894,NA,NA,NA,NA,NA
cs_ctrl,NPL,Nepal,Low income,"L(d_gov_bar, 2)",0.08885125980172143,NA,NA,NA,NA,NA
cs_ctrl,NPL,Nepal,Low income,d_log_gdp_bar,0.04899254766664031,NA,NA,NA,NA,NA
cs_ctrl,NPL,Nepal,Low income,"L(d_log_gdp_bar, 1)",0.06299095863462631,NA,NA,NA,NA,NA
cs_ctrl,NPL,Nepal,Low income,"L(d_log_gdp_bar, 2)",0.05025552834628579,NA,NA,NA,NA,NA
cs_ctrl,NZL,New Zealand,High income,(Intercept),0.03649053249029535,NA,NA,NA,NA,NA
cs_ctrl,NZL,New Zealand,High income,"L(dy, 1)",-0.001180599680843919,NA,NA,NA,NA,NA
cs_ctrl,NZL,New Zealand,High income,"L(dy, 2)",0.023039381034305546,NA,NA,NA,NA,NA
cs_ctrl,NZL,New Zealand,High income,dd,0.04230984786028325,NA,NA,NA,NA,NA
cs_ctrl,NZL,New Zealand,High income,"L(dd, 1)",0.1474239156186105,NA,NA,NA,NA,NA
cs_ctrl,NZL,New Zealand,High income,"L(dd, 2)",-0.44139647754315037,NA,NA,NA,NA,NA
cs_ctrl,NZL,New Zealand,High income,d_inf,-0.022110868217306928,NA,NA,NA,NA,NA
cs_ctrl,NZL,New Zealand,High income,"L(d_inf, 1)",0.4781564756234755,NA,NA,NA,NA,NA
cs_ctrl,NZL,New Zealand,High income,"L(d_inf, 2)",0.5291688438731383,NA,NA,NA,NA,NA
cs_ctrl,NZL,New Zealand,High income,d_gov,-3.898341486894485,NA,NA,NA,NA,NA
cs_ctrl,NZL,New Zealand,High income,"L(d_gov, 1)",-3.78219629702152,NA,NA,NA,NA,NA
cs_ctrl,NZL,New Zealand,High income,"L(d_gov, 2)",-0.11146583986589208,NA,NA,NA,NA,NA
cs_ctrl,NZL,New Zealand,High income,d_log_gdp,-0.38821164353449716,NA,NA,NA,NA,NA
cs_ctrl,NZL,New Zealand,High income,"L(d_log_gdp, 1)",-0.04608738926960751,NA,NA,NA,NA,NA
cs_ctrl,NZL,New Zealand,High income,"L(d_log_gdp, 2)",-0.165784424531542,NA,NA,NA,NA,NA
cs_ctrl,NZL,New Zealand,High income,dy_bar,5.390027408640552,NA,NA,NA,NA,NA
cs_ctrl,NZL,New Zealand,High income,"L(dy_bar, 1)",-6.603343488533727,NA,NA,NA,NA,NA
cs_ctrl,NZL,New Zealand,High income,"L(dy_bar, 2)",-19.26650479749723,NA,NA,NA,NA,NA
cs_ctrl,NZL,New Zealand,High income,dd_bar,0.13678372291340352,NA,NA,NA,NA,NA
cs_ctrl,NZL,New Zealand,High income,"L(dd_bar, 1)",-0.5723099729770982,NA,NA,NA,NA,NA
cs_ctrl,NZL,New Zealand,High income,"L(dd_bar, 2)",-0.12468351236631019,NA,NA,NA,NA,NA
cs_ctrl,NZL,New Zealand,High income,d_inf_bar,3.1152797275590363e-4,NA,NA,NA,NA,NA
cs_ctrl,NZL,New Zealand,High income,"L(d_inf_bar, 1)",0.02544974371345212,NA,NA,NA,NA,NA
cs_ctrl,NZL,New Zealand,High income,"L(d_inf_bar, 2)",-0.011366208653027602,NA,NA,NA,NA,NA
cs_ctrl,NZL,New Zealand,High income,d_gov_bar,-5.6881388435512195,NA,NA,NA,NA,NA
cs_ctrl,NZL,New Zealand,High income,"L(d_gov_bar, 1)",2.2160369624301137,NA,NA,NA,NA,NA
cs_ctrl,NZL,New Zealand,High income,"L(d_gov_bar, 2)",1.7944142804109235,NA,NA,NA,NA,NA
cs_ctrl,NZL,New Zealand,High income,d_log_gdp_bar,-0.7387326926819116,NA,NA,NA,NA,NA
cs_ctrl,NZL,New Zealand,High income,"L(d_log_gdp_bar, 1)",NA,NA,NA,NA,NA,NA
cs_ctrl,NZL,New Zealand,High income,"L(d_log_gdp_bar, 2)",NA,NA,NA,NA,NA,NA
cs_ctrl,OMN,Oman,Upper middle income,(Intercept),-0,0,NA,NA,-0,0
cs_ctrl,OMN,Oman,Upper middle income,"L(dy, 1)",NA,NA,NA,NA,NA,NA
cs_ctrl,OMN,Oman,Upper middle income,dd,0,0,NA,NA,0,0
cs_ctrl,OMN,Oman,Upper middle income,"L(dd, 1)",0,0,NA,NA,0,0
cs_ctrl,OMN,Oman,Upper middle income,d_inf,-0,0,NA,NA,-0,0
cs_ctrl,OMN,Oman,Upper middle income,"L(d_inf, 1)",-0,0,NA,NA,-0,0
cs_ctrl,OMN,Oman,Upper middle income,d_gov,0,0,NA,NA,0,0
cs_ctrl,OMN,Oman,Upper middle income,"L(d_gov, 1)",0,0,NA,NA,0,0
cs_ctrl,OMN,Oman,Upper middle income,d_log_gdp,0,0,NA,NA,0,0
cs_ctrl,OMN,Oman,Upper middle income,"L(d_log_gdp, 1)",0,0,NA,NA,0,0
cs_ctrl,OMN,Oman,Upper middle income,dy_bar,0,0,NA,NA,0,0
cs_ctrl,OMN,Oman,Upper middle income,"L(dy_bar, 1)",0,0,NA,NA,0,0
cs_ctrl,OMN,Oman,Upper middle income,dd_bar,-0,0,NA,NA,-0,0
cs_ctrl,OMN,Oman,Upper middle income,"L(dd_bar, 1)",-0,0,NA,NA,-0,0
cs_ctrl,OMN,Oman,Upper middle income,d_inf_bar,0,0,NA,NA,0,0
cs_ctrl,OMN,Oman,Upper middle income,"L(d_inf_bar, 1)",0,0,NA,NA,0,0
cs_ctrl,OMN,Oman,Upper middle income,d_gov_bar,-0,0,NA,NA,-0,0
cs_ctrl,OMN,Oman,Upper middle income,"L(d_gov_bar, 1)",0,0,NA,NA,0,0
cs_ctrl,OMN,Oman,Upper middle income,d_log_gdp_bar,-0,0,NA,NA,-0,0
cs_ctrl,OMN,Oman,Upper middle income,"L(d_log_gdp_bar, 1)",0,0,NA,NA,0,0
cs_ctrl,PAK,Pakistan,Low income,(Intercept),-0.004953140517426283,NA,NA,NA,NA,NA
cs_ctrl,PAK,Pakistan,Low income,"L(dy, 1)",0.43029783084521617,NA,NA,NA,NA,NA
cs_ctrl,PAK,Pakistan,Low income,dd,-0.053445010949689786,NA,NA,NA,NA,NA
cs_ctrl,PAK,Pakistan,Low income,"L(dd, 1)",-0.007847819670348614,NA,NA,NA,NA,NA
cs_ctrl,PAK,Pakistan,Low income,"L(dd, 2)",0.11837383806463996,NA,NA,NA,NA,NA
cs_ctrl,PAK,Pakistan,Low income,d_inf,0.008530279916147378,NA,NA,NA,NA,NA
cs_ctrl,PAK,Pakistan,Low income,"L(d_inf, 1)",-0.029583341073388416,NA,NA,NA,NA,NA
cs_ctrl,PAK,Pakistan,Low income,"L(d_inf, 2)",-0.01417236843592631,NA,NA,NA,NA,NA
cs_ctrl,PAK,Pakistan,Low income,d_gov,0.503431879248499,NA,NA,NA,NA,NA
cs_ctrl,PAK,Pakistan,Low income,"L(d_gov, 1)",0.6896388724120112,NA,NA,NA,NA,NA
cs_ctrl,PAK,Pakistan,Low income,"L(d_gov, 2)",0.19861365099641573,NA,NA,NA,NA,NA
cs_ctrl,PAK,Pakistan,Low income,d_log_gdp,0.21304176535003186,NA,NA,NA,NA,NA
cs_ctrl,PAK,Pakistan,Low income,"L(d_log_gdp, 1)",0.22622439099549316,NA,NA,NA,NA,NA
cs_ctrl,PAK,Pakistan,Low income,"L(d_log_gdp, 2)",-0.08085498427914381,NA,NA,NA,NA,NA
cs_ctrl,PAK,Pakistan,Low income,dy_bar,2.491944332870431,NA,NA,NA,NA,NA
cs_ctrl,PAK,Pakistan,Low income,"L(dy_bar, 1)",2.2051312913711754,NA,NA,NA,NA,NA
cs_ctrl,PAK,Pakistan,Low income,"L(dy_bar, 2)",-2.0321664707095337,NA,NA,NA,NA,NA
cs_ctrl,PAK,Pakistan,Low income,dd_bar,0.18754055277634268,NA,NA,NA,NA,NA
cs_ctrl,PAK,Pakistan,Low income,"L(dd_bar, 1)",-0.06874689632371936,NA,NA,NA,NA,NA
cs_ctrl,PAK,Pakistan,Low income,d_inf_bar,-0.0014669008052379212,NA,NA,NA,NA,NA
cs_ctrl,PAK,Pakistan,Low income,"L(d_inf_bar, 1)",-1.254626334863166e-4,NA,NA,NA,NA,NA
cs_ctrl,PAK,Pakistan,Low income,"L(d_inf_bar, 2)",-0.011621319738887591,NA,NA,NA,NA,NA
cs_ctrl,PAK,Pakistan,Low income,d_gov_bar,2.1540064949986224,NA,NA,NA,NA,NA
cs_ctrl,PAK,Pakistan,Low income,"L(d_gov_bar, 1)",0.649899574653591,NA,NA,NA,NA,NA
cs_ctrl,PAK,Pakistan,Low income,"L(d_gov_bar, 2)",-2.0006032905353717,NA,NA,NA,NA,NA
cs_ctrl,PAK,Pakistan,Low income,d_log_gdp_bar,0.28276214478339107,NA,NA,NA,NA,NA
cs_ctrl,PAK,Pakistan,Low income,"L(d_log_gdp_bar, 1)",-0.007481552615577061,NA,NA,NA,NA,NA
cs_ctrl,PAK,Pakistan,Low income,"L(d_log_gdp_bar, 2)",-0.19795821501238378,NA,NA,NA,NA,NA
cs_ctrl,PAN,Panama,Upper middle income,(Intercept),-0.0035513385392058946,NA,NA,NA,NA,NA
cs_ctrl,PAN,Panama,Upper middle income,"L(dy, 1)",-1.7335331510565763,NA,NA,NA,NA,NA
cs_ctrl,PAN,Panama,Upper middle income,"L(dy, 2)",-0.7583489065284957,NA,NA,NA,NA,NA
cs_ctrl,PAN,Panama,Upper middle income,dd,0.024183106860776807,NA,NA,NA,NA,NA
cs_ctrl,PAN,Panama,Upper middle income,"L(dd, 1)",0.016085432413301334,NA,NA,NA,NA,NA
cs_ctrl,PAN,Panama,Upper middle income,"L(dd, 2)",-0.04088345172529251,NA,NA,NA,NA,NA
cs_ctrl,PAN,Panama,Upper middle income,d_inf,0.3650300491972664,NA,NA,NA,NA,NA
cs_ctrl,PAN,Panama,Upper middle income,"L(d_inf, 1)",0.3477820604604402,NA,NA,NA,NA,NA
cs_ctrl,PAN,Panama,Upper middle income,"L(d_inf, 2)",0.4059780685746491,NA,NA,NA,NA,NA
cs_ctrl,PAN,Panama,Upper middle income,d_gov,0.9196366176582788,NA,NA,NA,NA,NA
cs_ctrl,PAN,Panama,Upper middle income,"L(d_gov, 1)",0.08528228130773002,NA,NA,NA,NA,NA
cs_ctrl,PAN,Panama,Upper middle income,"L(d_gov, 2)",0.243036793507571,NA,NA,NA,NA,NA
cs_ctrl,PAN,Panama,Upper middle income,d_log_gdp,0.03654493131500084,NA,NA,NA,NA,NA
cs_ctrl,PAN,Panama,Upper middle income,"L(d_log_gdp, 1)",-0.099232791016316,NA,NA,NA,NA,NA
cs_ctrl,PAN,Panama,Upper middle income,"L(d_log_gdp, 2)",0.04805720177176578,NA,NA,NA,NA,NA
cs_ctrl,PAN,Panama,Upper middle income,dy_bar,-3.020846042118029,NA,NA,NA,NA,NA
cs_ctrl,PAN,Panama,Upper middle income,"L(dy_bar, 1)",0.2885609320440878,NA,NA,NA,NA,NA
cs_ctrl,PAN,Panama,Upper middle income,"L(dy_bar, 2)",2.8702123840384415,NA,NA,NA,NA,NA
cs_ctrl,PAN,Panama,Upper middle income,dd_bar,-0.040525907260666634,NA,NA,NA,NA,NA
cs_ctrl,PAN,Panama,Upper middle income,"L(dd_bar, 1)",-0.06600309546359258,NA,NA,NA,NA,NA
cs_ctrl,PAN,Panama,Upper middle income,"L(dd_bar, 2)",0.22314234300737806,NA,NA,NA,NA,NA
cs_ctrl,PAN,Panama,Upper middle income,d_inf_bar,-0.002293488787816581,NA,NA,NA,NA,NA
cs_ctrl,PAN,Panama,Upper middle income,"L(d_inf_bar, 1)",-0.0034986314414736847,NA,NA,NA,NA,NA
cs_ctrl,PAN,Panama,Upper middle income,"L(d_inf_bar, 2)",-0.010165315692306488,NA,NA,NA,NA,NA
cs_ctrl,PAN,Panama,Upper middle income,d_gov_bar,-0.8793863481418724,NA,NA,NA,NA,NA
cs_ctrl,PAN,Panama,Upper middle income,"L(d_gov_bar, 1)",0.2641394480628093,NA,NA,NA,NA,NA
cs_ctrl,PAN,Panama,Upper middle income,"L(d_gov_bar, 2)",-1.0581974698603356,NA,NA,NA,NA,NA
cs_ctrl,PAN,Panama,Upper middle income,d_log_gdp_bar,-5.39145403883604e-4,NA,NA,NA,NA,NA
cs_ctrl,PAN,Panama,Upper middle income,"L(d_log_gdp_bar, 1)",NA,NA,NA,NA,NA,NA
cs_ctrl,PAN,Panama,Upper middle income,"L(d_log_gdp_bar, 2)",NA,NA,NA,NA,NA,NA
cs_ctrl,PHL,Philippines,Lower middle income,(Intercept),-0.0021401155532061963,NA,NA,NA,NA,NA
cs_ctrl,PHL,Philippines,Lower middle income,"L(dy, 1)",0.008858109279911165,NA,NA,NA,NA,NA
cs_ctrl,PHL,Philippines,Lower middle income,dd,-0.006782101454296889,NA,NA,NA,NA,NA
cs_ctrl,PHL,Philippines,Lower middle income,"L(dd, 1)",0.03920913531430174,NA,NA,NA,NA,NA
cs_ctrl,PHL,Philippines,Lower middle income,"L(dd, 2)",0.06210772211510272,NA,NA,NA,NA,NA
cs_ctrl,PHL,Philippines,Lower middle income,d_inf,-0.043874032707702765,NA,NA,NA,NA,NA
cs_ctrl,PHL,Philippines,Lower middle income,"L(d_inf, 1)",7.88870015119907e-5,NA,NA,NA,NA,NA
cs_ctrl,PHL,Philippines,Lower middle income,"L(d_inf, 2)",0.10234433830578966,NA,NA,NA,NA,NA
cs_ctrl,PHL,Philippines,Lower middle income,d_gov,-0.15375854154659768,NA,NA,NA,NA,NA
cs_ctrl,PHL,Philippines,Lower middle income,"L(d_gov, 1)",-0.028098478974073388,NA,NA,NA,NA,NA
cs_ctrl,PHL,Philippines,Lower middle income,d_log_gdp,0.06438637444633748,NA,NA,NA,NA,NA
cs_ctrl,PHL,Philippines,Lower middle income,"L(d_log_gdp, 1)",0.10358861336799668,NA,NA,NA,NA,NA
cs_ctrl,PHL,Philippines,Lower middle income,"L(d_log_gdp, 2)",0.07551792436024957,NA,NA,NA,NA,NA
cs_ctrl,PHL,Philippines,Lower middle income,dy_bar,-1.2388020502328747,NA,NA,NA,NA,NA
cs_ctrl,PHL,Philippines,Lower middle income,"L(dy_bar, 1)",-1.404953058048287,NA,NA,NA,NA,NA
cs_ctrl,PHL,Philippines,Lower middle income,"L(dy_bar, 2)",-0.4576845678943017,NA,NA,NA,NA,NA
cs_ctrl,PHL,Philippines,Lower middle income,dd_bar,0.006749051516331271,NA,NA,NA,NA,NA
cs_ctrl,PHL,Philippines,Lower middle income,"L(dd_bar, 1)",-0.0444465992400336,NA,NA,NA,NA,NA
cs_ctrl,PHL,Philippines,Lower middle income,"L(dd_bar, 2)",-0.038707280493074744,NA,NA,NA,NA,NA
cs_ctrl,PHL,Philippines,Lower middle income,d_inf_bar,-0.0015674000867759432,NA,NA,NA,NA,NA
cs_ctrl,PHL,Philippines,Lower middle income,"L(d_inf_bar, 1)",-0.0031307605707278406,NA,NA,NA,NA,NA
cs_ctrl,PHL,Philippines,Lower middle income,"L(d_inf_bar, 2)",-0.004487858044445737,NA,NA,NA,NA,NA
cs_ctrl,PHL,Philippines,Lower middle income,d_gov_bar,-0.30997334686570016,NA,NA,NA,NA,NA
cs_ctrl,PHL,Philippines,Lower middle income,"L(d_gov_bar, 1)",-0.9591202489666711,NA,NA,NA,NA,NA
cs_ctrl,PHL,Philippines,Lower middle income,"L(d_gov_bar, 2)",-0.35738051939379084,NA,NA,NA,NA,NA
cs_ctrl,PHL,Philippines,Lower middle income,d_log_gdp_bar,-0.059872060270245046,NA,NA,NA,NA,NA
cs_ctrl,PHL,Philippines,Lower middle income,"L(d_log_gdp_bar, 1)",-0.10786183839510088,NA,NA,NA,NA,NA
cs_ctrl,PHL,Philippines,Lower middle income,"L(d_log_gdp_bar, 2)",-0.10367246259144937,NA,NA,NA,NA,NA
cs_ctrl,POL,Poland,High income,(Intercept),0.08782059272012563,NA,NA,NA,NA,NA
cs_ctrl,POL,Poland,High income,"L(dy, 1)",-4.976185404038738,NA,NA,NA,NA,NA
cs_ctrl,POL,Poland,High income,"L(dy, 2)",-3.875654649181868,NA,NA,NA,NA,NA
cs_ctrl,POL,Poland,High income,dd,-0.07716854273173705,NA,NA,NA,NA,NA
cs_ctrl,POL,Poland,High income,"L(dd, 1)",-0.2899361904554019,NA,NA,NA,NA,NA
cs_ctrl,POL,Poland,High income,"L(dd, 2)",-0.09215713806386594,NA,NA,NA,NA,NA
cs_ctrl,POL,Poland,High income,d_inf,-0.026880720081635365,NA,NA,NA,NA,NA
cs_ctrl,POL,Poland,High income,"L(d_inf, 1)",-0.034828636271336186,NA,NA,NA,NA,NA
cs_ctrl,POL,Poland,High income,"L(d_inf, 2)",0.005809786846367408,NA,NA,NA,NA,NA
cs_ctrl,POL,Poland,High income,d_gov,-4.430675311019097,NA,NA,NA,NA,NA
cs_ctrl,POL,Poland,High income,"L(d_gov, 1)",1.6715022506247392,NA,NA,NA,NA,NA
cs_ctrl,POL,Poland,High income,"L(d_gov, 2)",1.854131660132133,NA,NA,NA,NA,NA
cs_ctrl,POL,Poland,High income,d_log_gdp,-0.37445851393883517,NA,NA,NA,NA,NA
cs_ctrl,POL,Poland,High income,"L(d_log_gdp, 1)",-0.44473811721275547,NA,NA,NA,NA,NA
cs_ctrl,POL,Poland,High income,"L(d_log_gdp, 2)",-0.5234817440303825,NA,NA,NA,NA,NA
cs_ctrl,POL,Poland,High income,dy_bar,-4.1290850625038384,NA,NA,NA,NA,NA
cs_ctrl,POL,Poland,High income,"L(dy_bar, 1)",-5.754310416056992,NA,NA,NA,NA,NA
cs_ctrl,POL,Poland,High income,"L(dy_bar, 2)",1.4521860444368404,NA,NA,NA,NA,NA
cs_ctrl,POL,Poland,High income,dd_bar,-0.7383352136857875,NA,NA,NA,NA,NA
cs_ctrl,POL,Poland,High income,"L(dd_bar, 1)",0.8781569207577407,NA,NA,NA,NA,NA
cs_ctrl,POL,Poland,High income,"L(dd_bar, 2)",-0.49483267564538475,NA,NA,NA,NA,NA
cs_ctrl,POL,Poland,High income,d_inf_bar,-0.01625601096437171,NA,NA,NA,NA,NA
cs_ctrl,POL,Poland,High income,"L(d_inf_bar, 1)",-0.019708077427040564,NA,NA,NA,NA,NA
cs_ctrl,POL,Poland,High income,"L(d_inf_bar, 2)",0.042154053143993196,NA,NA,NA,NA,NA
cs_ctrl,POL,Poland,High income,d_gov_bar,2.647903687890748,NA,NA,NA,NA,NA
cs_ctrl,POL,Poland,High income,"L(d_gov_bar, 1)",-10.549173578972054,NA,NA,NA,NA,NA
cs_ctrl,POL,Poland,High income,"L(d_gov_bar, 2)",-1.8542559390463542,NA,NA,NA,NA,NA
cs_ctrl,POL,Poland,High income,d_log_gdp_bar,-0.23137498770554263,NA,NA,NA,NA,NA
cs_ctrl,POL,Poland,High income,"L(d_log_gdp_bar, 1)",NA,NA,NA,NA,NA,NA
cs_ctrl,POL,Poland,High income,"L(d_log_gdp_bar, 2)",NA,NA,NA,NA,NA,NA
cs_ctrl,PRT,Portugal,High income,(Intercept),0.013095269972214144,NA,NA,NA,NA,NA
cs_ctrl,PRT,Portugal,High income,"L(dy, 1)",-0.9896836181155304,NA,NA,NA,NA,NA
cs_ctrl,PRT,Portugal,High income,"L(dy, 2)",0.8716537352063204,NA,NA,NA,NA,NA
cs_ctrl,PRT,Portugal,High income,dd,-0.3340338309595853,NA,NA,NA,NA,NA
cs_ctrl,PRT,Portugal,High income,"L(dd, 1)",0.2885946005049863,NA,NA,NA,NA,NA
cs_ctrl,PRT,Portugal,High income,"L(dd, 2)",0.05569344744727489,NA,NA,NA,NA,NA
cs_ctrl,PRT,Portugal,High income,d_inf,-2.4577172140245924,NA,NA,NA,NA,NA
cs_ctrl,PRT,Portugal,High income,"L(d_inf, 1)",-0.8574112597529691,NA,NA,NA,NA,NA
cs_ctrl,PRT,Portugal,High income,"L(d_inf, 2)",0.20004137750285614,NA,NA,NA,NA,NA
cs_ctrl,PRT,Portugal,High income,d_gov,-1.9651773440641125,NA,NA,NA,NA,NA
cs_ctrl,PRT,Portugal,High income,"L(d_gov, 1)",2.447786899042852,NA,NA,NA,NA,NA
cs_ctrl,PRT,Portugal,High income,"L(d_gov, 2)",2.5399405384095535,NA,NA,NA,NA,NA
cs_ctrl,PRT,Portugal,High income,d_log_gdp,0.7171999809509714,NA,NA,NA,NA,NA
cs_ctrl,PRT,Portugal,High income,"L(d_log_gdp, 1)",-0.4750101485274511,NA,NA,NA,NA,NA
cs_ctrl,PRT,Portugal,High income,"L(d_log_gdp, 2)",-0.2859300364206852,NA,NA,NA,NA,NA
cs_ctrl,PRT,Portugal,High income,dy_bar,-1.4098189872982991,NA,NA,NA,NA,NA
cs_ctrl,PRT,Portugal,High income,"L(dy_bar, 1)",1.3135626821333455,NA,NA,NA,NA,NA
cs_ctrl,PRT,Portugal,High income,"L(dy_bar, 2)",-17.30970186260761,NA,NA,NA,NA,NA
cs_ctrl,PRT,Portugal,High income,dd_bar,-0.05388655928794393,NA,NA,NA,NA,NA
cs_ctrl,PRT,Portugal,High income,"L(dd_bar, 1)",-0.18638059955795883,NA,NA,NA,NA,NA
cs_ctrl,PRT,Portugal,High income,"L(dd_bar, 2)",0.16921202649912426,NA,NA,NA,NA,NA
cs_ctrl,PRT,Portugal,High income,d_inf_bar,0.0029746692822162487,NA,NA,NA,NA,NA
cs_ctrl,PRT,Portugal,High income,"L(d_inf_bar, 1)",-0.007308525138588677,NA,NA,NA,NA,NA
cs_ctrl,PRT,Portugal,High income,"L(d_inf_bar, 2)",0.0055644034372342235,NA,NA,NA,NA,NA
cs_ctrl,PRT,Portugal,High income,d_gov_bar,-0.06317317929958173,NA,NA,NA,NA,NA
cs_ctrl,PRT,Portugal,High income,"L(d_gov_bar, 1)",-5.317975752218917,NA,NA,NA,NA,NA
cs_ctrl,PRT,Portugal,High income,"L(d_gov_bar, 2)",-4.662244023536069,NA,NA,NA,NA,NA
cs_ctrl,PRT,Portugal,High income,d_log_gdp_bar,-1.222691022526705,NA,NA,NA,NA,NA
cs_ctrl,PRT,Portugal,High income,"L(d_log_gdp_bar, 1)",NA,NA,NA,NA,NA,NA
cs_ctrl,PRT,Portugal,High income,"L(d_log_gdp_bar, 2)",NA,NA,NA,NA,NA,NA
cs_ctrl,PRY,Paraguay,Lower middle income,(Intercept),0.0014647668377052408,NA,NA,NA,NA,NA
cs_ctrl,PRY,Paraguay,Lower middle income,"L(dy, 1)",-0.6239340290797667,NA,NA,NA,NA,NA
cs_ctrl,PRY,Paraguay,Lower middle income,"L(dy, 2)",-0.539145556019705,NA,NA,NA,NA,NA
cs_ctrl,PRY,Paraguay,Lower middle income,dd,-0.016949437461568878,NA,NA,NA,NA,NA
cs_ctrl,PRY,Paraguay,Lower middle income,"L(dd, 1)",0.011024726976473033,NA,NA,NA,NA,NA
cs_ctrl,PRY,Paraguay,Lower middle income,"L(dd, 2)",-0.0037298073571308296,NA,NA,NA,NA,NA
cs_ctrl,PRY,Paraguay,Lower middle income,d_inf,0.01846426684954683,NA,NA,NA,NA,NA
cs_ctrl,PRY,Paraguay,Lower middle income,"L(d_inf, 1)",0.08261104674939017,NA,NA,NA,NA,NA
cs_ctrl,PRY,Paraguay,Lower middle income,"L(d_inf, 2)",0.0494151843596645,NA,NA,NA,NA,NA
cs_ctrl,PRY,Paraguay,Lower middle income,d_gov,-0.22484059846977933,NA,NA,NA,NA,NA
cs_ctrl,PRY,Paraguay,Lower middle income,"L(d_gov, 1)",0.0920670214703686,NA,NA,NA,NA,NA
cs_ctrl,PRY,Paraguay,Lower middle income,"L(d_gov, 2)",-0.044417847240881936,NA,NA,NA,NA,NA
cs_ctrl,PRY,Paraguay,Lower middle income,d_log_gdp,0.019757883250456548,NA,NA,NA,NA,NA
cs_ctrl,PRY,Paraguay,Lower middle income,"L(d_log_gdp, 1)",-0.022326048382069082,NA,NA,NA,NA,NA
cs_ctrl,PRY,Paraguay,Lower middle income,"L(d_log_gdp, 2)",-0.03598476578981462,NA,NA,NA,NA,NA
cs_ctrl,PRY,Paraguay,Lower middle income,dy_bar,2.65699171550007,NA,NA,NA,NA,NA
cs_ctrl,PRY,Paraguay,Lower middle income,"L(dy_bar, 1)",0.2916485435850823,NA,NA,NA,NA,NA
cs_ctrl,PRY,Paraguay,Lower middle income,"L(dy_bar, 2)",-0.16716881045724136,NA,NA,NA,NA,NA
cs_ctrl,PRY,Paraguay,Lower middle income,dd_bar,0.06854915936060095,NA,NA,NA,NA,NA
cs_ctrl,PRY,Paraguay,Lower middle income,"L(dd_bar, 1)",-0.08750246867855127,NA,NA,NA,NA,NA
cs_ctrl,PRY,Paraguay,Lower middle income,"L(dd_bar, 2)",0.02216522228816065,NA,NA,NA,NA,NA
cs_ctrl,PRY,Paraguay,Lower middle income,d_inf_bar,0.0015305750362786378,NA,NA,NA,NA,NA
cs_ctrl,PRY,Paraguay,Lower middle income,"L(d_inf_bar, 1)",0.0012036920125155122,NA,NA,NA,NA,NA
cs_ctrl,PRY,Paraguay,Lower middle income,"L(d_inf_bar, 2)",-0.0019891422920099936,NA,NA,NA,NA,NA
cs_ctrl,PRY,Paraguay,Lower middle income,d_gov_bar,-0.10353610339100938,NA,NA,NA,NA,NA
cs_ctrl,PRY,Paraguay,Lower middle income,"L(d_gov_bar, 1)",0.549393914921731,NA,NA,NA,NA,NA
cs_ctrl,PRY,Paraguay,Lower middle income,"L(d_gov_bar, 2)",0.0659663244715665,NA,NA,NA,NA,NA
cs_ctrl,PRY,Paraguay,Lower middle income,d_log_gdp_bar,0.02125116490425976,NA,NA,NA,NA,NA
cs_ctrl,PRY,Paraguay,Lower middle income,"L(d_log_gdp_bar, 1)",NA,NA,NA,NA,NA,NA
cs_ctrl,PRY,Paraguay,Lower middle income,"L(d_log_gdp_bar, 2)",NA,NA,NA,NA,NA,NA
cs_ctrl,QAT,Qatar,High income,(Intercept),-7.418863276088759e-4,NA,NA,NA,NA,NA
cs_ctrl,QAT,Qatar,High income,"L(dy, 1)",1.4267468557503828,NA,NA,NA,NA,NA
cs_ctrl,QAT,Qatar,High income,"L(dy, 2)",0.17722032655665193,NA,NA,NA,NA,NA
cs_ctrl,QAT,Qatar,High income,dd,-1.8218566542494894e-4,NA,NA,NA,NA,NA
cs_ctrl,QAT,Qatar,High income,"L(dd, 1)",-0.002091339382421997,NA,NA,NA,NA,NA
cs_ctrl,QAT,Qatar,High income,"L(dd, 2)",-3.012321076059388e-4,NA,NA,NA,NA,NA
cs_ctrl,QAT,Qatar,High income,d_inf,0.004480556473650116,NA,NA,NA,NA,NA
cs_ctrl,QAT,Qatar,High income,"L(d_inf, 1)",0.0031624635229140327,NA,NA,NA,NA,NA
cs_ctrl,QAT,Qatar,High income,"L(d_inf, 2)",-0.0013259264548400598,NA,NA,NA,NA,NA
cs_ctrl,QAT,Qatar,High income,d_gov,-0.023085725414864425,NA,NA,NA,NA,NA
cs_ctrl,QAT,Qatar,High income,"L(d_gov, 1)",-0.041244151067371386,NA,NA,NA,NA,NA
cs_ctrl,QAT,Qatar,High income,"L(d_gov, 2)",-0.014052515385129536,NA,NA,NA,NA,NA
cs_ctrl,QAT,Qatar,High income,d_log_gdp,-0.011311864228516171,NA,NA,NA,NA,NA
cs_ctrl,QAT,Qatar,High income,"L(d_log_gdp, 1)",-0.0019785796289617553,NA,NA,NA,NA,NA
cs_ctrl,QAT,Qatar,High income,"L(d_log_gdp, 2)",-0.0029646559907991255,NA,NA,NA,NA,NA
cs_ctrl,QAT,Qatar,High income,dy_bar,-7.383268170009022e-4,NA,NA,NA,NA,NA
cs_ctrl,QAT,Qatar,High income,"L(dy_bar, 1)",0.07360097052259834,NA,NA,NA,NA,NA
cs_ctrl,QAT,Qatar,High income,"L(dy_bar, 2)",0.12407422476866033,NA,NA,NA,NA,NA
cs_ctrl,QAT,Qatar,High income,dd_bar,-0.010269778168799796,NA,NA,NA,NA,NA
cs_ctrl,QAT,Qatar,High income,"L(dd_bar, 1)",0.02207705897808041,NA,NA,NA,NA,NA
cs_ctrl,QAT,Qatar,High income,"L(dd_bar, 2)",-0.018777020171719856,NA,NA,NA,NA,NA
cs_ctrl,QAT,Qatar,High income,d_inf_bar,2.0805931619008718e-4,NA,NA,NA,NA,NA
cs_ctrl,QAT,Qatar,High income,"L(d_inf_bar, 1)",5.778365392936091e-4,NA,NA,NA,NA,NA
cs_ctrl,QAT,Qatar,High income,"L(d_inf_bar, 2)",-6.108346698306152e-4,NA,NA,NA,NA,NA
cs_ctrl,QAT,Qatar,High income,d_gov_bar,-0.1305905986978993,NA,NA,NA,NA,NA
cs_ctrl,QAT,Qatar,High income,"L(d_gov_bar, 1)",-0.021697182965705112,NA,NA,NA,NA,NA
cs_ctrl,QAT,Qatar,High income,"L(d_gov_bar, 2)",-0.058872393410874566,NA,NA,NA,NA,NA
cs_ctrl,QAT,Qatar,High income,d_log_gdp_bar,0.026584230283061578,NA,NA,NA,NA,NA
cs_ctrl,QAT,Qatar,High income,"L(d_log_gdp_bar, 1)",NA,NA,NA,NA,NA,NA
cs_ctrl,QAT,Qatar,High income,"L(d_log_gdp_bar, 2)",NA,NA,NA,NA,NA,NA
cs_ctrl,ROU,Romania,Upper middle income,(Intercept),-0.06541501640869538,NA,NA,NA,NA,NA
cs_ctrl,ROU,Romania,Upper middle income,"L(dy, 1)",-1.3544170455805824,NA,NA,NA,NA,NA
cs_ctrl,ROU,Romania,Upper middle income,dd,-0.2424059128833977,NA,NA,NA,NA,NA
cs_ctrl,ROU,Romania,Upper middle income,"L(dd, 1)",-0.10173242611899026,NA,NA,NA,NA,NA
cs_ctrl,ROU,Romania,Upper middle income,"L(dd, 2)",0.07855947323160924,NA,NA,NA,NA,NA
cs_ctrl,ROU,Romania,Upper middle income,d_inf,-0.05662728314233464,NA,NA,NA,NA,NA
cs_ctrl,ROU,Romania,Upper middle income,"L(d_inf, 1)",-0.11320776795242636,NA,NA,NA,NA,NA
cs_ctrl,ROU,Romania,Upper middle income,"L(d_inf, 2)",-0.06364163866091585,NA,NA,NA,NA,NA
cs_ctrl,ROU,Romania,Upper middle income,d_gov,0.9436336393881195,NA,NA,NA,NA,NA
cs_ctrl,ROU,Romania,Upper middle income,"L(d_gov, 1)",0.02869068638664604,NA,NA,NA,NA,NA
cs_ctrl,ROU,Romania,Upper middle income,d_log_gdp,0.25128465319149246,NA,NA,NA,NA,NA
cs_ctrl,ROU,Romania,Upper middle income,"L(d_log_gdp, 1)",-0.24141647298603386,NA,NA,NA,NA,NA
cs_ctrl,ROU,Romania,Upper middle income,"L(d_log_gdp, 2)",0.6141661132567217,NA,NA,NA,NA,NA
cs_ctrl,ROU,Romania,Upper middle income,dy_bar,25.940218784906133,NA,NA,NA,NA,NA
cs_ctrl,ROU,Romania,Upper middle income,"L(dy_bar, 1)",14.767256888561901,NA,NA,NA,NA,NA
cs_ctrl,ROU,Romania,Upper middle income,"L(dy_bar, 2)",9.554400636626037,NA,NA,NA,NA,NA
cs_ctrl,ROU,Romania,Upper middle income,dd_bar,1.5276282791657214,NA,NA,NA,NA,NA
cs_ctrl,ROU,Romania,Upper middle income,"L(dd_bar, 1)",-0.3130607487581779,NA,NA,NA,NA,NA
cs_ctrl,ROU,Romania,Upper middle income,"L(dd_bar, 2)",-0.08999745813805986,NA,NA,NA,NA,NA
cs_ctrl,ROU,Romania,Upper middle income,d_inf_bar,0.011364601021364997,NA,NA,NA,NA,NA
cs_ctrl,ROU,Romania,Upper middle income,"L(d_inf_bar, 1)",0.009984717725594311,NA,NA,NA,NA,NA
cs_ctrl,ROU,Romania,Upper middle income,"L(d_inf_bar, 2)",-0.048769264153963446,NA,NA,NA,NA,NA
cs_ctrl,ROU,Romania,Upper middle income,d_gov_bar,-2.5261430116938706,NA,NA,NA,NA,NA
cs_ctrl,ROU,Romania,Upper middle income,"L(d_gov_bar, 1)",7.132519026702534,NA,NA,NA,NA,NA
cs_ctrl,ROU,Romania,Upper middle income,"L(d_gov_bar, 2)",2.166616450179749,NA,NA,NA,NA,NA
cs_ctrl,ROU,Romania,Upper middle income,d_log_gdp_bar,0.7327924917150589,NA,NA,NA,NA,NA
cs_ctrl,ROU,Romania,Upper middle income,"L(d_log_gdp_bar, 1)",1.2696708126722256,NA,NA,NA,NA,NA
cs_ctrl,ROU,Romania,Upper middle income,"L(d_log_gdp_bar, 2)",0.5419158533967047,NA,NA,NA,NA,NA
cs_ctrl,RUS,Russian Federation,Upper middle income,(Intercept),0.01195105537655197,NA,NA,NA,NA,NA
cs_ctrl,RUS,Russian Federation,Upper middle income,"L(dy, 1)",0.15451427268906504,NA,NA,NA,NA,NA
cs_ctrl,RUS,Russian Federation,Upper middle income,dd,-0.069471708738206,NA,NA,NA,NA,NA
cs_ctrl,RUS,Russian Federation,Upper middle income,"L(dd, 1)",0.002908765028124022,NA,NA,NA,NA,NA
cs_ctrl,RUS,Russian Federation,Upper middle income,"L(dd, 2)",0.07327792784612235,NA,NA,NA,NA,NA
cs_ctrl,RUS,Russian Federation,Upper middle income,d_inf,0.00537648729351211,NA,NA,NA,NA,NA
cs_ctrl,RUS,Russian Federation,Upper middle income,"L(d_inf, 1)",-0.01187469106612771,NA,NA,NA,NA,NA
cs_ctrl,RUS,Russian Federation,Upper middle income,"L(d_inf, 2)",-0.0017696064213222418,NA,NA,NA,NA,NA
cs_ctrl,RUS,Russian Federation,Upper middle income,d_gov,2.794702340095489,NA,NA,NA,NA,NA
cs_ctrl,RUS,Russian Federation,Upper middle income,"L(d_gov, 1)",-2.2307425567617343,NA,NA,NA,NA,NA
cs_ctrl,RUS,Russian Federation,Upper middle income,"L(d_gov, 2)",1.1609703023763933,NA,NA,NA,NA,NA
cs_ctrl,RUS,Russian Federation,Upper middle income,d_log_gdp,0.630371022014596,NA,NA,NA,NA,NA
cs_ctrl,RUS,Russian Federation,Upper middle income,"L(d_log_gdp, 1)",-0.3047657744490468,NA,NA,NA,NA,NA
cs_ctrl,RUS,Russian Federation,Upper middle income,"L(d_log_gdp, 2)",0.31563191203995633,NA,NA,NA,NA,NA
cs_ctrl,RUS,Russian Federation,Upper middle income,dy_bar,11.815263583896462,NA,NA,NA,NA,NA
cs_ctrl,RUS,Russian Federation,Upper middle income,"L(dy_bar, 1)",11.844419088977945,NA,NA,NA,NA,NA
cs_ctrl,RUS,Russian Federation,Upper middle income,"L(dy_bar, 2)",5.978975625743743,NA,NA,NA,NA,NA
cs_ctrl,RUS,Russian Federation,Upper middle income,dd_bar,0.3823049201125378,NA,NA,NA,NA,NA
cs_ctrl,RUS,Russian Federation,Upper middle income,"L(dd_bar, 1)",1.9539182968379827e-5,NA,NA,NA,NA,NA
cs_ctrl,RUS,Russian Federation,Upper middle income,"L(dd_bar, 2)",-0.09084781344353648,NA,NA,NA,NA,NA
cs_ctrl,RUS,Russian Federation,Upper middle income,d_inf_bar,0.016935533164449276,NA,NA,NA,NA,NA
cs_ctrl,RUS,Russian Federation,Upper middle income,"L(d_inf_bar, 1)",-0.016623645884585227,NA,NA,NA,NA,NA
cs_ctrl,RUS,Russian Federation,Upper middle income,d_gov_bar,-0.8176967745146885,NA,NA,NA,NA,NA
cs_ctrl,RUS,Russian Federation,Upper middle income,"L(d_gov_bar, 1)",1.1093328137792005,NA,NA,NA,NA,NA
cs_ctrl,RUS,Russian Federation,Upper middle income,"L(d_gov_bar, 2)",3.7066041953906055,NA,NA,NA,NA,NA
cs_ctrl,RUS,Russian Federation,Upper middle income,d_log_gdp_bar,-0.504120113467453,NA,NA,NA,NA,NA
cs_ctrl,RUS,Russian Federation,Upper middle income,"L(d_log_gdp_bar, 1)",-0.02165067963582944,NA,NA,NA,NA,NA
cs_ctrl,RUS,Russian Federation,Upper middle income,"L(d_log_gdp_bar, 2)",-0.1042131691247765,NA,NA,NA,NA,NA
cs_ctrl,RWA,Rwanda,Low income,(Intercept),-0.017347293760004944,NA,NA,NA,NA,NA
cs_ctrl,RWA,Rwanda,Low income,"L(dy, 1)",-1.702221845065797,NA,NA,NA,NA,NA
cs_ctrl,RWA,Rwanda,Low income,"L(dy, 2)",-1.0681847141350977,NA,NA,NA,NA,NA
cs_ctrl,RWA,Rwanda,Low income,dd,-0.06146263664620565,NA,NA,NA,NA,NA
cs_ctrl,RWA,Rwanda,Low income,"L(dd, 1)",-0.02372023435114621,NA,NA,NA,NA,NA
cs_ctrl,RWA,Rwanda,Low income,"L(dd, 2)",0.04393409808291142,NA,NA,NA,NA,NA
cs_ctrl,RWA,Rwanda,Low income,d_inf,-0.03036078590686112,NA,NA,NA,NA,NA
cs_ctrl,RWA,Rwanda,Low income,"L(d_inf, 1)",0.019938754896901438,NA,NA,NA,NA,NA
cs_ctrl,RWA,Rwanda,Low income,"L(d_inf, 2)",-0.037366703629544494,NA,NA,NA,NA,NA
cs_ctrl,RWA,Rwanda,Low income,d_gov,0.8620403622785902,NA,NA,NA,NA,NA
cs_ctrl,RWA,Rwanda,Low income,"L(d_gov, 1)",-0.30129063703019215,NA,NA,NA,NA,NA
cs_ctrl,RWA,Rwanda,Low income,"L(d_gov, 2)",-0.2581175017966256,NA,NA,NA,NA,NA
cs_ctrl,RWA,Rwanda,Low income,d_log_gdp,0.05432106969576402,NA,NA,NA,NA,NA
cs_ctrl,RWA,Rwanda,Low income,"L(d_log_gdp, 1)",0.05333827490329363,NA,NA,NA,NA,NA
cs_ctrl,RWA,Rwanda,Low income,"L(d_log_gdp, 2)",0.13563652973281032,NA,NA,NA,NA,NA
cs_ctrl,RWA,Rwanda,Low income,dy_bar,11.314628581664916,NA,NA,NA,NA,NA
cs_ctrl,RWA,Rwanda,Low income,"L(dy_bar, 1)",9.708001174670935,NA,NA,NA,NA,NA
cs_ctrl,RWA,Rwanda,Low income,"L(dy_bar, 2)",8.137678597561447,NA,NA,NA,NA,NA
cs_ctrl,RWA,Rwanda,Low income,dd_bar,-0.05523995882458817,NA,NA,NA,NA,NA
cs_ctrl,RWA,Rwanda,Low income,"L(dd_bar, 1)",0.3741967032865652,NA,NA,NA,NA,NA
cs_ctrl,RWA,Rwanda,Low income,"L(dd_bar, 2)",-0.2841860960317883,NA,NA,NA,NA,NA
cs_ctrl,RWA,Rwanda,Low income,d_inf_bar,0.00792954252745485,NA,NA,NA,NA,NA
cs_ctrl,RWA,Rwanda,Low income,"L(d_inf_bar, 1)",0.0028563137511790457,NA,NA,NA,NA,NA
cs_ctrl,RWA,Rwanda,Low income,"L(d_inf_bar, 2)",0.025122706630747005,NA,NA,NA,NA,NA
cs_ctrl,RWA,Rwanda,Low income,d_gov_bar,3.687830725911644,NA,NA,NA,NA,NA
cs_ctrl,RWA,Rwanda,Low income,"L(d_gov_bar, 1)",-1.6453116069112412,NA,NA,NA,NA,NA
cs_ctrl,RWA,Rwanda,Low income,"L(d_gov_bar, 2)",2.5177693179916676,NA,NA,NA,NA,NA
cs_ctrl,RWA,Rwanda,Low income,d_log_gdp_bar,0.5182641723092369,NA,NA,NA,NA,NA
cs_ctrl,RWA,Rwanda,Low income,"L(d_log_gdp_bar, 1)",NA,NA,NA,NA,NA,NA
cs_ctrl,RWA,Rwanda,Low income,"L(d_log_gdp_bar, 2)",NA,NA,NA,NA,NA,NA
cs_ctrl,SAU,Saudi Arabia,High income,(Intercept),-0,0,NA,NA,-0,0
cs_ctrl,SAU,Saudi Arabia,High income,"L(dy, 1)",NA,NA,NA,NA,NA,NA
cs_ctrl,SAU,Saudi Arabia,High income,dd,-0,0,NA,NA,-0,0
cs_ctrl,SAU,Saudi Arabia,High income,"L(dd, 1)",-0,0,NA,NA,-0,0
cs_ctrl,SAU,Saudi Arabia,High income,d_inf,-0,0,NA,NA,-0,0
cs_ctrl,SAU,Saudi Arabia,High income,"L(d_inf, 1)",-0,0,NA,NA,-0,0
cs_ctrl,SAU,Saudi Arabia,High income,d_gov,0,0,NA,NA,0,0
cs_ctrl,SAU,Saudi Arabia,High income,"L(d_gov, 1)",-0,0,NA,NA,-0,0
cs_ctrl,SAU,Saudi Arabia,High income,d_log_gdp,0,0,NA,NA,0,0
cs_ctrl,SAU,Saudi Arabia,High income,"L(d_log_gdp, 1)",-0,0,NA,NA,-0,0
cs_ctrl,SAU,Saudi Arabia,High income,dy_bar,-0,0,NA,NA,-0,0
cs_ctrl,SAU,Saudi Arabia,High income,"L(dy_bar, 1)",-0,0,NA,NA,-0,0
cs_ctrl,SAU,Saudi Arabia,High income,dd_bar,-0,0,NA,NA,-0,0
cs_ctrl,SAU,Saudi Arabia,High income,"L(dd_bar, 1)",-0,0,NA,NA,-0,0
cs_ctrl,SAU,Saudi Arabia,High income,d_inf_bar,0,0,NA,NA,0,0
cs_ctrl,SAU,Saudi Arabia,High income,"L(d_inf_bar, 1)",-0,0,NA,NA,-0,0
cs_ctrl,SAU,Saudi Arabia,High income,d_gov_bar,-0,0,NA,NA,-0,0
cs_ctrl,SAU,Saudi Arabia,High income,"L(d_gov_bar, 1)",-0,0,NA,NA,-0,0
cs_ctrl,SAU,Saudi Arabia,High income,d_log_gdp_bar,0,0,NA,NA,0,0
cs_ctrl,SAU,Saudi Arabia,High income,"L(d_log_gdp_bar, 1)",0,0,NA,NA,0,0
cs_ctrl,SDN,Sudan,Low income,(Intercept),0.0035237962406267855,NA,NA,NA,NA,NA
cs_ctrl,SDN,Sudan,Low income,"L(dy, 1)",1.9516112649148223,NA,NA,NA,NA,NA
cs_ctrl,SDN,Sudan,Low income,"L(dy, 2)",-0.43651921568481056,NA,NA,NA,NA,NA
cs_ctrl,SDN,Sudan,Low income,dd,0.012041921274064248,NA,NA,NA,NA,NA
cs_ctrl,SDN,Sudan,Low income,"L(dd, 1)",0.001928675694750295,NA,NA,NA,NA,NA
cs_ctrl,SDN,Sudan,Low income,"L(dd, 2)",0.006162451063939556,NA,NA,NA,NA,NA
cs_ctrl,SDN,Sudan,Low income,d_inf,-0.003607291624135825,NA,NA,NA,NA,NA
cs_ctrl,SDN,Sudan,Low income,"L(d_inf, 1)",0.012256905388051445,NA,NA,NA,NA,NA
cs_ctrl,SDN,Sudan,Low income,"L(d_inf, 2)",-0.0017681382991694024,NA,NA,NA,NA,NA
cs_ctrl,SDN,Sudan,Low income,d_gov,0.004097646670021487,NA,NA,NA,NA,NA
cs_ctrl,SDN,Sudan,Low income,"L(d_gov, 1)",-0.03107830323440459,NA,NA,NA,NA,NA
cs_ctrl,SDN,Sudan,Low income,"L(d_gov, 2)",-0.16515831762034086,NA,NA,NA,NA,NA
cs_ctrl,SDN,Sudan,Low income,d_log_gdp,-0.0024996065778888554,NA,NA,NA,NA,NA
cs_ctrl,SDN,Sudan,Low income,"L(d_log_gdp, 1)",-0.010225320170355944,NA,NA,NA,NA,NA
cs_ctrl,SDN,Sudan,Low income,"L(d_log_gdp, 2)",0.004108210942962424,NA,NA,NA,NA,NA
cs_ctrl,SDN,Sudan,Low income,dy_bar,1.3624490590765508,NA,NA,NA,NA,NA
cs_ctrl,SDN,Sudan,Low income,"L(dy_bar, 1)",-0.39515310724566527,NA,NA,NA,NA,NA
cs_ctrl,SDN,Sudan,Low income,"L(dy_bar, 2)",0.019510895570508547,NA,NA,NA,NA,NA
cs_ctrl,SDN,Sudan,Low income,dd_bar,-0.08552296431503748,NA,NA,NA,NA,NA
cs_ctrl,SDN,Sudan,Low income,"L(dd_bar, 1)",0.09263932668726327,NA,NA,NA,NA,NA
cs_ctrl,SDN,Sudan,Low income,"L(dd_bar, 2)",-0.07227415977299577,NA,NA,NA,NA,NA
cs_ctrl,SDN,Sudan,Low income,d_inf_bar,-9.764726625735238e-4,NA,NA,NA,NA,NA
cs_ctrl,SDN,Sudan,Low income,"L(d_inf_bar, 1)",-0.002702956168509287,NA,NA,NA,NA,NA
cs_ctrl,SDN,Sudan,Low income,"L(d_inf_bar, 2)",-0.0022970298749433894,NA,NA,NA,NA,NA
cs_ctrl,SDN,Sudan,Low income,d_gov_bar,0.4031326253572614,NA,NA,NA,NA,NA
cs_ctrl,SDN,Sudan,Low income,"L(d_gov_bar, 1)",-0.2544841022064466,NA,NA,NA,NA,NA
cs_ctrl,SDN,Sudan,Low income,"L(d_gov_bar, 2)",0.18486434974971047,NA,NA,NA,NA,NA
cs_ctrl,SDN,Sudan,Low income,d_log_gdp_bar,-0.044984436641621044,NA,NA,NA,NA,NA
cs_ctrl,SDN,Sudan,Low income,"L(d_log_gdp_bar, 1)",NA,NA,NA,NA,NA,NA
cs_ctrl,SDN,Sudan,Low income,"L(d_log_gdp_bar, 2)",NA,NA,NA,NA,NA,NA
cs_ctrl,SEN,Senegal,Low income,(Intercept),0.015423817657289533,NA,NA,NA,NA,NA
cs_ctrl,SEN,Senegal,Low income,"L(dy, 1)",4.797913463675021,NA,NA,NA,NA,NA
cs_ctrl,SEN,Senegal,Low income,"L(dy, 2)",-2.9777913922651558,NA,NA,NA,NA,NA
cs_ctrl,SEN,Senegal,Low income,dd,-0.020046027209614684,NA,NA,NA,NA,NA
cs_ctrl,SEN,Senegal,Low income,"L(dd, 1)",0.022696761334616462,NA,NA,NA,NA,NA
cs_ctrl,SEN,Senegal,Low income,"L(dd, 2)",-0.01046747095660935,NA,NA,NA,NA,NA
cs_ctrl,SEN,Senegal,Low income,d_inf,-0.07928674062405021,NA,NA,NA,NA,NA
cs_ctrl,SEN,Senegal,Low income,"L(d_inf, 1)",0.06609327361162788,NA,NA,NA,NA,NA
cs_ctrl,SEN,Senegal,Low income,"L(d_inf, 2)",-0.037065854839416636,NA,NA,NA,NA,NA
cs_ctrl,SEN,Senegal,Low income,d_gov,-0.7548272733574248,NA,NA,NA,NA,NA
cs_ctrl,SEN,Senegal,Low income,"L(d_gov, 1)",1.879435092104382,NA,NA,NA,NA,NA
cs_ctrl,SEN,Senegal,Low income,"L(d_gov, 2)",0.23704012248788464,NA,NA,NA,NA,NA
cs_ctrl,SEN,Senegal,Low income,d_log_gdp,-0.519746119901759,NA,NA,NA,NA,NA
cs_ctrl,SEN,Senegal,Low income,"L(d_log_gdp, 1)",-0.29242608396320546,NA,NA,NA,NA,NA
cs_ctrl,SEN,Senegal,Low income,"L(d_log_gdp, 2)",-0.02650166456083171,NA,NA,NA,NA,NA
cs_ctrl,SEN,Senegal,Low income,dy_bar,4.041881345264851,NA,NA,NA,NA,NA
cs_ctrl,SEN,Senegal,Low income,"L(dy_bar, 1)",3.8983186350887458,NA,NA,NA,NA,NA
cs_ctrl,SEN,Senegal,Low income,"L(dy_bar, 2)",10.832816825647233,NA,NA,NA,NA,NA
cs_ctrl,SEN,Senegal,Low income,dd_bar,-0.4969780295957637,NA,NA,NA,NA,NA
cs_ctrl,SEN,Senegal,Low income,"L(dd_bar, 1)",0.7232141286728189,NA,NA,NA,NA,NA
cs_ctrl,SEN,Senegal,Low income,"L(dd_bar, 2)",-0.3262225578811518,NA,NA,NA,NA,NA
cs_ctrl,SEN,Senegal,Low income,d_inf_bar,0.0095976382510822,NA,NA,NA,NA,NA
cs_ctrl,SEN,Senegal,Low income,"L(d_inf_bar, 1)",0.008567713980390343,NA,NA,NA,NA,NA
cs_ctrl,SEN,Senegal,Low income,"L(d_inf_bar, 2)",-1.2789130045072646e-4,NA,NA,NA,NA,NA
cs_ctrl,SEN,Senegal,Low income,d_gov_bar,4.324653145650193,NA,NA,NA,NA,NA
cs_ctrl,SEN,Senegal,Low income,"L(d_gov_bar, 1)",-1.8630684919197902,NA,NA,NA,NA,NA
cs_ctrl,SEN,Senegal,Low income,"L(d_gov_bar, 2)",4.696981099127073,NA,NA,NA,NA,NA
cs_ctrl,SEN,Senegal,Low income,d_log_gdp_bar,0.20692365317330988,NA,NA,NA,NA,NA
cs_ctrl,SEN,Senegal,Low income,"L(d_log_gdp_bar, 1)",NA,NA,NA,NA,NA,NA
cs_ctrl,SEN,Senegal,Low income,"L(d_log_gdp_bar, 2)",NA,NA,NA,NA,NA,NA
cs_ctrl,SGP,Singapore,High income,(Intercept),0.001557825052981226,NA,NA,NA,NA,NA
cs_ctrl,SGP,Singapore,High income,"L(dy, 1)",-0.08503002289704283,NA,NA,NA,NA,NA
cs_ctrl,SGP,Singapore,High income,dd,0.0969800161973221,NA,NA,NA,NA,NA
cs_ctrl,SGP,Singapore,High income,"L(dd, 1)",0.1645867807583746,NA,NA,NA,NA,NA
cs_ctrl,SGP,Singapore,High income,"L(dd, 2)",-0.0013382238647626438,NA,NA,NA,NA,NA
cs_ctrl,SGP,Singapore,High income,d_inf,0.7978303460796448,NA,NA,NA,NA,NA
cs_ctrl,SGP,Singapore,High income,"L(d_inf, 1)",0.2369524174306384,NA,NA,NA,NA,NA
cs_ctrl,SGP,Singapore,High income,d_gov,0.24302937886264545,NA,NA,NA,NA,NA
cs_ctrl,SGP,Singapore,High income,"L(d_gov, 1)",-0.5159839779119163,NA,NA,NA,NA,NA
cs_ctrl,SGP,Singapore,High income,"L(d_gov, 2)",-0.8119574874657816,NA,NA,NA,NA,NA
cs_ctrl,SGP,Singapore,High income,d_log_gdp,-0.046464784803331,NA,NA,NA,NA,NA
cs_ctrl,SGP,Singapore,High income,"L(d_log_gdp, 1)",0.19886450086852797,NA,NA,NA,NA,NA
cs_ctrl,SGP,Singapore,High income,"L(d_log_gdp, 2)",-0.1317527729345526,NA,NA,NA,NA,NA
cs_ctrl,SGP,Singapore,High income,dy_bar,-5.640670446623308,NA,NA,NA,NA,NA
cs_ctrl,SGP,Singapore,High income,"L(dy_bar, 1)",9.65259135439372,NA,NA,NA,NA,NA
cs_ctrl,SGP,Singapore,High income,"L(dy_bar, 2)",-4.536488148595577,NA,NA,NA,NA,NA
cs_ctrl,SGP,Singapore,High income,dd_bar,0.005767292912637129,NA,NA,NA,NA,NA
cs_ctrl,SGP,Singapore,High income,"L(dd_bar, 1)",-0.03857235353460896,NA,NA,NA,NA,NA
cs_ctrl,SGP,Singapore,High income,"L(dd_bar, 2)",0.10469241573530888,NA,NA,NA,NA,NA
cs_ctrl,SGP,Singapore,High income,d_inf_bar,-0.009080417958046339,NA,NA,NA,NA,NA
cs_ctrl,SGP,Singapore,High income,"L(d_inf_bar, 1)",-0.0019958410740335427,NA,NA,NA,NA,NA
cs_ctrl,SGP,Singapore,High income,"L(d_inf_bar, 2)",0.013485368746275216,NA,NA,NA,NA,NA
cs_ctrl,SGP,Singapore,High income,d_gov_bar,-0.6188880921979262,NA,NA,NA,NA,NA
cs_ctrl,SGP,Singapore,High income,"L(d_gov_bar, 1)",-0.9774986177893615,NA,NA,NA,NA,NA
cs_ctrl,SGP,Singapore,High income,"L(d_gov_bar, 2)",-1.7703828725835897,NA,NA,NA,NA,NA
cs_ctrl,SGP,Singapore,High income,d_log_gdp_bar,-0.17812004542121104,NA,NA,NA,NA,NA
cs_ctrl,SGP,Singapore,High income,"L(d_log_gdp_bar, 1)",-0.5488617928120193,NA,NA,NA,NA,NA
cs_ctrl,SGP,Singapore,High income,"L(d_log_gdp_bar, 2)",0.5484677071120676,NA,NA,NA,NA,NA
cs_ctrl,SLE,Sierra Leone,Low income,(Intercept),0.044143120862953786,NA,NA,NA,NA,NA
cs_ctrl,SLE,Sierra Leone,Low income,"L(dy, 1)",-7.738102309894395,NA,NA,NA,NA,NA
cs_ctrl,SLE,Sierra Leone,Low income,"L(dy, 2)",8.38495577917485,NA,NA,NA,NA,NA
cs_ctrl,SLE,Sierra Leone,Low income,dd,-0.10540246106593125,NA,NA,NA,NA,NA
cs_ctrl,SLE,Sierra Leone,Low income,"L(dd, 1)",-0.16938355379555625,NA,NA,NA,NA,NA
cs_ctrl,SLE,Sierra Leone,Low income,"L(dd, 2)",-0.06674796549779817,NA,NA,NA,NA,NA
cs_ctrl,SLE,Sierra Leone,Low income,d_inf,0.009361323405268844,NA,NA,NA,NA,NA
cs_ctrl,SLE,Sierra Leone,Low income,"L(d_inf, 1)",0.0016932669422223528,NA,NA,NA,NA,NA
cs_ctrl,SLE,Sierra Leone,Low income,"L(d_inf, 2)",0.04142883459422833,NA,NA,NA,NA,NA
cs_ctrl,SLE,Sierra Leone,Low income,d_gov,-0.5494134081878594,NA,NA,NA,NA,NA
cs_ctrl,SLE,Sierra Leone,Low income,"L(d_gov, 1)",-0.20355051830639945,NA,NA,NA,NA,NA
cs_ctrl,SLE,Sierra Leone,Low income,"L(d_gov, 2)",0.18566491365905885,NA,NA,NA,NA,NA
cs_ctrl,SLE,Sierra Leone,Low income,d_log_gdp,-0.23060404550778274,NA,NA,NA,NA,NA
cs_ctrl,SLE,Sierra Leone,Low income,"L(d_log_gdp, 1)",-0.15381409534053428,NA,NA,NA,NA,NA
cs_ctrl,SLE,Sierra Leone,Low income,"L(d_log_gdp, 2)",0.18885824460469083,NA,NA,NA,NA,NA
cs_ctrl,SLE,Sierra Leone,Low income,dy_bar,-9.035678357153865,NA,NA,NA,NA,NA
cs_ctrl,SLE,Sierra Leone,Low income,"L(dy_bar, 1)",-3.268853357860847,NA,NA,NA,NA,NA
cs_ctrl,SLE,Sierra Leone,Low income,"L(dy_bar, 2)",-12.570148903361407,NA,NA,NA,NA,NA
cs_ctrl,SLE,Sierra Leone,Low income,dd_bar,-0.6866828569956919,NA,NA,NA,NA,NA
cs_ctrl,SLE,Sierra Leone,Low income,"L(dd_bar, 1)",0.8827150412801702,NA,NA,NA,NA,NA
cs_ctrl,SLE,Sierra Leone,Low income,"L(dd_bar, 2)",-0.03887709580459737,NA,NA,NA,NA,NA
cs_ctrl,SLE,Sierra Leone,Low income,d_inf_bar,0.010784242042587794,NA,NA,NA,NA,NA
cs_ctrl,SLE,Sierra Leone,Low income,"L(d_inf_bar, 1)",0.02252296500361414,NA,NA,NA,NA,NA
cs_ctrl,SLE,Sierra Leone,Low income,"L(d_inf_bar, 2)",0.05589964588260919,NA,NA,NA,NA,NA
cs_ctrl,SLE,Sierra Leone,Low income,d_gov_bar,-0.686133631599707,NA,NA,NA,NA,NA
cs_ctrl,SLE,Sierra Leone,Low income,"L(d_gov_bar, 1)",-7.94127021038452,NA,NA,NA,NA,NA
cs_ctrl,SLE,Sierra Leone,Low income,"L(d_gov_bar, 2)",-2.2013885397669597,NA,NA,NA,NA,NA
cs_ctrl,SLE,Sierra Leone,Low income,d_log_gdp_bar,-2.2755006639222253,NA,NA,NA,NA,NA
cs_ctrl,SLE,Sierra Leone,Low income,"L(d_log_gdp_bar, 1)",NA,NA,NA,NA,NA,NA
cs_ctrl,SLE,Sierra Leone,Low income,"L(d_log_gdp_bar, 2)",NA,NA,NA,NA,NA,NA
cs_ctrl,SLV,El Salvador,Lower middle income,(Intercept),1.8793373211556295,NA,NA,NA,NA,NA
cs_ctrl,SLV,El Salvador,Lower middle income,"L(dy, 1)",-14.582165235818389,NA,NA,NA,NA,NA
cs_ctrl,SLV,El Salvador,Lower middle income,"L(dy, 2)",-5.317872136935039,NA,NA,NA,NA,NA
cs_ctrl,SLV,El Salvador,Lower middle income,dd,1.4445181252518684,NA,NA,NA,NA,NA
cs_ctrl,SLV,El Salvador,Lower middle income,"L(dd, 1)",-2.391995687864804,NA,NA,NA,NA,NA
cs_ctrl,SLV,El Salvador,Lower middle income,"L(dd, 2)",-2.6182613837579525,NA,NA,NA,NA,NA
cs_ctrl,SLV,El Salvador,Lower middle income,d_inf,21.054740819496473,NA,NA,NA,NA,NA
cs_ctrl,SLV,El Salvador,Lower middle income,"L(d_inf, 1)",5.856997637567361,NA,NA,NA,NA,NA
cs_ctrl,SLV,El Salvador,Lower middle income,"L(d_inf, 2)",-11.435331997033673,NA,NA,NA,NA,NA
cs_ctrl,SLV,El Salvador,Lower middle income,d_gov,-49.26320506786837,NA,NA,NA,NA,NA
cs_ctrl,SLV,El Salvador,Lower middle income,"L(d_gov, 1)",-28.236232234353466,NA,NA,NA,NA,NA
cs_ctrl,SLV,El Salvador,Lower middle income,"L(d_gov, 2)",32.675934723090016,NA,NA,NA,NA,NA
cs_ctrl,SLV,El Salvador,Lower middle income,d_log_gdp,-24.58700241140438,NA,NA,NA,NA,NA
cs_ctrl,SLV,El Salvador,Lower middle income,"L(d_log_gdp, 1)",-31.530071112936444,NA,NA,NA,NA,NA
cs_ctrl,SLV,El Salvador,Lower middle income,"L(d_log_gdp, 2)",4.169452876785269,NA,NA,NA,NA,NA
cs_ctrl,SLV,El Salvador,Lower middle income,dy_bar,-159.4881714153363,NA,NA,NA,NA,NA
cs_ctrl,SLV,El Salvador,Lower middle income,"L(dy_bar, 1)",183.52672919876085,NA,NA,NA,NA,NA
cs_ctrl,SLV,El Salvador,Lower middle income,"L(dy_bar, 2)",239.2630682238753,NA,NA,NA,NA,NA
cs_ctrl,SLV,El Salvador,Lower middle income,dd_bar,-7.892303306430022,NA,NA,NA,NA,NA
cs_ctrl,SLV,El Salvador,Lower middle income,"L(dd_bar, 1)",-4.9995508508677675,NA,NA,NA,NA,NA
cs_ctrl,SLV,El Salvador,Lower middle income,"L(dd_bar, 2)",5.088508183235537,NA,NA,NA,NA,NA
cs_ctrl,SLV,El Salvador,Lower middle income,d_inf_bar,-0.28981750519918553,NA,NA,NA,NA,NA
cs_ctrl,SLV,El Salvador,Lower middle income,"L(d_inf_bar, 1)",-0.4163894940614944,NA,NA,NA,NA,NA
cs_ctrl,SLV,El Salvador,Lower middle income,"L(d_inf_bar, 2)",-0.09449757489614147,NA,NA,NA,NA,NA
cs_ctrl,SLV,El Salvador,Lower middle income,d_gov_bar,82.2621991849319,NA,NA,NA,NA,NA
cs_ctrl,SLV,El Salvador,Lower middle income,"L(d_gov_bar, 1)",30.442725471776395,NA,NA,NA,NA,NA
cs_ctrl,SLV,El Salvador,Lower middle income,"L(d_gov_bar, 2)",2.689979918590381,NA,NA,NA,NA,NA
cs_ctrl,SLV,El Salvador,Lower middle income,d_log_gdp_bar,13.039968652644614,NA,NA,NA,NA,NA
cs_ctrl,SLV,El Salvador,Lower middle income,"L(d_log_gdp_bar, 1)",NA,NA,NA,NA,NA,NA
cs_ctrl,SLV,El Salvador,Lower middle income,"L(d_log_gdp_bar, 2)",NA,NA,NA,NA,NA,NA
cs_ctrl,STP,Sao Tome and Principe,Low income,(Intercept),-0.28203111483053095,NA,NA,NA,NA,NA
cs_ctrl,STP,Sao Tome and Principe,Low income,"L(dy, 1)",5.3192582259709775,NA,NA,NA,NA,NA
cs_ctrl,STP,Sao Tome and Principe,Low income,"L(dy, 2)",23.070536600119894,NA,NA,NA,NA,NA
cs_ctrl,STP,Sao Tome and Principe,Low income,dd,-0.28371665954745323,NA,NA,NA,NA,NA
cs_ctrl,STP,Sao Tome and Principe,Low income,"L(dd, 1)",0.08618033259630475,NA,NA,NA,NA,NA
cs_ctrl,STP,Sao Tome and Principe,Low income,"L(dd, 2)",-0.15243818461923966,NA,NA,NA,NA,NA
cs_ctrl,STP,Sao Tome and Principe,Low income,d_inf,-0.3510844213991773,NA,NA,NA,NA,NA
cs_ctrl,STP,Sao Tome and Principe,Low income,"L(d_inf, 1)",1.095293503936447,NA,NA,NA,NA,NA
cs_ctrl,STP,Sao Tome and Principe,Low income,"L(d_inf, 2)",-0.1131879692698595,NA,NA,NA,NA,NA
cs_ctrl,STP,Sao Tome and Principe,Low income,d_gov,1.1793528616286892,NA,NA,NA,NA,NA
cs_ctrl,STP,Sao Tome and Principe,Low income,"L(d_gov, 1)",1.4873049291685987,NA,NA,NA,NA,NA
cs_ctrl,STP,Sao Tome and Principe,Low income,"L(d_gov, 2)",2.8323138400740286,NA,NA,NA,NA,NA
cs_ctrl,STP,Sao Tome and Principe,Low income,d_log_gdp,-0.8269576503232873,NA,NA,NA,NA,NA
cs_ctrl,STP,Sao Tome and Principe,Low income,"L(d_log_gdp, 1)",-0.369017149493565,NA,NA,NA,NA,NA
cs_ctrl,STP,Sao Tome and Principe,Low income,"L(d_log_gdp, 2)",0.029375549106245288,NA,NA,NA,NA,NA
cs_ctrl,STP,Sao Tome and Principe,Low income,dy_bar,14.5582210388578,NA,NA,NA,NA,NA
cs_ctrl,STP,Sao Tome and Principe,Low income,"L(dy_bar, 1)",13.454295002162896,NA,NA,NA,NA,NA
cs_ctrl,STP,Sao Tome and Principe,Low income,"L(dy_bar, 2)",4.930382182987166,NA,NA,NA,NA,NA
cs_ctrl,STP,Sao Tome and Principe,Low income,dd_bar,2.297430892393937,NA,NA,NA,NA,NA
cs_ctrl,STP,Sao Tome and Principe,Low income,"L(dd_bar, 1)",0.9413587106923528,NA,NA,NA,NA,NA
cs_ctrl,STP,Sao Tome and Principe,Low income,"L(dd_bar, 2)",0.7092155465359735,NA,NA,NA,NA,NA
cs_ctrl,STP,Sao Tome and Principe,Low income,d_inf_bar,0.09777160624659662,NA,NA,NA,NA,NA
cs_ctrl,STP,Sao Tome and Principe,Low income,"L(d_inf_bar, 1)",-0.11735442950225075,NA,NA,NA,NA,NA
cs_ctrl,STP,Sao Tome and Principe,Low income,"L(d_inf_bar, 2)",-0.023744692156834744,NA,NA,NA,NA,NA
cs_ctrl,STP,Sao Tome and Principe,Low income,d_gov_bar,-16.437832219269165,NA,NA,NA,NA,NA
cs_ctrl,STP,Sao Tome and Principe,Low income,"L(d_gov_bar, 1)",-15.431744310660441,NA,NA,NA,NA,NA
cs_ctrl,STP,Sao Tome and Principe,Low income,"L(d_gov_bar, 2)",-14.62338249312828,NA,NA,NA,NA,NA
cs_ctrl,STP,Sao Tome and Principe,Low income,d_log_gdp_bar,6.222439221792193,NA,NA,NA,NA,NA
cs_ctrl,STP,Sao Tome and Principe,Low income,"L(d_log_gdp_bar, 1)",NA,NA,NA,NA,NA,NA
cs_ctrl,STP,Sao Tome and Principe,Low income,"L(d_log_gdp_bar, 2)",NA,NA,NA,NA,NA,NA
cs_ctrl,SUR,Suriname,Upper middle income,(Intercept),-0.002182996432181076,NA,NA,NA,NA,NA
cs_ctrl,SUR,Suriname,Upper middle income,"L(dy, 1)",0.522899330666356,NA,NA,NA,NA,NA
cs_ctrl,SUR,Suriname,Upper middle income,"L(dy, 2)",-0.8195415140568347,NA,NA,NA,NA,NA
cs_ctrl,SUR,Suriname,Upper middle income,dd,0.03774641133620411,NA,NA,NA,NA,NA
cs_ctrl,SUR,Suriname,Upper middle income,"L(dd, 1)",0.023043791590739337,NA,NA,NA,NA,NA
cs_ctrl,SUR,Suriname,Upper middle income,"L(dd, 2)",-0.012087401168377143,NA,NA,NA,NA,NA
cs_ctrl,SUR,Suriname,Upper middle income,d_inf,0.011250108318832774,NA,NA,NA,NA,NA
cs_ctrl,SUR,Suriname,Upper middle income,"L(d_inf, 1)",0.012012446604154578,NA,NA,NA,NA,NA
cs_ctrl,SUR,Suriname,Upper middle income,"L(d_inf, 2)",0.01057325148664192,NA,NA,NA,NA,NA
cs_ctrl,SUR,Suriname,Upper middle income,d_gov,0.20619039903688793,NA,NA,NA,NA,NA
cs_ctrl,SUR,Suriname,Upper middle income,"L(d_gov, 1)",0.36933988365796244,NA,NA,NA,NA,NA
cs_ctrl,SUR,Suriname,Upper middle income,"L(d_gov, 2)",0.1897166522178438,NA,NA,NA,NA,NA
cs_ctrl,SUR,Suriname,Upper middle income,d_log_gdp,0.050975953827714124,NA,NA,NA,NA,NA
cs_ctrl,SUR,Suriname,Upper middle income,"L(d_log_gdp, 1)",0.010857044116975986,NA,NA,NA,NA,NA
cs_ctrl,SUR,Suriname,Upper middle income,"L(d_log_gdp, 2)",-0.07616345858362505,NA,NA,NA,NA,NA
cs_ctrl,SUR,Suriname,Upper middle income,dy_bar,4.489016224387478,NA,NA,NA,NA,NA
cs_ctrl,SUR,Suriname,Upper middle income,"L(dy_bar, 1)",-0.016443893018489367,NA,NA,NA,NA,NA
cs_ctrl,SUR,Suriname,Upper middle income,"L(dy_bar, 2)",5.01708690896805,NA,NA,NA,NA,NA
cs_ctrl,SUR,Suriname,Upper middle income,dd_bar,0.048258525584596465,NA,NA,NA,NA,NA
cs_ctrl,SUR,Suriname,Upper middle income,"L(dd_bar, 1)",-0.13631270035774115,NA,NA,NA,NA,NA
cs_ctrl,SUR,Suriname,Upper middle income,"L(dd_bar, 2)",-0.018523888107348965,NA,NA,NA,NA,NA
cs_ctrl,SUR,Suriname,Upper middle income,d_inf_bar,0.0029786233729820542,NA,NA,NA,NA,NA
cs_ctrl,SUR,Suriname,Upper middle income,"L(d_inf_bar, 1)",-0.0024441957300679433,NA,NA,NA,NA,NA
cs_ctrl,SUR,Suriname,Upper middle income,"L(d_inf_bar, 2)",-0.011244022698539016,NA,NA,NA,NA,NA
cs_ctrl,SUR,Suriname,Upper middle income,d_gov_bar,0.4784322057836699,NA,NA,NA,NA,NA
cs_ctrl,SUR,Suriname,Upper middle income,"L(d_gov_bar, 1)",0.5240509400579283,NA,NA,NA,NA,NA
cs_ctrl,SUR,Suriname,Upper middle income,"L(d_gov_bar, 2)",-0.2231388321571674,NA,NA,NA,NA,NA
cs_ctrl,SUR,Suriname,Upper middle income,d_log_gdp_bar,0.15682872904844714,NA,NA,NA,NA,NA
cs_ctrl,SUR,Suriname,Upper middle income,"L(d_log_gdp_bar, 1)",NA,NA,NA,NA,NA,NA
cs_ctrl,SUR,Suriname,Upper middle income,"L(d_log_gdp_bar, 2)",NA,NA,NA,NA,NA,NA
cs_ctrl,SVK,Slovakia,High income,(Intercept),0.06427329402591042,NA,NA,NA,NA,NA
cs_ctrl,SVK,Slovakia,High income,"L(dy, 1)",-0.48384497751045474,NA,NA,NA,NA,NA
cs_ctrl,SVK,Slovakia,High income,dd,0.22031968448833025,NA,NA,NA,NA,NA
cs_ctrl,SVK,Slovakia,High income,"L(dd, 1)",0.306753834450133,NA,NA,NA,NA,NA
cs_ctrl,SVK,Slovakia,High income,"L(dd, 2)",-0.10061279962648571,NA,NA,NA,NA,NA
cs_ctrl,SVK,Slovakia,High income,d_inf,-0.2240408704609971,NA,NA,NA,NA,NA
cs_ctrl,SVK,Slovakia,High income,"L(d_inf, 1)",1.7536581624775736,NA,NA,NA,NA,NA
cs_ctrl,SVK,Slovakia,High income,"L(d_inf, 2)",0.34025703985084726,NA,NA,NA,NA,NA
cs_ctrl,SVK,Slovakia,High income,d_gov,0.15973972756504573,NA,NA,NA,NA,NA
cs_ctrl,SVK,Slovakia,High income,"L(d_gov, 1)",-0.017948289087452936,NA,NA,NA,NA,NA
cs_ctrl,SVK,Slovakia,High income,"L(d_gov, 2)",0.47612864534959265,NA,NA,NA,NA,NA
cs_ctrl,SVK,Slovakia,High income,d_log_gdp,-0.6422861060702493,NA,NA,NA,NA,NA
cs_ctrl,SVK,Slovakia,High income,"L(d_log_gdp, 1)",0.9915325560884375,NA,NA,NA,NA,NA
cs_ctrl,SVK,Slovakia,High income,"L(d_log_gdp, 2)",-0.6912957965747291,NA,NA,NA,NA,NA
cs_ctrl,SVK,Slovakia,High income,dy_bar,7.49882128318976,NA,NA,NA,NA,NA
cs_ctrl,SVK,Slovakia,High income,"L(dy_bar, 1)",-1.6635002354298385,NA,NA,NA,NA,NA
cs_ctrl,SVK,Slovakia,High income,dd_bar,-0.7035258214163169,NA,NA,NA,NA,NA
cs_ctrl,SVK,Slovakia,High income,"L(dd_bar, 1)",-0.9322555771354978,NA,NA,NA,NA,NA
cs_ctrl,SVK,Slovakia,High income,"L(dd_bar, 2)",0.18489103402633508,NA,NA,NA,NA,NA
cs_ctrl,SVK,Slovakia,High income,d_inf_bar,-0.02466771367432345,NA,NA,NA,NA,NA
cs_ctrl,SVK,Slovakia,High income,"L(d_inf_bar, 1)",-0.016438812855045476,NA,NA,NA,NA,NA
cs_ctrl,SVK,Slovakia,High income,"L(d_inf_bar, 2)",-0.023749990955270212,NA,NA,NA,NA,NA
cs_ctrl,SVK,Slovakia,High income,d_gov_bar,2.704012782531804,NA,NA,NA,NA,NA
cs_ctrl,SVK,Slovakia,High income,"L(d_gov_bar, 1)",11.790289119130271,NA,NA,NA,NA,NA
cs_ctrl,SVK,Slovakia,High income,"L(d_gov_bar, 2)",-2.988839386498982,NA,NA,NA,NA,NA
cs_ctrl,SVK,Slovakia,High income,d_log_gdp_bar,0.4849872426019752,NA,NA,NA,NA,NA
cs_ctrl,SVK,Slovakia,High income,"L(d_log_gdp_bar, 1)",-1.7723318926288507,NA,NA,NA,NA,NA
cs_ctrl,SVK,Slovakia,High income,"L(d_log_gdp_bar, 2)",-0.2065481069191239,NA,NA,NA,NA,NA
cs_ctrl,SVN,Slovenia,High income,(Intercept),0.0111323890275886,NA,NA,NA,NA,NA
cs_ctrl,SVN,Slovenia,High income,"L(dy, 1)",-0.44153891121836436,NA,NA,NA,NA,NA
cs_ctrl,SVN,Slovenia,High income,dd,0.0038743075853981883,NA,NA,NA,NA,NA
cs_ctrl,SVN,Slovenia,High income,"L(dd, 1)",0.002963940007865299,NA,NA,NA,NA,NA
cs_ctrl,SVN,Slovenia,High income,"L(dd, 2)",-0.021490775635512042,NA,NA,NA,NA,NA
cs_ctrl,SVN,Slovenia,High income,d_inf,0.019902496373291237,NA,NA,NA,NA,NA
cs_ctrl,SVN,Slovenia,High income,"L(d_inf, 1)",0.01334695238523333,NA,NA,NA,NA,NA
cs_ctrl,SVN,Slovenia,High income,d_gov,-0.42225188873124303,NA,NA,NA,NA,NA
cs_ctrl,SVN,Slovenia,High income,"L(d_gov, 1)",0.322958509185023,NA,NA,NA,NA,NA
cs_ctrl,SVN,Slovenia,High income,"L(d_gov, 2)",0.26805266734363137,NA,NA,NA,NA,NA
cs_ctrl,SVN,Slovenia,High income,d_log_gdp,-0.05070410291834675,NA,NA,NA,NA,NA
cs_ctrl,SVN,Slovenia,High income,"L(d_log_gdp, 1)",0.02945691004115339,NA,NA,NA,NA,NA
cs_ctrl,SVN,Slovenia,High income,"L(d_log_gdp, 2)",-0.014493813361656147,NA,NA,NA,NA,NA
cs_ctrl,SVN,Slovenia,High income,dy_bar,-1.4829917288884877,NA,NA,NA,NA,NA
cs_ctrl,SVN,Slovenia,High income,"L(dy_bar, 1)",2.4560111734180246,NA,NA,NA,NA,NA
cs_ctrl,SVN,Slovenia,High income,"L(dy_bar, 2)",0.20198920668919965,NA,NA,NA,NA,NA
cs_ctrl,SVN,Slovenia,High income,dd_bar,-0.005739901036929135,NA,NA,NA,NA,NA
cs_ctrl,SVN,Slovenia,High income,"L(dd_bar, 1)",-0.07334123916967275,NA,NA,NA,NA,NA
cs_ctrl,SVN,Slovenia,High income,"L(dd_bar, 2)",0.015781200683873606,NA,NA,NA,NA,NA
cs_ctrl,SVN,Slovenia,High income,d_inf_bar,-0.0034446163788600876,NA,NA,NA,NA,NA
cs_ctrl,SVN,Slovenia,High income,"L(d_inf_bar, 1)",-0.0010287969666835175,NA,NA,NA,NA,NA
cs_ctrl,SVN,Slovenia,High income,"L(d_inf_bar, 2)",0.0018713462739885208,NA,NA,NA,NA,NA
cs_ctrl,SVN,Slovenia,High income,d_gov_bar,-1.2491387349606902,NA,NA,NA,NA,NA
cs_ctrl,SVN,Slovenia,High income,"L(d_gov_bar, 1)",-0.33174077158947585,NA,NA,NA,NA,NA
cs_ctrl,SVN,Slovenia,High income,"L(d_gov_bar, 2)",0.9245306712148442,NA,NA,NA,NA,NA
cs_ctrl,SVN,Slovenia,High income,d_log_gdp_bar,-0.15376217143837673,NA,NA,NA,NA,NA
cs_ctrl,SVN,Slovenia,High income,"L(d_log_gdp_bar, 1)",-0.15890567534292083,NA,NA,NA,NA,NA
cs_ctrl,SVN,Slovenia,High income,"L(d_log_gdp_bar, 2)",0.06218640023176453,NA,NA,NA,NA,NA
cs_ctrl,SWE,Sweden,High income,(Intercept),-0.16425374230316042,NA,NA,NA,NA,NA
cs_ctrl,SWE,Sweden,High income,"L(dy, 1)",1.3791228772951658,NA,NA,NA,NA,NA
cs_ctrl,SWE,Sweden,High income,"L(dy, 2)",0.5331975739699453,NA,NA,NA,NA,NA
cs_ctrl,SWE,Sweden,High income,dd,0.25035128753358316,NA,NA,NA,NA,NA
cs_ctrl,SWE,Sweden,High income,"L(dd, 1)",0.16868192062224086,NA,NA,NA,NA,NA
cs_ctrl,SWE,Sweden,High income,"L(dd, 2)",0.49297793133530027,NA,NA,NA,NA,NA
cs_ctrl,SWE,Sweden,High income,d_inf,-0.9218176012931034,NA,NA,NA,NA,NA
cs_ctrl,SWE,Sweden,High income,"L(d_inf, 1)",-1.2029109991203843,NA,NA,NA,NA,NA
cs_ctrl,SWE,Sweden,High income,"L(d_inf, 2)",-0.5957897231123431,NA,NA,NA,NA,NA
cs_ctrl,SWE,Sweden,High income,d_gov,4.388126197672353,NA,NA,NA,NA,NA
cs_ctrl,SWE,Sweden,High income,"L(d_gov, 1)",1.5076227548094596,NA,NA,NA,NA,NA
cs_ctrl,SWE,Sweden,High income,"L(d_gov, 2)",4.065037299101796,NA,NA,NA,NA,NA
cs_ctrl,SWE,Sweden,High income,d_log_gdp,1.7220669356725038,NA,NA,NA,NA,NA
cs_ctrl,SWE,Sweden,High income,"L(d_log_gdp, 1)",1.4307316790978444,NA,NA,NA,NA,NA
cs_ctrl,SWE,Sweden,High income,"L(d_log_gdp, 2)",2.3518878520596775,NA,NA,NA,NA,NA
cs_ctrl,SWE,Sweden,High income,dy_bar,14.957547964601233,NA,NA,NA,NA,NA
cs_ctrl,SWE,Sweden,High income,"L(dy_bar, 1)",-4.596542645330742,NA,NA,NA,NA,NA
cs_ctrl,SWE,Sweden,High income,"L(dy_bar, 2)",27.64265736881458,NA,NA,NA,NA,NA
cs_ctrl,SWE,Sweden,High income,dd_bar,-0.456053105534017,NA,NA,NA,NA,NA
cs_ctrl,SWE,Sweden,High income,"L(dd_bar, 1)",-0.09395546033038697,NA,NA,NA,NA,NA
cs_ctrl,SWE,Sweden,High income,"L(dd_bar, 2)",0.3889537371243999,NA,NA,NA,NA,NA
cs_ctrl,SWE,Sweden,High income,d_inf_bar,0.02680116561000382,NA,NA,NA,NA,NA
cs_ctrl,SWE,Sweden,High income,"L(d_inf_bar, 1)",0.004244473445794523,NA,NA,NA,NA,NA
cs_ctrl,SWE,Sweden,High income,"L(d_inf_bar, 2)",-0.016515591311145102,NA,NA,NA,NA,NA
cs_ctrl,SWE,Sweden,High income,d_gov_bar,17.60780648652237,NA,NA,NA,NA,NA
cs_ctrl,SWE,Sweden,High income,"L(d_gov_bar, 1)",14.220765491522888,NA,NA,NA,NA,NA
cs_ctrl,SWE,Sweden,High income,"L(d_gov_bar, 2)",-0.9627460779756485,NA,NA,NA,NA,NA
cs_ctrl,SWE,Sweden,High income,d_log_gdp_bar,2.9904332162357012,NA,NA,NA,NA,NA
cs_ctrl,SWE,Sweden,High income,"L(d_log_gdp_bar, 1)",NA,NA,NA,NA,NA,NA
cs_ctrl,SWE,Sweden,High income,"L(d_log_gdp_bar, 2)",NA,NA,NA,NA,NA,NA
cs_ctrl,SWZ,Swaziland,Lower middle income,(Intercept),-0.005136734031824998,NA,NA,NA,NA,NA
cs_ctrl,SWZ,Swaziland,Lower middle income,"L(dy, 1)",0.5638047755838413,NA,NA,NA,NA,NA
cs_ctrl,SWZ,Swaziland,Lower middle income,"L(dy, 2)",-0.13831821932767516,NA,NA,NA,NA,NA
cs_ctrl,SWZ,Swaziland,Lower middle income,dd,0.002763877299111221,NA,NA,NA,NA,NA
cs_ctrl,SWZ,Swaziland,Lower middle income,"L(dd, 1)",-0.0068125094791915645,NA,NA,NA,NA,NA
cs_ctrl,SWZ,Swaziland,Lower middle income,"L(dd, 2)",0.004006555952397614,NA,NA,NA,NA,NA
cs_ctrl,SWZ,Swaziland,Lower middle income,d_inf,0.0019956192284142833,NA,NA,NA,NA,NA
cs_ctrl,SWZ,Swaziland,Lower middle income,"L(d_inf, 1)",-0.0037941026196890294,NA,NA,NA,NA,NA
cs_ctrl,SWZ,Swaziland,Lower middle income,"L(d_inf, 2)",-0.014275866251355218,NA,NA,NA,NA,NA
cs_ctrl,SWZ,Swaziland,Lower middle income,d_gov,0.1338967921951785,NA,NA,NA,NA,NA
cs_ctrl,SWZ,Swaziland,Lower middle income,"L(d_gov, 1)",0.026754449209282258,NA,NA,NA,NA,NA
cs_ctrl,SWZ,Swaziland,Lower middle income,"L(d_gov, 2)",-0.10947559090359532,NA,NA,NA,NA,NA
cs_ctrl,SWZ,Swaziland,Lower middle income,d_log_gdp,0.021393024355792774,NA,NA,NA,NA,NA
cs_ctrl,SWZ,Swaziland,Lower middle income,"L(d_log_gdp, 1)",0.04943017277948084,NA,NA,NA,NA,NA
cs_ctrl,SWZ,Swaziland,Lower middle income,"L(d_log_gdp, 2)",0.012132914343099386,NA,NA,NA,NA,NA
cs_ctrl,SWZ,Swaziland,Lower middle income,dy_bar,0.3860104155057322,NA,NA,NA,NA,NA
cs_ctrl,SWZ,Swaziland,Lower middle income,"L(dy_bar, 1)",-0.7929604033683924,NA,NA,NA,NA,NA
cs_ctrl,SWZ,Swaziland,Lower middle income,"L(dy_bar, 2)",-0.7433722386781879,NA,NA,NA,NA,NA
cs_ctrl,SWZ,Swaziland,Lower middle income,dd_bar,0.03374370604135128,NA,NA,NA,NA,NA
cs_ctrl,SWZ,Swaziland,Lower middle income,"L(dd_bar, 1)",-0.0027515637105567903,NA,NA,NA,NA,NA
cs_ctrl,SWZ,Swaziland,Lower middle income,"L(dd_bar, 2)",0.020564232450946563,NA,NA,NA,NA,NA
cs_ctrl,SWZ,Swaziland,Lower middle income,d_inf_bar,0.0025970770908341928,NA,NA,NA,NA,NA
cs_ctrl,SWZ,Swaziland,Lower middle income,"L(d_inf_bar, 1)",0.003205783651849604,NA,NA,NA,NA,NA
cs_ctrl,SWZ,Swaziland,Lower middle income,"L(d_inf_bar, 2)",0.0020971790797172448,NA,NA,NA,NA,NA
cs_ctrl,SWZ,Swaziland,Lower middle income,d_gov_bar,0.19130415539505155,NA,NA,NA,NA,NA
cs_ctrl,SWZ,Swaziland,Lower middle income,"L(d_gov_bar, 1)",0.035684118036533936,NA,NA,NA,NA,NA
cs_ctrl,SWZ,Swaziland,Lower middle income,"L(d_gov_bar, 2)",-0.34101918266906045,NA,NA,NA,NA,NA
cs_ctrl,SWZ,Swaziland,Lower middle income,d_log_gdp_bar,0.08252874106050144,NA,NA,NA,NA,NA
cs_ctrl,SWZ,Swaziland,Lower middle income,"L(d_log_gdp_bar, 1)",NA,NA,NA,NA,NA,NA
cs_ctrl,SWZ,Swaziland,Lower middle income,"L(d_log_gdp_bar, 2)",NA,NA,NA,NA,NA,NA
cs_ctrl,SYC,Seychelles,Upper middle income,(Intercept),-0.26732151266745047,NA,NA,NA,NA,NA
cs_ctrl,SYC,Seychelles,Upper middle income,"L(dy, 1)",-22.82224759435083,NA,NA,NA,NA,NA
cs_ctrl,SYC,Seychelles,Upper middle income,"L(dy, 2)",30.474190473219487,NA,NA,NA,NA,NA
cs_ctrl,SYC,Seychelles,Upper middle income,dd,-1.256636036297145,NA,NA,NA,NA,NA
cs_ctrl,SYC,Seychelles,Upper middle income,"L(dd, 1)",2.4739765544321055,NA,NA,NA,NA,NA
cs_ctrl,SYC,Seychelles,Upper middle income,"L(dd, 2)",2.0934937603880437,NA,NA,NA,NA,NA
cs_ctrl,SYC,Seychelles,Upper middle income,d_inf,2.233465551368278,NA,NA,NA,NA,NA
cs_ctrl,SYC,Seychelles,Upper middle income,"L(d_inf, 1)",-0.600306149765984,NA,NA,NA,NA,NA
cs_ctrl,SYC,Seychelles,Upper middle income,"L(d_inf, 2)",0.24675540431410564,NA,NA,NA,NA,NA
cs_ctrl,SYC,Seychelles,Upper middle income,d_gov,-0.6207832316558247,NA,NA,NA,NA,NA
cs_ctrl,SYC,Seychelles,Upper middle income,"L(d_gov, 1)",2.524932333402886,NA,NA,NA,NA,NA
cs_ctrl,SYC,Seychelles,Upper middle income,"L(d_gov, 2)",1.324680023495173,NA,NA,NA,NA,NA
cs_ctrl,SYC,Seychelles,Upper middle income,d_log_gdp,1.914003819589109,NA,NA,NA,NA,NA
cs_ctrl,SYC,Seychelles,Upper middle income,"L(d_log_gdp, 1)",0.8479003454016957,NA,NA,NA,NA,NA
cs_ctrl,SYC,Seychelles,Upper middle income,"L(d_log_gdp, 2)",-0.15652296187722936,NA,NA,NA,NA,NA
cs_ctrl,SYC,Seychelles,Upper middle income,dy_bar,-59.115672638668485,NA,NA,NA,NA,NA
cs_ctrl,SYC,Seychelles,Upper middle income,"L(dy_bar, 1)",72.13175253227318,NA,NA,NA,NA,NA
cs_ctrl,SYC,Seychelles,Upper middle income,"L(dy_bar, 2)",-407.44379154661453,NA,NA,NA,NA,NA
cs_ctrl,SYC,Seychelles,Upper middle income,dd_bar,5.508102751969486,NA,NA,NA,NA,NA
cs_ctrl,SYC,Seychelles,Upper middle income,"L(dd_bar, 1)",-8.979199318380385,NA,NA,NA,NA,NA
cs_ctrl,SYC,Seychelles,Upper middle income,"L(dd_bar, 2)",4.2658696572239,NA,NA,NA,NA,NA
cs_ctrl,SYC,Seychelles,Upper middle income,d_inf_bar,-0.10658782379554109,NA,NA,NA,NA,NA
cs_ctrl,SYC,Seychelles,Upper middle income,"L(d_inf_bar, 1)",0.1607721927391599,NA,NA,NA,NA,NA
cs_ctrl,SYC,Seychelles,Upper middle income,"L(d_inf_bar, 2)",-0.2558452062541598,NA,NA,NA,NA,NA
cs_ctrl,SYC,Seychelles,Upper middle income,d_gov_bar,-83.55187300037906,NA,NA,NA,NA,NA
cs_ctrl,SYC,Seychelles,Upper middle income,"L(d_gov_bar, 1)",53.954661768461435,NA,NA,NA,NA,NA
cs_ctrl,SYC,Seychelles,Upper middle income,"L(d_gov_bar, 2)",-43.54221846296912,NA,NA,NA,NA,NA
cs_ctrl,SYC,Seychelles,Upper middle income,d_log_gdp_bar,2.8709145397211002,NA,NA,NA,NA,NA
cs_ctrl,SYC,Seychelles,Upper middle income,"L(d_log_gdp_bar, 1)",NA,NA,NA,NA,NA,NA
cs_ctrl,SYC,Seychelles,Upper middle income,"L(d_log_gdp_bar, 2)",NA,NA,NA,NA,NA,NA
cs_ctrl,TCD,Chad,Low income,(Intercept),0.026682112378881885,NA,NA,NA,NA,NA
cs_ctrl,TCD,Chad,Low income,"L(dy, 1)",8.069916167659096,NA,NA,NA,NA,NA
cs_ctrl,TCD,Chad,Low income,"L(dy, 2)",-2.395753548525823,NA,NA,NA,NA,NA
cs_ctrl,TCD,Chad,Low income,dd,0.09804245555940351,NA,NA,NA,NA,NA
cs_ctrl,TCD,Chad,Low income,"L(dd, 1)",-0.02384955345025054,NA,NA,NA,NA,NA
cs_ctrl,TCD,Chad,Low income,"L(dd, 2)",-0.06458528125308093,NA,NA,NA,NA,NA
cs_ctrl,TCD,Chad,Low income,d_inf,0.042641800302329176,NA,NA,NA,NA,NA
cs_ctrl,TCD,Chad,Low income,"L(d_inf, 1)",0.051905588090093484,NA,NA,NA,NA,NA
cs_ctrl,TCD,Chad,Low income,"L(d_inf, 2)",0.09812744363376143,NA,NA,NA,NA,NA
cs_ctrl,TCD,Chad,Low income,d_gov,0.4261492096984498,NA,NA,NA,NA,NA
cs_ctrl,TCD,Chad,Low income,"L(d_gov, 1)",-0.2338060157904753,NA,NA,NA,NA,NA
cs_ctrl,TCD,Chad,Low income,"L(d_gov, 2)",-0.6799980304656782,NA,NA,NA,NA,NA
cs_ctrl,TCD,Chad,Low income,d_log_gdp,0.24131044910727173,NA,NA,NA,NA,NA
cs_ctrl,TCD,Chad,Low income,"L(d_log_gdp, 1)",-0.12319521744945951,NA,NA,NA,NA,NA
cs_ctrl,TCD,Chad,Low income,"L(d_log_gdp, 2)",-0.2549587500887163,NA,NA,NA,NA,NA
cs_ctrl,TCD,Chad,Low income,dy_bar,-3.45497660258259,NA,NA,NA,NA,NA
cs_ctrl,TCD,Chad,Low income,"L(dy_bar, 1)",1.0463374616717862,NA,NA,NA,NA,NA
cs_ctrl,TCD,Chad,Low income,"L(dy_bar, 2)",-8.790681254629913,NA,NA,NA,NA,NA
cs_ctrl,TCD,Chad,Low income,dd_bar,-0.4275286025591895,NA,NA,NA,NA,NA
cs_ctrl,TCD,Chad,Low income,"L(dd_bar, 1)",0.020583579283947523,NA,NA,NA,NA,NA
cs_ctrl,TCD,Chad,Low income,"L(dd_bar, 2)",0.24973502199504183,NA,NA,NA,NA,NA
cs_ctrl,TCD,Chad,Low income,d_inf_bar,-0.0028685479018460075,NA,NA,NA,NA,NA
cs_ctrl,TCD,Chad,Low income,"L(d_inf_bar, 1)",-0.002769218105203165,NA,NA,NA,NA,NA
cs_ctrl,TCD,Chad,Low income,"L(d_inf_bar, 2)",0.007178053260968057,NA,NA,NA,NA,NA
cs_ctrl,TCD,Chad,Low income,d_gov_bar,0.6363603711245779,NA,NA,NA,NA,NA
cs_ctrl,TCD,Chad,Low income,"L(d_gov_bar, 1)",-3.0458553283318808,NA,NA,NA,NA,NA
cs_ctrl,TCD,Chad,Low income,"L(d_gov_bar, 2)",-0.5589142925673521,NA,NA,NA,NA,NA
cs_ctrl,TCD,Chad,Low income,d_log_gdp_bar,-1.08817098775224,NA,NA,NA,NA,NA
cs_ctrl,TCD,Chad,Low income,"L(d_log_gdp_bar, 1)",NA,NA,NA,NA,NA,NA
cs_ctrl,TCD,Chad,Low income,"L(d_log_gdp_bar, 2)",NA,NA,NA,NA,NA,NA
cs_ctrl,TGO,Togo,Low income,(Intercept),0.009384979113484095,NA,NA,NA,NA,NA
cs_ctrl,TGO,Togo,Low income,"L(dy, 1)",-0.872841995813463,NA,NA,NA,NA,NA
cs_ctrl,TGO,Togo,Low income,dd,-0.015908218814184777,NA,NA,NA,NA,NA
cs_ctrl,TGO,Togo,Low income,"L(dd, 1)",-0.033837997881561194,NA,NA,NA,NA,NA
cs_ctrl,TGO,Togo,Low income,"L(dd, 2)",-0.044728306590474116,NA,NA,NA,NA,NA
cs_ctrl,TGO,Togo,Low income,d_inf,-0.06255482995051538,NA,NA,NA,NA,NA
cs_ctrl,TGO,Togo,Low income,"L(d_inf, 1)",-0.03373975507950617,NA,NA,NA,NA,NA
cs_ctrl,TGO,Togo,Low income,"L(d_inf, 2)",0.015919634490457933,NA,NA,NA,NA,NA
cs_ctrl,TGO,Togo,Low income,d_gov,0.061976402547952565,NA,NA,NA,NA,NA
cs_ctrl,TGO,Togo,Low income,"L(d_gov, 1)",0.6249795298511464,NA,NA,NA,NA,NA
cs_ctrl,TGO,Togo,Low income,"L(d_gov, 2)",0.5743929414138961,NA,NA,NA,NA,NA
cs_ctrl,TGO,Togo,Low income,d_log_gdp,-0.0389009309532896,NA,NA,NA,NA,NA
cs_ctrl,TGO,Togo,Low income,"L(d_log_gdp, 1)",0.1549606953479218,NA,NA,NA,NA,NA
cs_ctrl,TGO,Togo,Low income,"L(d_log_gdp, 2)",0.12109421634716487,NA,NA,NA,NA,NA
cs_ctrl,TGO,Togo,Low income,dy_bar,1.0761031383249395,NA,NA,NA,NA,NA
cs_ctrl,TGO,Togo,Low income,"L(dy_bar, 1)",2.608038034753283,NA,NA,NA,NA,NA
cs_ctrl,TGO,Togo,Low income,dd_bar,-0.17252871361519634,NA,NA,NA,NA,NA
cs_ctrl,TGO,Togo,Low income,"L(dd_bar, 1)",0.30197683247367185,NA,NA,NA,NA,NA
cs_ctrl,TGO,Togo,Low income,"L(dd_bar, 2)",-0.3088030697427055,NA,NA,NA,NA,NA
cs_ctrl,TGO,Togo,Low income,d_inf_bar,0.005331888677766911,NA,NA,NA,NA,NA
cs_ctrl,TGO,Togo,Low income,"L(d_inf_bar, 1)",0.005736530926472388,NA,NA,NA,NA,NA
cs_ctrl,TGO,Togo,Low income,"L(d_inf_bar, 2)",0.017293456314500043,NA,NA,NA,NA,NA
cs_ctrl,TGO,Togo,Low income,d_gov_bar,0.9375451278550347,NA,NA,NA,NA,NA
cs_ctrl,TGO,Togo,Low income,"L(d_gov_bar, 1)",-1.6557005792959663,NA,NA,NA,NA,NA
cs_ctrl,TGO,Togo,Low income,"L(d_gov_bar, 2)",-0.448188768616479,NA,NA,NA,NA,NA
cs_ctrl,TGO,Togo,Low income,d_log_gdp_bar,-0.16443936225954303,NA,NA,NA,NA,NA
cs_ctrl,TGO,Togo,Low income,"L(d_log_gdp_bar, 1)",0.0722062978338306,NA,NA,NA,NA,NA
cs_ctrl,TGO,Togo,Low income,"L(d_log_gdp_bar, 2)",-0.3695887443703942,NA,NA,NA,NA,NA
cs_ctrl,THA,Thailand,Lower middle income,(Intercept),-0.009163936724731436,NA,NA,NA,NA,NA
cs_ctrl,THA,Thailand,Lower middle income,"L(dy, 1)",0.3787215269697865,NA,NA,NA,NA,NA
cs_ctrl,THA,Thailand,Lower middle income,"L(dy, 2)",-1.6199259200349116,NA,NA,NA,NA,NA
cs_ctrl,THA,Thailand,Lower middle income,dd,-0.10368756870185802,NA,NA,NA,NA,NA
cs_ctrl,THA,Thailand,Lower middle income,"L(dd, 1)",0.26036073059042847,NA,NA,NA,NA,NA
cs_ctrl,THA,Thailand,Lower middle income,"L(dd, 2)",-0.13204301220706552,NA,NA,NA,NA,NA
cs_ctrl,THA,Thailand,Lower middle income,d_inf,0.5342561295293338,NA,NA,NA,NA,NA
cs_ctrl,THA,Thailand,Lower middle income,"L(d_inf, 1)",-0.038314887462395246,NA,NA,NA,NA,NA
cs_ctrl,THA,Thailand,Lower middle income,"L(d_inf, 2)",-0.6141039207034603,NA,NA,NA,NA,NA
cs_ctrl,THA,Thailand,Lower middle income,d_gov,2.436189913042472,NA,NA,NA,NA,NA
cs_ctrl,THA,Thailand,Lower middle income,"L(d_gov, 1)",-3.53570805013927,NA,NA,NA,NA,NA
cs_ctrl,THA,Thailand,Lower middle income,"L(d_gov, 2)",0.4580209960420139,NA,NA,NA,NA,NA
cs_ctrl,THA,Thailand,Lower middle income,d_log_gdp,0.8128552667169376,NA,NA,NA,NA,NA
cs_ctrl,THA,Thailand,Lower middle income,"L(d_log_gdp, 1)",-0.656748715508639,NA,NA,NA,NA,NA
cs_ctrl,THA,Thailand,Lower middle income,"L(d_log_gdp, 2)",0.3746147767574159,NA,NA,NA,NA,NA
cs_ctrl,THA,Thailand,Lower middle income,dy_bar,0.36579938870008394,NA,NA,NA,NA,NA
cs_ctrl,THA,Thailand,Lower middle income,"L(dy_bar, 1)",1.287596041782931,NA,NA,NA,NA,NA
cs_ctrl,THA,Thailand,Lower middle income,"L(dy_bar, 2)",-8.312786633207734,NA,NA,NA,NA,NA
cs_ctrl,THA,Thailand,Lower middle income,dd_bar,-0.28661968885827427,NA,NA,NA,NA,NA
cs_ctrl,THA,Thailand,Lower middle income,"L(dd_bar, 1)",0.3155558473660424,NA,NA,NA,NA,NA
cs_ctrl,THA,Thailand,Lower middle income,"L(dd_bar, 2)",-0.1601620959200284,NA,NA,NA,NA,NA
cs_ctrl,THA,Thailand,Lower middle income,d_inf_bar,-0.01192176755024173,NA,NA,NA,NA,NA
cs_ctrl,THA,Thailand,Lower middle income,"L(d_inf_bar, 1)",0.0011658383183438537,NA,NA,NA,NA,NA
cs_ctrl,THA,Thailand,Lower middle income,"L(d_inf_bar, 2)",-0.020888236781171934,NA,NA,NA,NA,NA
cs_ctrl,THA,Thailand,Lower middle income,d_gov_bar,1.7397086708621123,NA,NA,NA,NA,NA
cs_ctrl,THA,Thailand,Lower middle income,"L(d_gov_bar, 1)",-4.361751067310145,NA,NA,NA,NA,NA
cs_ctrl,THA,Thailand,Lower middle income,"L(d_gov_bar, 2)",-1.2524669874089542,NA,NA,NA,NA,NA
cs_ctrl,THA,Thailand,Lower middle income,d_log_gdp_bar,-0.8015383837182741,NA,NA,NA,NA,NA
cs_ctrl,THA,Thailand,Lower middle income,"L(d_log_gdp_bar, 1)",NA,NA,NA,NA,NA,NA
cs_ctrl,THA,Thailand,Lower middle income,"L(d_log_gdp_bar, 2)",NA,NA,NA,NA,NA,NA
cs_ctrl,TTO,Trinidad and Tobago,Upper middle income,(Intercept),-0.0031683916760483688,NA,NA,NA,NA,NA
cs_ctrl,TTO,Trinidad and Tobago,Upper middle income,"L(dy, 1)",0.5114752910354742,NA,NA,NA,NA,NA
cs_ctrl,TTO,Trinidad and Tobago,Upper middle income,"L(dy, 2)",-0.057040327651246545,NA,NA,NA,NA,NA
cs_ctrl,TTO,Trinidad and Tobago,Upper middle income,dd,-0.012142326063681855,NA,NA,NA,NA,NA
cs_ctrl,TTO,Trinidad and Tobago,Upper middle income,"L(dd, 1)",-0.011320459368082214,NA,NA,NA,NA,NA
cs_ctrl,TTO,Trinidad and Tobago,Upper middle income,"L(dd, 2)",0.018236357275077362,NA,NA,NA,NA,NA
cs_ctrl,TTO,Trinidad and Tobago,Upper middle income,d_inf,0.04457344828100569,NA,NA,NA,NA,NA
cs_ctrl,TTO,Trinidad and Tobago,Upper middle income,"L(d_inf, 1)",0.027295319827907727,NA,NA,NA,NA,NA
cs_ctrl,TTO,Trinidad and Tobago,Upper middle income,"L(d_inf, 2)",-0.016916506950585056,NA,NA,NA,NA,NA
cs_ctrl,TTO,Trinidad and Tobago,Upper middle income,d_gov,-0.14713709953578724,NA,NA,NA,NA,NA
cs_ctrl,TTO,Trinidad and Tobago,Upper middle income,"L(d_gov, 1)",-0.20165305931627558,NA,NA,NA,NA,NA
cs_ctrl,TTO,Trinidad and Tobago,Upper middle income,"L(d_gov, 2)",0.229992359009049,NA,NA,NA,NA,NA
cs_ctrl,TTO,Trinidad and Tobago,Upper middle income,d_log_gdp,-0.10343974771715769,NA,NA,NA,NA,NA
cs_ctrl,TTO,Trinidad and Tobago,Upper middle income,"L(d_log_gdp, 1)",-0.030833428650241437,NA,NA,NA,NA,NA
cs_ctrl,TTO,Trinidad and Tobago,Upper middle income,"L(d_log_gdp, 2)",0.0821672801380927,NA,NA,NA,NA,NA
cs_ctrl,TTO,Trinidad and Tobago,Upper middle income,dy_bar,-0.41442917810628854,NA,NA,NA,NA,NA
cs_ctrl,TTO,Trinidad and Tobago,Upper middle income,"L(dy_bar, 1)",-4.4675932022868645,NA,NA,NA,NA,NA
cs_ctrl,TTO,Trinidad and Tobago,Upper middle income,"L(dy_bar, 2)",3.429106962297135,NA,NA,NA,NA,NA
cs_ctrl,TTO,Trinidad and Tobago,Upper middle income,dd_bar,-0.11338598346824832,NA,NA,NA,NA,NA
cs_ctrl,TTO,Trinidad and Tobago,Upper middle income,"L(dd_bar, 1)",0.09371076433778826,NA,NA,NA,NA,NA
cs_ctrl,TTO,Trinidad and Tobago,Upper middle income,"L(dd_bar, 2)",0.022093115400129853,NA,NA,NA,NA,NA
cs_ctrl,TTO,Trinidad and Tobago,Upper middle income,d_inf_bar,0.0014390146649681211,NA,NA,NA,NA,NA
cs_ctrl,TTO,Trinidad and Tobago,Upper middle income,"L(d_inf_bar, 1)",6.682419256646693e-4,NA,NA,NA,NA,NA
cs_ctrl,TTO,Trinidad and Tobago,Upper middle income,"L(d_inf_bar, 2)",-0.0014281856765701124,NA,NA,NA,NA,NA
cs_ctrl,TTO,Trinidad and Tobago,Upper middle income,d_gov_bar,-0.24093257007415986,NA,NA,NA,NA,NA
cs_ctrl,TTO,Trinidad and Tobago,Upper middle income,"L(d_gov_bar, 1)",-0.04702384841756212,NA,NA,NA,NA,NA
cs_ctrl,TTO,Trinidad and Tobago,Upper middle income,"L(d_gov_bar, 2)",-0.9520679095417793,NA,NA,NA,NA,NA
cs_ctrl,TTO,Trinidad and Tobago,Upper middle income,d_log_gdp_bar,0.06971796798409058,NA,NA,NA,NA,NA
cs_ctrl,TTO,Trinidad and Tobago,Upper middle income,"L(d_log_gdp_bar, 1)",NA,NA,NA,NA,NA,NA
cs_ctrl,TTO,Trinidad and Tobago,Upper middle income,"L(d_log_gdp_bar, 2)",NA,NA,NA,NA,NA,NA
cs_ctrl,TUN,Tunisia,Lower middle income,(Intercept),0.03524622787548274,NA,NA,NA,NA,NA
cs_ctrl,TUN,Tunisia,Lower middle income,"L(dy, 1)",-11.941056415997496,NA,NA,NA,NA,NA
cs_ctrl,TUN,Tunisia,Lower middle income,"L(dy, 2)",4.554072716063644,NA,NA,NA,NA,NA
cs_ctrl,TUN,Tunisia,Lower middle income,dd,0.2296975069392392,NA,NA,NA,NA,NA
cs_ctrl,TUN,Tunisia,Lower middle income,"L(dd, 1)",-0.15960773820860502,NA,NA,NA,NA,NA
cs_ctrl,TUN,Tunisia,Lower middle income,"L(dd, 2)",-0.28651697905702295,NA,NA,NA,NA,NA
cs_ctrl,TUN,Tunisia,Lower middle income,d_inf,1.0685041916885718,NA,NA,NA,NA,NA
cs_ctrl,TUN,Tunisia,Lower middle income,"L(d_inf, 1)",1.6103578876256897,NA,NA,NA,NA,NA
cs_ctrl,TUN,Tunisia,Lower middle income,"L(d_inf, 2)",0.9277748588646862,NA,NA,NA,NA,NA
cs_ctrl,TUN,Tunisia,Lower middle income,d_gov,0.5096031588289742,NA,NA,NA,NA,NA
cs_ctrl,TUN,Tunisia,Lower middle income,"L(d_gov, 1)",-2.3068482065703355,NA,NA,NA,NA,NA
cs_ctrl,TUN,Tunisia,Lower middle income,"L(d_gov, 2)",2.9679611921102045,NA,NA,NA,NA,NA
cs_ctrl,TUN,Tunisia,Lower middle income,d_log_gdp,0.2136324032370389,NA,NA,NA,NA,NA
cs_ctrl,TUN,Tunisia,Lower middle income,"L(d_log_gdp, 1)",-1.0788700485973028,NA,NA,NA,NA,NA
cs_ctrl,TUN,Tunisia,Lower middle income,"L(d_log_gdp, 2)",-0.08645112748579444,NA,NA,NA,NA,NA
cs_ctrl,TUN,Tunisia,Lower middle income,dy_bar,-7.13036123173125,NA,NA,NA,NA,NA
cs_ctrl,TUN,Tunisia,Lower middle income,"L(dy_bar, 1)",3.064402598117141,NA,NA,NA,NA,NA
cs_ctrl,TUN,Tunisia,Lower middle income,"L(dy_bar, 2)",5.156948126124983,NA,NA,NA,NA,NA
cs_ctrl,TUN,Tunisia,Lower middle income,dd_bar,-0.04166235909343225,NA,NA,NA,NA,NA
cs_ctrl,TUN,Tunisia,Lower middle income,"L(dd_bar, 1)",-0.03452617056680541,NA,NA,NA,NA,NA
cs_ctrl,TUN,Tunisia,Lower middle income,"L(dd_bar, 2)",0.2049629281908019,NA,NA,NA,NA,NA
cs_ctrl,TUN,Tunisia,Lower middle income,d_inf_bar,-0.00892708273831137,NA,NA,NA,NA,NA
cs_ctrl,TUN,Tunisia,Lower middle income,"L(d_inf_bar, 1)",0.01691087894809795,NA,NA,NA,NA,NA
cs_ctrl,TUN,Tunisia,Lower middle income,"L(d_inf_bar, 2)",0.017322330016771224,NA,NA,NA,NA,NA
cs_ctrl,TUN,Tunisia,Lower middle income,d_gov_bar,-10.197440619630893,NA,NA,NA,NA,NA
cs_ctrl,TUN,Tunisia,Lower middle income,"L(d_gov_bar, 1)",-0.9496248055894276,NA,NA,NA,NA,NA
cs_ctrl,TUN,Tunisia,Lower middle income,"L(d_gov_bar, 2)",-1.885655646504412,NA,NA,NA,NA,NA
cs_ctrl,TUN,Tunisia,Lower middle income,d_log_gdp_bar,-1.5462228268139542,NA,NA,NA,NA,NA
cs_ctrl,TUN,Tunisia,Lower middle income,"L(d_log_gdp_bar, 1)",NA,NA,NA,NA,NA,NA
cs_ctrl,TUN,Tunisia,Lower middle income,"L(d_log_gdp_bar, 2)",NA,NA,NA,NA,NA,NA
cs_ctrl,TUR,Turkey,Upper middle income,(Intercept),-0.27279317870738456,NA,NA,NA,NA,NA
cs_ctrl,TUR,Turkey,Upper middle income,"L(dy, 1)",6.197498309072898,NA,NA,NA,NA,NA
cs_ctrl,TUR,Turkey,Upper middle income,"L(dy, 2)",-31.61078417577252,NA,NA,NA,NA,NA
cs_ctrl,TUR,Turkey,Upper middle income,dd,-0.4054647350275209,NA,NA,NA,NA,NA
cs_ctrl,TUR,Turkey,Upper middle income,"L(dd, 1)",-1.9338698590815115,NA,NA,NA,NA,NA
cs_ctrl,TUR,Turkey,Upper middle income,"L(dd, 2)",1.641022170739878,NA,NA,NA,NA,NA
cs_ctrl,TUR,Turkey,Upper middle income,d_inf,-0.032201471344362964,NA,NA,NA,NA,NA
cs_ctrl,TUR,Turkey,Upper middle income,"L(d_inf, 1)",0.22301919590436822,NA,NA,NA,NA,NA
cs_ctrl,TUR,Turkey,Upper middle income,"L(d_inf, 2)",0.38938118277162204,NA,NA,NA,NA,NA
cs_ctrl,TUR,Turkey,Upper middle income,d_gov,15.494839244504712,NA,NA,NA,NA,NA
cs_ctrl,TUR,Turkey,Upper middle income,"L(d_gov, 1)",3.274039420866981,NA,NA,NA,NA,NA
cs_ctrl,TUR,Turkey,Upper middle income,"L(d_gov, 2)",10.939717314177386,NA,NA,NA,NA,NA
cs_ctrl,TUR,Turkey,Upper middle income,d_log_gdp,3.583644179091588,NA,NA,NA,NA,NA
cs_ctrl,TUR,Turkey,Upper middle income,"L(d_log_gdp, 1)",-0.51320762903744,NA,NA,NA,NA,NA
cs_ctrl,TUR,Turkey,Upper middle income,"L(d_log_gdp, 2)",-0.17988564858214812,NA,NA,NA,NA,NA
cs_ctrl,TUR,Turkey,Upper middle income,dy_bar,39.77069391428305,NA,NA,NA,NA,NA
cs_ctrl,TUR,Turkey,Upper middle income,"L(dy_bar, 1)",31.474517577486623,NA,NA,NA,NA,NA
cs_ctrl,TUR,Turkey,Upper middle income,"L(dy_bar, 2)",-62.34075762149239,NA,NA,NA,NA,NA
cs_ctrl,TUR,Turkey,Upper middle income,dd_bar,0.6743523606672417,NA,NA,NA,NA,NA
cs_ctrl,TUR,Turkey,Upper middle income,"L(dd_bar, 1)",5.14184935971888,NA,NA,NA,NA,NA
cs_ctrl,TUR,Turkey,Upper middle income,"L(dd_bar, 2)",1.4832942430740053,NA,NA,NA,NA,NA
cs_ctrl,TUR,Turkey,Upper middle income,d_inf_bar,-0.029189253576775206,NA,NA,NA,NA,NA
cs_ctrl,TUR,Turkey,Upper middle income,"L(d_inf_bar, 1)",0.16150696424144148,NA,NA,NA,NA,NA
cs_ctrl,TUR,Turkey,Upper middle income,"L(d_inf_bar, 2)",-0.2897490331390537,NA,NA,NA,NA,NA
cs_ctrl,TUR,Turkey,Upper middle income,d_gov_bar,32.215331153639724,NA,NA,NA,NA,NA
cs_ctrl,TUR,Turkey,Upper middle income,"L(d_gov_bar, 1)",-9.990373802759397,NA,NA,NA,NA,NA
cs_ctrl,TUR,Turkey,Upper middle income,"L(d_gov_bar, 2)",-47.22793188802433,NA,NA,NA,NA,NA
cs_ctrl,TUR,Turkey,Upper middle income,d_log_gdp_bar,0.8705412352261034,NA,NA,NA,NA,NA
cs_ctrl,TUR,Turkey,Upper middle income,"L(d_log_gdp_bar, 1)",NA,NA,NA,NA,NA,NA
cs_ctrl,TUR,Turkey,Upper middle income,"L(d_log_gdp_bar, 2)",NA,NA,NA,NA,NA,NA
cs_ctrl,TWN,Taiwan,High income,(Intercept),0.043614516669606015,NA,NA,NA,NA,NA
cs_ctrl,TWN,Taiwan,High income,"L(dy, 1)",0.44669358761280137,NA,NA,NA,NA,NA
cs_ctrl,TWN,Taiwan,High income,"L(dy, 2)",1.208209781391961,NA,NA,NA,NA,NA
cs_ctrl,TWN,Taiwan,High income,dd,7.609987043666387e-4,NA,NA,NA,NA,NA
cs_ctrl,TWN,Taiwan,High income,"L(dd, 1)",0.06724919347928343,NA,NA,NA,NA,NA
cs_ctrl,TWN,Taiwan,High income,"L(dd, 2)",0.09164747346388631,NA,NA,NA,NA,NA
cs_ctrl,TWN,Taiwan,High income,d_inf,-0.37063199328973984,NA,NA,NA,NA,NA
cs_ctrl,TWN,Taiwan,High income,"L(d_inf, 1)",0.6322070260886806,NA,NA,NA,NA,NA
cs_ctrl,TWN,Taiwan,High income,"L(d_inf, 2)",1.8396654481363053,NA,NA,NA,NA,NA
cs_ctrl,TWN,Taiwan,High income,d_gov,0.0527443898351209,NA,NA,NA,NA,NA
cs_ctrl,TWN,Taiwan,High income,"L(d_gov, 1)",-2.145540621284371,NA,NA,NA,NA,NA
cs_ctrl,TWN,Taiwan,High income,"L(d_gov, 2)",0.7425158426681431,NA,NA,NA,NA,NA
cs_ctrl,TWN,Taiwan,High income,d_log_gdp,0.27649499583663845,NA,NA,NA,NA,NA
cs_ctrl,TWN,Taiwan,High income,"L(d_log_gdp, 1)",-0.4148431368758016,NA,NA,NA,NA,NA
cs_ctrl,TWN,Taiwan,High income,"L(d_log_gdp, 2)",-0.8789569892872756,NA,NA,NA,NA,NA
cs_ctrl,TWN,Taiwan,High income,dy_bar,-1.250813801258785,NA,NA,NA,NA,NA
cs_ctrl,TWN,Taiwan,High income,"L(dy_bar, 1)",-1.5672406518200293,NA,NA,NA,NA,NA
cs_ctrl,TWN,Taiwan,High income,"L(dy_bar, 2)",-17.62703237111427,NA,NA,NA,NA,NA
cs_ctrl,TWN,Taiwan,High income,dd_bar,0.07239550625407756,NA,NA,NA,NA,NA
cs_ctrl,TWN,Taiwan,High income,"L(dd_bar, 1)",-0.2829149140488299,NA,NA,NA,NA,NA
cs_ctrl,TWN,Taiwan,High income,"L(dd_bar, 2)",-0.07774956516209727,NA,NA,NA,NA,NA
cs_ctrl,TWN,Taiwan,High income,d_inf_bar,-0.018453582936890197,NA,NA,NA,NA,NA
cs_ctrl,TWN,Taiwan,High income,"L(d_inf_bar, 1)",0.007494115730042898,NA,NA,NA,NA,NA
cs_ctrl,TWN,Taiwan,High income,"L(d_inf_bar, 2)",0.006663101831182735,NA,NA,NA,NA,NA
cs_ctrl,TWN,Taiwan,High income,d_gov_bar,-6.590260384878081,NA,NA,NA,NA,NA
cs_ctrl,TWN,Taiwan,High income,"L(d_gov_bar, 1)",-2.8412259421143595,NA,NA,NA,NA,NA
cs_ctrl,TWN,Taiwan,High income,"L(d_gov_bar, 2)",-2.530079275366757,NA,NA,NA,NA,NA
cs_ctrl,TWN,Taiwan,High income,d_log_gdp_bar,-1.4974399782057066,NA,NA,NA,NA,NA
cs_ctrl,TWN,Taiwan,High income,"L(d_log_gdp_bar, 1)",NA,NA,NA,NA,NA,NA
cs_ctrl,TWN,Taiwan,High income,"L(d_log_gdp_bar, 2)",NA,NA,NA,NA,NA,NA
cs_ctrl,TZA,Tanzania,Low income,(Intercept),-0.0010071588166692383,NA,NA,NA,NA,NA
cs_ctrl,TZA,Tanzania,Low income,"L(dy, 1)",0.877955490695593,NA,NA,NA,NA,NA
cs_ctrl,TZA,Tanzania,Low income,dd,-0.007779688112380216,NA,NA,NA,NA,NA
cs_ctrl,TZA,Tanzania,Low income,"L(dd, 1)",0.009073460447232952,NA,NA,NA,NA,NA
cs_ctrl,TZA,Tanzania,Low income,"L(dd, 2)",-0.005986164910322218,NA,NA,NA,NA,NA
cs_ctrl,TZA,Tanzania,Low income,d_inf,0.0013539213380704582,NA,NA,NA,NA,NA
cs_ctrl,TZA,Tanzania,Low income,"L(d_inf, 1)",0.007386243891550882,NA,NA,NA,NA,NA
cs_ctrl,TZA,Tanzania,Low income,d_gov,-0.03496211889715242,NA,NA,NA,NA,NA
cs_ctrl,TZA,Tanzania,Low income,"L(d_gov, 1)",0.06263921111429611,NA,NA,NA,NA,NA
cs_ctrl,TZA,Tanzania,Low income,"L(d_gov, 2)",0.046567261916179124,NA,NA,NA,NA,NA
cs_ctrl,TZA,Tanzania,Low income,d_log_gdp,-0.016438428761908815,NA,NA,NA,NA,NA
cs_ctrl,TZA,Tanzania,Low income,"L(d_log_gdp, 1)",0.007225458642883978,NA,NA,NA,NA,NA
cs_ctrl,TZA,Tanzania,Low income,"L(d_log_gdp, 2)",-0.019626084333062135,NA,NA,NA,NA,NA
cs_ctrl,TZA,Tanzania,Low income,dy_bar,0.9973090991623905,NA,NA,NA,NA,NA
cs_ctrl,TZA,Tanzania,Low income,"L(dy_bar, 1)",-0.1948356986831634,NA,NA,NA,NA,NA
cs_ctrl,TZA,Tanzania,Low income,"L(dy_bar, 2)",0.4121796864985534,NA,NA,NA,NA,NA
cs_ctrl,TZA,Tanzania,Low income,dd_bar,0.02803262239563084,NA,NA,NA,NA,NA
cs_ctrl,TZA,Tanzania,Low income,"L(dd_bar, 1)",-3.417858294495225e-4,NA,NA,NA,NA,NA
cs_ctrl,TZA,Tanzania,Low income,"L(dd_bar, 2)",0.04017496343509016,NA,NA,NA,NA,NA
cs_ctrl,TZA,Tanzania,Low income,d_inf_bar,-9.083151173358176e-4,NA,NA,NA,NA,NA
cs_ctrl,TZA,Tanzania,Low income,"L(d_inf_bar, 1)",-8.441820787475946e-4,NA,NA,NA,NA,NA
cs_ctrl,TZA,Tanzania,Low income,"L(d_inf_bar, 2)",-0.0030795055978984675,NA,NA,NA,NA,NA
cs_ctrl,TZA,Tanzania,Low income,d_gov_bar,-0.003667448529452043,NA,NA,NA,NA,NA
cs_ctrl,TZA,Tanzania,Low income,"L(d_gov_bar, 1)",0.14175680458579007,NA,NA,NA,NA,NA
cs_ctrl,TZA,Tanzania,Low income,"L(d_gov_bar, 2)",-0.2029464762137562,NA,NA,NA,NA,NA
cs_ctrl,TZA,Tanzania,Low income,d_log_gdp_bar,0.030016908231825585,NA,NA,NA,NA,NA
cs_ctrl,TZA,Tanzania,Low income,"L(d_log_gdp_bar, 1)",0.053900572212923874,NA,NA,NA,NA,NA
cs_ctrl,TZA,Tanzania,Low income,"L(d_log_gdp_bar, 2)",0.042546406977231284,NA,NA,NA,NA,NA
cs_ctrl,UGA,Uganda,Low income,(Intercept),0.02840231199543613,NA,NA,NA,NA,NA
cs_ctrl,UGA,Uganda,Low income,"L(dy, 1)",0.39805912677033706,NA,NA,NA,NA,NA
cs_ctrl,UGA,Uganda,Low income,dd,-0.048718916431289075,NA,NA,NA,NA,NA
cs_ctrl,UGA,Uganda,Low income,"L(dd, 1)",0.05273886467344581,NA,NA,NA,NA,NA
cs_ctrl,UGA,Uganda,Low income,"L(dd, 2)",-0.005478245578912979,NA,NA,NA,NA,NA
cs_ctrl,UGA,Uganda,Low income,d_inf,-0.01710060083867067,NA,NA,NA,NA,NA
cs_ctrl,UGA,Uganda,Low income,"L(d_inf, 1)",0.051344111428822725,NA,NA,NA,NA,NA
cs_ctrl,UGA,Uganda,Low income,"L(d_inf, 2)",0.0701499316950404,NA,NA,NA,NA,NA
cs_ctrl,UGA,Uganda,Low income,d_gov,0.18774875543193156,NA,NA,NA,NA,NA
cs_ctrl,UGA,Uganda,Low income,"L(d_gov, 1)",-1.2795004424738243,NA,NA,NA,NA,NA
cs_ctrl,UGA,Uganda,Low income,"L(d_gov, 2)",-0.35245197116179144,NA,NA,NA,NA,NA
cs_ctrl,UGA,Uganda,Low income,d_log_gdp,-0.19030423032045637,NA,NA,NA,NA,NA
cs_ctrl,UGA,Uganda,Low income,"L(d_log_gdp, 1)",-0.00819707533468623,NA,NA,NA,NA,NA
cs_ctrl,UGA,Uganda,Low income,"L(d_log_gdp, 2)",0.04273289066651978,NA,NA,NA,NA,NA
cs_ctrl,UGA,Uganda,Low income,dy_bar,-4.886108566524183,NA,NA,NA,NA,NA
cs_ctrl,UGA,Uganda,Low income,"L(dy_bar, 1)",-2.262455432857739,NA,NA,NA,NA,NA
cs_ctrl,UGA,Uganda,Low income,"L(dy_bar, 2)",-1.5387608375708965,NA,NA,NA,NA,NA
cs_ctrl,UGA,Uganda,Low income,dd_bar,-0.12043426050707033,NA,NA,NA,NA,NA
cs_ctrl,UGA,Uganda,Low income,"L(dd_bar, 1)",-0.16767278468538713,NA,NA,NA,NA,NA
cs_ctrl,UGA,Uganda,Low income,"L(dd_bar, 2)",0.05378322644978006,NA,NA,NA,NA,NA
cs_ctrl,UGA,Uganda,Low income,d_inf_bar,0.0035997408170611368,NA,NA,NA,NA,NA
cs_ctrl,UGA,Uganda,Low income,"L(d_inf_bar, 1)",0.009626422792900845,NA,NA,NA,NA,NA
cs_ctrl,UGA,Uganda,Low income,d_gov_bar,-1.7776422224656245,NA,NA,NA,NA,NA
cs_ctrl,UGA,Uganda,Low income,"L(d_gov_bar, 1)",-1.2134085242110089,NA,NA,NA,NA,NA
cs_ctrl,UGA,Uganda,Low income,"L(d_gov_bar, 2)",-2.895612957756419,NA,NA,NA,NA,NA
cs_ctrl,UGA,Uganda,Low income,d_log_gdp_bar,-0.5770050333208426,NA,NA,NA,NA,NA
cs_ctrl,UGA,Uganda,Low income,"L(d_log_gdp_bar, 1)",-0.462864738458171,NA,NA,NA,NA,NA
cs_ctrl,UGA,Uganda,Low income,"L(d_log_gdp_bar, 2)",-0.07088594593889132,NA,NA,NA,NA,NA
cs_ctrl,UKR,Ukraine,Lower middle income,(Intercept),0.3446915878729458,NA,NA,NA,NA,NA
cs_ctrl,UKR,Ukraine,Lower middle income,"L(dy, 1)",-12.661005417669566,NA,NA,NA,NA,NA
cs_ctrl,UKR,Ukraine,Lower middle income,dd,0.16410618366078666,NA,NA,NA,NA,NA
cs_ctrl,UKR,Ukraine,Lower middle income,"L(dd, 1)",-0.10181837173186387,NA,NA,NA,NA,NA
cs_ctrl,UKR,Ukraine,Lower middle income,"L(dd, 2)",-0.20168150869203297,NA,NA,NA,NA,NA
cs_ctrl,UKR,Ukraine,Lower middle income,d_inf,0.01780823746186075,NA,NA,NA,NA,NA
cs_ctrl,UKR,Ukraine,Lower middle income,"L(d_inf, 1)",0.008942348964460833,NA,NA,NA,NA,NA
cs_ctrl,UKR,Ukraine,Lower middle income,"L(d_inf, 2)",-0.02084687319206275,NA,NA,NA,NA,NA
cs_ctrl,UKR,Ukraine,Lower middle income,d_gov,10.296693445549407,NA,NA,NA,NA,NA
cs_ctrl,UKR,Ukraine,Lower middle income,"L(d_gov, 1)",0.038065121933687385,NA,NA,NA,NA,NA
cs_ctrl,UKR,Ukraine,Lower middle income,"L(d_gov, 2)",-2.4076548225131953,NA,NA,NA,NA,NA
cs_ctrl,UKR,Ukraine,Lower middle income,d_log_gdp,-0.2881906762841612,NA,NA,NA,NA,NA
cs_ctrl,UKR,Ukraine,Lower middle income,"L(d_log_gdp, 1)",5.32987630554535,NA,NA,NA,NA,NA
cs_ctrl,UKR,Ukraine,Lower middle income,"L(d_log_gdp, 2)",-5.459415830073163,NA,NA,NA,NA,NA
cs_ctrl,UKR,Ukraine,Lower middle income,dy_bar,127.94403620715173,NA,NA,NA,NA,NA
cs_ctrl,UKR,Ukraine,Lower middle income,"L(dy_bar, 1)",-125.5131190865395,NA,NA,NA,NA,NA
cs_ctrl,UKR,Ukraine,Lower middle income,"L(dy_bar, 2)",29.794079865577434,NA,NA,NA,NA,NA
cs_ctrl,UKR,Ukraine,Lower middle income,dd_bar,-1.901190449653238,NA,NA,NA,NA,NA
cs_ctrl,UKR,Ukraine,Lower middle income,"L(dd_bar, 1)",-1.7690028590496552,NA,NA,NA,NA,NA
cs_ctrl,UKR,Ukraine,Lower middle income,d_inf_bar,0.11459458487939679,NA,NA,NA,NA,NA
cs_ctrl,UKR,Ukraine,Lower middle income,"L(d_inf_bar, 1)",0.11230807941691243,NA,NA,NA,NA,NA
cs_ctrl,UKR,Ukraine,Lower middle income,"L(d_inf_bar, 2)",0.1684273335030674,NA,NA,NA,NA,NA
cs_ctrl,UKR,Ukraine,Lower middle income,d_gov_bar,49.759997199410876,NA,NA,NA,NA,NA
cs_ctrl,UKR,Ukraine,Lower middle income,"L(d_gov_bar, 1)",26.288170710808803,NA,NA,NA,NA,NA
cs_ctrl,UKR,Ukraine,Lower middle income,"L(d_gov_bar, 2)",-55.02200434190344,NA,NA,NA,NA,NA
cs_ctrl,UKR,Ukraine,Lower middle income,d_log_gdp_bar,8.750275948027308,NA,NA,NA,NA,NA
cs_ctrl,UKR,Ukraine,Lower middle income,"L(d_log_gdp_bar, 1)",-13.433474236263054,NA,NA,NA,NA,NA
cs_ctrl,UKR,Ukraine,Lower middle income,"L(d_log_gdp_bar, 2)",-6.789921247789652,NA,NA,NA,NA,NA
cs_ctrl,URY,Uruguay,Upper middle income,(Intercept),0.029996047534114036,NA,NA,NA,NA,NA
cs_ctrl,URY,Uruguay,Upper middle income,"L(dy, 1)",-1.152598478850359,NA,NA,NA,NA,NA
cs_ctrl,URY,Uruguay,Upper middle income,dd,0.03087505652834785,NA,NA,NA,NA,NA
cs_ctrl,URY,Uruguay,Upper middle income,"L(dd, 1)",0.01723857982102092,NA,NA,NA,NA,NA
cs_ctrl,URY,Uruguay,Upper middle income,"L(dd, 2)",-0.019419559651602993,NA,NA,NA,NA,NA
cs_ctrl,URY,Uruguay,Upper middle income,d_inf,0.024828799317551067,NA,NA,NA,NA,NA
cs_ctrl,URY,Uruguay,Upper middle income,"L(d_inf, 1)",0.10494612510079149,NA,NA,NA,NA,NA
cs_ctrl,URY,Uruguay,Upper middle income,d_gov,0.212804736541589,NA,NA,NA,NA,NA
cs_ctrl,URY,Uruguay,Upper middle income,"L(d_gov, 1)",0.09747433573004259,NA,NA,NA,NA,NA
cs_ctrl,URY,Uruguay,Upper middle income,"L(d_gov, 2)",0.188117966512912,NA,NA,NA,NA,NA
cs_ctrl,URY,Uruguay,Upper middle income,d_log_gdp,0.2187698083646238,NA,NA,NA,NA,NA
cs_ctrl,URY,Uruguay,Upper middle income,"L(d_log_gdp, 1)",0.13783643996549066,NA,NA,NA,NA,NA
cs_ctrl,URY,Uruguay,Upper middle income,"L(d_log_gdp, 2)",-0.3344027044068729,NA,NA,NA,NA,NA
cs_ctrl,URY,Uruguay,Upper middle income,dy_bar,-6.247936210321635,NA,NA,NA,NA,NA
cs_ctrl,URY,Uruguay,Upper middle income,"L(dy_bar, 1)",-4.407372922727773,NA,NA,NA,NA,NA
cs_ctrl,URY,Uruguay,Upper middle income,"L(dy_bar, 2)",-1.2186029984702176,NA,NA,NA,NA,NA
cs_ctrl,URY,Uruguay,Upper middle income,dd_bar,-0.19134548991278447,NA,NA,NA,NA,NA
cs_ctrl,URY,Uruguay,Upper middle income,"L(dd_bar, 1)",0.027608096567050412,NA,NA,NA,NA,NA
cs_ctrl,URY,Uruguay,Upper middle income,"L(dd_bar, 2)",-0.04450518662508537,NA,NA,NA,NA,NA
cs_ctrl,URY,Uruguay,Upper middle income,d_inf_bar,0.002404058181100597,NA,NA,NA,NA,NA
cs_ctrl,URY,Uruguay,Upper middle income,"L(d_inf_bar, 1)",-0.0026981085181407537,NA,NA,NA,NA,NA
cs_ctrl,URY,Uruguay,Upper middle income,"L(d_inf_bar, 2)",0.012922332790537052,NA,NA,NA,NA,NA
cs_ctrl,URY,Uruguay,Upper middle income,d_gov_bar,-2.0233541613377897,NA,NA,NA,NA,NA
cs_ctrl,URY,Uruguay,Upper middle income,"L(d_gov_bar, 1)",-5.439065899732072,NA,NA,NA,NA,NA
cs_ctrl,URY,Uruguay,Upper middle income,"L(d_gov_bar, 2)",-1.0494065391659624,NA,NA,NA,NA,NA
cs_ctrl,URY,Uruguay,Upper middle income,d_log_gdp_bar,-0.704258148286369,NA,NA,NA,NA,NA
cs_ctrl,URY,Uruguay,Upper middle income,"L(d_log_gdp_bar, 1)",-0.8507774167350911,NA,NA,NA,NA,NA
cs_ctrl,URY,Uruguay,Upper middle income,"L(d_log_gdp_bar, 2)",0.05539326608210752,NA,NA,NA,NA,NA
cs_ctrl,USA,United States,High income,(Intercept),-0.010421734027465093,NA,NA,NA,NA,NA
cs_ctrl,USA,United States,High income,"L(dy, 1)",-0.9773818124969461,NA,NA,NA,NA,NA
cs_ctrl,USA,United States,High income,"L(dy, 2)",-0.646034597886233,NA,NA,NA,NA,NA
cs_ctrl,USA,United States,High income,dd,-0.001351752182022199,NA,NA,NA,NA,NA
cs_ctrl,USA,United States,High income,"L(dd, 1)",0.08040278660864833,NA,NA,NA,NA,NA
cs_ctrl,USA,United States,High income,"L(dd, 2)",0.1011283693507472,NA,NA,NA,NA,NA
cs_ctrl,USA,United States,High income,d_inf,-0.06435011104498069,NA,NA,NA,NA,NA
cs_ctrl,USA,United States,High income,"L(d_inf, 1)",-0.11491954858507837,NA,NA,NA,NA,NA
cs_ctrl,USA,United States,High income,"L(d_inf, 2)",0.29882915237033864,NA,NA,NA,NA,NA
cs_ctrl,USA,United States,High income,d_gov,-1.6613969257364807,NA,NA,NA,NA,NA
cs_ctrl,USA,United States,High income,"L(d_gov, 1)",0.3281215045023578,NA,NA,NA,NA,NA
cs_ctrl,USA,United States,High income,"L(d_gov, 2)",-0.11290404284618291,NA,NA,NA,NA,NA
cs_ctrl,USA,United States,High income,d_log_gdp,-0.11858282307416168,NA,NA,NA,NA,NA
cs_ctrl,USA,United States,High income,"L(d_log_gdp, 1)",0.39628063319600115,NA,NA,NA,NA,NA
cs_ctrl,USA,United States,High income,"L(d_log_gdp, 2)",0.48493350347056824,NA,NA,NA,NA,NA
cs_ctrl,USA,United States,High income,dy_bar,0.80468909117901,NA,NA,NA,NA,NA
cs_ctrl,USA,United States,High income,"L(dy_bar, 1)",0.024878427112741498,NA,NA,NA,NA,NA
cs_ctrl,USA,United States,High income,"L(dy_bar, 2)",-0.6506320251375696,NA,NA,NA,NA,NA
cs_ctrl,USA,United States,High income,dd_bar,0.06867136334696343,NA,NA,NA,NA,NA
cs_ctrl,USA,United States,High income,"L(dd_bar, 1)",-0.09037454599558858,NA,NA,NA,NA,NA
cs_ctrl,USA,United States,High income,"L(dd_bar, 2)",0.05215656033028627,NA,NA,NA,NA,NA
cs_ctrl,USA,United States,High income,d_inf_bar,8.288629875135506e-4,NA,NA,NA,NA,NA
cs_ctrl,USA,United States,High income,"L(d_inf_bar, 1)",-5.134301155015204e-4,NA,NA,NA,NA,NA
cs_ctrl,USA,United States,High income,"L(d_inf_bar, 2)",-0.009751531601961417,NA,NA,NA,NA,NA
cs_ctrl,USA,United States,High income,d_gov_bar,-0.5738258922970331,NA,NA,NA,NA,NA
cs_ctrl,USA,United States,High income,"L(d_gov_bar, 1)",0.5243690855099913,NA,NA,NA,NA,NA
cs_ctrl,USA,United States,High income,"L(d_gov_bar, 2)",-0.14164457732936836,NA,NA,NA,NA,NA
cs_ctrl,USA,United States,High income,d_log_gdp_bar,0.08616246807063363,NA,NA,NA,NA,NA
cs_ctrl,USA,United States,High income,"L(d_log_gdp_bar, 1)",NA,NA,NA,NA,NA,NA
cs_ctrl,USA,United States,High income,"L(d_log_gdp_bar, 2)",NA,NA,NA,NA,NA,NA
cs_ctrl,VCT,Saint Vincent and the Grenadines,Upper middle income,(Intercept),-0.005285309234851972,NA,NA,NA,NA,NA
cs_ctrl,VCT,Saint Vincent and the Grenadines,Upper middle income,"L(dy, 1)",1.1338483343283634,NA,NA,NA,NA,NA
cs_ctrl,VCT,Saint Vincent and the Grenadines,Upper middle income,"L(dy, 2)",-1.159087436066731,NA,NA,NA,NA,NA
cs_ctrl,VCT,Saint Vincent and the Grenadines,Upper middle income,dd,6.033687539899097e-4,NA,NA,NA,NA,NA
cs_ctrl,VCT,Saint Vincent and the Grenadines,Upper middle income,"L(dd, 1)",0.0038606368511556566,NA,NA,NA,NA,NA
cs_ctrl,VCT,Saint Vincent and the Grenadines,Upper middle income,"L(dd, 2)",-0.0027217295470417647,NA,NA,NA,NA,NA
cs_ctrl,VCT,Saint Vincent and the Grenadines,Upper middle income,d_inf,-0.04305771113224258,NA,NA,NA,NA,NA
cs_ctrl,VCT,Saint Vincent and the Grenadines,Upper middle income,"L(d_inf, 1)",-0.028813924445107515,NA,NA,NA,NA,NA
cs_ctrl,VCT,Saint Vincent and the Grenadines,Upper middle income,"L(d_inf, 2)",-0.08602092975109873,NA,NA,NA,NA,NA
cs_ctrl,VCT,Saint Vincent and the Grenadines,Upper middle income,d_gov,0.01167717094835229,NA,NA,NA,NA,NA
cs_ctrl,VCT,Saint Vincent and the Grenadines,Upper middle income,"L(d_gov, 1)",0.029486496089575615,NA,NA,NA,NA,NA
cs_ctrl,VCT,Saint Vincent and the Grenadines,Upper middle income,"L(d_gov, 2)",-0.03008970912989666,NA,NA,NA,NA,NA
cs_ctrl,VCT,Saint Vincent and the Grenadines,Upper middle income,d_log_gdp,-0.013866800444335034,NA,NA,NA,NA,NA
cs_ctrl,VCT,Saint Vincent and the Grenadines,Upper middle income,"L(d_log_gdp, 1)",0.016060974060106675,NA,NA,NA,NA,NA
cs_ctrl,VCT,Saint Vincent and the Grenadines,Upper middle income,"L(d_log_gdp, 2)",0.018574476176466636,NA,NA,NA,NA,NA
cs_ctrl,VCT,Saint Vincent and the Grenadines,Upper middle income,dy_bar,-1.613575836225753,NA,NA,NA,NA,NA
cs_ctrl,VCT,Saint Vincent and the Grenadines,Upper middle income,"L(dy_bar, 1)",-0.635179997357968,NA,NA,NA,NA,NA
cs_ctrl,VCT,Saint Vincent and the Grenadines,Upper middle income,"L(dy_bar, 2)",0.9015096373514621,NA,NA,NA,NA,NA
cs_ctrl,VCT,Saint Vincent and the Grenadines,Upper middle income,dd_bar,-0.004591806868138706,NA,NA,NA,NA,NA
cs_ctrl,VCT,Saint Vincent and the Grenadines,Upper middle income,"L(dd_bar, 1)",0.003135499950013806,NA,NA,NA,NA,NA
cs_ctrl,VCT,Saint Vincent and the Grenadines,Upper middle income,"L(dd_bar, 2)",0.019849424605880017,NA,NA,NA,NA,NA
cs_ctrl,VCT,Saint Vincent and the Grenadines,Upper middle income,d_inf_bar,4.2260269166671317e-4,NA,NA,NA,NA,NA
cs_ctrl,VCT,Saint Vincent and the Grenadines,Upper middle income,"L(d_inf_bar, 1)",1.9703385437702987e-4,NA,NA,NA,NA,NA
cs_ctrl,VCT,Saint Vincent and the Grenadines,Upper middle income,"L(d_inf_bar, 2)",-5.899247613479111e-4,NA,NA,NA,NA,NA
cs_ctrl,VCT,Saint Vincent and the Grenadines,Upper middle income,d_gov_bar,-0.5675017154474743,NA,NA,NA,NA,NA
cs_ctrl,VCT,Saint Vincent and the Grenadines,Upper middle income,"L(d_gov_bar, 1)",-0.08615579455820863,NA,NA,NA,NA,NA
cs_ctrl,VCT,Saint Vincent and the Grenadines,Upper middle income,"L(d_gov_bar, 2)",-0.5463165733245553,NA,NA,NA,NA,NA
cs_ctrl,VCT,Saint Vincent and the Grenadines,Upper middle income,d_log_gdp_bar,0.019840283463286246,NA,NA,NA,NA,NA
cs_ctrl,VCT,Saint Vincent and the Grenadines,Upper middle income,"L(d_log_gdp_bar, 1)",NA,NA,NA,NA,NA,NA
cs_ctrl,VCT,Saint Vincent and the Grenadines,Upper middle income,"L(d_log_gdp_bar, 2)",NA,NA,NA,NA,NA,NA
cs_ctrl,VEN,Venezuela,Upper middle income,(Intercept),-0.015369354383192289,NA,NA,NA,NA,NA
cs_ctrl,VEN,Venezuela,Upper middle income,"L(dy, 1)",0.1412071973787791,NA,NA,NA,NA,NA
cs_ctrl,VEN,Venezuela,Upper middle income,"L(dy, 2)",-5.592482991765019,NA,NA,NA,NA,NA
cs_ctrl,VEN,Venezuela,Upper middle income,dd,0.01354391587947134,NA,NA,NA,NA,NA
cs_ctrl,VEN,Venezuela,Upper middle income,"L(dd, 1)",0.14158352522918657,NA,NA,NA,NA,NA
cs_ctrl,VEN,Venezuela,Upper middle income,"L(dd, 2)",-0.012799286947968941,NA,NA,NA,NA,NA
cs_ctrl,VEN,Venezuela,Upper middle income,d_inf,5.32435031351912e-4,NA,NA,NA,NA,NA
cs_ctrl,VEN,Venezuela,Upper middle income,"L(d_inf, 1)",-2.0832500950073422e-4,NA,NA,NA,NA,NA
cs_ctrl,VEN,Venezuela,Upper middle income,"L(d_inf, 2)",-0.0077516047505298055,NA,NA,NA,NA,NA
cs_ctrl,VEN,Venezuela,Upper middle income,d_gov,-1.399942124865341,NA,NA,NA,NA,NA
cs_ctrl,VEN,Venezuela,Upper middle income,"L(d_gov, 1)",-0.9177915752154111,NA,NA,NA,NA,NA
cs_ctrl,VEN,Venezuela,Upper middle income,"L(d_gov, 2)",-0.6762944201312915,NA,NA,NA,NA,NA
cs_ctrl,VEN,Venezuela,Upper middle income,d_log_gdp,-0.05861999230760064,NA,NA,NA,NA,NA
cs_ctrl,VEN,Venezuela,Upper middle income,"L(d_log_gdp, 1)",0.24260289563981602,NA,NA,NA,NA,NA
cs_ctrl,VEN,Venezuela,Upper middle income,"L(d_log_gdp, 2)",-0.11694997237046445,NA,NA,NA,NA,NA
cs_ctrl,VEN,Venezuela,Upper middle income,dy_bar,8.780138741141979,NA,NA,NA,NA,NA
cs_ctrl,VEN,Venezuela,Upper middle income,"L(dy_bar, 1)",-6.374770837572345,NA,NA,NA,NA,NA
cs_ctrl,VEN,Venezuela,Upper middle income,"L(dy_bar, 2)",14.3561194229846,NA,NA,NA,NA,NA
cs_ctrl,VEN,Venezuela,Upper middle income,dd_bar,-0.005684897475196107,NA,NA,NA,NA,NA
cs_ctrl,VEN,Venezuela,Upper middle income,"L(dd_bar, 1)",-0.07922439056326679,NA,NA,NA,NA,NA
cs_ctrl,VEN,Venezuela,Upper middle income,"L(dd_bar, 2)",-0.4392637415780525,NA,NA,NA,NA,NA
cs_ctrl,VEN,Venezuela,Upper middle income,d_inf_bar,-0.005085158494398179,NA,NA,NA,NA,NA
cs_ctrl,VEN,Venezuela,Upper middle income,"L(d_inf_bar, 1)",-0.009652318285157096,NA,NA,NA,NA,NA
cs_ctrl,VEN,Venezuela,Upper middle income,"L(d_inf_bar, 2)",0.006356580329298474,NA,NA,NA,NA,NA
cs_ctrl,VEN,Venezuela,Upper middle income,d_gov_bar,3.3437394701341776,NA,NA,NA,NA,NA
cs_ctrl,VEN,Venezuela,Upper middle income,"L(d_gov_bar, 1)",3.9574363524983602,NA,NA,NA,NA,NA
cs_ctrl,VEN,Venezuela,Upper middle income,"L(d_gov_bar, 2)",3.409552079722368,NA,NA,NA,NA,NA
cs_ctrl,VEN,Venezuela,Upper middle income,d_log_gdp_bar,-0.15762651079658646,NA,NA,NA,NA,NA
cs_ctrl,VEN,Venezuela,Upper middle income,"L(d_log_gdp_bar, 1)",NA,NA,NA,NA,NA,NA
cs_ctrl,VEN,Venezuela,Upper middle income,"L(d_log_gdp_bar, 2)",NA,NA,NA,NA,NA,NA
cs_ctrl,YEM,Yemen,Low income,(Intercept),-0.027091304245572045,NA,NA,NA,NA,NA
cs_ctrl,YEM,Yemen,Low income,"L(dy, 1)",-1.0854339308292695,NA,NA,NA,NA,NA
cs_ctrl,YEM,Yemen,Low income,"L(dy, 2)",6.681398025950469,NA,NA,NA,NA,NA
cs_ctrl,YEM,Yemen,Low income,dd,-0.013323232829990617,NA,NA,NA,NA,NA
cs_ctrl,YEM,Yemen,Low income,"L(dd, 1)",-0.05671041590536389,NA,NA,NA,NA,NA
cs_ctrl,YEM,Yemen,Low income,"L(dd, 2)",-0.1884099558979624,NA,NA,NA,NA,NA
cs_ctrl,YEM,Yemen,Low income,d_inf,-0.6083463346646326,NA,NA,NA,NA,NA
cs_ctrl,YEM,Yemen,Low income,"L(d_inf, 1)",-0.030692700128000613,NA,NA,NA,NA,NA
cs_ctrl,YEM,Yemen,Low income,"L(d_inf, 2)",-0.045328479860282656,NA,NA,NA,NA,NA
cs_ctrl,YEM,Yemen,Low income,d_gov,-1.9485713441718278,NA,NA,NA,NA,NA
cs_ctrl,YEM,Yemen,Low income,"L(d_gov, 1)",1.8664837269034464,NA,NA,NA,NA,NA
cs_ctrl,YEM,Yemen,Low income,"L(d_gov, 2)",0.018219616192637463,NA,NA,NA,NA,NA
cs_ctrl,YEM,Yemen,Low income,d_log_gdp,-0.3379666166298145,NA,NA,NA,NA,NA
cs_ctrl,YEM,Yemen,Low income,"L(d_log_gdp, 1)",0.10936706179836135,NA,NA,NA,NA,NA
cs_ctrl,YEM,Yemen,Low income,"L(d_log_gdp, 2)",-0.4023829891480758,NA,NA,NA,NA,NA
cs_ctrl,YEM,Yemen,Low income,dy_bar,17.120433542448318,NA,NA,NA,NA,NA
cs_ctrl,YEM,Yemen,Low income,"L(dy_bar, 1)",-3.9700111140797802,NA,NA,NA,NA,NA
cs_ctrl,YEM,Yemen,Low income,"L(dy_bar, 2)",-7.441873536748627,NA,NA,NA,NA,NA
cs_ctrl,YEM,Yemen,Low income,dd_bar,-0.1829041644372206,NA,NA,NA,NA,NA
cs_ctrl,YEM,Yemen,Low income,"L(dd_bar, 1)",0.7517863623515103,NA,NA,NA,NA,NA
cs_ctrl,YEM,Yemen,Low income,"L(dd_bar, 2)",-0.8634041225694902,NA,NA,NA,NA,NA
cs_ctrl,YEM,Yemen,Low income,d_inf_bar,-0.019536078277608337,NA,NA,NA,NA,NA
cs_ctrl,YEM,Yemen,Low income,"L(d_inf_bar, 1)",-0.013142918103126853,NA,NA,NA,NA,NA
cs_ctrl,YEM,Yemen,Low income,"L(d_inf_bar, 2)",-0.019413502682162062,NA,NA,NA,NA,NA
cs_ctrl,YEM,Yemen,Low income,d_gov_bar,-7.688695488568026,NA,NA,NA,NA,NA
cs_ctrl,YEM,Yemen,Low income,"L(d_gov_bar, 1)",-1.5547636837002468,NA,NA,NA,NA,NA
cs_ctrl,YEM,Yemen,Low income,"L(d_gov_bar, 2)",1.373800397571851,NA,NA,NA,NA,NA
cs_ctrl,YEM,Yemen,Low income,d_log_gdp_bar,1.3829223317195312,NA,NA,NA,NA,NA
cs_ctrl,YEM,Yemen,Low income,"L(d_log_gdp_bar, 1)",NA,NA,NA,NA,NA,NA
cs_ctrl,YEM,Yemen,Low income,"L(d_log_gdp_bar, 2)",NA,NA,NA,NA,NA,NA
cs_ctrl,ZAF,South Africa,Upper middle income,(Intercept),-0.012384343634697217,NA,NA,NA,NA,NA
cs_ctrl,ZAF,South Africa,Upper middle income,"L(dy, 1)",0.14384147022910554,NA,NA,NA,NA,NA
cs_ctrl,ZAF,South Africa,Upper middle income,dd,-0.061258886752488716,NA,NA,NA,NA,NA
cs_ctrl,ZAF,South Africa,Upper middle income,"L(dd, 1)",0.08500516308693208,NA,NA,NA,NA,NA
cs_ctrl,ZAF,South Africa,Upper middle income,d_inf,-0.19978138123760655,NA,NA,NA,NA,NA
cs_ctrl,ZAF,South Africa,Upper middle income,"L(d_inf, 1)",-0.1538789604449879,NA,NA,NA,NA,NA
cs_ctrl,ZAF,South Africa,Upper middle income,"L(d_inf, 2)",-0.03834463205235358,NA,NA,NA,NA,NA
cs_ctrl,ZAF,South Africa,Upper middle income,d_gov,0.5783997487960375,NA,NA,NA,NA,NA
cs_ctrl,ZAF,South Africa,Upper middle income,"L(d_gov, 1)",-0.13536115278416216,NA,NA,NA,NA,NA
cs_ctrl,ZAF,South Africa,Upper middle income,"L(d_gov, 2)",0.6488439633240249,NA,NA,NA,NA,NA
cs_ctrl,ZAF,South Africa,Upper middle income,d_log_gdp,-0.04431310317469805,NA,NA,NA,NA,NA
cs_ctrl,ZAF,South Africa,Upper middle income,"L(d_log_gdp, 1)",0.23913552953407363,NA,NA,NA,NA,NA
cs_ctrl,ZAF,South Africa,Upper middle income,"L(d_log_gdp, 2)",-0.06525019407004246,NA,NA,NA,NA,NA
cs_ctrl,ZAF,South Africa,Upper middle income,dy_bar,-0.40360986581798525,NA,NA,NA,NA,NA
cs_ctrl,ZAF,South Africa,Upper middle income,"L(dy_bar, 1)",-4.96377430548353,NA,NA,NA,NA,NA
cs_ctrl,ZAF,South Africa,Upper middle income,"L(dy_bar, 2)",4.566316997973527,NA,NA,NA,NA,NA
cs_ctrl,ZAF,South Africa,Upper middle income,dd_bar,0.03535328304130606,NA,NA,NA,NA,NA
cs_ctrl,ZAF,South Africa,Upper middle income,"L(dd_bar, 1)",-0.0028409680155282733,NA,NA,NA,NA,NA
cs_ctrl,ZAF,South Africa,Upper middle income,"L(dd_bar, 2)",0.1496027226084699,NA,NA,NA,NA,NA
cs_ctrl,ZAF,South Africa,Upper middle income,d_inf_bar,-2.6498109064792186e-4,NA,NA,NA,NA,NA
cs_ctrl,ZAF,South Africa,Upper middle income,"L(d_inf_bar, 1)",-4.447086172989941e-5,NA,NA,NA,NA,NA
cs_ctrl,ZAF,South Africa,Upper middle income,"L(d_inf_bar, 2)",-0.00414226967173417,NA,NA,NA,NA,NA
cs_ctrl,ZAF,South Africa,Upper middle income,d_gov_bar,0.5060293461294808,NA,NA,NA,NA,NA
cs_ctrl,ZAF,South Africa,Upper middle income,"L(d_gov_bar, 1)",-0.6448236918079789,NA,NA,NA,NA,NA
cs_ctrl,ZAF,South Africa,Upper middle income,"L(d_gov_bar, 2)",-1.8175061528954377,NA,NA,NA,NA,NA
cs_ctrl,ZAF,South Africa,Upper middle income,d_log_gdp_bar,0.38335022338132824,NA,NA,NA,NA,NA
cs_ctrl,ZAF,South Africa,Upper middle income,"L(d_log_gdp_bar, 1)",-0.2589338829895059,NA,NA,NA,NA,NA
cs_ctrl,ZAF,South Africa,Upper middle income,"L(d_log_gdp_bar, 2)",0.1704328300259792,NA,NA,NA,NA,NA
cs_ctrl,ZMB,Zambia,Low income,(Intercept),0.025894495909795503,NA,NA,NA,NA,NA
cs_ctrl,ZMB,Zambia,Low income,"L(dy, 1)",0.916089811811577,NA,NA,NA,NA,NA
cs_ctrl,ZMB,Zambia,Low income,dd,0.033230359920376346,NA,NA,NA,NA,NA
cs_ctrl,ZMB,Zambia,Low income,"L(dd, 1)",0.022230332428626418,NA,NA,NA,NA,NA
cs_ctrl,ZMB,Zambia,Low income,"L(dd, 2)",-0.03728437238454322,NA,NA,NA,NA,NA
cs_ctrl,ZMB,Zambia,Low income,d_inf,0.08923329529002472,NA,NA,NA,NA,NA
cs_ctrl,ZMB,Zambia,Low income,"L(d_inf, 1)",-0.08725560711684337,NA,NA,NA,NA,NA
cs_ctrl,ZMB,Zambia,Low income,"L(d_inf, 2)",-0.059849406191647476,NA,NA,NA,NA,NA
cs_ctrl,ZMB,Zambia,Low income,d_gov,-0.5647175141221585,NA,NA,NA,NA,NA
cs_ctrl,ZMB,Zambia,Low income,"L(d_gov, 1)",-0.6915357724697705,NA,NA,NA,NA,NA
cs_ctrl,ZMB,Zambia,Low income,"L(d_gov, 2)",-0.03847496268190291,NA,NA,NA,NA,NA
cs_ctrl,ZMB,Zambia,Low income,d_log_gdp,-0.26523008365528383,NA,NA,NA,NA,NA
cs_ctrl,ZMB,Zambia,Low income,"L(d_log_gdp, 1)",0.14074345547821815,NA,NA,NA,NA,NA
cs_ctrl,ZMB,Zambia,Low income,"L(d_log_gdp, 2)",0.4461292728897733,NA,NA,NA,NA,NA
cs_ctrl,ZMB,Zambia,Low income,dy_bar,-9.105019588086966,NA,NA,NA,NA,NA
cs_ctrl,ZMB,Zambia,Low income,"L(dy_bar, 1)",-0.6290404266230147,NA,NA,NA,NA,NA
cs_ctrl,ZMB,Zambia,Low income,"L(dy_bar, 2)",14.416284300679692,NA,NA,NA,NA,NA
cs_ctrl,ZMB,Zambia,Low income,dd_bar,-1.0752256361969623,NA,NA,NA,NA,NA
cs_ctrl,ZMB,Zambia,Low income,"L(dd_bar, 1)",-0.12737005149724728,NA,NA,NA,NA,NA
cs_ctrl,ZMB,Zambia,Low income,"L(dd_bar, 2)",0.7345604418869807,NA,NA,NA,NA,NA
cs_ctrl,ZMB,Zambia,Low income,d_inf_bar,-0.00616252555148764,NA,NA,NA,NA,NA
cs_ctrl,ZMB,Zambia,Low income,"L(d_inf_bar, 1)",-0.008089377394472779,NA,NA,NA,NA,NA
cs_ctrl,ZMB,Zambia,Low income,d_gov_bar,6.959175539804612,NA,NA,NA,NA,NA
cs_ctrl,ZMB,Zambia,Low income,"L(d_gov_bar, 1)",1.6249630798446666,NA,NA,NA,NA,NA
cs_ctrl,ZMB,Zambia,Low income,"L(d_gov_bar, 2)",1.84042495361506,NA,NA,NA,NA,NA
cs_ctrl,ZMB,Zambia,Low income,d_log_gdp_bar,-0.07135750720932373,NA,NA,NA,NA,NA
cs_ctrl,ZMB,Zambia,Low income,"L(d_log_gdp_bar, 1)",-1.2804010191430686,NA,NA,NA,NA,NA
cs_ctrl,ZMB,Zambia,Low income,"L(d_log_gdp_bar, 2)",0.1914641477138977,NA,NA,NA,NA,NA
cs_ctrl,ZWE,Zimbabwe,Low income,(Intercept),-0.0041022087635095555,NA,NA,NA,NA,NA
cs_ctrl,ZWE,Zimbabwe,Low income,"L(dy, 1)",0.895170357898669,NA,NA,NA,NA,NA
cs_ctrl,ZWE,Zimbabwe,Low income,dd,-0.014723320687437152,NA,NA,NA,NA,NA
cs_ctrl,ZWE,Zimbabwe,Low income,"L(dd, 1)",0.004290817271397764,NA,NA,NA,NA,NA
cs_ctrl,ZWE,Zimbabwe,Low income,"L(dd, 2)",-0.00364540466067791,NA,NA,NA,NA,NA
cs_ctrl,ZWE,Zimbabwe,Low income,d_inf,5.3200992010598726e-5,NA,NA,NA,NA,NA
cs_ctrl,ZWE,Zimbabwe,Low income,"L(d_inf, 1)",0.005839862690457395,NA,NA,NA,NA,NA
cs_ctrl,ZWE,Zimbabwe,Low income,d_gov,-0.13144662279358482,NA,NA,NA,NA,NA
cs_ctrl,ZWE,Zimbabwe,Low income,"L(d_gov, 1)",-0.03840899044600902,NA,NA,NA,NA,NA
cs_ctrl,ZWE,Zimbabwe,Low income,"L(d_gov, 2)",0.0017639512486954216,NA,NA,NA,NA,NA
cs_ctrl,ZWE,Zimbabwe,Low income,d_log_gdp,-0.025520348282618475,NA,NA,NA,NA,NA
cs_ctrl,ZWE,Zimbabwe,Low income,"L(d_log_gdp, 1)",-0.004167840060573321,NA,NA,NA,NA,NA
cs_ctrl,ZWE,Zimbabwe,Low income,"L(d_log_gdp, 2)",-0.00314734772174798,NA,NA,NA,NA,NA
cs_ctrl,ZWE,Zimbabwe,Low income,dy_bar,-0.4616987379173708,NA,NA,NA,NA,NA
cs_ctrl,ZWE,Zimbabwe,Low income,"L(dy_bar, 1)",2.4860768073603148,NA,NA,NA,NA,NA
cs_ctrl,ZWE,Zimbabwe,Low income,"L(dy_bar, 2)",-1.2566479566460198,NA,NA,NA,NA,NA
cs_ctrl,ZWE,Zimbabwe,Low income,dd_bar,0.010615602065804548,NA,NA,NA,NA,NA
cs_ctrl,ZWE,Zimbabwe,Low income,"L(dd_bar, 1)",0.03836230565893828,NA,NA,NA,NA,NA
cs_ctrl,ZWE,Zimbabwe,Low income,"L(dd_bar, 2)",0.006428331334248741,NA,NA,NA,NA,NA
cs_ctrl,ZWE,Zimbabwe,Low income,d_inf_bar,0.001007639424466171,NA,NA,NA,NA,NA
cs_ctrl,ZWE,Zimbabwe,Low income,"L(d_inf_bar, 1)",0.00444900460824295,NA,NA,NA,NA,NA
cs_ctrl,ZWE,Zimbabwe,Low income,"L(d_inf_bar, 2)",9.828616764292137e-4,NA,NA,NA,NA,NA
cs_ctrl,ZWE,Zimbabwe,Low income,d_gov_bar,-0.3691855269306674,NA,NA,NA,NA,NA
cs_ctrl,ZWE,Zimbabwe,Low income,"L(d_gov_bar, 1)",1.1589653092812071,NA,NA,NA,NA,NA
cs_ctrl,ZWE,Zimbabwe,Low income,"L(d_gov_bar, 2)",0.13146128387968295,NA,NA,NA,NA,NA
cs_ctrl,ZWE,Zimbabwe,Low income,d_log_gdp_bar,-0.06509595226978405,NA,NA,NA,NA,NA
cs_ctrl,ZWE,Zimbabwe,Low income,"L(d_log_gdp_bar, 1)",0.27487927379696525,NA,NA,NA,NA,NA
cs_ctrl,ZWE,Zimbabwe,Low income,"L(d_log_gdp_bar, 2)",-0.04676546043640183,NA,NA,NA,NA,NA
