spec,iso,country,income_group,variable,sum_beta,lr_multiplier
base,ARE,United Arab Emirates,High income,dd,-0.0072919127090950745,-0.025094694064720785
base,ARG,Argentina,Upper middle income,dd,0.01668084588473433,0.013562997094301506
base,ATG,Antigua and Barbuda,High income,dd,0.0018871295968865593,0.013352118025094098
base,AUS,Australia,High income,dd,0.011875796819665111,0.009157341062281462
base,AUT,Austria,High income,dd,-0.00509556306886591,-0.0032682998081932407
base,BDI,Burundi,Low income,dd,3.556562914101927e-4,0.0014730113359663207
base,BEL,Belgium,High income,dd,-0.033760079000338505,-0.0356772761341923
base,BEN,Benin,Lower middle income,dd,-0.006982327011707097,-0.025218796053553538
base,BFA,Burkina Faso,Low income,dd,0.002609218066169957,0.006970106139710176
base,BGD,Bangladesh,Lower middle income,dd,0.01688006862557101,0.04067244234954633
base,BGR,Bulgaria,Upper middle income,dd,0.012826284404987922,0.019461411769170708
base,BHR,Bahrain,High income,dd,0.01829620062463489,0.04364011712235702
base,BHS,Bahamas,High income,dd,-0.004486534806040634,-0.004030872678853
base,BLZ,Belize,Upper middle income,dd,0.012078211641354931,0.009255659425973025
base,BOL,Bolivia,Lower middle income,dd,0.003845273570684257,0.0029935342170206267
base,BRA,Brazil,Upper middle income,dd,0.0012547451560305286,0.00119623185172282
base,BRB,Barbados,High income,dd,-5.82299077545099e-4,-0.004191303446691717
base,BTN,Bhutan,Lower middle income,dd,-0.002195535870436445,-0.007446561312032755
base,BWA,Botswana,Upper middle income,dd,-0.0014788142090059295,-0.010790148803846466
base,CAF,Central African Republic,Low income,dd,0.00320800208683658,0.03701258826451453
base,CAN,Canada,High income,dd,2.128669063576397e-4,2.470725553765651e-4
base,CHE,Switzerland,High income,dd,-8.383465674399118e-4,-0.0010051680637330196
base,CHL,Chile,High income,dd,-4.491754471874721e-4,-8.216027123900528e-4
base,CIV,Cote d'Ivoire,Lower middle income,dd,-0.0013160177205532222,-0.0026751428280442744
base,COG,Congo,Lower middle income,dd,-2.1672848409419744e-4,-9.907357366370534e-4
base,COL,Colombia,Upper middle income,dd,0.0023674855897124246,0.001655313184744524
base,COM,Comoros,Lower middle income,dd,-0.002572393848463409,-0.02707646279766815
base,CPV,Cabo Verde,Lower middle income,dd,-0.0010348011433364464,-0.008839266594946096
base,CRI,Costa Rica,Upper middle income,dd,0.016752795120804943,0.014234999001110776
base,CYP,Cyprus,High income,dd,0.04666295351862699,0.03576571945595281
base,CZE,Czech Republic,High income,dd,-0.0031386444403907754,-0.002172660698487739
base,DEU,Germany,High income,dd,-0.012533677168076279,-0.017993257340057082
base,DMA,Dominica,Upper middle income,dd,-0.002256654061339816,-0.011642676597097406
base,DNK,Denmark,High income,dd,-0.003891811597254895,-0.004141489860334526
base,DZA,Algeria,Lower middle income,dd,-2.832419714279037e-4,-4.99283743918623e-4
base,ECU,Ecuador,Upper middle income,dd,0.032554753455047984,0.02352942542062615
base,EGY,Egypt,Lower middle income,dd,-0.008991055086308678,-0.018864299234586133
base,ESP,Spain,High income,dd,0.006150970644750343,0.00629845106845535
base,ETH,Ethiopia,Low income,dd,0.002804015343076743,0.009682004247240672
base,FIN,Finland,High income,dd,0.02616485732623039,0.04193152657613134
base,FJI,Fiji,Upper middle income,dd,0.0016015491549085821,0.01506236970246316
base,FRA,France,High income,dd,0.004801727863561018,0.0045490350317291105
base,GAB,Gabon,Upper middle income,dd,3.7961044005519335e-4,0.0033324932818660224
base,GBR,United Kingdom,High income,dd,-0.010060170227739383,-0.008084350397819212
base,GHA,Ghana,Lower middle income,dd,9.929788538943429e-4,0.0030183662756330617
base,GIN,Guinea,Lower middle income,dd,-3.4379775183476964e-4,-0.0012128155803214143
base,GMB,Gambia,Low income,dd,-4.95145230044864e-5,-1.964824660894167e-4
base,GNB,Guinea-Bissau,Low income,dd,0.024080500947000993,0.14576945476819148
base,GNQ,Equatorial Guinea,Upper middle income,dd,0,0
base,GRC,Greece,High income,dd,0.0047435381139815935,0.0063158998746281865
base,GRD,Grenada,Upper middle income,dd,0.0012596317317643984,0.008389189385332178
base,GTM,Guatemala,Upper middle income,dd,0.0035100107756857236,0.002757198257133865
base,GUY,Guyana,High income,dd,0.003211736494936129,0.0024867628097131928
base,HND,Honduras,Lower middle income,dd,-2.7515268890989395e-4,-2.135373522393601e-4
base,HTI,Haiti,Lower middle income,dd,-0.0010484985230642815,-8.202403285596841e-4
base,HUN,Hungary,High income,dd,-0.011960516294501474,-0.015531697240911786
base,IDN,Indonesia,Upper middle income,dd,-0.0352291666320557,-0.03174670247692178
base,IND,India,Lower middle income,dd,-0.016742978839465204,-0.01770601593119296
base,IRL,Ireland,High income,dd,-0.04341686485493653,-0.03364269664119012
base,IRN,Iran,Lower middle income,dd,-0.003535708421377048,-0.002437734980318684
base,ISL,Iceland,High income,dd,-0.02977969720444017,-0.02798510503887688
base,ISR,Israel,High income,dd,3.068239691594209e-4,0.0012742160026964944
base,ITA,Italy,High income,dd,-0.0017996409949481657,-0.0028428261243976603
base,JAM,Jamaica,Upper middle income,dd,0.004697336795863619,0.003623095475221675
base,JOR,Jordan,Lower middle income,dd,0.014928813827666735,0.02888684580066678
base,JPN,Japan,High income,dd,0.006804245204714298,0.009020273000370773
base,KAZ,Kazakhstan,Upper middle income,dd,-0.0035398603709736686,-0.0038231899266236574
base,KEN,Kenya,Lower middle income,dd,-0.06966686569859347,-0.09558077189194715
base,KNA,Saint Kitts and Nevis,High income,dd,2.3536500903901034e-4,0.0014779374306497105
base,KWT,Kuwait,High income,dd,-0.005351444115306329,-0.0051371145065979605
base,LAO,Lao PDR,Lower middle income,dd,-0.0012740780910092577,-0.0030444507054767215
base,LBN,Lebanon,Lower middle income,dd,-0.003388179965984093,-0.003707697079975856
base,LCA,Saint Lucia,Upper middle income,dd,0.0018690989497016025,0.016826861949725644
base,LKA,Sri Lanka,Lower middle income,dd,0.01542061926652723,0.037504667492547245
base,LSO,Lesotho,Lower middle income,dd,-8.431706401353735e-4,-0.0056080127587461864
base,LUX,Luxembourg,High income,dd,-0.02863763369592949,-0.024610696007917838
base,MAR,Morocco,Lower middle income,dd,0,0
base,MDG,Madagascar,Low income,dd,-0.0096150467079247,-0.019575002807103507
base,MDV,Maldives,Upper middle income,dd,0.00322042767257942,0.02599907547027924
base,MEX,Mexico,Upper middle income,dd,-0.0019998491696460448,-0.0029743147391244713
base,MLI,Mali,Low income,dd,0.007258325875490772,0.02647713112997756
base,MLT,Malta,High income,dd,-0.0018226612969563627,-0.001276375481018454
base,MUS,Mauritius,Upper middle income,dd,-0.00646090328861096,-0.023513243958234193
base,MWI,Malawi,Low income,dd,-0.021188920635040895,-0.030934205531881993
base,MYS,Malaysia,Upper middle income,dd,-0.012033733863038952,-0.013073293622578138
base,NAM,Namibia,Upper middle income,dd,0.005066289426902525,0.03291776050785415
base,NER,Niger,Low income,dd,0.02128668740425633,0.06365436194343976
base,NGA,Nigeria,Lower middle income,dd,0.00218241124583227,0.011711649282252445
base,NLD,Netherlands,High income,dd,-0.036382826335353766,-0.027076093936926768
base,NOR,Norway,High income,dd,-0.0013857322861147118,-0.0011533744271805823
base,NPL,Nepal,Lower middle income,dd,0.007913372346557474,0.0351199311665226
base,NZL,New Zealand,High income,dd,0.036349219656093196,0.036581813724739586
base,OMN,Oman,High income,dd,0,0
base,PAK,Pakistan,Lower middle income,dd,-0.02003425072762484,-0.026877449391344784
base,PAN,Panama,High income,dd,0.019732465395881645,0.016314835050740568
base,PHL,Philippines,Lower middle income,dd,-0.0034518543911836,-0.007361204500480175
base,POL,Poland,High income,dd,0.0067234283457647285,0.0075411003228380066
base,PRT,Portugal,High income,dd,-0.002778602172713565,-0.002085558254395769
base,PRY,Paraguay,Upper middle income,dd,0.0031427424870924675,0.002435943950725022
base,QAT,Qatar,High income,dd,3.5401628547964526e-4,0.0012975404560123022
base,RUS,Russian Federation,Upper middle income,dd,-0.03156316471705694,-0.02826572539565713
base,RWA,Rwanda,Low income,dd,0.005724626138633237,0.059062835806644454
base,SAU,Saudi Arabia,High income,dd,0,0
base,SDN,Sudan,Low income,dd,0.00181679680771259,0.00666403617951664
base,SEN,Senegal,Lower middle income,dd,-0.0030645952059295354,-0.007771441410007255
base,SGP,Singapore,High income,dd,0.025878115403651373,0.024043354361309742
base,SLE,Sierra Leone,Low income,dd,7.527534442932128e-4,0.0035531454589630626
base,SLV,El Salvador,Upper middle income,dd,0.0060515291757973055,0.0047533867080294424
base,STP,Sao Tome and Principe,Lower middle income,dd,2.382924648427321e-4,0.0013823764045047266
base,SUR,Suriname,Upper middle income,dd,0.0011182862937841114,8.718896926575201e-4
base,SVK,Slovakia,High income,dd,0.030544992827772365,0.02218787401908095
base,SVN,Slovenia,High income,dd,-0.00919108212456769,-0.00820611777002023
base,SWE,Sweden,High income,dd,0.011932368322952443,0.012856404815629803
base,SWZ,Swaziland,Lower middle income,dd,0.0031169377950318916,0.023260659229815957
base,SYC,Seychelles,High income,dd,3.5809939952667706e-4,0.0013960707187742056
base,SYR,Syrian Arab Republic,Low income,dd,3.199269673037071e-4,0.002222331598604967
base,TCD,Chad,Low income,dd,-9.608704437200081e-5,-5.201980881989667e-4
base,TGO,Togo,Low income,dd,-0.0019983958501156446,-0.0038143276525236486
base,THA,Thailand,Upper middle income,dd,0.009969380560441523,0.007362805890022006
base,TTO,Trinidad and Tobago,High income,dd,0.0013377605110199294,0.00104146291417866
base,TUN,Tunisia,Lower middle income,dd,0.006120804227829369,0.022471721266532168
base,TUR,Turkey,Upper middle income,dd,-0.006614571246443935,-0.012776318192108374
base,TWN,Taiwan,High income,dd,-0.0038587837126049253,-0.0029400842831067537
base,TZA,Tanzania,Lower middle income,dd,-8.645988860256395e-4,-0.00319562605095299
base,UGA,Uganda,Low income,dd,-0.0038109138587070876,-0.00869964851955649
base,URY,Uruguay,High income,dd,0.02522279761529424,0.020991212560015498
base,USA,United States,High income,dd,0.030690087664072795,0.032212018646739456
base,VCT,Saint Vincent and the Grenadines,Upper middle income,dd,6.96121917073299e-4,0.004842538180413056
base,VEN,Venezuela,Upper middle income,dd,0.005961865234279826,0.004791549929648625
base,YEM,Yemen,Low income,dd,-0.006691414035079755,-0.00590014012574181
base,ZAF,South Africa,Upper middle income,dd,-0.020517775072427347,-0.021881266001892424
base,ZMB,Zambia,Lower middle income,dd,6.589154533038289e-4,0.0012525405010124831
ctrl,ARE,United Arab Emirates,High income,dd,-0.005178845372708391,-0.015537058828319412
ctrl,ARE,United Arab Emirates,High income,d_inf,-0.002260330608540498,-0.006781219964862272
ctrl,ARE,United Arab Emirates,High income,d_gov,-0.1955977080997958,-0.5868128663284761
ctrl,ARE,United Arab Emirates,High income,d_log_gdp,-0.006626747329426626,-0.01988091083782731
ctrl,ARG,Argentina,Upper middle income,dd,0.01607174793297832,0.013113249135291001
ctrl,ARG,Argentina,Upper middle income,d_inf,-6.170138657183839e-4,-5.034335141911829e-4
ctrl,ARG,Argentina,Upper middle income,d_gov,0.00525115401765472,0.004284517848864119
ctrl,ARG,Argentina,Upper middle income,d_log_gdp,-0.038950201413447606,-0.031780220616591665
ctrl,ATG,Antigua and Barbuda,High income,dd,0.0032746582524341592,0.02618305043631369
ctrl,ATG,Antigua and Barbuda,High income,d_inf,-0.009663367161027414,-0.0772649877506219
ctrl,ATG,Antigua and Barbuda,High income,d_gov,0.010533170788209287,0.0842196408730547
ctrl,ATG,Antigua and Barbuda,High income,d_log_gdp,0.004631411350253957,0.03703118543282349
ctrl,AUS,Australia,High income,dd,0.01087362240805669,0.008233969743301551
ctrl,AUS,Australia,High income,d_inf,-0.002798971671962554,-0.0021195004934346133
ctrl,AUS,Australia,High income,d_gov,0.2300861178906908,0.17423100250951665
ctrl,AUS,Australia,High income,d_log_gdp,0.10212866504622552,0.0773361724691972
ctrl,AUT,Austria,High income,dd,0.006766036473628989,0.004484061045264444
ctrl,AUT,Austria,High income,d_inf,0.05165160835648605,0.03423111386692691
ctrl,AUT,Austria,High income,d_gov,-0.20137453194614208,-0.133457112997758
ctrl,AUT,Austria,High income,d_log_gdp,-0.027615279930690777,-0.018301497704588575
ctrl,BDI,Burundi,Low income,dd,-9.335109001457289e-4,-0.0023821215435252357
ctrl,BDI,Burundi,Low income,d_inf,0.001903933945226059,0.004858435040944863
ctrl,BDI,Burundi,Low income,d_gov,-0.10871334511961248,-0.27741336650455367
ctrl,BDI,Burundi,Low income,d_log_gdp,-0.04995779608947655,-0.12748168480218613
ctrl,BEL,Belgium,High income,dd,-0.04631441587291136,-0.05695082822266232
ctrl,BEL,Belgium,High income,d_inf,-0.17573893336369556,-0.21609854334541098
ctrl,BEL,Belgium,High income,d_gov,-0.19337093627435872,-0.23777985250284714
ctrl,BEL,Belgium,High income,d_log_gdp,-0.08947161014896264,-0.11001935799818338
ctrl,BEN,Benin,Lower middle income,dd,-0.010281426443931534,-0.03704334406459921
ctrl,BEN,Benin,Lower middle income,d_inf,0.0013812450173265086,0.004976540433700143
ctrl,BEN,Benin,Lower middle income,d_gov,0.030558368447472627,0.11009991294745473
ctrl,BEN,Benin,Lower middle income,d_log_gdp,-0.008321440623744606,-0.02998163628554159
ctrl,BFA,Burkina Faso,Low income,dd,0.004049133899090169,0.01116520310073769
ctrl,BFA,Burkina Faso,Low income,d_inf,-0.014414038311383654,-0.039745700996594475
ctrl,BFA,Burkina Faso,Low income,d_gov,-0.02786677286920322,-0.07684067422830662
ctrl,BFA,Burkina Faso,Low income,d_log_gdp,-0.0030651603976164688,-0.008451965093921843
ctrl,BGD,Bangladesh,Lower middle income,dd,-0.008579765709088137,-0.016733004184753573
ctrl,BGD,Bangladesh,Lower middle income,d_inf,2.69152072923093e-4,5.249237467856069e-4
ctrl,BGD,Bangladesh,Lower middle income,d_gov,0.16665528476462602,0.32502560931517144
ctrl,BGD,Bangladesh,Lower middle income,d_log_gdp,-0.03903335503816312,-0.07612623879772262
ctrl,BGR,Bulgaria,Upper middle income,dd,0.009822148765851855,0.013597075473600216
ctrl,BGR,Bulgaria,Upper middle income,d_inf,-8.802520713245932e-4,-0.0012185575819422421
ctrl,BGR,Bulgaria,Upper middle income,d_gov,-0.18775817055873123,-0.2599188911440558
ctrl,BGR,Bulgaria,Upper middle income,d_log_gdp,-0.024960919957709028,-0.03455410019194802
ctrl,BHR,Bahrain,High income,dd,0.014437549757278874,0.03336336163250647
ctrl,BHR,Bahrain,High income,d_inf,0.014574596554461982,0.03368005954398495
ctrl,BHR,Bahrain,High income,d_gov,0.14700916027242716,0.3397196795797926
ctrl,BHR,Bahrain,High income,d_log_gdp,0.0037737050571717227,0.008720557756233038
ctrl,BHS,Bahamas,High income,dd,-0.022284083411318108,-0.019144711100774994
ctrl,BHS,Bahamas,High income,d_inf,-0.001514648037838338,-0.0013012650584965427
ctrl,BHS,Bahamas,High income,d_gov,0.088165442246849,0.07574473177706288
ctrl,BHS,Bahamas,High income,d_log_gdp,-0.009976632277244211,-0.008571128512716767
ctrl,BLZ,Belize,Upper middle income,dd,0.01394057475197958,0.011723046331887912
ctrl,BLZ,Belize,Upper middle income,d_inf,-0.0020473958123691277,-0.0017217163850944022
ctrl,BLZ,Belize,Upper middle income,d_gov,-0.03528048510432622,-0.029668415316288638
ctrl,BLZ,Belize,Upper middle income,d_log_gdp,0.001057180686236718,8.890148639079769e-4
ctrl,BOL,Bolivia,Lower middle income,dd,-6.288814211005957e-5,-5.090089545026031e-5
ctrl,BOL,Bolivia,Lower middle income,d_inf,5.2643624149673245e-6,4.260910752102959e-6
ctrl,BOL,Bolivia,Lower middle income,d_gov,-0.01769012743806983,-0.014318173458696262
ctrl,BOL,Bolivia,Lower middle income,d_log_gdp,-0.04092306777195923,-0.03312263209364575
ctrl,BRA,Brazil,Upper middle income,dd,8.266607729240263e-4,7.875650645484413e-4
ctrl,BRA,Brazil,Upper middle income,d_inf,-3.56093606871001e-5,-3.3925268219594285e-5
ctrl,BRA,Brazil,Upper middle income,d_gov,0.016089374152192453,0.01532845080805598
ctrl,BRA,Brazil,Upper middle income,d_log_gdp,-0.013218187285311178,-0.012593052511427472
ctrl,BRB,Barbados,High income,dd,0.0010698635690179774,0.005545612519232489
ctrl,BRB,Barbados,High income,d_inf,0.003910558516533396,0.02027028762778109
ctrl,BRB,Barbados,High income,d_gov,0.02960278391970181,0.15344533066016944
ctrl,BRB,Barbados,High income,d_log_gdp,0.004214595162077085,0.02184625439275858
ctrl,BTN,Bhutan,Lower middle income,dd,-0.001113988014187889,-0.003573406345774783
ctrl,BTN,Bhutan,Lower middle income,d_inf,-0.0034616418693678977,-0.01110411679951216
ctrl,BTN,Bhutan,Lower middle income,d_gov,0.003957356095784748,0.012694249134697268
ctrl,BTN,Bhutan,Lower middle income,d_log_gdp,0.00989584039333678,0.03174348234267431
ctrl,BWA,Botswana,Upper middle income,dd,-0.001562415993933469,-0.008823821401497544
ctrl,BWA,Botswana,Upper middle income,d_inf,0.001943343140298293,0.010975126252162334
ctrl,BWA,Botswana,Upper middle income,d_gov,-0.0010575652794467844,-0.0059726520865739634
ctrl,BWA,Botswana,Upper middle income,d_log_gdp,0.013450857943707482,0.07596438378321115
ctrl,CAF,Central African Republic,Low income,dd,0.0030065820045095957,0.026187464820524853
ctrl,CAF,Central African Republic,Low income,d_inf,8.885479324562696e-4,0.007739292554684214
ctrl,CAF,Central African Republic,Low income,d_gov,-0.0192656060331201,-0.1678042971991765
ctrl,CAF,Central African Republic,Low income,d_log_gdp,-0.0033445672079644626,-0.029131331181747204
ctrl,CAN,Canada,High income,dd,0.03370921917569078,0.0393288865493201
ctrl,CAN,Canada,High income,d_inf,0.17520363763174904,0.20441185396594236
ctrl,CAN,Canada,High income,d_gov,-0.2238730271697782,-0.26119492240753256
ctrl,CAN,Canada,High income,d_log_gdp,0.02245727888956706,0.026201134148225932
ctrl,CHE,Switzerland,High income,dd,-0.0021724282466418134,-0.0023507867028907435
ctrl,CHE,Switzerland,High income,d_inf,0.06334315037322355,0.06854368416851753
ctrl,CHE,Switzerland,High income,d_gov,-1.3272177746944878,-1.436183635254705
ctrl,CHE,Switzerland,High income,d_log_gdp,-0.16206751296937907,-0.17537341223947264
ctrl,CHL,Chile,High income,dd,0.010932109329869573,0.015556638045958424
ctrl,CHL,Chile,High income,d_inf,-0.012586491048692217,-0.017910860530658136
ctrl,CHL,Chile,High income,d_gov,0.0011526401167204605,0.0016402328729075567
ctrl,CHL,Chile,High income,d_log_gdp,0.09607463893392877,0.13671637725096794
ctrl,CIV,Cote d'Ivoire,Lower middle income,dd,-0.018853389772912017,-0.013240059054670641
ctrl,CIV,Cote d'Ivoire,Lower middle income,d_inf,0.10700476058245331,0.07514560332689446
ctrl,CIV,Cote d'Ivoire,Lower middle income,d_gov,-0.18397898663119075,-0.1292018399426104
ctrl,CIV,Cote d'Ivoire,Lower middle income,d_log_gdp,-0.03573263010041736,-0.02509374379921676
ctrl,COG,Congo,Lower middle income,dd,-4.0632021144511164e-4,-0.0017513091164263503
ctrl,COG,Congo,Lower middle income,d_inf,-3.966818712601254e-4,-0.0017097662333559987
ctrl,COG,Congo,Lower middle income,d_gov,-4.882925061964867e-4,-0.002104623628106417
ctrl,COG,Congo,Lower middle income,d_log_gdp,-9.000973668847557e-5,-3.879572514225199e-4
ctrl,COL,Colombia,Upper middle income,dd,0.006416344492246477,0.004287876213318036
ctrl,COL,Colombia,Upper middle income,d_inf,-0.014712870618080702,-0.009832228931773924
ctrl,COL,Colombia,Upper middle income,d_gov,-0.04342244030115294,-0.029018087965278137
ctrl,COL,Colombia,Upper middle income,d_log_gdp,-0.02910865922356189,-0.019452560197962803
ctrl,COM,Comoros,Lower middle income,dd,0.010663412025829813,0.05182902459224231
ctrl,COM,Comoros,Lower middle income,d_inf,-0.009729822275616638,-0.04729135447261673
ctrl,COM,Comoros,Lower middle income,d_gov,0.08125712760017689,0.394946538170254
ctrl,COM,Comoros,Lower middle income,d_log_gdp,-0.005338240087326462,-0.025946270864817905
ctrl,CPV,Cabo Verde,Lower middle income,dd,0.0012632639630023382,0.009791915017401854
ctrl,CPV,Cabo Verde,Lower middle income,d_inf,-0.0014176826987792645,-0.010988858160012101
ctrl,CPV,Cabo Verde,Lower middle income,d_gov,-0.010707076724753262,-0.08299356939179248
ctrl,CPV,Cabo Verde,Lower middle income,d_log_gdp,-0.0019752362434961573,-0.015310612826822678
ctrl,CRI,Costa Rica,Upper middle income,dd,0.03160133171538758,0.025504824333218545
ctrl,CRI,Costa Rica,Upper middle income,d_inf,-0.01786693515540288,-0.014420058199308968
ctrl,CRI,Costa Rica,Upper middle income,d_gov,0.767199990394955,0.6191922909990029
ctrl,CRI,Costa Rica,Upper middle income,d_log_gdp,-0.10723832416174335,-0.08654997973399378
ctrl,CYP,Cyprus,High income,dd,0.044525004219357796,0.03508901253385661
ctrl,CYP,Cyprus,High income,d_inf,0.09980653996154479,0.07865497135986611
ctrl,CYP,Cyprus,High income,d_gov,0.09514110820380317,0.07497826438827923
ctrl,CYP,Cyprus,High income,d_log_gdp,-0.05223991112650203,-0.04116893256774685
ctrl,CZE,Czech Republic,High income,dd,0.008649588854717434,0.006095800075352638
ctrl,CZE,Czech Republic,High income,d_inf,0.09114921712655406,0.06423743532333868
ctrl,CZE,Czech Republic,High income,d_gov,-0.3129585038202511,-0.22055758987079135
ctrl,CZE,Czech Republic,High income,d_log_gdp,0.047256140019211954,0.03330377740820348
ctrl,DEU,Germany,High income,dd,-0.004257600404405487,-0.006267847854541704
ctrl,DEU,Germany,High income,d_inf,0.06325268478258601,0.09311775811518276
ctrl,DEU,Germany,High income,d_gov,-0.15824591914869438,-0.23296252598055248
ctrl,DEU,Germany,High income,d_log_gdp,-2.8478200459507765e-4,-4.19243260749969e-4
ctrl,DMA,Dominica,Upper middle income,dd,-5.905450473409607e-4,-0.0020090854491421274
ctrl,DMA,Dominica,Upper middle income,d_inf,0.009704946181448574,0.03301706829250277
ctrl,DMA,Dominica,Upper middle income,d_gov,-0.023769811625112998,-0.08086695990406206
ctrl,DMA,Dominica,Upper middle income,d_log_gdp,-0.003033111106146921,-0.010318906942712567
ctrl,DNK,Denmark,High income,dd,0.0038368703380756482,0.004592731866279133
ctrl,DNK,Denmark,High income,d_inf,0.10194155371863486,0.12202398856574273
ctrl,DNK,Denmark,High income,d_gov,-0.2483011767569363,-0.2972163837827623
ctrl,DNK,Denmark,High income,d_log_gdp,-0.06401615632210914,-0.07662730694327159
ctrl,DZA,Algeria,Lower middle income,dd,-0.005738314612862022,-0.008540749751484713
ctrl,DZA,Algeria,Lower middle income,d_inf,-0.01140891268726955,-0.01698071206833134
ctrl,DZA,Algeria,Lower middle income,d_gov,-0.23570719673490859,-0.3508201131782794
ctrl,DZA,Algeria,Lower middle income,d_log_gdp,-0.05482502959247133,-0.08160006717259799
ctrl,ECU,Ecuador,Upper middle income,dd,0.04911861787655446,0.0345510254726318
ctrl,ECU,Ecuador,Upper middle income,d_inf,0.024392958783745325,0.017158498685939872
ctrl,ECU,Ecuador,Upper middle income,d_gov,-0.3400534903316656,-0.2392004766102125
ctrl,ECU,Ecuador,Upper middle income,d_log_gdp,-0.00633442630452494,-0.004455763090732606
ctrl,EGY,Egypt,Lower middle income,dd,-0.00779548335946518,-0.01731477898737583
ctrl,EGY,Egypt,Lower middle income,d_inf,-0.004564224141347527,-0.01013773343000241
ctrl,EGY,Egypt,Lower middle income,d_gov,-0.01592294448169821,-0.03536692361662293
ctrl,EGY,Egypt,Lower middle income,d_log_gdp,0.004024748233453647,0.008939487512017756
ctrl,ESP,Spain,High income,dd,0.015265236148044219,0.016735713597392055
ctrl,ESP,Spain,High income,d_inf,0.08028180130382573,0.08801522758465168
ctrl,ESP,Spain,High income,d_gov,0.13737738948545908,0.15061074868996266
ctrl,ESP,Spain,High income,d_log_gdp,0.03197317328265896,0.035053101417427075
ctrl,ETH,Ethiopia,Low income,dd,0.004856770099632285,0.01574968822958461
ctrl,ETH,Ethiopia,Low income,d_inf,0.012659507079793398,0.041052651362283095
ctrl,ETH,Ethiopia,Low income,d_gov,-0.019708911226024323,-0.0639126828708538
ctrl,ETH,Ethiopia,Low income,d_log_gdp,0.00482479548504649,0.015645999934553817
ctrl,FIN,Finland,High income,dd,0.0033361180167657016,0.00391664928781249
ctrl,FIN,Finland,High income,d_inf,0.016481021702348175,0.01934895036342403
ctrl,FIN,Finland,High income,d_gov,-0.3882133769854655,-0.45576794311476276
ctrl,FIN,Finland,High income,d_log_gdp,-0.019793685002610348,-0.023238063485481075
ctrl,FJI,Fiji,Upper middle income,dd,0.0012531085941156826,0.014053393921256513
ctrl,FJI,Fiji,Upper middle income,d_inf,-0.010415273036266926,-0.11680546719049006
ctrl,FJI,Fiji,Upper middle income,d_gov,-0.010299195744319523,-0.11550368064404894
ctrl,FJI,Fiji,Upper middle income,d_log_gdp,-6.434579921014912e-4,-0.007216268946878056
ctrl,FRA,France,High income,dd,-0.008040793061985263,-0.007208743786932455
ctrl,FRA,France,High income,d_inf,-0.10239181124944711,-0.09179645931529203
ctrl,FRA,France,High income,d_gov,-0.35834338593999326,-0.32126254675001853
ctrl,FRA,France,High income,d_log_gdp,0.0111099109024426,0.009960273890145666
ctrl,GAB,Gabon,Upper middle income,dd,7.915363897398361e-4,0.00697970692808527
ctrl,GAB,Gabon,Upper middle income,d_inf,2.4231642217529677e-4,0.0021367275498245294
ctrl,GAB,Gabon,Upper middle income,d_gov,-0.001110026452717048,-0.009788127776328278
ctrl,GAB,Gabon,Upper middle income,d_log_gdp,0.0010640206916288505,0.009382452517980814
ctrl,GBR,United Kingdom,High income,dd,0.0035111904663152355,0.002702963156047999
ctrl,GBR,United Kingdom,High income,d_inf,-0.015270284682075945,-0.011755277098747317
ctrl,GBR,United Kingdom,High income,d_gov,-0.2850141638899282,-0.21940785933916257
ctrl,GBR,United Kingdom,High income,d_log_gdp,0.06286158502843947,0.04839172066930407
ctrl,GHA,Ghana,Lower middle income,dd,0.0031915834805538836,0.011021079898785636
ctrl,GHA,Ghana,Lower middle income,d_inf,-9.207584368597594e-4,-0.0031795352877159538
ctrl,GHA,Ghana,Lower middle income,d_gov,-0.0340335224187045,-0.1175235340385206
ctrl,GHA,Ghana,Lower middle income,d_log_gdp,0.005548913130767122,0.01916133961032786
ctrl,GIN,Guinea,Lower middle income,dd,0.0030819341360115394,0.009873704760403298
ctrl,GIN,Guinea,Lower middle income,d_inf,-0.0044498501986379654,-0.014256147325144762
ctrl,GIN,Guinea,Lower middle income,d_gov,-0.03130996702343863,-0.10030888293007918
ctrl,GIN,Guinea,Lower middle income,d_log_gdp,0.006112332628280302,0.01958230289993246
ctrl,GMB,Gambia,Low income,dd,7.255576833613632e-4,0.0025493622259929577
ctrl,GMB,Gambia,Low income,d_inf,-5.412434221004999e-4,-0.0019017447778620737
ctrl,GMB,Gambia,Low income,d_gov,0.01177141021181495,0.04136072048970716
ctrl,GMB,Gambia,Low income,d_log_gdp,0.013975509751371582,0.04910517449706082
ctrl,GNB,Guinea-Bissau,Low income,dd,0.03627265337753206,-0.2565385632413485
ctrl,GNB,Guinea-Bissau,Low income,d_inf,-0.08070451527973184,0.5707831787617771
ctrl,GNB,Guinea-Bissau,Low income,d_gov,-0.05880777912070137,0.4159183781240589
ctrl,GNB,Guinea-Bissau,Low income,d_log_gdp,0.06294350653332242,-0.44516833558785035
ctrl,GNQ,Equatorial Guinea,Upper middle income,dd,0,0
ctrl,GNQ,Equatorial Guinea,Upper middle income,d_inf,0,0
ctrl,GNQ,Equatorial Guinea,Upper middle income,d_gov,0,0
ctrl,GNQ,Equatorial Guinea,Upper middle income,d_log_gdp,0,0
ctrl,GRC,Greece,High income,dd,0.009964602719550467,0.012907600122597989
ctrl,GRC,Greece,High income,d_inf,-0.013686020913106126,-0.01772812124956013
ctrl,GRC,Greece,High income,d_gov,-0.11156738974046636,-0.1445182807606149
ctrl,GRC,Greece,High income,d_log_gdp,0.01791122752714476,0.02320122227970609
ctrl,GRD,Grenada,Upper middle income,dd,0.0014979460855110073,0.013264080365639534
ctrl,GRD,Grenada,Upper middle income,d_inf,0.04462022383781383,0.39510516476010943
ctrl,GRD,Grenada,Upper middle income,d_gov,0.0029652267621011474,0.02625662328924034
ctrl,GRD,Grenada,Upper middle income,d_log_gdp,-0.0041628092703193936,-0.03686103074231103
ctrl,GTM,Guatemala,Upper middle income,dd,-0.001202917380109581,-9.728793216623526e-4
ctrl,GTM,Guatemala,Upper middle income,d_inf,-0.005110881622788598,-0.004133510021961942
ctrl,GTM,Guatemala,Upper middle income,d_gov,-0.1264931139410098,-0.10230339749075516
ctrl,GTM,Guatemala,Upper middle income,d_log_gdp,-0.051702532045330436,-0.041815277704196914
ctrl,GUY,Guyana,High income,dd,-0.005344065614121786,-0.0042304607362665895
ctrl,GUY,Guyana,High income,d_inf,-0.003038246792367162,-0.0024051321017152984
ctrl,GUY,Guyana,High income,d_gov,-0.006305448275883648,-0.004991508952509231
ctrl,GUY,Guyana,High income,d_log_gdp,-0.024378546177900102,-0.019298506017654225
ctrl,HND,Honduras,Lower middle income,dd,7.769271800448487e-4,6.345632851898865e-4
ctrl,HND,Honduras,Lower middle income,d_inf,0.01857561506283577,0.015171825135549214
ctrl,HND,Honduras,Lower middle income,d_gov,0.04317084433237334,0.035260232242603017
ctrl,HND,Honduras,Lower middle income,d_log_gdp,-0.026384385209606287,-0.021549718669073643
ctrl,HTI,Haiti,Lower middle income,dd,-0.0013126263155681362,-9.725944589509051e-4
ctrl,HTI,Haiti,Lower middle income,d_inf,-0.003171621550809326,-0.0023500226299145114
ctrl,HTI,Haiti,Lower middle income,d_gov,-0.3328276515765739,-0.2466096602435632
ctrl,HTI,Haiti,Lower middle income,d_log_gdp,-0.021530572326949222,-0.015953143019358827
ctrl,HUN,Hungary,High income,dd,-0.0032736055758761265,-0.004124518695755279
ctrl,HUN,Hungary,High income,d_inf,-0.030850832483118387,-0.038869934818638326
ctrl,HUN,Hungary,High income,d_gov,-0.09856734266117645,-0.12418809724446862
ctrl,HUN,Hungary,High income,d_log_gdp,0.0560034649696914,0.07056052812127436
ctrl,IDN,Indonesia,Upper middle income,dd,-0.041743296118613396,-0.02351196405707065
ctrl,IDN,Indonesia,Upper middle income,d_inf,8.860734890836983e-4,4.990820075171181e-4
ctrl,IDN,Indonesia,Upper middle income,d_gov,1.61771940670423,0.9111824911185035
ctrl,IDN,Indonesia,Upper middle income,d_log_gdp,-0.04314079278856578,-0.024299105814646064
ctrl,IND,India,Lower middle income,dd,-0.009500673227467503,-0.009237733861499436
ctrl,IND,India,Lower middle income,d_inf,-0.024302662806533492,-0.023630065549824244
ctrl,IND,India,Lower middle income,d_gov,-0.349401105127523,-0.33973112671113426
ctrl,IND,India,Lower middle income,d_log_gdp,0.0823727829959945,0.08009304483266379
ctrl,IRL,Ireland,High income,dd,-0.038621210706304164,-0.030006292309626308
ctrl,IRL,Ireland,High income,d_inf,0.026565714949763185,0.020639917641594965
ctrl,IRL,Ireland,High income,d_gov,-0.026931787344537796,-0.020924333253721256
ctrl,IRL,Ireland,High income,d_log_gdp,0.009850942783096409,0.0076535733414163825
ctrl,IRN,Iran,Lower middle income,dd,-0.004135535507960683,-0.002779076207735803
ctrl,IRN,Iran,Lower middle income,d_inf,0.015759647977525663,0.010590469517750691
ctrl,IRN,Iran,Lower middle income,d_gov,-0.11833364301569878,-0.07952010356254857
ctrl,IRN,Iran,Lower middle income,d_log_gdp,-0.020447583284470987,-0.013740757902376562
ctrl,ISL,Iceland,High income,dd,-0.0325859364129733,-0.033312032943780226
ctrl,ISL,Iceland,High income,d_inf,-0.023614352693808495,-0.024140539799525646
ctrl,ISL,Iceland,High income,d_gov,0.16978186546205246,0.1735650319773116
ctrl,ISL,Iceland,High income,d_log_gdp,-0.05906472138187642,-0.06038083176596788
ctrl,ISR,Israel,High income,dd,-0.00023643495495853705,-0.0010221357956070717
ctrl,ISR,Israel,High income,d_inf,-2.851209687560247e-4,-0.001232611092952842
ctrl,ISR,Israel,High income,d_gov,0.014936528295141712,0.06457234817601133
ctrl,ISR,Israel,High income,d_log_gdp,-0.0027592458410308873,-0.011928540530279046
ctrl,ITA,Italy,High income,dd,7.09580666139822e-4,0.0012482064641960273
ctrl,ITA,Italy,High income,d_inf,-0.060633077551498105,-0.10665820385946902
ctrl,ITA,Italy,High income,d_gov,-0.08122531209916187,-0.14288151362700127
ctrl,ITA,Italy,High income,d_log_gdp,-0.005350632881668375,-0.009412170975247871
ctrl,JAM,Jamaica,Upper middle income,dd,0.0035849695865033202,0.0027412818069605374
ctrl,JAM,Jamaica,Upper middle income,d_inf,0.0032592254312978535,0.002492198375471948
ctrl,JAM,Jamaica,Upper middle income,d_gov,0.05494107360101145,0.042011225446470894
ctrl,JAM,Jamaica,Upper middle income,d_log_gdp,-0.020296283031939494,-0.015519749911921898
ctrl,JOR,Jordan,Lower middle income,dd,0.007657015487536146,0.015151965651884767
ctrl,JOR,Jordan,Lower middle income,d_inf,0.17336789190607424,0.34306634844561
ctrl,JOR,Jordan,Lower middle income,d_gov,-0.22560027945652966,-0.4464255937506102
ctrl,JOR,Jordan,Lower middle income,d_log_gdp,-0.00948839474891583,-0.018775961934662046
ctrl,JPN,Japan,High income,dd,0.004105381720742596,0.005768818150484615
ctrl,JPN,Japan,High income,d_inf,-0.00407582866607126,-0.005727290660524576
ctrl,JPN,Japan,High income,d_gov,0.01738973526544213,0.02443578386987582
ctrl,JPN,Japan,High income,d_log_gdp,0.006472972034447577,0.009095719009813798
ctrl,KAZ,Kazakhstan,Upper middle income,dd,-0.007723136962203161,-0.007326528270099882
ctrl,KAZ,Kazakhstan,Upper middle income,d_inf,-0.001294091452620796,-0.0012276355654602044
ctrl,KAZ,Kazakhstan,Upper middle income,d_gov,-0.0689433239877261,-0.06540285569228563
ctrl,KAZ,Kazakhstan,Upper middle income,d_log_gdp,-0.0432154090213362,-0.04099615447042752
ctrl,KEN,Kenya,Lower middle income,dd,-0.08327651948885494,-0.10894194107396635
ctrl,KEN,Kenya,Lower middle income,d_inf,-0.06176347527253869,-0.08079868040792453
ctrl,KEN,Kenya,Lower middle income,d_gov,-0.14926301961034855,-0.19526516221765391
ctrl,KEN,Kenya,Lower middle income,d_log_gdp,0.0034085085353193767,0.004458994423446944
ctrl,KNA,Saint Kitts and Nevis,High income,dd,3.935814293809666e-4,0.003654041357383318
ctrl,KNA,Saint Kitts and Nevis,High income,d_inf,8.464155791319041e-4,0.007858189692908052
ctrl,KNA,Saint Kitts and Nevis,High income,d_gov,0.00561670875204813,0.05214597168530235
ctrl,KNA,Saint Kitts and Nevis,High income,d_log_gdp,-0.003217724806595817,-0.029873613545415793
ctrl,KWT,Kuwait,High income,dd,-0.0024452595359400475,-0.0020533085701712663
ctrl,KWT,Kuwait,High income,d_inf,0.0031531972693071243,0.002647770873131437
ctrl,KWT,Kuwait,High income,d_gov,0.05279961367729251,0.04433635680461152
ctrl,KWT,Kuwait,High income,d_log_gdp,0.03229634637146694,0.02711956085441011
ctrl,LAO,Lao PDR,Lower middle income,dd,-0.0014218513551711273,-0.004316257923959671
ctrl,LAO,Lao PDR,Lower middle income,d_inf,-0.0020701796375299326,-0.006284362449007974
ctrl,LAO,Lao PDR,Lower middle income,d_gov,0.03446481993093008,0.10462349076343232
ctrl,LAO,Lao PDR,Lower middle income,d_log_gdp,-0.0019606838267256918,-0.005951970346763705
ctrl,LBN,Lebanon,Lower middle income,dd,-0.0033032976066041677,-0.003467431185662683
ctrl,LBN,Lebanon,Lower middle income,d_inf,-0.006380488107786064,-0.006697520502075179
ctrl,LBN,Lebanon,Lower middle income,d_gov,-0.02584528622877657,-0.027129481549852036
ctrl,LBN,Lebanon,Lower middle income,d_log_gdp,0.002130580857286151,0.0022364447252224804
ctrl,LCA,Saint Lucia,Upper middle income,dd,0.001423048680608325,0.012486988114118244
ctrl,LCA,Saint Lucia,Upper middle income,d_inf,0.0016801546709576775,0.014743045471332861
ctrl,LCA,Saint Lucia,Upper middle income,d_gov,0.00735369278208172,0.06452728962545258
ctrl,LCA,Saint Lucia,Upper middle income,d_log_gdp,8.927425771099336e-4,0.007833650458516729
ctrl,LKA,Sri Lanka,Lower middle income,dd,0.0026030544700150664,0.007947274676282218
ctrl,LKA,Sri Lanka,Lower middle income,d_inf,0.010187935498204742,0.031104351722617076
ctrl,LKA,Sri Lanka,Lower middle income,d_gov,0.037840593382519806,0.11552950312355606
ctrl,LKA,Sri Lanka,Lower middle income,d_log_gdp,-0.0034360570872432354,-0.010490479469509584
ctrl,LSO,Lesotho,Lower middle income,dd,-4.0627889896303096e-4,-0.0024758290984130548
ctrl,LSO,Lesotho,Lower middle income,d_inf,-0.006501304884053173,-0.03961839970197027
ctrl,LSO,Lesotho,Lower middle income,d_gov,-0.018865817145654044,-0.11496668710525478
ctrl,LSO,Lesotho,Lower middle income,d_log_gdp,-0.00806552757189159,-0.04915063988681096
ctrl,LUX,Luxembourg,High income,dd,-0.025504757250810733,-0.022834849476835586
ctrl,LUX,Luxembourg,High income,d_inf,-0.013237306657121755,-0.011851589176936019
ctrl,LUX,Luxembourg,High income,d_gov,-0.4175084399681285,-0.3738025141046032
ctrl,LUX,Luxembourg,High income,d_log_gdp,-0.032936949102768405,-0.029489019150103997
ctrl,MAR,Morocco,Lower middle income,dd,0,0
ctrl,MAR,Morocco,Lower middle income,d_inf,0,0
ctrl,MAR,Morocco,Lower middle income,d_gov,0,0
ctrl,MAR,Morocco,Lower middle income,d_log_gdp,0,0
ctrl,MDG,Madagascar,Low income,dd,-0.006816215646283448,-0.014952170405125356
ctrl,MDG,Madagascar,Low income,d_inf,-0.010008094028206863,-0.02195393090620004
ctrl,MDG,Madagascar,Low income,d_gov,0.04611484398765086,0.10115833202623017
ctrl,MDG,Madagascar,Low income,d_log_gdp,0.031673014223748505,0.06947848050782654
ctrl,MDV,Maldives,Upper middle income,dd,6.664759311096629e-4,0.005811667238068948
ctrl,MDV,Maldives,Upper middle income,d_inf,0.015687640163813098,0.1367961544100318
ctrl,MDV,Maldives,Upper middle income,d_gov,-0.005492330660464111,-0.04789309961563902
ctrl,MDV,Maldives,Upper middle income,d_log_gdp,-0.010263819414757512,-0.08950046092570349
ctrl,MEX,Mexico,Upper middle income,dd,0.0037695520103177725,0.005814556979519041
ctrl,MEX,Mexico,Upper middle income,d_inf,0.003200827203534063,0.004937295494425202
ctrl,MEX,Mexico,Upper middle income,d_gov,-0.07629893812384056,-0.11769157766852763
ctrl,MEX,Mexico,Upper middle income,d_log_gdp,0.0730950665879999,0.11274958627294153
ctrl,MLI,Mali,Low income,dd,0.0065871904531868905,0.020327625776399624
ctrl,MLI,Mali,Low income,d_inf,5.1988841243146e-4,0.0016043406014290002
ctrl,MLI,Mali,Low income,d_gov,0.009656334105852347,0.029798796234999623
ctrl,MLI,Mali,Low income,d_log_gdp,-0.023140736771515683,-0.07141075404218236
ctrl,MLT,Malta,High income,dd,-0.009563893521802494,-0.006540960485011706
ctrl,MLT,Malta,High income,d_inf,0.016152370071573916,0.011046966817081273
ctrl,MLT,Malta,High income,d_gov,0.348753600475684,0.23852038027364794
ctrl,MLT,Malta,High income,d_log_gdp,-0.0028921152445813237,-0.001977982240159979
ctrl,MUS,Mauritius,Upper middle income,dd,-0.005725248234288893,-0.02154706265540183
ctrl,MUS,Mauritius,Upper middle income,d_inf,-0.006834729061040094,-0.025722611367124094
ctrl,MUS,Mauritius,Upper middle income,d_gov,-0.14806479215138166,-0.5572441967559735
ctrl,MUS,Mauritius,Upper middle income,d_log_gdp,-0.04067471788477427,-0.1530799467357734
ctrl,MWI,Malawi,Low income,dd,-0.07586829339266248,-0.09830648144508289
ctrl,MWI,Malawi,Low income,d_inf,0.061105673971465276,0.07917779003377588
ctrl,MWI,Malawi,Low income,d_gov,0.1067405493873852,0.13830926423347997
ctrl,MWI,Malawi,Low income,d_log_gdp,0.07528068972237752,0.09754509290282372
ctrl,MYS,Malaysia,Upper middle income,dd,-0.015005054189581883,-0.016343417467886416
ctrl,MYS,Malaysia,Upper middle income,d_inf,-8.026267102000307e-4,-8.742163293740771e-4
ctrl,MYS,Malaysia,Upper middle income,d_gov,0.14575007070150695,0.15875012654753132
ctrl,MYS,Malaysia,Upper middle income,d_log_gdp,0.015300554546666586,0.016665274732560475
ctrl,NAM,Namibia,Upper middle income,dd,-6.116382730260482e-4,-0.0020157228094936463
ctrl,NAM,Namibia,Upper middle income,d_inf,0.004223837295114527,0.013920131481029318
ctrl,NAM,Namibia,Upper middle income,d_gov,-0.032022801169835836,-0.10553474756013008
ctrl,NAM,Namibia,Upper middle income,d_log_gdp,-0.016846591734249572,-0.05551984026923017
ctrl,NER,Niger,Low income,dd,0.02167903926491772,0.06690368663718327
ctrl,NER,Niger,Low income,d_inf,0.0015914335926088606,0.004911323471612066
ctrl,NER,Niger,Low income,d_gov,-0.040129188663052054,-0.12384269572600137
ctrl,NER,Niger,Low income,d_log_gdp,0.006751226733035487,0.02083496193000207
ctrl,NGA,Nigeria,Lower middle income,dd,0.001619227364065167,0.006176120109975566
ctrl,NGA,Nigeria,Lower middle income,d_inf,9.77404660454434e-5,3.7280549433535415e-4
ctrl,NGA,Nigeria,Lower middle income,d_gov,-0.019616993304236836,-0.07482390029487984
ctrl,NGA,Nigeria,Lower middle income,d_log_gdp,-0.002532555987390101,-0.009659773735598462
ctrl,NLD,Netherlands,High income,dd,-0.06257908750661118,-0.042296902100773456
ctrl,NLD,Netherlands,High income,d_inf,-0.05519724695249497,-0.037307551829279216
ctrl,NLD,Netherlands,High income,d_gov,-0.18162822766619657,-0.12276163923806833
ctrl,NLD,Netherlands,High income,d_log_gdp,-0.06335513205892748,-0.04282142685437735
ctrl,NOR,Norway,High income,dd,0.0161892939906657,0.013414659434073325
ctrl,NOR,Norway,High income,d_inf,0.04738967003461172,0.03926769657614239
ctrl,NOR,Norway,High income,d_gov,-0.16949550424427565,-0.14044617797134665
ctrl,NOR,Norway,High income,d_log_gdp,0.06504226438107759,0.05389486570545848
ctrl,NPL,Nepal,Lower middle income,dd,0.021466215481926898,0.06675614266113157
ctrl,NPL,Nepal,Lower middle income,d_inf,0.0034664970356026357,0.010780194153827943
ctrl,NPL,Nepal,Lower middle income,d_gov,-0.13291750584316414,-0.4133499912780886
ctrl,NPL,Nepal,Lower middle income,d_log_gdp,0.005517742553063797,0.017159205792462263
ctrl,NZL,New Zealand,High income,dd,0.041401717669872384,0.041108190883104974
ctrl,NZL,New Zealand,High income,d_inf,-0.04676465963382015,-0.04643311106411973
ctrl,NZL,New Zealand,High income,d_gov,-0.3543163153098551,-0.35180431012298213
ctrl,NZL,New Zealand,High income,d_log_gdp,0.04112943382387113,0.040837837454654094
ctrl,OMN,Oman,High income,dd,0,0
ctrl,OMN,Oman,High income,d_inf,0,0
ctrl,OMN,Oman,High income,d_gov,0,0
ctrl,OMN,Oman,High income,d_log_gdp,0,0
ctrl,PAK,Pakistan,Lower middle income,dd,-0.011333972292470225,-0.015116954641606228
ctrl,PAK,Pakistan,Lower middle income,d_inf,-0.01841817645333213,-0.02456568013767739
ctrl,PAK,Pakistan,Lower middle income,d_gov,-0.09715701603412283,-0.12958547688328068
ctrl,PAK,Pakistan,Lower middle income,d_log_gdp,0.012650432198918718,0.01687281429784487
ctrl,PAN,Panama,High income,dd,0.0040075488271177654,0.0031685978089894605
ctrl,PAN,Panama,High income,d_inf,0.05757072586392683,0.04551871572967634
ctrl,PAN,Panama,High income,d_gov,0.08128126341804537,0.06426562576994037
ctrl,PAN,Panama,High income,d_log_gdp,-0.03221086422445636,-0.025467755530922245
ctrl,PHL,Philippines,Lower middle income,dd,0.01899489735124609,0.04077987854109965
ctrl,PHL,Philippines,Lower middle income,d_inf,0.029411217125888605,0.06314252927831515
ctrl,PHL,Philippines,Lower middle income,d_gov,-0.013818298315975457,-0.029666310722821256
ctrl,PHL,Philippines,Lower middle income,d_log_gdp,0.08921683768941366,0.19153837672919122
ctrl,POL,Poland,High income,dd,0.0026507956217122243,0.003551442904755969
ctrl,POL,Poland,High income,d_inf,0.010095251577270523,0.013525263619782811
ctrl,POL,Poland,High income,d_gov,0.27479329714289147,0.3681584115422112
ctrl,POL,Poland,High income,d_log_gdp,0.009892602545026974,0.013253761561373591
ctrl,PRT,Portugal,High income,dd,-0.003225764488860188,-0.0024521842201940818
ctrl,PRT,Portugal,High income,d_inf,0.04425769685031146,0.033644125667963765
ctrl,PRT,Portugal,High income,d_gov,-0.24675117091760593,-0.18757703165501974
ctrl,PRT,Portugal,High income,d_log_gdp,-0.04843971351796806,-0.03682324036044392
ctrl,PRY,Paraguay,Upper middle income,dd,0.0017501594908071194,0.0012981498568128346
ctrl,PRY,Paraguay,Upper middle income,d_inf,2.48120753498611e-4,1.8403918175364286e-4
ctrl,PRY,Paraguay,Upper middle income,d_gov,-0.14890533719087465,-0.1104479009875015
ctrl,PRY,Paraguay,Upper middle income,d_log_gdp,-0.0023021752651685517,-0.0017075977969632753
ctrl,QAT,Qatar,High income,dd,7.809287821828461e-4,0.003360041556048596
ctrl,QAT,Qatar,High income,d_inf,8.43840271927157e-4,0.003630725931777388
ctrl,QAT,Qatar,High income,d_gov,-0.01852036013114156,-0.0796861136295665
ctrl,QAT,Qatar,High income,d_log_gdp,2.0396140579641585e-4,8.775688832859384e-4
ctrl,RUS,Russian Federation,Upper middle income,dd,0.03297571833411446,0.03731039561425836
ctrl,RUS,Russian Federation,Upper middle income,d_inf,-0.034627268376960785,-0.03917904286709451
ctrl,RUS,Russian Federation,Upper middle income,d_gov,0.3097738275093887,0.35049377660899705
ctrl,RUS,Russian Federation,Upper middle income,d_log_gdp,0.11551460172836227,0.13069906305118942
ctrl,RWA,Rwanda,Low income,dd,0.005488973835898838,0.058377579843464714
ctrl,RWA,Rwanda,Low income,d_inf,-0.0011179919747686042,-0.011890321893057358
ctrl,RWA,Rwanda,Low income,d_gov,0.017663464721371203,0.18785848738067729
ctrl,RWA,Rwanda,Low income,d_log_gdp,-0.0013339813043661034,-0.014187460613495378
ctrl,SAU,Saudi Arabia,High income,dd,0,0
ctrl,SAU,Saudi Arabia,High income,d_inf,0,0
ctrl,SAU,Saudi Arabia,High income,d_gov,0,0
ctrl,SAU,Saudi Arabia,High income,d_log_gdp,0,0
ctrl,SDN,Sudan,Low income,dd,0.0025041087782212007,0.007622717846060185
ctrl,SDN,Sudan,Low income,d_inf,2.2219978679498658e-4,6.763948495065311e-4
ctrl,SDN,Sudan,Low income,d_gov,0.005151779680952097,0.01568245088013298
ctrl,SDN,Sudan,Low income,d_log_gdp,0.002029615346735487,0.006178319911161454
ctrl,SEN,Senegal,Lower middle income,dd,-0.014062794189950423,-0.022159078967856325
ctrl,SEN,Senegal,Lower middle income,d_inf,-0.07653538384033266,-0.12059862296534862
ctrl,SEN,Senegal,Lower middle income,d_gov,0.08916473235774913,0.14049898752518844
ctrl,SEN,Senegal,Lower middle income,d_log_gdp,0.14713485595679798,0.23184388877715248
ctrl,SGP,Singapore,High income,dd,-2.1711699116088478e-4,-2.323587575756698e-4
ctrl,SGP,Singapore,High income,d_inf,-0.12457598766472588,-0.13332131015065654
ctrl,SGP,Singapore,High income,d_gov,0.09792672953990073,0.10480125524804758
ctrl,SGP,Singapore,High income,d_log_gdp,0.05601667041075508,0.059949080311839535
ctrl,SLE,Sierra Leone,Low income,dd,9.532312492912669e-4,0.00445855539954233
ctrl,SLE,Sierra Leone,Low income,d_inf,-9.51246736953436e-5,-4.4492732256670264e-4
ctrl,SLE,Sierra Leone,Low income,d_gov,0.009461424438387413,0.04425398878655963
ctrl,SLE,Sierra Leone,Low income,d_log_gdp,0.004222853128469478,0.019751581404208483
ctrl,SLV,El Salvador,Upper middle income,dd,0.012557756609764163,0.009110952702165517
ctrl,SLV,El Salvador,Upper middle income,d_inf,-0.135355074459665,-0.09820334313863242
ctrl,SLV,El Salvador,Upper middle income,d_gov,-1.427842933074774,-1.0359341906061883
ctrl,SLV,El Salvador,Upper middle income,d_log_gdp,-0.01316053522642898,-0.009548283002231992
ctrl,STP,Sao Tome and Principe,Lower middle income,dd,-1.4136445964228514e-4,-4.774834564426913e-4
ctrl,STP,Sao Tome and Principe,Lower middle income,d_inf,0.005494267590749643,0.018557860203976446
ctrl,STP,Sao Tome and Principe,Lower middle income,d_gov,-0.0503477923736477,-0.17005857050393539
ctrl,STP,Sao Tome and Principe,Lower middle income,d_log_gdp,0.020910666294483488,0.07062947252849033
ctrl,SUR,Suriname,Upper middle income,dd,0.0010853211369568436,8.792842907849465e-4
ctrl,SUR,Suriname,Upper middle income,d_inf,-0.0019377757423649092,-0.0015699093211278294
ctrl,SUR,Suriname,Upper middle income,d_gov,-0.011791326891000938,-0.009552867026839721
ctrl,SUR,Suriname,Upper middle income,d_log_gdp,-0.028704921695887693,-0.023255593073748144
ctrl,SVK,Slovakia,High income,dd,0.023454283717655587,0.016728667954791984
ctrl,SVK,Slovakia,High income,d_inf,-0.15075410084900817,-0.10752472027222344
ctrl,SVK,Slovakia,High income,d_gov,-0.2665826284643605,-0.19013892420594156
ctrl,SVK,Slovakia,High income,d_log_gdp,-0.04031133910452308,-0.028751890904472888
ctrl,SVN,Slovenia,High income,dd,-0.012160899047117004,-0.00926787074592412
ctrl,SVN,Slovenia,High income,d_inf,-0.14494871772741216,-0.11046600876138093
ctrl,SVN,Slovenia,High income,d_gov,-0.3119485540548414,-0.23773726491410924
ctrl,SVN,Slovenia,High income,d_log_gdp,0.013064261464472853,0.009956326927357876
ctrl,SWE,Sweden,High income,dd,0.018825241253568544,0.017793953432835973
ctrl,SWE,Sweden,High income,d_inf,-0.026503965449549388,-0.025052020350887997
ctrl,SWE,Sweden,High income,d_gov,-0.5206927570526796,-0.49216807089014236
ctrl,SWE,Sweden,High income,d_log_gdp,-0.07816788898464819,-0.07388568134670027
ctrl,SWZ,Swaziland,Lower middle income,dd,0.0033435716106135294,0.025164505915082968
ctrl,SWZ,Swaziland,Lower middle income,d_inf,-0.0018360117265075868,-0.013818255845097318
ctrl,SWZ,Swaziland,Lower middle income,d_gov,0.004200830055116133,0.03161643448421032
ctrl,SWZ,Swaziland,Lower middle income,d_log_gdp,0.007251382663562174,0.05457561050898403
ctrl,SYC,Seychelles,High income,dd,-0.0031146623460916434,-0.014352578167814802
ctrl,SYC,Seychelles,High income,d_inf,0.0025793693674992257,0.011885911330694976
ctrl,SYC,Seychelles,High income,d_gov,0.06311869158857249,0.29085526911510884
ctrl,SYC,Seychelles,High income,d_log_gdp,0.020779328987628305,0.09575257618017904
ctrl,SYR,Syrian Arab Republic,Low income,dd,3.503032808028945e-4,0.0019762373759818893
ctrl,SYR,Syrian Arab Republic,Low income,d_inf,-5.099022972312277e-4,-0.0028766158729023597
ctrl,SYR,Syrian Arab Republic,Low income,d_gov,3.5901179015179107e-4,0.0020253664667084495
ctrl,SYR,Syrian Arab Republic,Low income,d_log_gdp,2.3103577418599253e-4,0.0013033892548445054
ctrl,TCD,Chad,Low income,dd,4.42825272175119e-4,0.0020084598305804787
ctrl,TCD,Chad,Low income,d_inf,6.437927723384581e-5,2.919959640308189e-4
ctrl,TCD,Chad,Low income,d_gov,-0.0037593551895249624,-0.01705077456387637
ctrl,TCD,Chad,Low income,d_log_gdp,0.0031223835856277714,0.014161752730583158
ctrl,TGO,Togo,Low income,dd,-0.0031120232434039066,-0.005952642054713171
ctrl,TGO,Togo,Low income,d_inf,0.0021273285449708765,0.004069129428202626
ctrl,TGO,Togo,Low income,d_gov,0.015097134706854247,0.02887762459749293
ctrl,TGO,Togo,Low income,d_log_gdp,-0.0037289312864431795,-0.007132656621978973
ctrl,THA,Thailand,Upper middle income,dd,-0.002735039252899444,-0.002151402454558849
ctrl,THA,Thailand,Upper middle income,d_inf,0.06651500131755579,0.05232120049022047
ctrl,THA,Thailand,Upper middle income,d_gov,0.03226679492941578,0.02538130366439914
ctrl,THA,Thailand,Upper middle income,d_log_gdp,-0.02658428572172733,-0.0209113991668626
ctrl,TTO,Trinidad and Tobago,High income,dd,0.003235583324759146,0.0026573593783804413
ctrl,TTO,Trinidad and Tobago,High income,d_inf,9.384787776293823e-4,7.7076530901274e-4
ctrl,TTO,Trinidad and Tobago,High income,d_gov,-0.0471228394786796,-0.038701620961625764
ctrl,TTO,Trinidad and Tobago,High income,d_log_gdp,-9.445736947493628e-4,-7.757710169619974e-4
ctrl,TUN,Tunisia,Lower middle income,dd,0.010125430854839933,0.0307025844717859
ctrl,TUN,Tunisia,Lower middle income,d_inf,-0.010385889455440816,-0.03149235354936834
ctrl,TUN,Tunisia,Lower middle income,d_gov,-0.027364464498046068,-0.08297521308684373
ctrl,TUN,Tunisia,Lower middle income,d_log_gdp,-0.012482835495788637,-0.03785076573543168
ctrl,TUR,Turkey,Upper middle income,dd,0.0036891093457340385,0.007320779491731957
ctrl,TUR,Turkey,Upper middle income,d_inf,0.019995547695350155,0.0396797659747711
ctrl,TUR,Turkey,Upper middle income,d_gov,0.015197121181679206,0.03015762414547395
ctrl,TUR,Turkey,Upper middle income,d_log_gdp,0.025346383111427468,0.05029812463712665
ctrl,TWN,Taiwan,High income,dd,-0.010813791465293822,-0.008400175778746974
ctrl,TWN,Taiwan,High income,d_inf,-0.47256861906873526,-0.36709228954871803
ctrl,TWN,Taiwan,High income,d_gov,0.37551838286434347,0.29170346352019116
ctrl,TWN,Taiwan,High income,d_log_gdp,0.08948598957587424,0.06951290346082502
ctrl,TZA,Tanzania,Lower middle income,dd,4.964083747917382e-4,0.0026861121862892254
ctrl,TZA,Tanzania,Lower middle income,d_inf,-0.0019793465030546096,-0.010710429220648271
ctrl,TZA,Tanzania,Lower middle income,d_gov,-6.06528590652966e-4,-0.0032819829830011897
ctrl,TZA,Tanzania,Lower middle income,d_log_gdp,-0.0014386849251216503,-0.0077848588094855484
ctrl,UGA,Uganda,Low income,dd,-0.0029471052392847806,-0.007277384490276745
ctrl,UGA,Uganda,Low income,d_inf,0.011095262226214375,0.027397898169459818
ctrl,UGA,Uganda,Low income,d_gov,-0.05874615657954229,-0.1450638284159417
ctrl,UGA,Uganda,Low income,d_log_gdp,-0.010447986671497897,-0.02579955922314783
ctrl,URY,Uruguay,High income,dd,-0.007407521095156539,-0.005634733870739202
ctrl,URY,Uruguay,High income,d_inf,-0.01283877841134386,-0.009766168552745204
ctrl,URY,Uruguay,High income,d_gov,0.28036319478307226,0.213265945443716
ctrl,URY,Uruguay,High income,d_log_gdp,-0.16524432188922655,-0.1256976207742922
ctrl,USA,United States,High income,dd,0.0583931635047179,0.05315467822184627
ctrl,USA,United States,High income,d_inf,0.016443785531734662,0.014968603792424894
ctrl,USA,United States,High income,d_gov,-0.21702777305712806,-0.19755808299585378
ctrl,USA,United States,High income,d_log_gdp,0.042240709515873845,0.038451270447050614
ctrl,VCT,Saint Vincent and the Grenadines,Upper middle income,dd,0.0010389855423413607,0.008848490781334383
ctrl,VCT,Saint Vincent and the Grenadines,Upper middle income,d_inf,-0.003565557450022198,-0.030365968477041427
ctrl,VCT,Saint Vincent and the Grenadines,Upper middle income,d_gov,0.009510699682056766,0.08099760298018636
ctrl,VCT,Saint Vincent and the Grenadines,Upper middle income,d_log_gdp,-8.477413105929648e-5,-7.219764728231063e-4
ctrl,VEN,Venezuela,Upper middle income,dd,0.00436555866874473,0.0034962778599762745
ctrl,VEN,Venezuela,Upper middle income,d_inf,-1.8095316655644945e-5,-1.4492132575229572e-5
ctrl,VEN,Venezuela,Upper middle income,d_gov,-0.12996230436242853,-0.10408388979560095
ctrl,VEN,Venezuela,Upper middle income,d_log_gdp,0.0015124384879156949,0.0012112780061196884
ctrl,YEM,Yemen,Low income,dd,-0.017751765019721845,-0.013088080730224048
ctrl,YEM,Yemen,Low income,d_inf,-0.05627276781130286,-0.041488974601074646
ctrl,YEM,Yemen,Low income,d_gov,-0.3024147247305158,-0.22296534045398783
ctrl,YEM,Yemen,Low income,d_log_gdp,-0.024022083809685065,-0.017711082354913494
ctrl,ZAF,South Africa,Upper middle income,dd,0.007480139110214193,0.008072887600470192
ctrl,ZAF,South Africa,Upper middle income,d_inf,0.016724257103740297,0.018049537022045366
ctrl,ZAF,South Africa,Upper middle income,d_gov,-0.18057810015609044,-0.19488764636421627
ctrl,ZAF,South Africa,Upper middle income,d_log_gdp,0.09956928394209623,0.10745945040329971
ctrl,ZMB,Zambia,Lower middle income,dd,8.042303652424805e-5,1.4917906048718169e-4
ctrl,ZMB,Zambia,Lower middle income,d_inf,-0.004485556013030005,-0.00832039003631368
ctrl,ZMB,Zambia,Lower middle income,d_gov,0.030063970816894273,0.0557665454428111
ctrl,ZMB,Zambia,Lower middle income,d_log_gdp,0.005580637976024909,0.010351689841149864
ext,ARG,Argentina,Upper middle income,dd,0.011249294651908801,0.008796250819595756
ext,ARG,Argentina,Upper middle income,d_inf,-5.004740929433219e-4,-3.9133970497360455e-4
ext,ARG,Argentina,Upper middle income,d_gov,-0.007833350303141917,-0.006125194170507479
ext,ARG,Argentina,Upper middle income,d_mil,0.2748336926221097,0.2149029044740644
ext,ARG,Argentina,Upper middle income,d_trade,-0.25053895957907335,-0.195905929814377
ext,ARG,Argentina,Upper middle income,d_log_gdp,-0.04146531474688859,-0.032423304759398856
ext,AUS,Australia,High income,dd,0.01667099409814069,0.017672915568053105
ext,AUS,Australia,High income,d_inf,-0.019283853324135906,-0.020442806806714876
ext,AUS,Australia,High income,d_gov,-0.03429187067148206,-0.036352801247484696
ext,AUS,Australia,High income,d_mil,-0.06655379645150007,-0.07055365855788612
ext,AUS,Australia,High income,d_trade,-0.08569909808154032,-0.09084958675753363
ext,AUS,Australia,High income,d_log_gdp,0.10155511078433474,0.10765854080627367
ext,AUT,Austria,High income,dd,0.014460580820622496,0.009065895727474528
ext,AUT,Austria,High income,d_inf,-0.01643343431552633,-0.010302753658165305
ext,AUT,Austria,High income,d_gov,0.2317967244944217,0.14532230484405298
ext,AUT,Austria,High income,d_mil,-1.5571784291611017,-0.9762552032290646
ext,AUT,Austria,High income,d_trade,0.03922557289802449,0.024592024217781897
ext,AUT,Austria,High income,d_log_gdp,0.047406628028115565,0.02972104314656193
ext,BDI,Burundi,Low income,dd,0.00508751422729871,0.011871089355890114
ext,BDI,Burundi,Low income,d_inf,0.003006857912949933,0.007016133492769911
ext,BDI,Burundi,Low income,d_gov,-0.09691831511325595,-0.226146980141747
ext,BDI,Burundi,Low income,d_mil,0.1902355542754284,0.4438912920092163
ext,BDI,Burundi,Low income,d_trade,0.028508845469939672,0.06652188807472129
ext,BDI,Burundi,Low income,d_log_gdp,-0.04593238455216795,-0.1071775757249155
ext,BEL,Belgium,High income,dd,-0.039466942637871476,-0.04489562840319947
ext,BEL,Belgium,High income,d_inf,-0.20201622752876616,-0.2298035995786681
ext,BEL,Belgium,High income,d_gov,-0.2253760067034072,-0.2563765209987106
ext,BEL,Belgium,High income,d_mil,-0.26792050527641154,-0.3047730237645774
ext,BEL,Belgium,High income,d_trade,0.00284315540928541,0.0032342319981314973
ext,BEL,Belgium,High income,d_log_gdp,-0.09008795509863629,-0.10247957113940316
ext,BFA,Burkina Faso,Low income,dd,0.003911295666464254,0.010995204726139844
ext,BFA,Burkina Faso,Low income,d_inf,-0.013475903247722177,-0.03788266797337304
ext,BFA,Burkina Faso,Low income,d_gov,-0.023943866178227274,-0.06730959073796998
ext,BFA,Burkina Faso,Low income,d_mil,0.05106001739687328,0.14353692292109277
ext,BFA,Burkina Faso,Low income,d_trade,0.031380283332202136,0.08821441001256242
ext,BFA,Burkina Faso,Low income,d_log_gdp,-0.00940140194214434,-0.02642866913716365
ext,BGD,Bangladesh,Lower middle income,dd,-0.010294786214703543,-0.017143917731230328
ext,BGD,Bangladesh,Lower middle income,d_inf,0.0021879501526376054,0.0036435955671695426
ext,BGD,Bangladesh,Lower middle income,d_gov,0.3491283974833941,0.5814038678669105
ext,BGD,Bangladesh,Lower middle income,d_mil,0.49122562671355696,0.8180385251537535
ext,BGD,Bangladesh,Lower middle income,d_trade,0.057854573990545194,0.09634527965745104
ext,BGD,Bangladesh,Lower middle income,d_log_gdp,-0.0511657375095594,-0.08520635360730237
ext,BGR,Bulgaria,Upper middle income,dd,0.05873722203298352,0.06680537187820552
ext,BGR,Bulgaria,Upper middle income,d_inf,0.004343706203381254,0.004940358059215033
ext,BGR,Bulgaria,Upper middle income,d_gov,-0.13425669780643978,-0.15269820930691183
ext,BGR,Bulgaria,Upper middle income,d_mil,-2.039244789426533,-2.3193556282221173
ext,BGR,Bulgaria,Upper middle income,d_trade,-0.05835119513290201,-0.06636632029009239
ext,BGR,Bulgaria,Upper middle income,d_log_gdp,0.06132690860012685,0.0697507780138388
ext,BHR,Bahrain,High income,dd,0.021920310353296245,0.05189773047822672
ext,BHR,Bahrain,High income,d_inf,-0.04316814160432404,-0.10220332386353496
ext,BHR,Bahrain,High income,d_gov,0.13527360228426769,0.320268866590754
ext,BHR,Bahrain,High income,d_mil,0.14727185626435044,0.34867549684514776
ext,BHR,Bahrain,High income,d_trade,0.022099973034863742,0.05232309331637574
ext,BHR,Bahrain,High income,d_log_gdp,0.019456749703755948,0.04606509377984249
ext,BLZ,Belize,Upper middle income,dd,-0.00870571171282303,-0.0069393617521278424
ext,BLZ,Belize,Upper middle income,d_inf,0.0019388225652739411,0.001545444140288622
ext,BLZ,Belize,Upper middle income,d_gov,0.0014003865870075944,0.0011162544132675089
ext,BLZ,Belize,Upper middle income,d_mil,1.220425639807867,0.9728067371820427
ext,BLZ,Belize,Upper middle income,d_trade,-0.014791449639087234,-0.011790330678285542
ext,BLZ,Belize,Upper middle income,d_log_gdp,-0.012417624354694234,-0.009898143924560718
ext,BOL,Bolivia,Lower middle income,dd,-0.006527231850424729,-0.005460517063173453
ext,BOL,Bolivia,Lower middle income,d_inf,2.0613762623504607e-5,1.7244952396555307e-5
ext,BOL,Bolivia,Lower middle income,d_gov,-0.06718879692203664,-0.05620844799974489
ext,BOL,Bolivia,Lower middle income,d_mil,0.393189616867964,0.3289324879474662
ext,BOL,Bolivia,Lower middle income,d_trade,-0.046239853497507505,-0.0386830918232743
ext,BOL,Bolivia,Lower middle income,d_log_gdp,-0.03795457223128216,-0.031751835087776084
ext,BRA,Brazil,Upper middle income,dd,0.001302994184661139,0.001227778425343336
ext,BRA,Brazil,Upper middle income,d_inf,-6.744196371293634e-5,-6.354885461830792e-5
ext,BRA,Brazil,Upper middle income,d_gov,0.02915631830349531,0.02747326043115394
ext,BRA,Brazil,Upper middle income,d_mil,0.07957774570836623,0.07498409468619348
ext,BRA,Brazil,Upper middle income,d_trade,0.034863404769650545,0.03285090349142332
ext,BRA,Brazil,Upper middle income,d_log_gdp,-0.0158151166415599,-0.014902183935567886
ext,BWA,Botswana,Upper middle income,dd,-0.001924602411363862,-0.010390143637880692
ext,BWA,Botswana,Upper middle income,d_inf,-4.750051240024611e-4,-0.0025643589751181226
ext,BWA,Botswana,Upper middle income,d_gov,0.01286755624173666,0.06946668923968
ext,BWA,Botswana,Upper middle income,d_mil,0.17780906190858986,0.9599186213415749
ext,BWA,Botswana,Upper middle income,d_trade,-0.011330337396615514,-0.061167871515375394
ext,BWA,Botswana,Upper middle income,d_log_gdp,0.005909773202280111,0.03190445573404183
ext,CAN,Canada,High income,dd,0.021774661521663637,0.023460114487528702
ext,CAN,Canada,High income,d_inf,0.1556229069586533,0.16766879294540207
ext,CAN,Canada,High income,d_gov,-0.3151221626240139,-0.339513980750603
ext,CAN,Canada,High income,d_mil,1.5488977837888402,1.6687891704315876
ext,CAN,Canada,High income,d_trade,0.058246063512833124,0.06275456071266326
ext,CAN,Canada,High income,d_log_gdp,6.170061886694894e-4,6.64765135903432e-4
ext,CHE,Switzerland,High income,dd,-0.0025793906907320726,-0.0029269527432908508
ext,CHE,Switzerland,High income,d_inf,0.05604752276016835,0.06359969084441859
ext,CHE,Switzerland,High income,d_gov,-1.3171108938155904,-1.4945860500014683
ext,CHE,Switzerland,High income,d_mil,-0.6171423732079401,-0.7002997137084868
ext,CHE,Switzerland,High income,d_trade,-0.005960801415943664,-0.006763994349245543
ext,CHE,Switzerland,High income,d_log_gdp,-0.1736208284934232,-0.1970155052808327
ext,CHL,Chile,High income,dd,-0.005937470666227122,-0.013359158548819649
ext,CHL,Chile,High income,d_inf,0.01517524955239034,0.0341439269656397
ext,CHL,Chile,High income,d_gov,0.20559334791719214,0.4625798232622961
ext,CHL,Chile,High income,d_mil,-0.04397687093580738,-0.09894684527102579
ext,CHL,Chile,High income,d_trade,0.005126968092203844,0.011535548294676925
ext,CHL,Chile,High income,d_log_gdp,0.02448162252081973,0.055083030329445996
ext,COL,Colombia,Upper middle income,dd,0.00838486866346957,0.008831701993064099
ext,COL,Colombia,Upper middle income,d_inf,0.25186483069232857,0.2652868180153175
ext,COL,Colombia,Upper middle income,d_gov,0.6179586446151255,0.6508899318907502
ext,COL,Colombia,Upper middle income,d_mil,3.1226977757919734,3.2891077102198776
ext,COL,Colombia,Upper middle income,d_trade,-0.016984992814493338,-0.017890130533048703
ext,COL,Colombia,Upper middle income,d_log_gdp,-0.022821592623682038,-0.024037765306638554
ext,CPV,Cabo Verde,Lower middle income,dd,-0.006262280957471548,-0.05211961770629407
ext,CPV,Cabo Verde,Lower middle income,d_inf,0.001003687683173361,0.008353476744140357
ext,CPV,Cabo Verde,Lower middle income,d_gov,-6.83040743037253e-4,-0.005684801216472156
ext,CPV,Cabo Verde,Lower middle income,d_mil,1.145040903985929,9.529929202970793
ext,CPV,Cabo Verde,Lower middle income,d_trade,-0.011395448751273947,-0.09484186936701534
ext,CPV,Cabo Verde,Lower middle income,d_log_gdp,-0.0012356715967086003,-0.010284228968382379
ext,CYP,Cyprus,High income,dd,0.08834781262856074,0.07407544616287473
ext,CYP,Cyprus,High income,d_inf,0.11828244599717087,0.09917421495553902
ext,CYP,Cyprus,High income,d_gov,0.1599258122187327,0.13409020031847435
ext,CYP,Cyprus,High income,d_mil,-0.6117589646753291,-0.5129308457582982
ext,CYP,Cyprus,High income,d_trade,0.021530523221880187,0.01805232145912034
ext,CYP,Cyprus,High income,d_log_gdp,0.038463177251427935,0.03224954790584353
ext,DEU,Germany,High income,dd,-0.002779105041315149,-0.0037587293678400533
ext,DEU,Germany,High income,d_inf,-0.14870388604736326,-0.2011214600703471
ext,DEU,Germany,High income,d_gov,-0.1755060267842787,-0.23737125704137216
ext,DEU,Germany,High income,d_mil,1.6166948651409387,2.186573871121399
ext,DEU,Germany,High income,d_trade,0.01701371400843108,0.023010985748584283
ext,DEU,Germany,High income,d_log_gdp,0.05372689711741636,0.07266543114994607
ext,DNK,Denmark,High income,dd,0.012229960071890377,0.014622389666479458
ext,DNK,Denmark,High income,d_inf,0.1911155726709694,0.22850167608890096
ext,DNK,Denmark,High income,d_gov,-0.44441915883648975,-0.5313566093067151
ext,DNK,Denmark,High income,d_mil,-1.0315429564512109,-1.2333337949001488
ext,DNK,Denmark,High income,d_trade,-0.05649130505176701,-0.0675421563422338
ext,DNK,Denmark,High income,d_log_gdp,-0.11318607293842675,-0.13532757699906547
ext,DZA,Algeria,Lower middle income,dd,-0.007729620827973936,-0.012070820250888698
ext,DZA,Algeria,Lower middle income,d_inf,-0.01687358678043172,-0.026350326561587686
ext,DZA,Algeria,Lower middle income,d_gov,-0.2508847259938264,-0.39178951963659675
ext,DZA,Algeria,Lower middle income,d_mil,0.3380807812450723,0.5279576361521172
ext,DZA,Algeria,Lower middle income,d_trade,-0.010173471739463352,-0.015887215094708158
ext,DZA,Algeria,Lower middle income,d_log_gdp,-0.035056878197078964,-0.05474592928837856
ext,ECU,Ecuador,Upper middle income,dd,0.07955818883412726,0.05472918257428734
ext,ECU,Ecuador,Upper middle income,d_inf,0.023696743728688678,0.016301318983611427
ext,ECU,Ecuador,Upper middle income,d_gov,-0.2757626151242321,-0.18970093124873977
ext,ECU,Ecuador,Upper middle income,d_mil,2.53449804770364,1.7435163924627444
ext,ECU,Ecuador,Upper middle income,d_trade,0.13379447554684049,0.09203907714516768
ext,ECU,Ecuador,Upper middle income,d_log_gdp,0.0037385519707934856,0.00257180180156703
ext,EGY,Egypt,Lower middle income,dd,-0.010365967680243325,-0.021678793239315142
ext,EGY,Egypt,Lower middle income,d_inf,-0.002738411193008285,-0.005726956892852227
ext,EGY,Egypt,Lower middle income,d_gov,-0.014999289282338783,-0.03136865762260078
ext,EGY,Egypt,Lower middle income,d_mil,0.07674961786747585,0.16050977084528203
ext,EGY,Egypt,Lower middle income,d_trade,0.02786010090151686,0.05826502509954421
ext,EGY,Egypt,Lower middle income,d_log_gdp,3.0627399632790364e-5,6.405239574136442e-5
ext,ESP,Spain,High income,dd,0.006356996396767776,0.006829596835310691
ext,ESP,Spain,High income,d_inf,0.07393743678961515,0.07943419388535268
ext,ESP,Spain,High income,d_gov,0.05911323625243522,0.06350791254811416
ext,ESP,Spain,High income,d_mil,-0.1635195095384451,-0.17567609845164384
ext,ESP,Spain,High income,d_trade,-0.039109561780268524,-0.042017097807498925
ext,ESP,Spain,High income,d_log_gdp,0.01248587896501831,0.013414121094817487
ext,ETH,Ethiopia,Low income,dd,0.005165879408976661,0.013787760138837328
ext,ETH,Ethiopia,Low income,d_inf,0.0118673266125711,0.03167395904345829
ext,ETH,Ethiopia,Low income,d_gov,0.05302105049646555,0.14151347112054735
ext,ETH,Ethiopia,Low income,d_mil,-0.29878457935521624,-0.7974576615502527
ext,ETH,Ethiopia,Low income,d_trade,0.032696129460258704,0.08726614672480763
ext,ETH,Ethiopia,Low income,d_log_gdp,0.004062269824496619,0.010842220176891714
ext,FIN,Finland,High income,dd,0.013048263441864548,0.01665903465456855
ext,FIN,Finland,High income,d_inf,0.0189587928225496,0.02420515098019109
ext,FIN,Finland,High income,d_gov,-0.32700665661238904,-0.41749733587551957
ext,FIN,Finland,High income,d_mil,0.1166402927751492,0.14891749297656487
ext,FIN,Finland,High income,d_trade,-0.010394749405138423,-0.013271228875573035
ext,FIN,Finland,High income,d_log_gdp,0.012089692280758527,0.015435203585945264
ext,FJI,Fiji,Upper middle income,dd,5.438638383204739e-4,0.013511299840398687
ext,FJI,Fiji,Upper middle income,d_inf,-0.008729160083463437,-0.21685997658299203
ext,FJI,Fiji,Upper middle income,d_gov,0.013918194475786443,0.3457720215046185
ext,FJI,Fiji,Upper middle income,d_mil,0.21259722249525229,5.281588176996419
ext,FJI,Fiji,Upper middle income,d_trade,-0.0041458056881556555,-0.10299494061911557
ext,FJI,Fiji,Upper middle income,d_log_gdp,-0.0010151277981784543,-0.025218988818724867
ext,FRA,France,High income,dd,-0.018730339040190763,-0.023094315207267242
ext,FRA,France,High income,d_inf,-0.028208070316257453,-0.034780260297187525
ext,FRA,France,High income,d_gov,-0.5278272590222965,-0.6508055763802479
ext,FRA,France,High income,d_mil,-1.7580878895840713,-2.1677042683003283
ext,FRA,France,High income,d_trade,-0.07158652682107582,-0.08826545058538235
ext,FRA,France,High income,d_log_gdp,-0.15270457917861663,-0.1882831740299429
ext,GBR,United Kingdom,High income,dd,0.005045886739703391,0.0040606512376048405
ext,GBR,United Kingdom,High income,d_inf,-0.02349028143679312,-0.018903682406792785
ext,GBR,United Kingdom,High income,d_gov,-0.3869955765994879,-0.31143268728197476
ext,GBR,United Kingdom,High income,d_mil,0.9508124863512658,0.7651614272379321
ext,GBR,United Kingdom,High income,d_trade,0.007259668241653874,0.005842180443353591
ext,GBR,United Kingdom,High income,d_log_gdp,0.08778316119967164,0.07064304463307577
ext,GHA,Ghana,Lower middle income,dd,0.0013709922224372155,0.00480057021146229
ext,GHA,Ghana,Lower middle income,d_inf,-0.006347168644991959,-0.022224800568240454
ext,GHA,Ghana,Lower middle income,d_gov,-0.0038036125441354893,-0.01331846291794505
ext,GHA,Ghana,Lower middle income,d_mil,-1.4530473636467427,-5.087888738979194
ext,GHA,Ghana,Lower middle income,d_trade,-0.005559612606171548,-0.01946714957799813
ext,GHA,Ghana,Lower middle income,d_log_gdp,0.012848731706802237,0.044990217797950004
ext,GMB,Gambia,Low income,dd,-0.0041744744860107205,-0.010711602931270346
ext,GMB,Gambia,Low income,d_inf,-2.6504766492293244e-4,-6.801060478460312e-4
ext,GMB,Gambia,Low income,d_gov,-3.628618462147848e-4,-9.310949266993499e-4
ext,GMB,Gambia,Low income,d_mil,-0.02211058219636699,-0.05673523167056921
ext,GMB,Gambia,Low income,d_trade,0.020707337950007246,0.05313454007861761
ext,GMB,Gambia,Low income,d_log_gdp,0.01848946307811472,0.04744352554287952
ext,GRC,Greece,High income,dd,-2.720209599469413e-4,-3.2263202468290166e-4
ext,GRC,Greece,High income,d_inf,-0.006424760390660457,-0.007620124027742595
ext,GRC,Greece,High income,d_gov,-0.2558645723163278,-0.3034696481739615
ext,GRC,Greece,High income,d_mil,0.6349348736482925,0.7530681601406295
ext,GRC,Greece,High income,d_trade,-0.053610515621403704,-0.06358506051372492
ext,GRC,Greece,High income,d_log_gdp,0.0011139303595725644,0.001321183512236518
ext,GTM,Guatemala,Upper middle income,dd,-0.015519464190825224,-0.013038465357733847
ext,GTM,Guatemala,Upper middle income,d_inf,-2.0780954164625862e-4,-1.7458834122399027e-4
ext,GTM,Guatemala,Upper middle income,d_gov,-0.05117027676745723,-0.0429900074367624
ext,GTM,Guatemala,Upper middle income,d_mil,0.9188388294838536,0.7719498624603555
ext,GTM,Guatemala,Upper middle income,d_trade,-0.04631261271407415,-0.038908907490219954
ext,GTM,Guatemala,Upper middle income,d_log_gdp,-0.05404576606592607,-0.045405810401582855
ext,GUY,Guyana,High income,dd,-0.006962688830587606,-0.005980812744175864
ext,GUY,Guyana,High income,d_inf,-0.003615284729798974,-0.0031054584675416714
ext,GUY,Guyana,High income,d_gov,0.014465500890658622,0.012425580717849924
ext,GUY,Guyana,High income,d_mil,0.011391583290606069,0.009785145965663928
ext,GUY,Guyana,High income,d_trade,0.018086235346478644,0.015535720392843486
ext,GUY,Guyana,High income,d_log_gdp,-0.03483893751657215,-0.029925962018767488
ext,HND,Honduras,Lower middle income,dd,-0.008394000324089792,-0.0062935919590762085
ext,HND,Honduras,Lower middle income,d_inf,0.041651295248956326,0.0312290024711627
ext,HND,Honduras,Lower middle income,d_gov,-0.04848198404957571,-0.036350466189379996
ext,HND,Honduras,Lower middle income,d_mil,-0.5619420541529242,-0.42132878924651557
ext,HND,Honduras,Lower middle income,d_trade,-0.025539464912899157,-0.019148792567191198
ext,HND,Honduras,Lower middle income,d_log_gdp,-0.07752463904063335,-0.0581258549033142
ext,HUN,Hungary,High income,dd,-0.01895445943513174,-0.019214340800136214
ext,HUN,Hungary,High income,d_inf,-0.016432075615064205,-0.016657373005122426
ext,HUN,Hungary,High income,d_gov,0.0930060651484891,0.09428125546701038
ext,HUN,Hungary,High income,d_mil,-0.9649270660786544,-0.9781570167359384
ext,HUN,Hungary,High income,d_trade,0.0212416045211512,0.021532844542885093
ext,HUN,Hungary,High income,d_log_gdp,0.05515684689568365,0.05591309302919378
ext,IDN,Indonesia,Upper middle income,dd,-0.020529301829927613,-0.017207787151196453
ext,IDN,Indonesia,Upper middle income,d_inf,-0.0318048901931936,-0.02665905471825686
ext,IDN,Indonesia,Upper middle income,d_gov,0.9962717779188666,0.8350811362800431
ext,IDN,Indonesia,Upper middle income,d_mil,0.20335536152517264,0.1704537156776809
ext,IDN,Indonesia,Upper middle income,d_trade,0.22283530099783194,0.1867819208422154
ext,IDN,Indonesia,Upper middle income,d_log_gdp,0.04897169587671634,0.041048376903455135
ext,IND,India,Lower middle income,dd,-0.0037093415975225667,-0.003517443164759052
ext,IND,India,Lower middle income,d_inf,-0.10586143240641771,-0.10038481548268649
ext,IND,India,Lower middle income,d_gov,-0.2934108582571942,-0.2782315919709727
ext,IND,India,Lower middle income,d_mil,-0.210667965712824,-0.19976930583184418
ext,IND,India,Lower middle income,d_trade,0.2888963396524145,0.2739506266861454
ext,IND,India,Lower middle income,d_log_gdp,0.05148474773989497,0.04882124475890519
ext,IRL,Ireland,High income,dd,-0.031142756327638098,-0.02567694054690328
ext,IRL,Ireland,High income,d_inf,0.03053735248422156,0.025177790172070284
ext,IRL,Ireland,High income,d_gov,0.1205192560190317,0.0993671124996529
ext,IRL,Ireland,High income,d_mil,-1.3792687231637792,-1.1371954566349556
ext,IRL,Ireland,High income,d_trade,-0.022957054064072835,-0.01892789790774272
ext,IRL,Ireland,High income,d_log_gdp,0.01895995482388672,0.01563232321709635
ext,IRN,Iran,Lower middle income,dd,-0.004233798231998775,-0.002783193408538371
ext,IRN,Iran,Lower middle income,d_inf,0.03423133070987385,0.02250282341684477
ext,IRN,Iran,Lower middle income,d_gov,-0.1897264469864213,-0.12472143634221376
ext,IRN,Iran,Lower middle income,d_mil,0.32903046405769154,0.21629642429638424
ext,IRN,Iran,Lower middle income,d_trade,-0.04740908704396869,-0.031165551907584084
ext,IRN,Iran,Lower middle income,d_log_gdp,-0.00859085827558602,-0.005647416059080929
ext,ISR,Israel,High income,dd,-9.823947486151659e-4,-0.004434320307212176
ext,ISR,Israel,High income,d_inf,-2.032529335213745e-4,-9.174403791192697e-4
ext,ISR,Israel,High income,d_gov,0.01712418704169878,0.07729492696346876
ext,ISR,Israel,High income,d_mil,-0.005935434834352708,-0.026791286552789745
ext,ISR,Israel,High income,d_trade,-0.0021499904266006494,-0.009704598098092735
ext,ISR,Israel,High income,d_log_gdp,-0.003328488409678187,-0.015024086568217323
ext,ITA,Italy,High income,dd,-0.005763992892106755,-0.010199702393344225
ext,ITA,Italy,High income,d_inf,-0.0634447887531509,-0.11226904262441044
ext,ITA,Italy,High income,d_gov,-0.13949307037287578,-0.24684065896152116
ext,ITA,Italy,High income,d_mil,0.7691878930979384,1.3611202756523348
ext,ITA,Italy,High income,d_trade,-0.009821868873231021,-0.017380337090733552
ext,ITA,Italy,High income,d_log_gdp,-0.006209067405887066,-0.010987286220804898
ext,JAM,Jamaica,Upper middle income,dd,0.004542434534627817,0.003388056542115585
ext,JAM,Jamaica,Upper middle income,d_inf,0.0029722081393445876,0.0022168749278102043
ext,JAM,Jamaica,Upper middle income,d_gov,0.05194864548059774,0.038746832085936336
ext,JAM,Jamaica,Upper middle income,d_mil,0.21076421632836612,0.15720228360620572
ext,JAM,Jamaica,Upper middle income,d_trade,0.002480383557349681,0.0018500387125828036
ext,JAM,Jamaica,Upper middle income,d_log_gdp,-0.01782128463430757,-0.013292325851673918
ext,JOR,Jordan,Lower middle income,dd,0.03256317732103218,0.04575968417595436
ext,JOR,Jordan,Lower middle income,d_inf,0.11313677927803259,0.1589864292850685
ext,JOR,Jordan,Lower middle income,d_gov,-0.20850813901644094,-0.2930078504146993
ext,JOR,Jordan,Lower middle income,d_mil,1.0213930116076582,1.4353212885188997
ext,JOR,Jordan,Lower middle income,d_trade,0.059844700299126835,0.08409727829366136
ext,JOR,Jordan,Lower middle income,d_log_gdp,0.004944770266618664,0.006948680821050402
ext,JPN,Japan,High income,dd,0.0021799960114981184,0.0030414691608482555
ext,JPN,Japan,High income,d_inf,-0.010385730608476496,-0.014489879427280004
ext,JPN,Japan,High income,d_gov,0.0020551915404321574,0.0028673454707676296
ext,JPN,Japan,High income,d_mil,-2.945968265585255,-4.110132120130674
ext,JPN,Japan,High income,d_trade,-0.04620529713719585,-0.06446433184711937
ext,JPN,Japan,High income,d_log_gdp,-0.0042527238285865535,-0.005933280751904572
ext,KEN,Kenya,Lower middle income,dd,-0.06649312687861508,-0.10277403148579492
ext,KEN,Kenya,Lower middle income,d_inf,0.005403398089503192,0.008351675300135196
ext,KEN,Kenya,Lower middle income,d_gov,-0.0926296421259693,-0.14317151566283154
ext,KEN,Kenya,Lower middle income,d_mil,1.0861935016456046,1.6788575057024944
ext,KEN,Kenya,Lower middle income,d_trade,-0.2572186347877436,-0.39756584343923607
ext,KEN,Kenya,Lower middle income,d_log_gdp,-0.09079974357746108,-0.14034316241989392
ext,KWT,Kuwait,High income,dd,-0.0012436184137398826,-0.0010869105432376508
ext,KWT,Kuwait,High income,d_inf,-0.016429197180982555,-0.014358960462188241
ext,KWT,Kuwait,High income,d_gov,0.01012552684838216,0.00884961316570246
ext,KWT,Kuwait,High income,d_mil,-0.11839712520562998,-0.10347794970969597
ext,KWT,Kuwait,High income,d_trade,-0.08463981015713018,-0.0739743807433363
ext,KWT,Kuwait,High income,d_log_gdp,0.028281876395372253,0.02471808819896081
ext,LBN,Lebanon,Lower middle income,dd,0.016028557440356486,0.01363304940472081
ext,LBN,Lebanon,Lower middle income,d_inf,-0.0464806314596877,-0.039533984727601876
ext,LBN,Lebanon,Lower middle income,d_gov,-0.3072575719650933,-0.26133715864086604
ext,LBN,Lebanon,Lower middle income,d_mil,1.4466332663222927,1.230430303143102
ext,LBN,Lebanon,Lower middle income,d_trade,0.12383914600108373,0.10533107561011174
ext,LBN,Lebanon,Lower middle income,d_log_gdp,0.02356991795303819,0.020047334709606845
ext,LKA,Sri Lanka,Lower middle income,dd,0.011955444082395988,0.041986838068870054
ext,LKA,Sri Lanka,Lower middle income,d_inf,-0.012780582018488036,-0.04488467546147616
ext,LKA,Sri Lanka,Lower middle income,d_gov,0.020151874671022436,0.07077223503911982
ext,LKA,Sri Lanka,Lower middle income,d_mil,-0.06662242341401406,-0.23397415306042785
ext,LKA,Sri Lanka,Lower middle income,d_trade,-0.004787095035196615,-0.016812004863880445
ext,LKA,Sri Lanka,Lower middle income,d_log_gdp,0.007340897039252042,0.025780811916570192
ext,LSO,Lesotho,Lower middle income,dd,5.560243032929722e-4,0.003510434168223243
ext,LSO,Lesotho,Lower middle income,d_inf,-0.013945470161689757,-0.0880440920614561
ext,LSO,Lesotho,Lower middle income,d_gov,-0.022204991893070153,-0.14019020712747826
ext,LSO,Lesotho,Lower middle income,d_mil,-0.26713308981894357,-1.6865326217033372
ext,LSO,Lesotho,Lower middle income,d_trade,-4.328575185526953e-4,-0.002732826270543548
ext,LSO,Lesotho,Lower middle income,d_log_gdp,-0.01510603783280578,-0.09537128330668175
ext,LUX,Luxembourg,High income,dd,0.01068759580838148,0.008919337045635313
ext,LUX,Luxembourg,High income,d_inf,-0.0829859459393773,-0.06925595196103038
ext,LUX,Luxembourg,High income,d_gov,-0.5285162010354192,-0.44107339158698416
ext,LUX,Luxembourg,High income,d_mil,5.093699788259436,4.250949047412319
ext,LUX,Luxembourg,High income,d_trade,0.09114029977828174,0.07606117098152525
ext,LUX,Luxembourg,High income,d_log_gdp,0.0637669409249857,0.05321672419844214
ext,MAR,Morocco,Lower middle income,dd,0,0
ext,MAR,Morocco,Lower middle income,d_inf,0,0
ext,MAR,Morocco,Lower middle income,d_gov,0,0
ext,MAR,Morocco,Lower middle income,d_mil,0,0
ext,MAR,Morocco,Lower middle income,d_trade,0,0
ext,MAR,Morocco,Lower middle income,d_log_gdp,0,0
ext,MDG,Madagascar,Low income,dd,-0.0010473492908676786,-0.0023621696342327535
ext,MDG,Madagascar,Low income,d_inf,-0.05305006807188615,-0.11964801139987784
ext,MDG,Madagascar,Low income,d_gov,0.026262211191325848,0.05923124056594704
ext,MDG,Madagascar,Low income,d_mil,-5.096034390063323,-11.493489131253204
ext,MDG,Madagascar,Low income,d_trade,0.22351435880346662,0.5041095991416084
ext,MDG,Madagascar,Low income,d_log_gdp,0.009509145809942075,0.021446728112192566
ext,MEX,Mexico,Upper middle income,dd,2.6296474053163213e-4,3.8577733782260134e-4
ext,MEX,Mexico,Upper middle income,d_inf,0.0020161928252291185,0.002957816698472382
ext,MEX,Mexico,Upper middle income,d_gov,-0.03262821369610439,-0.0478665899927978
ext,MEX,Mexico,Upper middle income,d_mil,-1.6878962129443247,-2.4761955014732666
ext,MEX,Mexico,Upper middle income,d_trade,-0.04997810572201823,-0.07331941360608939
ext,MEX,Mexico,Upper middle income,d_log_gdp,0.0805230422342787,0.11812977208927458
ext,MLI,Mali,Low income,dd,0.006294590147960482,0.019986844853743854
ext,MLI,Mali,Low income,d_inf,0.0027210531020338386,0.00864000116143705
ext,MLI,Mali,Low income,d_gov,0.016214957138970507,0.051486407379790614
ext,MLI,Mali,Low income,d_mil,0.017917663433913156,0.05689291133772319
ext,MLI,Mali,Low income,d_trade,0.017900406087117966,0.05683811509128378
ext,MLI,Mali,Low income,d_log_gdp,-0.023202155306657313,-0.07367245006998362
ext,MLT,Malta,High income,dd,-0.012642671119388733,-0.0086485514920236
ext,MLT,Malta,High income,d_inf,0.020493594120979577,0.014019181732894233
ext,MLT,Malta,High income,d_gov,0.3653594554945356,0.24993373900997057
ext,MLT,Malta,High income,d_mil,-0.6875480123368637,-0.4703352900491604
ext,MLT,Malta,High income,d_trade,-2.586125954606665e-4,-1.7691074356093687e-4
ext,MLT,Malta,High income,d_log_gdp,-0.006288602133203542,-0.004301883585222131
ext,MUS,Mauritius,Upper middle income,dd,-0.0032392824325675057,-0.013091911643119408
ext,MUS,Mauritius,Upper middle income,d_inf,-0.011800415868407146,-0.047692661914262094
ext,MUS,Mauritius,Upper middle income,d_gov,-0.07971261276393166,-0.3221671789577235
ext,MUS,Mauritius,Upper middle income,d_mil,1.0830216413400633,4.377149548139867
ext,MUS,Mauritius,Upper middle income,d_trade,-2.629765861453891e-4,-0.001062848424518434
ext,MUS,Mauritius,Upper middle income,d_log_gdp,-0.028637405320794784,-0.1157411827936463
ext,MWI,Malawi,Low income,dd,-0.06206676021532383,-0.05607644591205351
ext,MWI,Malawi,Low income,d_inf,-0.08015751077663838,-0.07242118489698837
ext,MWI,Malawi,Low income,d_gov,-1.0858349602091217,-0.9810366322383032
ext,MWI,Malawi,Low income,d_mil,9.181176163679922,8.295063682484912
ext,MWI,Malawi,Low income,d_trade,-0.7754697298797137,-0.7006260067896736
ext,MWI,Malawi,Low income,d_log_gdp,0.1866221466069259,0.16861048770531512
ext,MYS,Malaysia,Upper middle income,dd,0.012966481565875208,0.012682480706268437
ext,MYS,Malaysia,Upper middle income,d_inf,0.024032686534745062,0.023506305989656386
ext,MYS,Malaysia,Upper middle income,d_gov,0.1490278805238476,0.14576376867059554
ext,MYS,Malaysia,Upper middle income,d_mil,-0.033277370909927495,-0.03254850688495212
ext,MYS,Malaysia,Upper middle income,d_trade,0.09080392377656363,0.08881507334885154
ext,MYS,Malaysia,Upper middle income,d_log_gdp,0.03386506666557297,0.033123330521129986
ext,NAM,Namibia,Upper middle income,dd,-4.4725381615750627e-4,-8.878074967627621e-4
ext,NAM,Namibia,Upper middle income,d_inf,0.00549887314930736,0.010915369817623411
ext,NAM,Namibia,Upper middle income,d_gov,-0.016497530952462768,-0.03274791880705642
ext,NAM,Namibia,Upper middle income,d_mil,-0.0804267986873542,-0.15964875476907467
ext,NAM,Namibia,Upper middle income,d_trade,0.002857078506219845,0.005671356230012485
ext,NAM,Namibia,Upper middle income,d_log_gdp,-0.025862309111614905,-0.05133718502426746
ext,NER,Niger,Low income,dd,-0.007524255856980395,-0.017216305706884497
ext,NER,Niger,Low income,d_inf,-0.1099848435461229,-0.25165713734431927
ext,NER,Niger,Low income,d_gov,-0.017830681696361934,-0.0407985152128934
ext,NER,Niger,Low income,d_mil,-0.7880263407500425,-1.803088922719712
ext,NER,Niger,Low income,d_trade,-0.10284204563554605,-0.23531364839758143
ext,NER,Niger,Low income,d_log_gdp,0.05183027296227006,0.11859323249379985
ext,NGA,Nigeria,Lower middle income,dd,0.0013054776514579264,0.00482190541592592
ext,NGA,Nigeria,Lower middle income,d_inf,1.4433815994290987e-4,5.331266715873988e-4
ext,NGA,Nigeria,Lower middle income,d_gov,-0.021409745808809735,-0.07907892498489397
ext,NGA,Nigeria,Lower middle income,d_mil,-0.092114505285741,-0.34023365426946656
ext,NGA,Nigeria,Lower middle income,d_trade,0.0011732651985779205,0.004333566192437116
ext,NGA,Nigeria,Lower middle income,d_log_gdp,-0.002585920772113262,-0.009551343419998894
ext,NLD,Netherlands,High income,dd,-0.06636216978486525,-0.04249929165295328
ext,NLD,Netherlands,High income,d_inf,-0.04236431284064964,-0.027130717589983613
ext,NLD,Netherlands,High income,d_gov,-0.12639900977146773,-0.08094775077934872
ext,NLD,Netherlands,High income,d_mil,-0.23633040186406792,-0.15134940144123063
ext,NLD,Netherlands,High income,d_trade,0.0278701282305625,0.017848432501765696
ext,NLD,Netherlands,High income,d_log_gdp,-0.08915956528236921,-0.05709907287344478
ext,NOR,Norway,High income,dd,0.011116968384802174,0.008815069723502895
ext,NOR,Norway,High income,d_inf,0.03923848830807103,0.031113699194589763
ext,NOR,Norway,High income,d_gov,-0.24473204324644993,-0.1940574039719347
ext,NOR,Norway,High income,d_mil,-1.07833978253953,-0.8550568859859232
ext,NOR,Norway,High income,d_trade,0.012359828631011868,0.009800581181994226
ext,NOR,Norway,High income,d_log_gdp,0.05942561925445131,0.04712084796485154
ext,NPL,Nepal,Lower middle income,dd,0.02051884185262453,0.0684188293555928
ext,NPL,Nepal,Lower middle income,d_inf,0.0025108246909655435,0.008372192120141883
ext,NPL,Nepal,Lower middle income,d_gov,-0.12380049903093543,-0.4128052293678254
ext,NPL,Nepal,Lower middle income,d_mil,-0.18606435838111063,-0.6204202789158278
ext,NPL,Nepal,Lower middle income,d_trade,0.02784481361713547,0.09284683633669116
ext,NPL,Nepal,Lower middle income,d_log_gdp,2.3456697543214558e-4,7.821493035435002e-4
ext,NZL,New Zealand,High income,dd,3.9877953779718367e-4,4.2535530182910564e-4
ext,NZL,New Zealand,High income,d_inf,0.0018728970105837059,0.0019977120130893738
ext,NZL,New Zealand,High income,d_gov,-0.6001392707633127,-0.6401342006290652
ext,NZL,New Zealand,High income,d_mil,-0.10797782600602178,-0.11517376499644064
ext,NZL,New Zealand,High income,d_trade,-0.19024339410738836,-0.20292173657791218
ext,NZL,New Zealand,High income,d_log_gdp,-0.03583518347037096,-0.03822333855277533
ext,OMN,Oman,High income,dd,0,0
ext,OMN,Oman,High income,d_inf,0,0
ext,OMN,Oman,High income,d_gov,0,0
ext,OMN,Oman,High income,d_mil,0,0
ext,OMN,Oman,High income,d_trade,0,0
ext,OMN,Oman,High income,d_log_gdp,0,0
ext,PAK,Pakistan,Lower middle income,dd,-0.03385964333200036,-0.04153104170217185
ext,PAK,Pakistan,Lower middle income,d_inf,-0.042976643079359694,-0.05271363134121935
ext,PAK,Pakistan,Lower middle income,d_gov,-0.09214993429411254,-0.11302785225750599
ext,PAK,Pakistan,Lower middle income,d_mil,-0.1259228310805589,-0.15445249371305986
ext,PAK,Pakistan,Lower middle income,d_trade,-0.20361135118243334,-0.2497424864780353
ext,PAK,Pakistan,Lower middle income,d_log_gdp,-0.060415630666256825,-0.07410367711381002
ext,PHL,Philippines,Lower middle income,dd,0.021852807871320615,0.05371439278155218
ext,PHL,Philippines,Lower middle income,d_inf,0.04119349048641535,0.10125395972269303
ext,PHL,Philippines,Lower middle income,d_gov,-0.10426978000596214,-0.2562960307648473
ext,PHL,Philippines,Lower middle income,d_mil,1.4646645708389805,3.6001583189919897
ext,PHL,Philippines,Lower middle income,d_trade,0.0014563248506615928,0.0035796592138914347
ext,PHL,Philippines,Lower middle income,d_log_gdp,0.06917265364400293,0.17002698735353408
ext,POL,Poland,High income,dd,0.004185165935987733,0.006117870169566649
ext,POL,Poland,High income,d_inf,0.01175094307411935,0.01717751343602671
ext,POL,Poland,High income,d_gov,0.34650891968814557,0.5065262920688851
ext,POL,Poland,High income,d_mil,0.2917756103894486,0.4265172111001193
ext,POL,Poland,High income,d_trade,0.05314420470947956,0.07768612992897622
ext,POL,Poland,High income,d_log_gdp,0.08443321616552446,0.12342436653655033
ext,PRT,Portugal,High income,dd,-0.007580004658816714,-0.006110004691392863
ext,PRT,Portugal,High income,d_inf,0.0356729047546984,0.028754812855331824
ext,PRT,Portugal,High income,d_gov,-0.22481938054252526,-0.1812198714460027
ext,PRT,Portugal,High income,d_mil,1.0314176950343854,0.8313935464558783
ext,PRT,Portugal,High income,d_trade,4.2229765604103424e-4,3.404009332070411e-4
ext,PRT,Portugal,High income,d_log_gdp,-0.06195857945924253,-0.04994287315215265
ext,PRY,Paraguay,Upper middle income,dd,5.789823590267913e-5,4.222273854103184e-5
ext,PRY,Paraguay,Upper middle income,d_inf,0.0015231481003434117,0.001110767590711573
ext,PRY,Paraguay,Upper middle income,d_gov,-0.13031323719822138,-0.09503194107510558
ext,PRY,Paraguay,Upper middle income,d_mil,-0.05970489843603366,-0.043540261235608044
ext,PRY,Paraguay,Upper middle income,d_trade,-0.030849095434058664,-0.022496942617198562
ext,PRY,Paraguay,Upper middle income,d_log_gdp,0.00144109714602888,0.0010509312945437945
ext,RUS,Russian Federation,Upper middle income,dd,-0.018500402848089903,-0.015483051957664133
ext,RUS,Russian Federation,Upper middle income,d_inf,-0.010754086263047519,-0.009000132469286094
ext,RUS,Russian Federation,Upper middle income,d_gov,0.16912934919734263,0.1415449448690649
ext,RUS,Russian Federation,Upper middle income,d_mil,-1.3951493931736951,-1.1676054148973383
ext,RUS,Russian Federation,Upper middle income,d_trade,0.1283544986984348,0.10742032963638858
ext,RUS,Russian Federation,Upper middle income,d_log_gdp,-0.007177625104697439,-0.00600697959613019
ext,RWA,Rwanda,Low income,dd,0.008022065102952955,1.8873594349864897
ext,RWA,Rwanda,Low income,d_inf,-0.0037256608895664925,-0.8765400356692561
ext,RWA,Rwanda,Low income,d_gov,0.028188764729550835,6.631999415380979
ext,RWA,Rwanda,Low income,d_mil,-0.09898504742478512,-23.28831301942239
ext,RWA,Rwanda,Low income,d_trade,0.03907583648090987,9.193411885312022
ext,RWA,Rwanda,Low income,d_log_gdp,0.006131663800067192,1.442602793258557
ext,SAU,Saudi Arabia,High income,dd,0,0
ext,SAU,Saudi Arabia,High income,d_inf,0,0
ext,SAU,Saudi Arabia,High income,d_gov,0,0
ext,SAU,Saudi Arabia,High income,d_mil,0,0
ext,SAU,Saudi Arabia,High income,d_trade,0,0
ext,SAU,Saudi Arabia,High income,d_log_gdp,0,0
ext,SEN,Senegal,Lower middle income,dd,-0.014745030786208063,-0.02156966168658004
ext,SEN,Senegal,Lower middle income,d_inf,-0.11181663841319153,-0.1635701611256818
ext,SEN,Senegal,Lower middle income,d_gov,0.024596039847725293,0.03598013907446786
ext,SEN,Senegal,Lower middle income,d_mil,4.259482727221983,6.230953513637041
ext,SEN,Senegal,Lower middle income,d_trade,-0.11054217883636433,-0.16170582714741044
ext,SEN,Senegal,Lower middle income,d_log_gdp,0.1270723388726879,0.1858868522519513
ext,SGP,Singapore,High income,dd,0.013187272912607607,0.012635913855182108
ext,SGP,Singapore,High income,d_inf,-0.08389305849625402,-0.08038549495650085
ext,SGP,Singapore,High income,d_gov,0.10789345783540309,0.10338243909720495
ext,SGP,Singapore,High income,d_mil,-0.3266751710951522,-0.31301690258027687
ext,SGP,Singapore,High income,d_trade,-0.013187392785682978,-0.01263602871637168
ext,SGP,Singapore,High income,d_log_gdp,0.030455280485192415,0.029181947108896607
ext,SLE,Sierra Leone,Low income,dd,0.0010140764273908493,0.005927796412926982
ext,SLE,Sierra Leone,Low income,d_inf,1.8032478587981832e-4,0.0010540907864809506
ext,SLE,Sierra Leone,Low income,d_gov,0.006328573321962165,0.036993754339990914
ext,SLE,Sierra Leone,Low income,d_mil,0.04864640529890906,0.2843631693270019
ext,SLE,Sierra Leone,Low income,d_trade,0.006957398051863841,0.04066955714694666
ext,SLE,Sierra Leone,Low income,d_log_gdp,0.004392869611786169,0.025678574142780602
ext,SLV,El Salvador,Upper middle income,dd,-0.011353063688769413,-0.009312985029641856
ext,SLV,El Salvador,Upper middle income,d_inf,-0.27663953949316616,-0.22692904404785644
ext,SLV,El Salvador,Upper middle income,d_gov,-0.6763228467428506,-0.5547916156897426
ext,SLV,El Salvador,Upper middle income,d_mil,0.20523657567527415,0.168356772162701
ext,SLV,El Salvador,Upper middle income,d_trade,-0.06670441962191886,-0.054718028400069174
ext,SLV,El Salvador,Upper middle income,d_log_gdp,-0.0031443978399387502,-0.002579368073091635
ext,SWE,Sweden,High income,dd,0.015214698293658773,0.01454630714104011
ext,SWE,Sweden,High income,d_inf,0.03444375651505212,0.032930620883095
ext,SWE,Sweden,High income,d_gov,-0.5482501684614729,-0.5241651978003019
ext,SWE,Sweden,High income,d_mil,-1.4418845055992122,-1.378541623076059
ext,SWE,Sweden,High income,d_trade,-0.0079736992325716,-0.007623409669293546
ext,SWE,Sweden,High income,d_log_gdp,-0.10301914604724274,-0.09849345093063268
ext,SWZ,Swaziland,Lower middle income,dd,0.0041994226640084484,0.03568511335491612
ext,SWZ,Swaziland,Lower middle income,d_inf,-4.6814262158548063e-4,-0.003978099813749033
ext,SWZ,Swaziland,Lower middle income,d_gov,-0.010570070036765957,-0.08982047714896
ext,SWZ,Swaziland,Lower middle income,d_mil,0.38266348252887705,3.251730259939005
ext,SWZ,Swaziland,Lower middle income,d_trade,0.0029257572000059213,0.024861983583123144
ext,SWZ,Swaziland,Lower middle income,d_log_gdp,0.008212823051762127,0.06978947941530898
ext,SYC,Seychelles,High income,dd,-0.0018034788644473965,-0.007985937549833226
ext,SYC,Seychelles,High income,d_inf,0.014712353264096768,0.06514738636216981
ext,SYC,Seychelles,High income,d_gov,0.031113155861253898,0.13777135101737617
ext,SYC,Seychelles,High income,d_mil,-0.5676593699021093,-2.5136375961938255
ext,SYC,Seychelles,High income,d_trade,-0.011092129070315915,-0.04911676637661882
ext,SYC,Seychelles,High income,d_log_gdp,-0.0048687485700010125,-0.021559178093158073
ext,SYR,Syrian Arab Republic,Low income,dd,3.489111219955197e-4,0.0019589361300276233
ext,SYR,Syrian Arab Republic,Low income,d_inf,-5.327873359242843e-4,-0.002991295766079497
ext,SYR,Syrian Arab Republic,Low income,d_gov,5.716639382433254e-4,0.003209565623629246
ext,SYR,Syrian Arab Republic,Low income,d_mil,-7.077664770441441e-4,-0.003973703433626698
ext,SYR,Syrian Arab Republic,Low income,d_trade,-1.4330324176691764e-5,-8.045656333388627e-5
ext,SYR,Syrian Arab Republic,Low income,d_log_gdp,2.4730036677271766e-4,0.0013884499315168866
ext,TCD,Chad,Low income,dd,-1.0324852390788674e-4,-3.445019537456309e-4
ext,TCD,Chad,Low income,d_inf,9.453965555695132e-5,3.154436965594323e-4
ext,TCD,Chad,Low income,d_gov,0.011112041846664662,0.03707675404342289
ext,TCD,Chad,Low income,d_mil,0.06388202050434048,0.21315056177072075
ext,TCD,Chad,Low income,d_trade,0.008340169525789608,0.027828046227252837
ext,TCD,Chad,Low income,d_log_gdp,0.004680080054828364,0.015615687871845437
ext,TGO,Togo,Low income,dd,-0.008128519319893925,-0.01163203939412917
ext,TGO,Togo,Low income,d_inf,0.011363664287608533,0.016261582885288166
ext,TGO,Togo,Low income,d_gov,0.04326185259955362,0.06190839363196397
ext,TGO,Togo,Low income,d_mil,-0.27842809522124795,-0.3984349971488003
ext,TGO,Togo,Low income,d_trade,-0.06520491822258123,-0.09330926674428248
ext,TGO,Togo,Low income,d_log_gdp,-0.025853259612443138,-0.03699642240408818
ext,THA,Thailand,Upper middle income,dd,9.067001357182134e-4,6.61013003386609e-4
ext,THA,Thailand,Upper middle income,d_inf,0.040873140103406085,0.029797808595443658
ext,THA,Thailand,Upper middle income,d_gov,-0.05575707413828479,-0.04064866606312244
ext,THA,Thailand,Upper middle income,d_mil,1.381006441304126,1.0067972635071878
ext,THA,Thailand,Upper middle income,d_trade,0.0907172126639325,0.06613570996584023
ext,THA,Thailand,Upper middle income,d_log_gdp,-0.03126399885732112,-0.022792441479214633
ext,TUN,Tunisia,Lower middle income,dd,0.011143906515833052,0.03330681342589691
ext,TUN,Tunisia,Lower middle income,d_inf,-0.013117425599169723,-0.03920525055005543
ext,TUN,Tunisia,Lower middle income,d_gov,-0.027395979576523413,-0.08188087176418105
ext,TUN,Tunisia,Lower middle income,d_mil,0.05277694771445298,0.15773929440417572
ext,TUN,Tunisia,Lower middle income,d_trade,0.00213251776364196,0.006373651033425249
ext,TUN,Tunisia,Lower middle income,d_log_gdp,-0.00958155813817908,-0.02863727982501462
ext,TUR,Turkey,Upper middle income,dd,-0.0032085832098711683,-0.004999898090664134
ext,TUR,Turkey,Upper middle income,d_inf,0.012818244597550833,0.019974522241401872
ext,TUR,Turkey,Upper middle income,d_gov,-0.06061299245605112,-0.09445252481471972
ext,TUR,Turkey,Upper middle income,d_mil,0.5784184074360819,0.9013427116514695
ext,TUR,Turkey,Upper middle income,d_trade,-0.09620373799221177,-0.14991317177693697
ext,TUR,Turkey,Upper middle income,d_log_gdp,0.017904122480316025,0.027899786899384566
ext,TZA,Tanzania,Lower middle income,dd,3.7553694604377917e-4,0.0019654951815548634
ext,TZA,Tanzania,Lower middle income,d_inf,-0.002146120161330914,-0.011232420353234464
ext,TZA,Tanzania,Lower middle income,d_gov,7.586807706843925e-4,0.003970803445114733
ext,TZA,Tanzania,Lower middle income,d_mil,-0.017335496542871205,-0.09073097942513017
ext,TZA,Tanzania,Lower middle income,d_trade,0.0053888249706016125,0.028204174384283465
ext,TZA,Tanzania,Lower middle income,d_log_gdp,-0.0018189585468667878,-0.00952011325910374
ext,UGA,Uganda,Low income,dd,-0.06881830603718397,-0.1872410976675825
ext,UGA,Uganda,Low income,d_inf,-0.021746620426042976,-0.0591682840454173
ext,UGA,Uganda,Low income,d_gov,0.19775285975428494,0.5380467009357816
ext,UGA,Uganda,Low income,d_mil,0.3224329637884156,0.877276782013992
ext,UGA,Uganda,Low income,d_trade,-0.4118682412140923,-1.120612610512012
ext,UGA,Uganda,Low income,d_log_gdp,-0.2016537797125247,-0.5486603381633463
ext,URY,Uruguay,High income,dd,-0.010602968365506662,-0.009038269704308955
ext,URY,Uruguay,High income,d_inf,-0.01370095061757704,-0.011679077275183615
ext,URY,Uruguay,High income,d_gov,0.2169832719026379,0.18496266943127213
ext,URY,Uruguay,High income,d_mil,-0.06765586343210804,-0.057671768857349225
ext,URY,Uruguay,High income,d_trade,-0.06097224743474386,-0.051974465809579096
ext,URY,Uruguay,High income,d_log_gdp,-0.14594351953859983,-0.12440637807400615
ext,USA,United States,High income,dd,0.026728848067729457,0.029001643089901843
ext,USA,United States,High income,d_inf,0.05560176436734216,0.06032966782797312
ext,USA,United States,High income,d_gov,-0.5797892469819798,-0.6290896175445506
ext,USA,United States,High income,d_mil,0.2980088769263566,0.32334902964543866
ext,USA,United States,High income,d_trade,0.13972442934708332,0.1516054122720203
ext,USA,United States,High income,d_log_gdp,-0.0017451700995681357,-0.0018935645947252733
ext,VEN,Venezuela,Upper middle income,dd,0.004239727448934539,0.003770100844060524
ext,VEN,Venezuela,Upper middle income,d_inf,-1.711315584100186e-5,-1.5217563878289893e-5
ext,VEN,Venezuela,Upper middle income,d_gov,-0.05886808019858037,-0.0523473740984611
ext,VEN,Venezuela,Upper middle income,d_mil,0.36638071290167185,0.3257974130637133
ext,VEN,Venezuela,Upper middle income,d_trade,-0.004710337103271432,-0.00418858195550188
ext,VEN,Venezuela,Upper middle income,d_log_gdp,1.250156583181957e-4,1.1116790987700322e-4
ext,ZAF,South Africa,Upper middle income,dd,0.016788689996710657,0.01781975299136649
ext,ZAF,South Africa,Upper middle income,d_inf,0.03111598173270454,0.03302694305924427
ext,ZAF,South Africa,Upper middle income,d_gov,-0.4019718805770753,-0.426658638807553
ext,ZAF,South Africa,Upper middle income,d_mil,-0.008858261745632416,-0.009402284292042318
ext,ZAF,South Africa,Upper middle income,d_trade,-0.05589518612041953,-0.059327941028602144
ext,ZAF,South Africa,Upper middle income,d_log_gdp,0.1701046207323702,0.180551450097346
ext,ZMB,Zambia,Lower middle income,dd,0.007893422086852108,0.033499268443599545
ext,ZMB,Zambia,Lower middle income,d_inf,-0.0012779487135952741,-0.005423547169128205
ext,ZMB,Zambia,Lower middle income,d_gov,-0.02149455649640842,-0.09122176797674054
ext,ZMB,Zambia,Lower middle income,d_mil,0.04343621030266695,0.18434099343621568
ext,ZMB,Zambia,Lower middle income,d_trade,0.04056884433243374,0.17217204297265432
ext,ZMB,Zambia,Lower middle income,d_log_gdp,0.024858566856716294,0.10549845112722249
cs_base,ARE,United Arab Emirates,High income,dd,-0.004201200273811552,-0.0146771474967788
cs_base,ARE,United Arab Emirates,High income,dy_bar,0.6838693349426459,2.3891389229990008
cs_base,ARE,United Arab Emirates,High income,dd_bar,0.0039438807628011515,0.013778186206968112
cs_base,ARG,Argentina,Upper middle income,dd,0.013215156597122593,0.01015155049657246
cs_base,ARG,Argentina,Upper middle income,dy_bar,3.2076245076373806,2.464016368176388
cs_base,ARG,Argentina,Upper middle income,dd_bar,0.05956831203406278,0.04575887717751602
cs_base,ATG,Antigua and Barbuda,High income,dd,-0.007408305362946308,-0.029428576398121905
cs_base,ATG,Antigua and Barbuda,High income,dy_bar,0.40324778904243075,1.6018519466764216
cs_base,ATG,Antigua and Barbuda,High income,dd_bar,0.0033712437605729634,0.01339184870279925
cs_base,AUS,Australia,High income,dd,0.02144817742543487,0.015603765078868008
cs_base,AUS,Australia,High income,dy_bar,1.8604445972876509,1.3534921808274396
cs_base,AUS,Australia,High income,dd_bar,0.0064327424788435655,0.004679884936689202
cs_base,AUT,Austria,High income,dd,2.85654526499564e-4,1.7978872592882915e-4
cs_base,AUT,Austria,High income,dy_bar,0.7979022925008685,0.502193465450449
cs_base,AUT,Austria,High income,dd_bar,-0.012888735672735697,-0.008112069477177141
cs_base,BDI,Burundi,Low income,dd,0.0011492077395034188,0.004727016936934613
cs_base,BDI,Burundi,Low income,dy_bar,0.4604202739435245,1.8938389972726426
cs_base,BDI,Burundi,Low income,dd_bar,-0.01350928409028421,-0.05556751186537306
cs_base,BEL,Belgium,High income,dd,-0.03040695772738092,-0.034904110500261994
cs_base,BEL,Belgium,High income,dy_bar,-0.09754699139568701,-0.11197407505115883
cs_base,BEL,Belgium,High income,dd_bar,0.006602457396259774,0.007578952968543924
cs_base,BEN,Benin,Lower middle income,dd,-6.427773953020072e-4,-0.0021683954354540366
cs_base,BEN,Benin,Lower middle income,dy_bar,0.0040135444740760145,0.01353960419452701
cs_base,BEN,Benin,Lower middle income,dd_bar,-0.025223467371330008,-0.08509081357569798
cs_base,BFA,Burkina Faso,Low income,dd,0.004874434651767449,0.013369494820533678
cs_base,BFA,Burkina Faso,Low income,dy_bar,0.5496035486924151,1.5074408259685765
cs_base,BFA,Burkina Faso,Low income,dd_bar,-0.01304951319028889,-0.03579192490452054
cs_base,BGD,Bangladesh,Lower middle income,dd,-2.249058794642186e-4,-4.8445184883942095e-4
cs_base,BGD,Bangladesh,Lower middle income,dy_bar,0.48431941604895395,1.0432338945192976
cs_base,BGD,Bangladesh,Lower middle income,dd_bar,0.020852971726803577,0.0449177261657732
cs_base,BGR,Bulgaria,Upper middle income,dd,0.015557156024568235,0.023985047630594655
cs_base,BGR,Bulgaria,Upper middle income,dy_bar,-1.3142433060476746,-2.0262179182340954
cs_base,BGR,Bulgaria,Upper middle income,dd_bar,-0.015001064900613236,-0.02312770120596871
cs_base,BHR,Bahrain,High income,dd,0.013654564311077914,0.029779428885107168
cs_base,BHR,Bahrain,High income,dy_bar,0.7535328943336945,1.6433903512537482
cs_base,BHR,Bahrain,High income,dd_bar,0.034934265936687116,0.0761886256063831
cs_base,BHS,Bahamas,High income,dd,-0.0032668390243947507,-0.004293155869273593
cs_base,BHS,Bahamas,High income,dy_bar,1.1964933228952215,1.5723861180108103
cs_base,BHS,Bahamas,High income,dd_bar,7.874784874240486e-4,0.0010348743433532365
cs_base,BLZ,Belize,Upper middle income,dd,-7.604655738310081e-4,-9.01527671455802e-4
cs_base,BLZ,Belize,Upper middle income,dy_bar,1.6312841381253869,1.933878194009838
cs_base,BLZ,Belize,Upper middle income,dd_bar,-9.132284926022909e-4,-0.0010826272546372896
cs_base,BOL,Bolivia,Lower middle income,dd,-9.574628312150176e-4,-0.0011436621167912016
cs_base,BOL,Bolivia,Lower middle income,dy_bar,1.6082372978950654,1.9209937059167004
cs_base,BOL,Bolivia,Lower middle income,dd_bar,-1.4783388151291474e-4,-1.7658336632239588e-4
cs_base,BRA,Brazil,Upper middle income,dd,4.924147519807413e-4,5.00153782226418e-4
cs_base,BRA,Brazil,Upper middle income,dy_bar,0.35789870172520033,0.36352361216177487
cs_base,BRA,Brazil,Upper middle income,dd_bar,0.028018178858824377,0.02845852621386402
cs_base,BRB,Barbados,High income,dd,-0.005513935481629842,-0.023423681856507866
cs_base,BRB,Barbados,High income,dy_bar,0.33449283639065946,1.42095492575111
cs_base,BRB,Barbados,High income,dd_bar,-0.0017767985835527213,-0.007547996323658599
cs_base,BTN,Bhutan,Lower middle income,dd,-0.002802906774356405,-0.009232789189795716
cs_base,BTN,Bhutan,Lower middle income,dy_bar,-0.2611260622109451,-0.8601505788249864
cs_base,BTN,Bhutan,Lower middle income,dd_bar,0.008929576171508278,0.02941406938683852
cs_base,BWA,Botswana,Upper middle income,dd,-0.0033503337288931117,-0.0299977191499348
cs_base,BWA,Botswana,Upper middle income,dy_bar,-0.35533364971263776,-3.181533510132622
cs_base,BWA,Botswana,Upper middle income,dd_bar,0.010127440093235497,0.09067756474667313
cs_base,CAF,Central African Republic,Low income,dd,0.002056907112062759,0.008431278185097757
cs_base,CAF,Central African Republic,Low income,dy_bar,0.8977308102557282,3.6798055450392715
cs_base,CAF,Central African Republic,Low income,dd_bar,-0.01172526711588011,-0.04806196073162673
cs_base,CAN,Canada,High income,dd,-0.004378088240805907,-0.004479638709456229
cs_base,CAN,Canada,High income,dy_bar,1.4192809436465292,1.4522013959184656
cs_base,CAN,Canada,High income,dd_bar,-0.008722463352764385,-0.008924782308559446
cs_base,CHE,Switzerland,High income,dd,-0.0020578308725611436,-0.002296056055390514
cs_base,CHE,Switzerland,High income,dy_bar,-0.6388153280916167,-0.7127679061960682
cs_base,CHE,Switzerland,High income,dd_bar,0.00609622452376872,0.006801955116650835
cs_base,CHL,Chile,High income,dd,0.002817222637326489,0.0050501683820751275
cs_base,CHL,Chile,High income,dy_bar,0.3654499399580902,0.6551075188573091
cs_base,CHL,Chile,High income,dd_bar,-0.014684832395804523,-0.026324109170066282
cs_base,CIV,Cote d'Ivoire,Lower middle income,dd,0.004209570161732356,0.00335217874258943
cs_base,CIV,Cote d'Ivoire,Lower middle income,dy_bar,0.995946074046359,0.7930950500679338
cs_base,CIV,Cote d'Ivoire,Lower middle income,dd_bar,0.004358032866431851,0.003470403051400136
cs_base,COG,Congo,Lower middle income,dd,1.5340223760992752e-4,6.715399529681749e-4
cs_base,COG,Congo,Lower middle income,dy_bar,-0.037092474723820636,-0.16237754494068554
cs_base,COG,Congo,Lower middle income,dd_bar,-0.002609182612123534,-0.011422065257524152
cs_base,COL,Colombia,Upper middle income,dd,0.0016357482164948188,0.0011584254137011055
cs_base,COL,Colombia,Upper middle income,dy_bar,1.2351618492958027,0.8747329581837542
cs_base,COL,Colombia,Upper middle income,dd_bar,0.005538494323839269,0.0039223228328643285
cs_base,COM,Comoros,Lower middle income,dd,0.00626838197025429,0.027731246454647966
cs_base,COM,Comoros,Lower middle income,dy_bar,0.49511180003948546,2.1903686493027106
cs_base,COM,Comoros,Lower middle income,dd_bar,0.02463502592163202,0.10898505842357033
cs_base,CPV,Cabo Verde,Lower middle income,dd,-0.0025040963655641978,-0.013708374330693872
cs_base,CPV,Cabo Verde,Lower middle income,dy_bar,0.15977032953078654,0.8746434499348285
cs_base,CPV,Cabo Verde,Lower middle income,dd_bar,0.007581000603105912,0.04150127586850153
cs_base,CRI,Costa Rica,Upper middle income,dd,0.010577551723586891,0.0054888361007378395
cs_base,CRI,Costa Rica,Upper middle income,dy_bar,1.099476673949155,0.5705334672516116
cs_base,CRI,Costa Rica,Upper middle income,dd_bar,0.006059398252298995,0.003144304537107781
cs_base,CYP,Cyprus,High income,dd,0.06070172557311563,0.04504267820398684
cs_base,CYP,Cyprus,High income,dy_bar,-1.9965668812434765,-1.4815183373373029
cs_base,CYP,Cyprus,High income,dd_bar,-0.031351399385122755,-0.023263770188012362
cs_base,CZE,Czech Republic,High income,dd,5.777778651034306e-4,3.740420851327748e-4
cs_base,CZE,Czech Republic,High income,dy_bar,1.1695094122682246,0.7571175110159395
cs_base,CZE,Czech Republic,High income,dd_bar,-0.027705037159554788,-0.017935698983528522
cs_base,DEU,Germany,High income,dd,-0.013830473361470152,-0.01913831825783843
cs_base,DEU,Germany,High income,dy_bar,0.961611953101974,1.3306584032240896
cs_base,DEU,Germany,High income,dd_bar,-0.018935809526077037,-0.02620297510492068
cs_base,DMA,Dominica,Upper middle income,dd,-0.003650809351090132,-0.019077969077888723
cs_base,DMA,Dominica,Upper middle income,dy_bar,0.16261951616275952,0.8497978947840592
cs_base,DMA,Dominica,Upper middle income,dd_bar,0.0033928459043581732,0.0177299341117494
cs_base,DNK,Denmark,High income,dd,0.00281979558708139,0.003046311913488084
cs_base,DNK,Denmark,High income,dy_bar,0.7926463030489765,0.8563201840668345
cs_base,DNK,Denmark,High income,dd_bar,0.0052184190935856654,0.005637618672500198
cs_base,DZA,Algeria,Lower middle income,dd,-0.0010359422292494235,-0.0018965895183802248
cs_base,DZA,Algeria,Lower middle income,dy_bar,-0.7057970021662107,-1.2921639437196106
cs_base,DZA,Algeria,Lower middle income,dd_bar,-0.004781314377890805,-0.008753567985889124
cs_base,ECU,Ecuador,Upper middle income,dd,0.037374100179423005,0.027470415739101944
cs_base,ECU,Ecuador,Upper middle income,dy_bar,6.5863024761840565,4.841011993216257
cs_base,ECU,Ecuador,Upper middle income,dd_bar,-0.0136756131976245,-0.010051741131488939
cs_base,EGY,Egypt,Lower middle income,dd,-0.004899217392841596,-0.010495262095858007
cs_base,EGY,Egypt,Lower middle income,dy_bar,1.0210609828366815,2.1873498911036853
cs_base,EGY,Egypt,Lower middle income,dd_bar,-0.006729881893383415,-0.014416970850983379
cs_base,ESP,Spain,High income,dd,0.0033137054421368837,0.0035655011486123065
cs_base,ESP,Spain,High income,dy_bar,-0.8764983941497789,-0.9431001293472192
cs_base,ESP,Spain,High income,dd_bar,0.003439806190756016,0.0037011838071628056
cs_base,ETH,Ethiopia,Low income,dd,0.021089564563176177,0.05443790841772593
cs_base,ETH,Ethiopia,Low income,dy_bar,-2.603669380422941,-6.720779599640767
cs_base,ETH,Ethiopia,Low income,dd_bar,-0.036757291093562384,-0.09488057661128327
cs_base,FIN,Finland,High income,dd,0.009541583185011642,0.011757357961613715
cs_base,FIN,Finland,High income,dy_bar,0.2976158061981683,0.36672903234787957
cs_base,FIN,Finland,High income,dd_bar,9.185834017980509e-4,0.0011318995666779743
cs_base,FJI,Fiji,Upper middle income,dd,0.001441661955460803,0.01577058419277039
cs_base,FJI,Fiji,Upper middle income,dy_bar,0.3100122730665902,3.391276737705182
cs_base,FJI,Fiji,Upper middle income,dd_bar,-3.646013082957618e-4,-0.00398843543556968
cs_base,FRA,France,High income,dd,-0.006491865080815027,-0.005707873459211198
cs_base,FRA,France,High income,dy_bar,2.377194922256911,2.090112415339715
cs_base,FRA,France,High income,dd_bar,0.0026829106364358556,0.002358908299003816
cs_base,GAB,Gabon,Upper middle income,dd,-5.59035796198649e-4,-0.0023528082619350336
cs_base,GAB,Gabon,Upper middle income,dy_bar,0.4563164869705977,1.9204945513365446
cs_base,GAB,Gabon,Upper middle income,dd_bar,0.00774405910090745,0.032592342668256974
cs_base,GBR,United Kingdom,High income,dd,-0.007116677696359347,-0.005172997633454708
cs_base,GBR,United Kingdom,High income,dy_bar,2.659367825076173,1.9330513552190522
cs_base,GBR,United Kingdom,High income,dd_bar,0.0025190352344290974,0.0018310458703162784
cs_base,GHA,Ghana,Lower middle income,dd,2.237123199999692e-4,6.438507713670914e-4
cs_base,GHA,Ghana,Lower middle income,dy_bar,0.25255578676322343,0.7268631344073784
cs_base,GHA,Ghana,Lower middle income,dd_bar,0.0039327869386405175,0.011318678846415199
cs_base,GIN,Guinea,Lower middle income,dd,8.482793679518444e-4,0.0031926073474382887
cs_base,GIN,Guinea,Lower middle income,dy_bar,-0.3927094682864544,-1.4780120573804791
cs_base,GIN,Guinea,Lower middle income,dd_bar,0.014429360301375805,0.05430673367458576
cs_base,GMB,Gambia,Low income,dd,-3.9115234221085354e-4,-0.0013597809515537695
cs_base,GMB,Gambia,Low income,dy_bar,0.4386418335287578,1.5248708633975148
cs_base,GMB,Gambia,Low income,dd_bar,0.005482157263936727,0.01905787647541395
cs_base,GNB,Guinea-Bissau,Low income,dd,0.023989778077230864,0.07414334262036144
cs_base,GNB,Guinea-Bissau,Low income,dy_bar,-2.407431959205778,-7.440462850967967
cs_base,GNB,Guinea-Bissau,Low income,dd_bar,-0.09011986684766982,-0.2785264683598696
cs_base,GNQ,Equatorial Guinea,Upper middle income,dd,0,0
cs_base,GNQ,Equatorial Guinea,Upper middle income,dy_bar,0,0
cs_base,GNQ,Equatorial Guinea,Upper middle income,dd_bar,0,0
cs_base,GRC,Greece,High income,dd,0.005676781567930057,0.007480722689320396
cs_base,GRC,Greece,High income,dy_bar,1.0261526649244717,1.3522386639946307
cs_base,GRC,Greece,High income,dd_bar,-0.005412037986964438,-0.007131850130233437
cs_base,GRD,Grenada,Upper middle income,dd,1.8835293234879455e-4,0.0012288428341877113
cs_base,GRD,Grenada,Upper middle income,dy_bar,0.05823609626198248,0.37994104307376303
cs_base,GRD,Grenada,Upper middle income,dd_bar,8.887390431685724e-4,0.005798267067263594
cs_base,GTM,Guatemala,Upper middle income,dd,-6.599004759487907e-4,-7.827197116827578e-4
cs_base,GTM,Guatemala,Upper middle income,dy_bar,1.6217526526894133,1.9235897154168908
cs_base,GTM,Guatemala,Upper middle income,dd_bar,-8.048314410134226e-4,-9.546249115179155e-4
cs_base,GUY,Guyana,High income,dd,0.0030518263917924194,0.0036674695814524973
cs_base,GUY,Guyana,High income,dy_bar,1.5889835098221496,1.9095282429482117
cs_base,GUY,Guyana,High income,dd_bar,-0.006505114163215989,-0.007817387116656534
cs_base,HND,Honduras,Lower middle income,dd,-0.004023380152169017,-0.0046864540236637425
cs_base,HND,Honduras,Lower middle income,dy_bar,1.673358431395802,1.9491365611123759
cs_base,HND,Honduras,Lower middle income,dd_bar,0.006065525996493369,0.007065156071960771
cs_base,HTI,Haiti,Lower middle income,dd,7.893855691717988e-4,9.313440504377281e-4
cs_base,HTI,Haiti,Lower middle income,dy_bar,1.6461736563751121,1.942211893309405
cs_base,HTI,Haiti,Lower middle income,dd_bar,-0.0016901396134837605,-0.0019940844308551585
cs_base,HUN,Hungary,High income,dd,-0.017145099845869684,-0.01770893397815969
cs_base,HUN,Hungary,High income,dy_bar,1.6549679336395802,1.7093932456657595
cs_base,HUN,Hungary,High income,dd_bar,-0.018705050215271343,-0.01932018490987093
cs_base,IDN,Indonesia,Upper middle income,dd,-0.02906960838544486,-0.027277235121497552
cs_base,IDN,Indonesia,Upper middle income,dy_bar,1.2958307754445484,1.2159324704618832
cs_base,IDN,Indonesia,Upper middle income,dd_bar,0.01872746220531908,0.017572764759336137
cs_base,IND,India,Lower middle income,dd,-0.018165678361945457,-0.019431937901432272
cs_base,IND,India,Lower middle income,dy_bar,0.8203382603128827,0.8775208838863169
cs_base,IND,India,Lower middle income,dd_bar,0.0035595410521399857,0.0038076629622421352
cs_base,IRL,Ireland,High income,dd,-0.04800949934364394,-0.0373331454045644
cs_base,IRL,Ireland,High income,dy_bar,-0.18358915759784025,-0.142762595090654
cs_base,IRL,Ireland,High income,dd_bar,0.04629872901810186,0.03600281623657794
cs_base,IRN,Iran,Lower middle income,dd,-0.010461967216741225,-0.007117407133764762
cs_base,IRN,Iran,Lower middle income,dy_bar,0.4207067194980967,0.28621204258669286
cs_base,IRN,Iran,Lower middle income,dd_bar,-0.019361306050316218,-0.013171738636402194
cs_base,ISL,Iceland,High income,dd,-0.025807842590528218,-0.022980958050899468
cs_base,ISL,Iceland,High income,dy_bar,3.6580503800306023,3.2573626422540705
cs_base,ISL,Iceland,High income,dd_bar,-0.010698491382854603,-0.00952662280137764
cs_base,ISR,Israel,High income,dd,2.395023268201909e-4,0.0010115306076542213
cs_base,ISR,Israel,High income,dy_bar,0.11733380082599325,0.4955556483465889
cs_base,ISR,Israel,High income,dd_bar,0.0038650528051479833,0.01632392997810908
cs_base,ITA,Italy,High income,dd,-0.008659371789412694,-0.011950479713721178
cs_base,ITA,Italy,High income,dy_bar,0.8937310703952611,1.2334052961369923
cs_base,ITA,Italy,High income,dd_bar,0.0041172636250313725,0.005682083715026244
cs_base,JAM,Jamaica,Upper middle income,dd,0.0013268338238129529,0.0015551486284470556
cs_base,JAM,Jamaica,Upper middle income,dy_bar,1.6383712005733435,1.9202937698232634
cs_base,JAM,Jamaica,Upper middle income,dd_bar,-0.0018517615553490484,-0.002170403249697399
cs_base,JOR,Jordan,Lower middle income,dd,0.014277639194638907,0.0277798454314461
cs_base,JOR,Jordan,Lower middle income,dy_bar,0.28300555153486073,0.5506407866667216
cs_base,JOR,Jordan,Lower middle income,dd_bar,8.094795422023188e-4,0.00157499543557186
cs_base,JPN,Japan,High income,dd,0.007175730043683895,0.009282231203589997
cs_base,JPN,Japan,High income,dy_bar,1.1434528339668042,1.4791238676296614
cs_base,JPN,Japan,High income,dd_bar,0.009252063967280028,0.011968091933766247
cs_base,KAZ,Kazakhstan,Upper middle income,dd,-0.004112299453917075,-0.004167867451558189
cs_base,KAZ,Kazakhstan,Upper middle income,dy_bar,3.3014947238959893,3.346106613931102
cs_base,KAZ,Kazakhstan,Upper middle income,dd_bar,0.04710625786561398,0.04774278748980388
cs_base,KEN,Kenya,Lower middle income,dd,-0.15700326472014814,-0.18619306277955688
cs_base,KEN,Kenya,Lower middle income,dy_bar,-0.1656402681422749,-0.19643584418457896
cs_base,KEN,Kenya,Lower middle income,dd_bar,0.14132067943957657,0.1675947961072302
cs_base,KNA,Saint Kitts and Nevis,High income,dd,2.864394001511562e-4,0.0017453643110734644
cs_base,KNA,Saint Kitts and Nevis,High income,dy_bar,0.039817384478792066,0.24261970173412145
cs_base,KNA,Saint Kitts and Nevis,High income,dd_bar,4.865554346330852e-4,0.0029647335196180662
cs_base,KWT,Kuwait,High income,dd,-0.0076117216240246715,-0.006832047962816079
cs_base,KWT,Kuwait,High income,dy_bar,3.3872265167951983,3.040270672882431
cs_base,KWT,Kuwait,High income,dd_bar,0.004037932619702858,0.0036243245209278668
cs_base,LAO,Lao PDR,Lower middle income,dd,-0.0013075099640742383,-0.0033605280885585587
cs_base,LAO,Lao PDR,Lower middle income,dy_bar,-0.0791544500441862,-0.20344070792319396
cs_base,LAO,Lao PDR,Lower middle income,dd_bar,-0.004603047800218112,-0.011830633685887815
cs_base,LBN,Lebanon,Lower middle income,dd,-0.005636896247121572,-0.006642275080360817
cs_base,LBN,Lebanon,Lower middle income,dy_bar,1.677531184638552,1.9767302954959818
cs_base,LBN,Lebanon,Lower middle income,dd_bar,-0.04804021850576286,-0.05660851863272466
cs_base,LCA,Saint Lucia,Upper middle income,dd,0.0010648851707027386,0.006767001459774835
cs_base,LCA,Saint Lucia,Upper middle income,dy_bar,0.13228239109558626,0.8406118878109716
cs_base,LCA,Saint Lucia,Upper middle income,dd_bar,-4.9685219566343564e-5,-3.157335293840198e-4
cs_base,LKA,Sri Lanka,Lower middle income,dd,0.0014561629988478356,0.0030486001660061687
cs_base,LKA,Sri Lanka,Lower middle income,dy_bar,0.5178236356293654,1.084107495377009
cs_base,LKA,Sri Lanka,Lower middle income,dd_bar,0.01868184503542331,0.03911201968554104
cs_base,LSO,Lesotho,Lower middle income,dd,-0.0010606703373335308,-0.006910100180735903
cs_base,LSO,Lesotho,Lower middle income,dy_bar,-0.21365647883638725,-1.3919383064244797
cs_base,LSO,Lesotho,Lower middle income,dd_bar,0.005968899269791255,0.03888643857682345
cs_base,LUX,Luxembourg,High income,dd,-4.645023042516233e-4,-3.7956704172218526e-4
cs_base,LUX,Luxembourg,High income,dy_bar,4.292817216077424,3.507866196672113
cs_base,LUX,Luxembourg,High income,dd_bar,-0.0509762017127352,-0.0416550917083393
cs_base,MAR,Morocco,Lower middle income,dd,0,0
cs_base,MAR,Morocco,Lower middle income,dy_bar,0,0
cs_base,MAR,Morocco,Lower middle income,dd_bar,0,0
cs_base,MDG,Madagascar,Low income,dd,-0.01772319232837935,-0.03498499883722088
cs_base,MDG,Madagascar,Low income,dy_bar,0.552197597412445,1.0900198985290306
cs_base,MDG,Madagascar,Low income,dd_bar,0.03334215092183514,0.06581630947845786
cs_base,MDV,Maldives,Upper middle income,dd,0.004458796984252559,0.017667534574883487
cs_base,MDV,Maldives,Upper middle income,dy_bar,0.6757893277214253,2.677747238778356
cs_base,MDV,Maldives,Upper middle income,dd_bar,0.017800775912308817,0.0705337841128887
cs_base,MEX,Mexico,Upper middle income,dd,0.015705281395705258,0.012964750399454376
cs_base,MEX,Mexico,Upper middle income,dy_bar,-0.11215153911164544,-0.0925813855137127
cs_base,MEX,Mexico,Upper middle income,dd_bar,-0.12066179232792289,-0.09960662154771095
cs_base,MLI,Mali,Low income,dd,-0.008664709711140858,-0.02605936600691728
cs_base,MLI,Mali,Low income,dy_bar,-1.4904055599750432,-4.482437990530248
cs_base,MLI,Mali,Low income,dd_bar,0.0447320927687325,0.1345330676476056
cs_base,MLT,Malta,High income,dd,0.006269561083389766,0.004034548066366881
cs_base,MLT,Malta,High income,dy_bar,-1.6358336393236605,-1.0526812576906628
cs_base,MLT,Malta,High income,dd_bar,0.011048198619436005,0.007109666495630134
cs_base,MUS,Mauritius,Upper middle income,dd,-0.001001302555122996,-0.003899329544669396
cs_base,MUS,Mauritius,Upper middle income,dy_bar,0.08415451177452708,0.32771930162440643
cs_base,MUS,Mauritius,Upper middle income,dd_bar,-0.010734958834452624,-0.04180468923186663
cs_base,MWI,Malawi,Low income,dd,-0.013834700201165315,-0.02300481093526179
cs_base,MWI,Malawi,Low income,dy_bar,-2.2290065305849525,-3.7064680162170376
cs_base,MWI,Malawi,Low income,dd_bar,0.09042459916866516,0.15036110486852142
cs_base,MYS,Malaysia,Upper middle income,dd,0.004895917389475445,0.004882131350812907
cs_base,MYS,Malaysia,Upper middle income,dy_bar,1.7170906067310867,1.7122555828513208
cs_base,MYS,Malaysia,Upper middle income,dd_bar,-0.033990901564164795,-0.03389518918875883
cs_base,NAM,Namibia,Upper middle income,dd,0.005300082424965933,0.041224101653057434
cs_base,NAM,Namibia,Upper middle income,dy_bar,-0.17810463298945473,-1.3852998701779549
cs_base,NAM,Namibia,Upper middle income,dd_bar,-0.001373907143865497,-0.010686265461416308
cs_base,NER,Niger,Low income,dd,0.03980021886921725,0.09567968955666006
cs_base,NER,Niger,Low income,dy_bar,0.26272179408560725,0.6315829513520974
cs_base,NER,Niger,Low income,dd_bar,-0.04849157119816734,-0.11657369256187151
cs_base,NGA,Nigeria,Lower middle income,dd,0.00252788051128171,0.010706437750856071
cs_base,NGA,Nigeria,Lower middle income,dy_bar,0.2774449227961288,1.175074051938364
cs_base,NGA,Nigeria,Lower middle income,dd_bar,7.948164338099509e-4,0.0033663191887297753
cs_base,NLD,Netherlands,High income,dd,-0.027562223285945972,-0.02008406182076656
cs_base,NLD,Netherlands,High income,dy_bar,0.42032464269273373,0.30628248022854465
cs_base,NLD,Netherlands,High income,dd_bar,-0.0034627399628177243,-0.002523231988978612
cs_base,NOR,Norway,High income,dd,0.003143739383222264,0.0024629531905532753
cs_base,NOR,Norway,High income,dy_bar,2.590295148978945,2.0293589652184316
cs_base,NOR,Norway,High income,dd_bar,-0.039579735658870935,-0.031008625187738507
cs_base,NPL,Nepal,Lower middle income,dd,0.00382778671195915,0.015277465327061574
cs_base,NPL,Nepal,Lower middle income,dy_bar,0.4071050981081219,1.6248381868783726
cs_base,NPL,Nepal,Lower middle income,dd_bar,0.00835376571025557,0.03334155625497333
cs_base,NZL,New Zealand,High income,dd,0.024510056018889254,0.024863917468444647
cs_base,NZL,New Zealand,High income,dy_bar,1.6566364777730174,1.680553999012435
cs_base,NZL,New Zealand,High income,dd_bar,0.05693067655474594,0.05775260742729499
cs_base,OMN,Oman,High income,dd,0,0
cs_base,OMN,Oman,High income,dy_bar,0,0
cs_base,OMN,Oman,High income,dd_bar,0,0
cs_base,PAK,Pakistan,Lower middle income,dd,-0.040869588001874964,-0.05472398058878172
cs_base,PAK,Pakistan,Lower middle income,dy_bar,0.34551107884943866,0.4626359720410758
cs_base,PAK,Pakistan,Lower middle income,dd_bar,0.04149353101593454,0.05555943421234983
cs_base,PAN,Panama,High income,dd,0.010045913917693316,0.011941396420943703
cs_base,PAN,Panama,High income,dy_bar,1.5778163646616254,1.8755218135696485
cs_base,PAN,Panama,High income,dd_bar,-0.007701736458587237,-0.009154915016705893
cs_base,PHL,Philippines,Lower middle income,dd,-0.009655853549058388,-0.018396231956465035
cs_base,PHL,Philippines,Lower middle income,dy_bar,0.9033260537284633,1.721007421278415
cs_base,PHL,Philippines,Lower middle income,dd_bar,-0.009548446484396478,-0.018191601131728033
cs_base,POL,Poland,High income,dd,0.0049314676158730645,0.0046197060655047174
cs_base,POL,Poland,High income,dy_bar,2.979037185581425,2.790705977931915
cs_base,POL,Poland,High income,dd_bar,9.866822729221885e-4,9.243053865492407e-4
cs_base,PRT,Portugal,High income,dd,-0.00725520053334535,-0.005466861955210972
cs_base,PRT,Portugal,High income,dy_bar,3.5097476724996044,2.644627937572821
cs_base,PRT,Portugal,High income,dd_bar,-0.0036499012185866537,-0.002750234954976364
cs_base,PRY,Paraguay,Upper middle income,dd,0.006136851430640344,0.007162851458784166
cs_base,PRY,Paraguay,Upper middle income,dy_bar,1.6866027556488783,1.9685803290545674
cs_base,PRY,Paraguay,Upper middle income,dd_bar,-0.011519642782470689,-0.013445574011636593
cs_base,QAT,Qatar,High income,dd,9.866351231923851e-4,0.002629023704875416
cs_base,QAT,Qatar,High income,dy_bar,-0.24851374062577705,-0.6621987193993614
cs_base,QAT,Qatar,High income,dd_bar,-0.005558674213940533,-0.014811844756594788
cs_base,RUS,Russian Federation,Upper middle income,dd,-0.05080881159646332,-0.04158294742002135
cs_base,RUS,Russian Federation,Upper middle income,dy_bar,10.427032298033911,8.533691739135058
cs_base,RUS,Russian Federation,Upper middle income,dd_bar,0.14930959017427767,0.12219795430039344
cs_base,RWA,Rwanda,Low income,dd,0.006931309742080718,0.03635347707087833
cs_base,RWA,Rwanda,Low income,dy_bar,0.4220278802874843,2.2134605781874725
cs_base,RWA,Rwanda,Low income,dd_bar,-0.0027621356797281464,-0.014486906491861514
cs_base,SAU,Saudi Arabia,High income,dd,0,0
cs_base,SAU,Saudi Arabia,High income,dy_bar,0,0
cs_base,SAU,Saudi Arabia,High income,dd_bar,0,0
cs_base,SDN,Sudan,Low income,dd,0.0029890846535423382,0.013401624865296616
cs_base,SDN,Sudan,Low income,dy_bar,0.07465250768883416,0.3347061121583775
cs_base,SDN,Sudan,Low income,dd_bar,-0.0047771254428197575,-0.02141834392119452
cs_base,SEN,Senegal,Lower middle income,dd,-0.0025314967121710993,-0.006755721378503521
cs_base,SEN,Senegal,Lower middle income,dy_bar,0.23533040590866275,0.628018455076552
cs_base,SEN,Senegal,Lower middle income,dd_bar,-0.010068182715121013,-0.02686862553848162
cs_base,SGP,Singapore,High income,dd,0.03122609254381659,0.029221652286321467
cs_base,SGP,Singapore,High income,dy_bar,0.5047939645717425,0.4723906357559977
cs_base,SGP,Singapore,High income,dd_bar,-0.004521977479754745,-0.004231706332598307
cs_base,SLE,Sierra Leone,Low income,dd,4.5353722804816727e-4,0.0018693100610909113
cs_base,SLE,Sierra Leone,Low income,dy_bar,-0.055937176066057526,-0.23055202427217283
cs_base,SLE,Sierra Leone,Low income,dd_bar,0.007019043344603252,0.028929859627546576
cs_base,SLV,El Salvador,Upper middle income,dd,0.008227417492291977,0.006653846822230938
cs_base,SLV,El Salvador,Upper middle income,dy_bar,4.297636447150938,3.4756732162637545
cs_base,SLV,El Salvador,Upper middle income,dd_bar,-0.03673303971115313,-0.029707501750327513
cs_base,STP,Sao Tome and Principe,Lower middle income,dd,0.003069919860202643,0.012802359601940467
cs_base,STP,Sao Tome and Principe,Lower middle income,dy_bar,-0.8590423294555404,-3.5824286352062913
cs_base,STP,Sao Tome and Principe,Lower middle income,dd_bar,0.0029812342739059692,0.012432517775775013
cs_base,SUR,Suriname,Upper middle income,dd,0.005562953162583742,0.00701172510512971
cs_base,SUR,Suriname,Upper middle income,dy_bar,2.1647030691910647,2.728461378658936
cs_base,SUR,Suriname,Upper middle income,dd_bar,-0.009457119542441706,-0.011920057670798895
cs_base,SVK,Slovakia,High income,dd,0.029167370128029207,0.021495672957249076
cs_base,SVK,Slovakia,High income,dy_bar,3.524543851951208,2.597506790378061
cs_base,SVK,Slovakia,High income,dd_bar,-0.013058850235591538,-0.009624068698336836
cs_base,SVN,Slovenia,High income,dd,4.7396503868960015e-4,3.7920974841045647e-4
cs_base,SVN,Slovenia,High income,dy_bar,2.214239906063833,1.7715681308906694
cs_base,SVN,Slovenia,High income,dd_bar,-0.0038998391829368735,-0.003120181689964765
cs_base,SWE,Sweden,High income,dd,0.020711332187644125,0.020777102352282556
cs_base,SWE,Sweden,High income,dy_bar,1.2307253508000384,1.2346335981408396
cs_base,SWE,Sweden,High income,dd_bar,-0.006516842174490107,-0.006537536825073453
cs_base,SWZ,Swaziland,Lower middle income,dd,0.0011193154450529314,0.004605592480013217
cs_base,SWZ,Swaziland,Lower middle income,dy_bar,-0.6683536327307777,-2.7500419819087027
cs_base,SWZ,Swaziland,Lower middle income,dd_bar,0.007675056990230477,0.031580181363625136
cs_base,SYC,Seychelles,High income,dd,-0.0017509067784246414,-0.006320642873323075
cs_base,SYC,Seychelles,High income,dy_bar,1.314094262970022,4.743782273542494
cs_base,SYC,Seychelles,High income,dd_bar,-0.01573855375833077,-0.05681500515893226
cs_base,SYR,Syrian Arab Republic,Low income,dd,4.152327941706838e-4,0.002875155335028044
cs_base,SYR,Syrian Arab Republic,Low income,dy_bar,-0.017924351367792486,-0.12411181194142847
cs_base,SYR,Syrian Arab Republic,Low income,dd_bar,-4.142521874859143e-4,-0.002868365417225646
cs_base,TCD,Chad,Low income,dd,-6.722511740562438e-4,-0.0028939482370293067
cs_base,TCD,Chad,Low income,dy_bar,0.09570867091435423,0.41201257825968535
cs_base,TCD,Chad,Low income,dd_bar,-0.0026816437852523107,-0.011544105245433513
cs_base,TGO,Togo,Low income,dd,-0.002016065933281095,-0.003756740368536747
cs_base,TGO,Togo,Low income,dy_bar,0.323614880162707,0.603024466659105
cs_base,TGO,Togo,Low income,dd_bar,-0.009218813028918702,-0.017178350412065946
cs_base,THA,Thailand,Upper middle income,dd,0.010875920636094868,0.00806939800783674
cs_base,THA,Thailand,Upper middle income,dy_bar,1.0766592086865292,0.7988281603361983
cs_base,THA,Thailand,Upper middle income,dd_bar,0.017033247380071677,0.01263783150638116
cs_base,TTO,Trinidad and Tobago,High income,dd,0.0017867632477848554,0.0026483086498103286
cs_base,TTO,Trinidad and Tobago,High income,dy_bar,1.3944089605134928,2.066768116077551
cs_base,TTO,Trinidad and Tobago,High income,dd_bar,-0.0085678545723347,-0.012699121387436948
cs_base,TUN,Tunisia,Lower middle income,dd,0.002851188338990775,0.007924207775460346
cs_base,TUN,Tunisia,Lower middle income,dy_bar,0.4500205177224548,1.250726245224204
cs_base,TUN,Tunisia,Lower middle income,dd_bar,0.010132360484610732,0.028160514210134508
cs_base,TUR,Turkey,Upper middle income,dd,-0.0040257393376223645,-0.006712478173969274
cs_base,TUR,Turkey,Upper middle income,dy_bar,-2.2232720524681224,-3.7070619519549384
cs_base,TUR,Turkey,Upper middle income,dd_bar,0.009985738450947836,0.016650122072369697
cs_base,TWN,Taiwan,High income,dd,-0.010364879997757724,-0.007440679538926986
cs_base,TWN,Taiwan,High income,dy_bar,2.2511413067558577,1.61603617832867
cs_base,TWN,Taiwan,High income,dd_bar,0.03241547423818027,0.023270231393013815
cs_base,TZA,Tanzania,Lower middle income,dd,-7.333520880841457e-4,-0.0024739745268953224
cs_base,TZA,Tanzania,Lower middle income,dy_bar,0.042029599685361796,0.1417874997381366
cs_base,TZA,Tanzania,Lower middle income,dd_bar,-0.005273479001621217,-0.017790162365544804
cs_base,UGA,Uganda,Low income,dd,0.0075960731496405275,0.017270003573826246
cs_base,UGA,Uganda,Low income,dy_bar,1.5811524359787383,3.594819017956551
cs_base,UGA,Uganda,Low income,dd_bar,-0.012421552628020846,-0.028240941609223795
cs_base,URY,Uruguay,High income,dd,0.02440048431938487,0.021150597175339615
cs_base,URY,Uruguay,High income,dy_bar,2.2619643577488615,1.960694563661351
cs_base,URY,Uruguay,High income,dd_bar,-0.005231405418730819,-0.004534637395888125
cs_base,USA,United States,High income,dd,0.03540181187951138,0.03634440944274845
cs_base,USA,United States,High income,dy_bar,0.5497768963849032,0.5644150839618607
cs_base,USA,United States,High income,dd_bar,-0.010806761888962294,-0.011094499348776165
cs_base,VCT,Saint Vincent and the Grenadines,Upper middle income,dd,0.0013604584054625537,0.00821087224035351
cs_base,VCT,Saint Vincent and the Grenadines,Upper middle income,dy_bar,0.06737460140346668,0.4066307666205486
cs_base,VCT,Saint Vincent and the Grenadines,Upper middle income,dd_bar,1.3152579990823293e-4,7.938070984166706e-4
cs_base,VEN,Venezuela,Upper middle income,dd,0.0057324324518825175,0.006465564824150283
cs_base,VEN,Venezuela,Upper middle income,dy_bar,1.8883707284094244,2.1298782775101848
cs_base,VEN,Venezuela,Upper middle income,dd_bar,-0.010700071525946384,-0.012068525299645139
cs_base,YEM,Yemen,Low income,dd,-0.0027022636861629332,-0.0023839816952873094
cs_base,YEM,Yemen,Low income,dy_bar,0.07591959791668534,0.06697752431552956
cs_base,YEM,Yemen,Low income,dd_bar,-0.049586962197713996,-0.04374643777717782
cs_base,ZAF,South Africa,Upper middle income,dd,-0.014555291673610913,-0.015627130948984717
cs_base,ZAF,South Africa,Upper middle income,dy_bar,0.0755891486820206,0.08115546917674142
cs_base,ZAF,South Africa,Upper middle income,dd_bar,-0.045301034028875455,-0.04863696357092826
cs_base,ZMB,Zambia,Lower middle income,dd,9.988447098529232e-4,0.0018449307925667731
cs_base,ZMB,Zambia,Lower middle income,dy_bar,0.09541031857277393,0.17622903032588053
cs_base,ZMB,Zambia,Lower middle income,dd_bar,-0.014013646872320307,-0.025884112290796173
cs_ctrl,ARE,United Arab Emirates,High income,dd,3.524538131781016e-4,8.22231927559036e-4
cs_ctrl,ARE,United Arab Emirates,High income,d_inf,-0.0036577464327663192,-0.008533078058701222
cs_ctrl,ARE,United Arab Emirates,High income,d_gov,-0.1859232323784077,-0.43373631386775663
cs_ctrl,ARE,United Arab Emirates,High income,d_log_gdp,-0.003907991671468787,-0.009116869799030123
cs_ctrl,ARE,United Arab Emirates,High income,dy_bar,1.2345609027711286,2.8800806029628108
cs_ctrl,ARE,United Arab Emirates,High income,dd_bar,-0.057575365642753396,-0.13431633338134852
cs_ctrl,ARE,United Arab Emirates,High income,d_inf_bar,0.001251516705551651,0.0029196364309387584
cs_ctrl,ARE,United Arab Emirates,High income,d_gov_bar,0.31667798268027486,0.738771261308877
cs_ctrl,ARE,United Arab Emirates,High income,d_log_gdp_bar,-0.1903663124845479,-0.4441014799785424
cs_ctrl,ARG,Argentina,Upper middle income,dd,0.010635146929436578,0.008697028917991097
cs_ctrl,ARG,Argentina,Upper middle income,d_inf,-7.805454024196095e-4,-6.383010955738601e-4
cs_ctrl,ARG,Argentina,Upper middle income,d_gov,0.11593816394102836,0.09480993268678183
cs_ctrl,ARG,Argentina,Upper middle income,d_log_gdp,-0.06214746100630255,-0.050821889827917174
cs_ctrl,ARG,Argentina,Upper middle income,dy_bar,2.0234984208137643,1.6547419982150586
cs_ctrl,ARG,Argentina,Upper middle income,dd_bar,-0.09451543874195212,-0.07729122215135407
cs_ctrl,ARG,Argentina,Upper middle income,d_inf_bar,0.0026766550312503365,0.0021888692619598626
cs_ctrl,ARG,Argentina,Upper middle income,d_gov_bar,-0.1851944737200276,-0.1514451755186564
cs_ctrl,ARG,Argentina,Upper middle income,d_log_gdp_bar,-0.4149924442434737,-0.33936543728827495
cs_ctrl,ATG,Antigua and Barbuda,High income,dd,0.008979377588105271,0.01537016754326363
cs_ctrl,ATG,Antigua and Barbuda,High income,d_inf,0.024199539497584157,0.04142280162495976
cs_ctrl,ATG,Antigua and Barbuda,High income,d_gov,0.019722019424803276,0.03375854727974408
cs_ctrl,ATG,Antigua and Barbuda,High income,d_log_gdp,0.008969704203595347,0.015353609431170773
cs_ctrl,ATG,Antigua and Barbuda,High income,dy_bar,-0.0023274465984378517,-0.003983933609538441
cs_ctrl,ATG,Antigua and Barbuda,High income,dd_bar,-0.01463601325015693,-0.02505273596227137
cs_ctrl,ATG,Antigua and Barbuda,High income,d_inf_bar,-7.795783682739355e-4,-0.0013344187852560086
cs_ctrl,ATG,Antigua and Barbuda,High income,d_gov_bar,-0.13719724721476392,-0.2348430785401959
cs_ctrl,ATG,Antigua and Barbuda,High income,d_log_gdp_bar,-0.01597342119425206,-0.027342002002454836
cs_ctrl,AUS,Australia,High income,dd,0.012658650904030198,0.009265074646493189
cs_ctrl,AUS,Australia,High income,d_inf,0.013211284203090937,0.009669556040818187
cs_ctrl,AUS,Australia,High income,d_gov,0.06963539923092611,0.05096729318188848
cs_ctrl,AUS,Australia,High income,d_log_gdp,0.04527144072975434,0.03313491152378061
cs_ctrl,AUS,Australia,High income,dy_bar,1.0801062072841778,0.7905474850754032
cs_ctrl,AUS,Australia,High income,dd_bar,0.004418648843859279,0.0032340817110268092
cs_ctrl,AUS,Australia,High income,d_inf_bar,-0.0046693062348220436,-0.0034175419751238194
cs_ctrl,AUS,Australia,High income,d_gov_bar,-0.31901746477948556,-0.23349412564777483
cs_ctrl,AUS,Australia,High income,d_log_gdp_bar,-0.0662329770370375,-0.048477004458054036
cs_ctrl,AUT,Austria,High income,dd,0.02568480185119083,0.018733743634969886
cs_ctrl,AUT,Austria,High income,d_inf,-0.013768194964936297,-0.010042118926350265
cs_ctrl,AUT,Austria,High income,d_gov,0.04475999038663764,0.03264662853406866
cs_ctrl,AUT,Austria,High income,d_log_gdp,-0.021463590750431572,-0.01565491565533933
cs_ctrl,AUT,Austria,High income,dy_bar,0.14031725467335454,0.1023433037110049
cs_ctrl,AUT,Austria,High income,dd_bar,-0.012229482318284364,-0.008919826902558506
cs_ctrl,AUT,Austria,High income,d_inf_bar,1.4086672789842964e-4,1.0274407341880624e-4
cs_ctrl,AUT,Austria,High income,d_gov_bar,0.02895026708611631,0.021115478519063
cs_ctrl,AUT,Austria,High income,d_log_gdp_bar,-0.019506728977030277,-0.014227637882111241
cs_ctrl,BDI,Burundi,Low income,dd,-2.946683374609444e-5,-7.090447388201261e-5
cs_ctrl,BDI,Burundi,Low income,d_inf,0.004369106858596803,0.010513149319416068
cs_ctrl,BDI,Burundi,Low income,d_gov,-0.127991150478795,-0.30797829398468346
cs_ctrl,BDI,Burundi,Low income,d_log_gdp,-0.061170987290755874,-0.1471924913299921
cs_ctrl,BDI,Burundi,Low income,dy_bar,0.2916705601611444,0.701831346838847
cs_ctrl,BDI,Burundi,Low income,dd_bar,-0.0023409331225431942,-0.005632862793373638
cs_ctrl,BDI,Burundi,Low income,d_inf_bar,-1.8426469322558618e-4,-4.4338632513994864e-4
cs_ctrl,BDI,Burundi,Low income,d_gov_bar,0.19383564766041061,0.46641640345095436
cs_ctrl,BDI,Burundi,Low income,d_log_gdp_bar,-0.019882583132772896,-0.047842401684283144
cs_ctrl,BEL,Belgium,High income,dd,-0.024527247978198573,-0.033529284451753225
cs_ctrl,BEL,Belgium,High income,d_inf,-0.18215310420017156,-0.24900727753582916
cs_ctrl,BEL,Belgium,High income,d_gov,-0.12363389839777596,-0.16901024325855274
cs_ctrl,BEL,Belgium,High income,d_log_gdp,-0.047721402059659745,-0.06523620038893299
cs_ctrl,BEL,Belgium,High income,dy_bar,-0.502685411741783,-0.6871819527008688
cs_ctrl,BEL,Belgium,High income,dd_bar,-0.023392839553827347,-0.03197852332359825
cs_ctrl,BEL,Belgium,High income,d_inf_bar,8.880047164479855e-4,0.0012139218700258666
cs_ctrl,BEL,Belgium,High income,d_gov_bar,0.0023693852837054726,0.0032390015065601185
cs_ctrl,BEL,Belgium,High income,d_log_gdp_bar,-0.06279812160190563,-0.08584640576462785
cs_ctrl,BEN,Benin,Lower middle income,dd,-0.007552013601825027,-0.022443992677911497
cs_ctrl,BEN,Benin,Lower middle income,d_inf,0.0018564721502498823,0.005517289764531908
cs_ctrl,BEN,Benin,Lower middle income,d_gov,0.026751941219167616,0.07950467312424048
cs_ctrl,BEN,Benin,Lower middle income,d_log_gdp,-0.008088427785883421,-0.02403817360158264
cs_ctrl,BEN,Benin,Lower middle income,dy_bar,-0.27791414964684874,-0.8259390764675678
cs_ctrl,BEN,Benin,Lower middle income,dd_bar,0.015887450699175503,0.0472162585984755
cs_ctrl,BEN,Benin,Lower middle income,d_inf_bar,-0.0013596679693055576,-0.004040826666428423
cs_ctrl,BEN,Benin,Lower middle income,d_gov_bar,-0.14368091749342415,-0.42700842850689724
cs_ctrl,BEN,Benin,Lower middle income,d_log_gdp_bar,0.10296866779709418,0.3060148124645588
cs_ctrl,BFA,Burkina Faso,Low income,dd,0.014988988481869454,0.0994289555438948
cs_ctrl,BFA,Burkina Faso,Low income,d_inf,-0.07208948623528448,-0.4782032043550105
cs_ctrl,BFA,Burkina Faso,Low income,d_gov,0.4084789282341978,2.7096313567218324
cs_ctrl,BFA,Burkina Faso,Low income,d_log_gdp,-0.014180091031893022,-0.09406316126827965
cs_ctrl,BFA,Burkina Faso,Low income,dy_bar,-1.3266786663060584,-8.80047871760901
cs_ctrl,BFA,Burkina Faso,Low income,dd_bar,-0.037605622924615625,-0.2494556463563132
cs_ctrl,BFA,Burkina Faso,Low income,d_inf_bar,-0.0031246257669040665,-0.02072710088773544
cs_ctrl,BFA,Burkina Faso,Low income,d_gov_bar,-0.5946073794238727,-3.944308234429594
cs_ctrl,BFA,Burkina Faso,Low income,d_log_gdp_bar,-0.04094316563952699,-0.2715951247225934
cs_ctrl,BGD,Bangladesh,Lower middle income,dd,-0.010415045117673521,-0.02023989252290702
cs_ctrl,BGD,Bangladesh,Lower middle income,d_inf,4.400322075625578e-4,8.551287572024577e-4
cs_ctrl,BGD,Bangladesh,Lower middle income,d_gov,0.12166923933141206,0.2364437503235428
cs_ctrl,BGD,Bangladesh,Lower middle income,d_log_gdp,-0.02249955203999162,-0.04372410392444915
cs_ctrl,BGD,Bangladesh,Lower middle income,dy_bar,0.15378625141671093,0.2988577740189639
cs_ctrl,BGD,Bangladesh,Lower middle income,dd_bar,0.009038360357071173,0.017564536700853735
cs_ctrl,BGD,Bangladesh,Lower middle income,d_inf_bar,1.1471093918792652e-4,2.2292146160995006e-4
cs_ctrl,BGD,Bangladesh,Lower middle income,d_gov_bar,-0.11492592746338524,-0.22333925524788503
cs_ctrl,BGD,Bangladesh,Lower middle income,d_log_gdp_bar,-0.04786584745668453,-0.09301924255682575
cs_ctrl,BGR,Bulgaria,Upper middle income,dd,0.00754790943102678,0.008353938779607975
cs_ctrl,BGR,Bulgaria,Upper middle income,d_inf,0.00426595294646277,0.004721507336183059
cs_ctrl,BGR,Bulgaria,Upper middle income,d_gov,-0.5790026114766513,-0.6408333875372286
cs_ctrl,BGR,Bulgaria,Upper middle income,d_log_gdp,0.038138914472712004,0.04221170902184481
cs_ctrl,BGR,Bulgaria,Upper middle income,dy_bar,-16.420322502606773,-18.173822855414905
cs_ctrl,BGR,Bulgaria,Upper middle income,dd_bar,0.07597356390381305,0.0840866610179701
cs_ctrl,BGR,Bulgaria,Upper middle income,d_inf_bar,-0.010664669599251178,-0.01180353285250947
cs_ctrl,BGR,Bulgaria,Upper middle income,d_gov_bar,-4.034797563436719,-4.465667234228659
cs_ctrl,BGR,Bulgaria,Upper middle income,d_log_gdp_bar,-0.3470343799533681,-0.38409363427606347
cs_ctrl,BHR,Bahrain,High income,dd,0.014742700184159676,0.02600659883062075
cs_ctrl,BHR,Bahrain,High income,d_inf,-0.06052325669187143,-0.10676497772093167
cs_ctrl,BHR,Bahrain,High income,d_gov,0.5142869783837536,0.9072188244734872
cs_ctrl,BHR,Bahrain,High income,d_log_gdp,0.0926431653799463,0.163425533066448
cs_ctrl,BHR,Bahrain,High income,dy_bar,-2.350070932065469,-4.145600954389434
cs_ctrl,BHR,Bahrain,High income,dd_bar,-0.018949309234124995,-0.033427192930285836
cs_ctrl,BHR,Bahrain,High income,d_inf_bar,-0.005686743956654165,-0.010031599834884088
cs_ctrl,BHR,Bahrain,High income,d_gov_bar,-1.0105239995980784,-1.7825969420783923
cs_ctrl,BHR,Bahrain,High income,d_log_gdp_bar,-0.28475368739761764,-0.5023146927756597
cs_ctrl,BHS,Bahamas,High income,dd,-0.002733260350823526,-0.0034715323365273245
cs_ctrl,BHS,Bahamas,High income,d_inf,-0.007367302156368645,-0.009357259970165406
cs_ctrl,BHS,Bahamas,High income,d_gov,0.036619736520927745,0.04651097340551854
cs_ctrl,BHS,Bahamas,High income,d_log_gdp,0.005169406623071931,0.006565698085528407
cs_ctrl,BHS,Bahamas,High income,dy_bar,1.4320500530646252,1.818856394430791
cs_ctrl,BHS,Bahamas,High income,dd_bar,-0.014126210853667427,-0.017941795320132674
cs_ctrl,BHS,Bahamas,High income,d_inf_bar,3.268747455363403e-4,4.151658105974596e-4
cs_ctrl,BHS,Bahamas,High income,d_gov_bar,0.11319512831880073,0.14376989304281912
cs_ctrl,BHS,Bahamas,High income,d_log_gdp_bar,-0.03395801857814858,-0.043130307562146246
cs_ctrl,BLZ,Belize,Upper middle income,dd,0.018111840870136994,0.02223812306901458
cs_ctrl,BLZ,Belize,Upper middle income,d_inf,4.812287218302204e-4,5.908633814274495e-4
cs_ctrl,BLZ,Belize,Upper middle income,d_gov,-0.03503887633043432,-0.043021515572220614
cs_ctrl,BLZ,Belize,Upper middle income,d_log_gdp,-0.011265357527790875,-0.013831857783850352
cs_ctrl,BLZ,Belize,Upper middle income,dy_bar,-0.4938521473158164,-0.6063627054063873
cs_ctrl,BLZ,Belize,Upper middle income,dd_bar,-0.027003821983044584,-0.03315589623928518
cs_ctrl,BLZ,Belize,Upper middle income,d_inf_bar,0.0012639660635471847,0.0015519257858854847
cs_ctrl,BLZ,Belize,Upper middle income,d_gov_bar,-0.46068146012333633,-0.5656349942168301
cs_ctrl,BLZ,Belize,Upper middle income,d_log_gdp_bar,-0.075375043163777,-0.09254716283269114
cs_ctrl,BOL,Bolivia,Lower middle income,dd,-0.003575278736634037,-0.004012132396356196
cs_ctrl,BOL,Bolivia,Lower middle income,d_inf,-3.22785306605406e-6,-3.622255720734532e-6
cs_ctrl,BOL,Bolivia,Lower middle income,d_gov,-0.006508741693634426,-0.007304027275123746
cs_ctrl,BOL,Bolivia,Lower middle income,d_log_gdp,-0.022109954690271893,-0.024811510382634423
cs_ctrl,BOL,Bolivia,Lower middle income,dy_bar,1.1967508927502557,1.342978654495598
cs_ctrl,BOL,Bolivia,Lower middle income,dd_bar,-0.020818835190391488,-0.023362632475589264
cs_ctrl,BOL,Bolivia,Lower middle income,d_inf_bar,0.0029516286303203063,0.003312280166684173
cs_ctrl,BOL,Bolivia,Lower middle income,d_gov_bar,0.15161329566683546,0.17013851508425912
cs_ctrl,BOL,Bolivia,Lower middle income,d_log_gdp_bar,-0.0412350370712764,-0.04627343496422643
cs_ctrl,BRA,Brazil,Upper middle income,dd,-0.001129262855621153,-0.0011218714430269302
cs_ctrl,BRA,Brazil,Upper middle income,d_inf,6.7353207656322e-5,6.691235781799238e-5
cs_ctrl,BRA,Brazil,Upper middle income,d_gov,0.04383352806110376,0.043546622590205364
cs_ctrl,BRA,Brazil,Upper middle income,d_log_gdp,-0.02650821822222077,-0.02633471284475898
cs_ctrl,BRA,Brazil,Upper middle income,dy_bar,1.0684260571591029,1.0614328422706725
cs_ctrl,BRA,Brazil,Upper middle income,dd_bar,0.05667683361846868,0.0563058643089559
cs_ctrl,BRA,Brazil,Upper middle income,d_inf_bar,-0.007209813791429256,-0.007162623088047219
cs_ctrl,BRA,Brazil,Upper middle income,d_gov_bar,0.35813586509247974,0.3557917430570203
cs_ctrl,BRA,Brazil,Upper middle income,d_log_gdp_bar,0.17618175026137706,0.17502858029632243
cs_ctrl,BRB,Barbados,High income,dd,-0.010171805842848772,-0.05143049417120309
cs_ctrl,BRB,Barbados,High income,d_inf,0.006333488014697067,0.03202326346528407
cs_ctrl,BRB,Barbados,High income,d_gov,0.021164769892824044,0.10701291308789729
cs_ctrl,BRB,Barbados,High income,d_log_gdp,0.007037125497781515,0.03558098212719273
cs_ctrl,BRB,Barbados,High income,dy_bar,-0.13203193422675377,-0.6675773927041408
cs_ctrl,BRB,Barbados,High income,dd_bar,-0.00216178303327497,-0.01093036687978267
cs_ctrl,BRB,Barbados,High income,d_inf_bar,-9.112755722455419e-4,-0.004607574478988302
cs_ctrl,BRB,Barbados,High income,d_gov_bar,-0.007763701415546253,-0.0392546816728646
cs_ctrl,BRB,Barbados,High income,d_log_gdp_bar,-0.010710513402884009,-0.05415429724554645
cs_ctrl,BTN,Bhutan,Lower middle income,dd,-0.0034518207094483733,-0.011212345293594411
cs_ctrl,BTN,Bhutan,Lower middle income,d_inf,0.005309621069119814,0.017246928452036875
cs_ctrl,BTN,Bhutan,Lower middle income,d_gov,0.0073347668523585366,0.02382508986389304
cs_ctrl,BTN,Bhutan,Lower middle income,d_log_gdp,0.004033353320733521,0.013101303320692145
cs_ctrl,BTN,Bhutan,Lower middle income,dy_bar,-0.24307171709605027,-0.7895554991392792
cs_ctrl,BTN,Bhutan,Lower middle income,dd_bar,0.021740357259232575,0.07061791816979167
cs_ctrl,BTN,Bhutan,Lower middle income,d_inf_bar,8.025355561235447e-4,0.0026068288370290228
cs_ctrl,BTN,Bhutan,Lower middle income,d_gov_bar,-0.06336315815527287,-0.20581880344622164
cs_ctrl,BTN,Bhutan,Lower middle income,d_log_gdp_bar,0.020072586174267982,0.06520059587836712
cs_ctrl,BWA,Botswana,Upper middle income,dd,-0.005853438273408465,-0.027870513566206307
cs_ctrl,BWA,Botswana,Upper middle income,d_inf,-0.00420408376974415,-0.020017290396725045
cs_ctrl,BWA,Botswana,Upper middle income,d_gov,-0.0026152949926143564,-0.012452444386817823
cs_ctrl,BWA,Botswana,Upper middle income,d_log_gdp,0.04682259627724809,0.22294073052386662
cs_ctrl,BWA,Botswana,Upper middle income,dy_bar,-1.3752307270397626,-6.548012440610703
cs_ctrl,BWA,Botswana,Upper middle income,dd_bar,0.009905532932140157,0.04716412424128261
cs_ctrl,BWA,Botswana,Upper middle income,d_inf_bar,-0.0018237422988398701,-0.0086835518044138
cs_ctrl,BWA,Botswana,Upper middle income,d_gov_bar,0.027075783771895134,0.12891841746387087
cs_ctrl,BWA,Botswana,Upper middle income,d_log_gdp_bar,-0.016094725131959708,-0.07663329383218091
cs_ctrl,CAF,Central African Republic,Low income,dd,0.0029428989426503625,0.016359695408739296
cs_ctrl,CAF,Central African Republic,Low income,d_inf,0.003996849042142157,0.022218647054618068
cs_ctrl,CAF,Central African Republic,Low income,d_gov,0.005414576024381226,0.030099849248157978
cs_ctrl,CAF,Central African Republic,Low income,d_log_gdp,0.005739394301734784,0.031905527317385156
cs_ctrl,CAF,Central African Republic,Low income,dy_bar,0.9423074073627173,5.238325360900574
cs_ctrl,CAF,Central African Republic,Low income,dd_bar,-0.020970452389135193,-0.11657560125416792
cs_ctrl,CAF,Central African Republic,Low income,d_inf_bar,-4.1683442352811247e-4,-0.002317199583705696
cs_ctrl,CAF,Central African Republic,Low income,d_gov_bar,0.10276068041857161,0.5712508191425053
cs_ctrl,CAF,Central African Republic,Low income,d_log_gdp_bar,-0.032153628588094986,-0.17874333445960314
cs_ctrl,CAN,Canada,High income,dd,0.01378111011854967,0.014706141902049845
cs_ctrl,CAN,Canada,High income,d_inf,0.15220410597398315,0.16242052790182568
cs_ctrl,CAN,Canada,High income,d_gov,-0.004992085502332571,-0.005327170101169958
cs_ctrl,CAN,Canada,High income,d_log_gdp,0.04644557600374451,0.04956315025116357
cs_ctrl,CAN,Canada,High income,dy_bar,1.1744799130635446,1.2533147267556537
cs_ctrl,CAN,Canada,High income,dd_bar,-0.013372547401443556,-0.014270155160636165
cs_ctrl,CAN,Canada,High income,d_inf_bar,-8.420447608697902e-4,-8.985654736595328e-4
cs_ctrl,CAN,Canada,High income,d_gov_bar,-0.16960736734668244,-0.18099195132880236
cs_ctrl,CAN,Canada,High income,d_log_gdp_bar,-0.05549720253146302,-0.05922235063603041
cs_ctrl,CHE,Switzerland,High income,dd,0.029831284971555024,0.038362642984241066
cs_ctrl,CHE,Switzerland,High income,d_inf,-0.27293623966555675,-0.3509924406452816
cs_ctrl,CHE,Switzerland,High income,d_gov,-1.2960628414647926,-1.666719892209292
cs_ctrl,CHE,Switzerland,High income,d_log_gdp,-0.006425507053184613,-0.008263118176407366
cs_ctrl,CHE,Switzerland,High income,dy_bar,-0.10895647687593968,-0.14011660668315176
cs_ctrl,CHE,Switzerland,High income,dd_bar,-0.026485277943957542,-0.034059721633555695
cs_ctrl,CHE,Switzerland,High income,d_inf_bar,-0.0018440825789649692,-0.00237146611946981
cs_ctrl,CHE,Switzerland,High income,d_gov_bar,0.21895474444957602,0.2815729426015057
cs_ctrl,CHE,Switzerland,High income,d_log_gdp_bar,-0.0010851512992638285,-0.0013954904026842383
cs_ctrl,CHL,Chile,High income,dd,-5.146469348630929e-4,-5.396929733941904e-4
cs_ctrl,CHL,Chile,High income,d_inf,0.012179135103657557,0.012771850354478583
cs_ctrl,CHL,Chile,High income,d_gov,0.21237876732236996,0.2227144876564629
cs_ctrl,CHL,Chile,High income,d_log_gdp,0.07921985086893862,0.0830751996583355
cs_ctrl,CHL,Chile,High income,dy_bar,1.2785263430900244,1.3407476794719744
cs_ctrl,CHL,Chile,High income,dd_bar,0.09259151444957946,0.09709761461546067
cs_ctrl,CHL,Chile,High income,d_inf_bar,-0.00802375072175672,-0.008414238172720556
cs_ctrl,CHL,Chile,High income,d_gov_bar,-0.09874959869968483,-0.10355539095534196
cs_ctrl,CHL,Chile,High income,d_log_gdp_bar,0.3016845240481179,0.31636643838917006
cs_ctrl,CIV,Cote d'Ivoire,Lower middle income,dd,-0.04403743185129211,-0.055252731733097984
cs_ctrl,CIV,Cote d'Ivoire,Lower middle income,d_inf,0.1336328975193778,0.1676660587812664
cs_ctrl,CIV,Cote d'Ivoire,Lower middle income,d_gov,-0.21242316743341563,-0.2665223604257271
cs_ctrl,CIV,Cote d'Ivoire,Lower middle income,d_log_gdp,-0.22170451957099574,-0.27816745502410983
cs_ctrl,CIV,Cote d'Ivoire,Lower middle income,dy_bar,-3.141251958216902,-3.9412550745357477
cs_ctrl,CIV,Cote d'Ivoire,Lower middle income,dd_bar,0.06444582386727603,0.08085866200103145
cs_ctrl,CIV,Cote d'Ivoire,Lower middle income,d_inf_bar,-0.002124531919548079,-0.0026656003148773414
cs_ctrl,CIV,Cote d'Ivoire,Lower middle income,d_gov_bar,0.491369727052265,0.6165100590394165
cs_ctrl,CIV,Cote d'Ivoire,Lower middle income,d_log_gdp_bar,0.05616184648715439,0.0704649500922049
cs_ctrl,COG,Congo,Lower middle income,dd,-2.219928616469559e-4,-7.931863689178253e-4
cs_ctrl,COG,Congo,Lower middle income,d_inf,-1.7647607196515642e-4,-6.305536749444516e-4
cs_ctrl,COG,Congo,Lower middle income,d_gov,-0.0010967109139408406,-0.003918577116072838
cs_ctrl,COG,Congo,Lower middle income,d_log_gdp,-2.296062691038983e-4,-8.203892752232896e-4
cs_ctrl,COG,Congo,Lower middle income,dy_bar,-0.023572603753914474,-0.08422553697803782
cs_ctrl,COG,Congo,Lower middle income,dd_bar,-0.002940295432885786,-0.010505753386184716
cs_ctrl,COG,Congo,Lower middle income,d_inf_bar,1.8642280072195413e-6,6.660935999973663e-6
cs_ctrl,COG,Congo,Lower middle income,d_gov_bar,0.02453307040134013,0.08765730972463091
cs_ctrl,COG,Congo,Lower middle income,d_log_gdp_bar,4.0013697557304053e-4,0.0014297000019274841
cs_ctrl,COL,Colombia,Upper middle income,dd,0.043189282388196186,0.029066711340688715
cs_ctrl,COL,Colombia,Upper middle income,d_inf,0.1535018689164676,0.10330791037339923
cs_ctrl,COL,Colombia,Upper middle income,d_gov,0.43810890922050993,0.2948505855141719
cs_ctrl,COL,Colombia,Upper middle income,d_log_gdp,0.1547060764778555,0.10411835110419274
cs_ctrl,COL,Colombia,Upper middle income,dy_bar,0.5918653493313935,0.3983298242129004
cs_ctrl,COL,Colombia,Upper middle income,dd_bar,-0.17494723731718007,-0.11774080433295711
cs_ctrl,COL,Colombia,Upper middle income,d_inf_bar,0.004165420389882165,0.002803359199096447
cs_ctrl,COL,Colombia,Upper middle income,d_gov_bar,-0.5276110352725785,-0.35508618838782424
cs_ctrl,COL,Colombia,Upper middle income,d_log_gdp_bar,-0.5824884578582017,-0.3920191058435968
cs_ctrl,COM,Comoros,Lower middle income,dd,0.0023188106674691244,0.007810664913654366
cs_ctrl,COM,Comoros,Lower middle income,d_inf,0.06548446626015723,0.22057739779412314
cs_ctrl,COM,Comoros,Lower middle income,d_gov,-0.011253335153014644,-0.03790565192507901
cs_ctrl,COM,Comoros,Lower middle income,d_log_gdp,-0.013977348040579618,-0.04708119703694803
cs_ctrl,COM,Comoros,Lower middle income,dy_bar,0.6128805833654926,2.064422479985254
cs_ctrl,COM,Comoros,Lower middle income,dd_bar,0.025789149334190707,0.08686798223048037
cs_ctrl,COM,Comoros,Lower middle income,d_inf_bar,9.297484435377685e-5,3.131757865505809e-4
cs_ctrl,COM,Comoros,Lower middle income,d_gov_bar,-0.08304764222292355,-0.279737071410099
cs_ctrl,COM,Comoros,Lower middle income,d_log_gdp_bar,-0.08113200293568092,-0.2732844460284784
cs_ctrl,CPV,Cabo Verde,Lower middle income,dd,3.6051059597133964e-4,0.002099033708319507
cs_ctrl,CPV,Cabo Verde,Lower middle income,d_inf,-0.0018724451012632594,-0.010902107811671013
cs_ctrl,CPV,Cabo Verde,Lower middle income,d_gov,0.00983651457788443,0.057272035557582014
cs_ctrl,CPV,Cabo Verde,Lower middle income,d_log_gdp,0.004363165301083333,0.025404055093770493
cs_ctrl,CPV,Cabo Verde,Lower middle income,dy_bar,-0.3853664212372139,-2.2437540457081964
cs_ctrl,CPV,Cabo Verde,Lower middle income,dd_bar,0.007726449023792312,0.04498640852110138
cs_ctrl,CPV,Cabo Verde,Lower middle income,d_inf_bar,5.671458330434772e-5,3.3021448867090903e-4
cs_ctrl,CPV,Cabo Verde,Lower middle income,d_gov_bar,-0.2053626786840448,-1.195701845675757
cs_ctrl,CPV,Cabo Verde,Lower middle income,d_log_gdp_bar,-0.00946494803261627,-0.055108629787772964
cs_ctrl,CRI,Costa Rica,Upper middle income,dd,0.0034429884710686807,0.002818880908523956
cs_ctrl,CRI,Costa Rica,Upper middle income,d_inf,-0.04860401352880413,-0.039793605748397805
cs_ctrl,CRI,Costa Rica,Upper middle income,d_gov,0.6148753942579342,0.5034174597328346
cs_ctrl,CRI,Costa Rica,Upper middle income,d_log_gdp,0.16783971003733594,0.13741554997702027
cs_ctrl,CRI,Costa Rica,Upper middle income,dy_bar,6.466320244301583,5.294175928334117
cs_ctrl,CRI,Costa Rica,Upper middle income,dd_bar,0.046021236417239694,0.03767900642518201
cs_ctrl,CRI,Costa Rica,Upper middle income,d_inf_bar,-0.0020272287909082623,-0.0016597547694162493
cs_ctrl,CRI,Costa Rica,Upper middle income,d_gov_bar,0.44457563178568216,0.3639877889125341
cs_ctrl,CRI,Costa Rica,Upper middle income,d_log_gdp_bar,0.08938271445438872,0.07318038658703906
cs_ctrl,CYP,Cyprus,High income,dd,-0.2629183538958713,-0.2232386257255783
cs_ctrl,CYP,Cyprus,High income,d_inf,-0.34207806850644795,-0.29045152904952387
cs_ctrl,CYP,Cyprus,High income,d_gov,-0.24090852445691935,-0.20455052729654286
cs_ctrl,CYP,Cyprus,High income,d_log_gdp,-0.25007995449785414,-0.2123378019692249
cs_ctrl,CYP,Cyprus,High income,dy_bar,1.2572936277612108,1.067542442115324
cs_ctrl,CYP,Cyprus,High income,dd_bar,0.6061725710052404,0.5146887986273649
cs_ctrl,CYP,Cyprus,High income,d_inf_bar,-0.005611513865962703,-0.004764622268149734
cs_ctrl,CYP,Cyprus,High income,d_gov_bar,-1.1020076347903773,-0.9356922644781627
cs_ctrl,CYP,Cyprus,High income,d_log_gdp_bar,1.34052766558153,1.1382147703924053
cs_ctrl,CZE,Czech Republic,High income,dd,0.7871579466512886,0.16280602927931268
cs_ctrl,CZE,Czech Republic,High income,d_inf,3.331617901484851,0.6890707054716576
cs_ctrl,CZE,Czech Republic,High income,d_gov,-8.377358924677157,-1.732669470182586
cs_ctrl,CZE,Czech Republic,High income,d_log_gdp,2.6681687359564443,0.5518510728326653
cs_ctrl,CZE,Czech Republic,High income,dy_bar,17.15622213849002,3.548381129459345
cs_ctrl,CZE,Czech Republic,High income,dd_bar,-0.4775774559371596,-0.0987762235078969
cs_ctrl,CZE,Czech Republic,High income,d_inf_bar,0.004369400653358238,9.037128745634378e-4
cs_ctrl,CZE,Czech Republic,High income,d_gov_bar,14.859562438609014,3.0733683979813424
cs_ctrl,CZE,Czech Republic,High income,d_log_gdp_bar,-1.4197588658970717,-0.2936453915940709
cs_ctrl,DEU,Germany,High income,dd,-0.019359256672346288,-0.028549980294256004
cs_ctrl,DEU,Germany,High income,d_inf,-0.08767935667544541,-0.1293047531557741
cs_ctrl,DEU,Germany,High income,d_gov,-0.15605827634825842,-0.23014627007155364
cs_ctrl,DEU,Germany,High income,d_log_gdp,-0.04945942694965216,-0.07294007660918239
cs_ctrl,DEU,Germany,High income,dy_bar,1.0803603993156436,1.5932568400322746
cs_ctrl,DEU,Germany,High income,dd_bar,-0.02563151474611485,-0.03779996584056972
cs_ctrl,DEU,Germany,High income,d_inf_bar,-0.0013989394863378958,-0.002063079974803752
cs_ctrl,DEU,Germany,High income,d_gov_bar,0.11156776559460728,0.16453408119487298
cs_ctrl,DEU,Germany,High income,d_log_gdp_bar,0.012793634048549938,0.018867356642870273
cs_ctrl,DMA,Dominica,Upper middle income,dd,-0.004702907389390721,-0.012251732002179586
cs_ctrl,DMA,Dominica,Upper middle income,d_inf,-0.02224635883737082,-0.05795487853208553
cs_ctrl,DMA,Dominica,Upper middle income,d_gov,-0.02893025497093668,-0.07536736348630495
cs_ctrl,DMA,Dominica,Upper middle income,d_log_gdp,0.005899139847843987,0.015368084989767668
cs_ctrl,DMA,Dominica,Upper middle income,dy_bar,0.2933201054846075,0.7641399299836164
cs_ctrl,DMA,Dominica,Upper middle income,dd_bar,0.005237263859787573,0.013643805399946621
cs_ctrl,DMA,Dominica,Upper middle income,d_inf_bar,2.4604540065560317e-4,6.409827069956162e-4
cs_ctrl,DMA,Dominica,Upper middle income,d_gov_bar,-0.06369163031532352,-0.16592561171108572
cs_ctrl,DMA,Dominica,Upper middle income,d_log_gdp_bar,-0.002259564946769356,-0.0058864829513310575
cs_ctrl,DNK,Denmark,High income,dd,0.0037836655267565623,0.00468005981471339
cs_ctrl,DNK,Denmark,High income,d_inf,-0.004414090755707617,-0.005459840099025277
cs_ctrl,DNK,Denmark,High income,d_gov,-0.17186932860765747,-0.21258716779016706
cs_ctrl,DNK,Denmark,High income,d_log_gdp,-0.10762327800996531,-0.1331204819718655
cs_ctrl,DNK,Denmark,High income,dy_bar,0.7070397007220163,0.8745456138647182
cs_ctrl,DNK,Denmark,High income,dd_bar,6.284813640842361e-4,7.773758952917435e-4
cs_ctrl,DNK,Denmark,High income,d_inf_bar,9.022033997707242e-4,0.0011159458588783525
cs_ctrl,DNK,Denmark,High income,d_gov_bar,-0.05476240727828464,-0.06773625730067274
cs_ctrl,DNK,Denmark,High income,d_log_gdp_bar,0.051648337445580304,0.06388442817328581
cs_ctrl,DZA,Algeria,Lower middle income,dd,0.026713155415474497,0.35047160600314453
cs_ctrl,DZA,Algeria,Lower middle income,d_inf,0.06575976440570012,0.8627558176187389
cs_ctrl,DZA,Algeria,Lower middle income,d_gov,0.3314958400821999,4.3491634608492955
cs_ctrl,DZA,Algeria,Lower middle income,d_log_gdp,0.06672701612738868,0.8754459794149422
cs_ctrl,DZA,Algeria,Lower middle income,dy_bar,0.9060564572951052,11.88729136557882
cs_ctrl,DZA,Algeria,Lower middle income,dd_bar,0.08868739416656755,1.1635620345990765
cs_ctrl,DZA,Algeria,Lower middle income,d_inf_bar,-0.003201233629509916,-0.04199958686556711
cs_ctrl,DZA,Algeria,Lower middle income,d_gov_bar,-0.05162945432020963,-0.6773687904420275
cs_ctrl,DZA,Algeria,Lower middle income,d_log_gdp_bar,0.3194776457408959,4.191486997453483
cs_ctrl,ECU,Ecuador,Upper middle income,dd,0.2338461398831152,4.3581727917454085
cs_ctrl,ECU,Ecuador,Upper middle income,d_inf,-0.0454628127632197,-0.8472869969968928
cs_ctrl,ECU,Ecuador,Upper middle income,d_gov,-0.4507654364502631,-8.40088128706643
cs_ctrl,ECU,Ecuador,Upper middle income,d_log_gdp,-0.3535752872191482,-6.589555839417657
cs_ctrl,ECU,Ecuador,Upper middle income,dy_bar,-0.4263717101568112,-7.9462572583159625
cs_ctrl,ECU,Ecuador,Upper middle income,dd_bar,-0.13027099662435193,-2.42785069415979
cs_ctrl,ECU,Ecuador,Upper middle income,d_inf_bar,-0.00810856246207086,-0.15111866426372855
cs_ctrl,ECU,Ecuador,Upper middle income,d_gov_bar,5.872246273515288,109.44060889119076
cs_ctrl,ECU,Ecuador,Upper middle income,d_log_gdp_bar,1.915223045771047,35.693866797951934
cs_ctrl,EGY,Egypt,Lower middle income,dd,-0.0035048288092113045,-0.0076654142000018065
cs_ctrl,EGY,Egypt,Lower middle income,d_inf,-0.0012017001857997998,-0.0026282395431597343
cs_ctrl,EGY,Egypt,Lower middle income,d_gov,0.022297467273894978,0.04876681046908317
cs_ctrl,EGY,Egypt,Lower middle income,d_log_gdp,0.005273997164676334,0.011534763880800401
cs_ctrl,EGY,Egypt,Lower middle income,dy_bar,0.9438894314750339,2.0643814135071907
cs_ctrl,EGY,Egypt,Lower middle income,dd_bar,-0.004089636313289432,-0.008944447211327934
cs_ctrl,EGY,Egypt,Lower middle income,d_inf_bar,4.250725117875976e-4,9.296764678844094e-4
cs_ctrl,EGY,Egypt,Lower middle income,d_gov_bar,-0.09289951400940512,-0.20318060956055894
cs_ctrl,EGY,Egypt,Lower middle income,d_log_gdp_bar,-0.0073810042626912,-0.016143000975342617
cs_ctrl,ESP,Spain,High income,dd,-0.01019270554727698,-0.014463343067402738
cs_ctrl,ESP,Spain,High income,d_inf,-0.22814809024671032,-0.32373976508057584
cs_ctrl,ESP,Spain,High income,d_gov,-0.4627057021746531,-0.656574574704883
cs_ctrl,ESP,Spain,High income,d_log_gdp,-3.334285491265396e-4,-4.731316402809101e-4
cs_ctrl,ESP,Spain,High income,dy_bar,1.0081546379128032,1.4305609364945802
cs_ctrl,ESP,Spain,High income,dd_bar,0.011861708927403021,0.016831641489784478
cs_ctrl,ESP,Spain,High income,d_inf_bar,2.023305473417934e-4,2.871049404543548e-4
cs_ctrl,ESP,Spain,High income,d_gov_bar,0.7676847789049168,1.089336709809234
cs_ctrl,ESP,Spain,High income,d_log_gdp_bar,0.024824958477892678,0.03522635765689434
cs_ctrl,ETH,Ethiopia,Low income,dd,0.024936595429498644,0.054580961599187856
cs_ctrl,ETH,Ethiopia,Low income,d_inf,0.0062081433434404585,0.01358831980045441
cs_ctrl,ETH,Ethiopia,Low income,d_gov,-0.08131607785942001,-0.17798378834791911
cs_ctrl,ETH,Ethiopia,Low income,d_log_gdp,-0.011589285706821781,-0.025366508427921913
cs_ctrl,ETH,Ethiopia,Low income,dy_bar,-2.9295629349275063,-6.412196985981943
cs_ctrl,ETH,Ethiopia,Low income,dd_bar,-0.02940431859533103,-0.06435986775498309
cs_ctrl,ETH,Ethiopia,Low income,d_inf_bar,-1.7203671525691671e-4,-3.7655217913109374e-4
cs_ctrl,ETH,Ethiopia,Low income,d_gov_bar,0.1892529175540877,0.4142348242669311
cs_ctrl,ETH,Ethiopia,Low income,d_log_gdp_bar,0.06410411471546675,0.1403104218267044
cs_ctrl,FIN,Finland,High income,dd,-8.80800266278425e-6,-1.0053821000910317e-5
cs_ctrl,FIN,Finland,High income,d_inf,0.008986109701025391,0.010257119790662577
cs_ctrl,FIN,Finland,High income,d_gov,-0.2907560377896344,-0.3318810484949218
cs_ctrl,FIN,Finland,High income,d_log_gdp,0.011977669031842511,0.013671810178157422
cs_ctrl,FIN,Finland,High income,dy_bar,-0.6008940223798347,-0.685885458124303
cs_ctrl,FIN,Finland,High income,dd_bar,0.002511380509951122,0.0028665942869097786
cs_ctrl,FIN,Finland,High income,d_inf_bar,-0.0023261374000295605,-0.0026551500877983972
cs_ctrl,FIN,Finland,High income,d_gov_bar,-0.346053327461827,-0.394999677483162
cs_ctrl,FIN,Finland,High income,d_log_gdp_bar,-0.08658808829707876,-0.09883524947467094
cs_ctrl,FJI,Fiji,Upper middle income,dd,-0.006933605224738645,-0.014977600943233613
cs_ctrl,FJI,Fiji,Upper middle income,d_inf,0.05616925242354213,0.12133379689370513
cs_ctrl,FJI,Fiji,Upper middle income,d_gov,-0.17470626786328275,-0.37739107975195707
cs_ctrl,FJI,Fiji,Upper middle income,d_log_gdp,0.00536578339245976,0.011590876577938123
cs_ctrl,FJI,Fiji,Upper middle income,dy_bar,0.8571145992306375,1.851492840130654
cs_ctrl,FJI,Fiji,Upper middle income,dd_bar,-0.02342924807910284,-0.050610601087697826
cs_ctrl,FJI,Fiji,Upper middle income,d_inf_bar,-0.003363667145894359,-0.007266012786150552
cs_ctrl,FJI,Fiji,Upper middle income,d_gov_bar,0.8816946397176243,1.904589321059375
cs_ctrl,FJI,Fiji,Upper middle income,d_log_gdp_bar,0.0016251750224224315,0.003510615640750074
cs_ctrl,FRA,France,High income,dd,-0.0044031305960288425,-0.0036140537155040374
cs_ctrl,FRA,France,High income,d_inf,-0.06378164659815254,-0.05235145582030079
cs_ctrl,FRA,France,High income,d_gov,-0.15951609703857209,-0.13092951267557126
cs_ctrl,FRA,France,High income,d_log_gdp,0.04814349555069063,0.03951578886378001
cs_ctrl,FRA,France,High income,dy_bar,1.7979925015052842,1.4757775947808853
cs_ctrl,FRA,France,High income,dd_bar,-0.03218040676130462,-0.026413415656355056
cs_ctrl,FRA,France,High income,d_inf_bar,7.69421312506243e-4,6.315347438840684e-4
cs_ctrl,FRA,France,High income,d_gov_bar,-0.056072588634263676,-0.046023923858710514
cs_ctrl,FRA,France,High income,d_log_gdp_bar,-0.13558090447906956,-0.11128370165216186
cs_ctrl,GAB,Gabon,Upper middle income,dd,3.7585029610553045e-4,0.006117685796036546
cs_ctrl,GAB,Gabon,Upper middle income,d_inf,-7.282059706690142e-4,-0.011852951479649725
cs_ctrl,GAB,Gabon,Upper middle income,d_gov,-0.0014659374341793171,-0.023860948659300805
cs_ctrl,GAB,Gabon,Upper middle income,d_log_gdp,0.00316722135996694,0.05155261370695563
cs_ctrl,GAB,Gabon,Upper middle income,dy_bar,0.07703887986856524,1.2539558063356078
cs_ctrl,GAB,Gabon,Upper middle income,dd_bar,0.003890025300657125,0.06331763676825986
cs_ctrl,GAB,Gabon,Upper middle income,d_inf_bar,0.001242852823381781,0.020229817943343532
cs_ctrl,GAB,Gabon,Upper middle income,d_gov_bar,-0.02031410333418528,-0.3306510669659554
cs_ctrl,GAB,Gabon,Upper middle income,d_log_gdp_bar,-0.019030736956386723,-0.3097618130743883
cs_ctrl,GBR,United Kingdom,High income,dd,-0.014296752377873458,-0.010885382578412163
cs_ctrl,GBR,United Kingdom,High income,d_inf,-0.023611912235700867,-0.017977837994262433
cs_ctrl,GBR,United Kingdom,High income,d_gov,-0.22658244181948312,-0.17251726123291466
cs_ctrl,GBR,United Kingdom,High income,d_log_gdp,-0.023544156093773954,-0.0179262492482719
cs_ctrl,GBR,United Kingdom,High income,dy_bar,0.8054710619326867,0.613276388457766
cs_ctrl,GBR,United Kingdom,High income,dd_bar,-0.029995414437004722,-0.022838163039751145
cs_ctrl,GBR,United Kingdom,High income,d_inf_bar,-4.694991921089711e-4,-3.5747127678249384e-4
cs_ctrl,GBR,United Kingdom,High income,d_gov_bar,-0.33612314481145983,-0.2559202907084272
cs_ctrl,GBR,United Kingdom,High income,d_log_gdp_bar,-0.08056476504255573,-0.06134108409021419
cs_ctrl,GHA,Ghana,Lower middle income,dd,-0.004456376656684578,-0.012532692517501795
cs_ctrl,GHA,Ghana,Lower middle income,d_inf,-2.5073331872168235e-4,-7.051386876641288e-4
cs_ctrl,GHA,Ghana,Lower middle income,d_gov,-0.03807631034836425,-0.10708221646418091
cs_ctrl,GHA,Ghana,Lower middle income,d_log_gdp,0.011133501538754162,0.03131080745139428
cs_ctrl,GHA,Ghana,Lower middle income,dy_bar,0.05013645456996644,0.14099902621574145
cs_ctrl,GHA,Ghana,Lower middle income,dd_bar,0.025673035909729903,0.0722004197209851
cs_ctrl,GHA,Ghana,Lower middle income,d_inf_bar,1.2952045715171727e-4,3.6425109214542584e-4
cs_ctrl,GHA,Ghana,Lower middle income,d_gov_bar,-0.1791622050958272,-0.5038588522035075
cs_ctrl,GHA,Ghana,Lower middle income,d_log_gdp_bar,-0.008110345346378868,-0.022808768707746226
cs_ctrl,GIN,Guinea,Lower middle income,dd,0.07541121764546485,0.04286872334173149
cs_ctrl,GIN,Guinea,Lower middle income,d_inf,-0.0937932944542544,-0.05331831147684427
cs_ctrl,GIN,Guinea,Lower middle income,d_gov,1.3492936923320706,0.7670277686705074
cs_ctrl,GIN,Guinea,Lower middle income,d_log_gdp,0.13498191935203954,0.07673264982993533
cs_ctrl,GIN,Guinea,Lower middle income,dy_bar,-6.984321923291741,-3.9703504811023262
cs_ctrl,GIN,Guinea,Lower middle income,dd_bar,-0.30349833376443314,-0.17252852441650515
cs_ctrl,GIN,Guinea,Lower middle income,d_inf_bar,0.020256974679613803,0.011515404079051467
cs_ctrl,GIN,Guinea,Lower middle income,d_gov_bar,-9.717935538616512,-5.524317244369349
cs_ctrl,GIN,Guinea,Lower middle income,d_log_gdp_bar,-1.3277432969893692,-0.7547770987477049
cs_ctrl,GMB,Gambia,Low income,dd,-0.006441212121155702,-0.018724200179982053
cs_ctrl,GMB,Gambia,Low income,d_inf,-5.556038187974466e-4,-0.0016151055000590924
cs_ctrl,GMB,Gambia,Low income,d_gov,-0.057207029124613326,-0.1662972504062067
cs_ctrl,GMB,Gambia,Low income,d_log_gdp,0.018838726159792995,0.05476299695103643
cs_ctrl,GMB,Gambia,Low income,dy_bar,0.5510755875329216,1.6019422154065437
cs_ctrl,GMB,Gambia,Low income,dd_bar,-0.015189687242720915,-0.044155469382833414
cs_ctrl,GMB,Gambia,Low income,d_inf_bar,-1.8493218627821013e-4,-5.375862819704262e-4
cs_ctrl,GMB,Gambia,Low income,d_gov_bar,0.05793836207328197,0.16842318947971002
cs_ctrl,GMB,Gambia,Low income,d_log_gdp_bar,-0.09362929751928495,-0.27217450325912196
cs_ctrl,GNB,Guinea-Bissau,Low income,dd,0.051913022072229004,0.17262388048475866
cs_ctrl,GNB,Guinea-Bissau,Low income,d_inf,-0.0971169545174009,-0.3229383472672818
cs_ctrl,GNB,Guinea-Bissau,Low income,d_gov,-0.15069902912078367,-0.5011122480197837
cs_ctrl,GNB,Guinea-Bissau,Low income,d_log_gdp,0.03268373184322727,0.10868164468736184
cs_ctrl,GNB,Guinea-Bissau,Low income,dy_bar,-2.3925943856256784,-7.9559792665913225
cs_ctrl,GNB,Guinea-Bissau,Low income,dd_bar,-0.0619016550440523,-0.2058386022540881
cs_ctrl,GNB,Guinea-Bissau,Low income,d_inf_bar,-7.367685123914656e-4,-0.0024499409695517434
cs_ctrl,GNB,Guinea-Bissau,Low income,d_gov_bar,0.7856611798001272,2.612521409650007
cs_ctrl,GNB,Guinea-Bissau,Low income,d_log_gdp_bar,0.2673433826699909,0.8889841179772807
cs_ctrl,GNQ,Equatorial Guinea,Upper middle income,dd,0,0
cs_ctrl,GNQ,Equatorial Guinea,Upper middle income,d_inf,0,0
cs_ctrl,GNQ,Equatorial Guinea,Upper middle income,d_gov,0,0
cs_ctrl,GNQ,Equatorial Guinea,Upper middle income,d_log_gdp,0,0
cs_ctrl,GNQ,Equatorial Guinea,Upper middle income,dy_bar,0,0
cs_ctrl,GNQ,Equatorial Guinea,Upper middle income,dd_bar,0,0
cs_ctrl,GNQ,Equatorial Guinea,Upper middle income,d_inf_bar,0,0
cs_ctrl,GNQ,Equatorial Guinea,Upper middle income,d_gov_bar,0,0
cs_ctrl,GNQ,Equatorial Guinea,Upper middle income,d_log_gdp_bar,0,0
cs_ctrl,GRC,Greece,High income,dd,0.010322187525645137,0.013168442240083029
cs_ctrl,GRC,Greece,High income,d_inf,-0.016573299248116853,-0.021143244427038053
cs_ctrl,GRC,Greece,High income,d_gov,-0.1278174435719735,-0.16306200781286498
cs_ctrl,GRC,Greece,High income,d_log_gdp,0.012254123765015546,0.01563309333428822
cs_ctrl,GRC,Greece,High income,dy_bar,0.9960548972482581,1.2707084956340922
cs_ctrl,GRC,Greece,High income,dd_bar,-0.010646157056989364,-0.013581743592190231
cs_ctrl,GRC,Greece,High income,d_inf_bar,-5.024573775301285e-4,-6.410056916395299e-4
cs_ctrl,GRC,Greece,High income,d_gov_bar,0.13101051060825733,0.1671355357091128
cs_ctrl,GRC,Greece,High income,d_log_gdp_bar,-0.010941817161500564,-0.01395892943572191
cs_ctrl,GRD,Grenada,Upper middle income,dd,0.0020821626183751083,0.009073603051075746
cs_ctrl,GRD,Grenada,Upper middle income,d_inf,0.05435417732650112,0.23686345383211718
cs_ctrl,GRD,Grenada,Upper middle income,d_gov,0.007411656539620531,0.03229835594873358
cs_ctrl,GRD,Grenada,Upper middle income,d_log_gdp,0.0010897295414773016,0.004748799735974562
cs_ctrl,GRD,Grenada,Upper middle income,dy_bar,0.2789186239249265,1.215465523544007
cs_ctrl,GRD,Grenada,Upper middle income,dd_bar,-0.003369662877979491,-0.01468424372856703
cs_ctrl,GRD,Grenada,Upper middle income,d_inf_bar,-6.361322712384063e-4,-0.002772123400092999
cs_ctrl,GRD,Grenada,Upper middle income,d_gov_bar,9.48325264634127e-4,0.004132591248473878
cs_ctrl,GRD,Grenada,Upper middle income,d_log_gdp_bar,-0.012592080248743882,-0.05487349391257279
cs_ctrl,GTM,Guatemala,Upper middle income,dd,0.001452183007688742,0.0017322366215747765
cs_ctrl,GTM,Guatemala,Upper middle income,d_inf,-4.2554133591803014e-4,-5.076070179641315e-4
cs_ctrl,GTM,Guatemala,Upper middle income,d_gov,0.2162743102369448,0.25798282896487357
cs_ctrl,GTM,Guatemala,Upper middle income,d_log_gdp,0.03232769068906627,0.038562088528820794
cs_ctrl,GTM,Guatemala,Upper middle income,dy_bar,1.9722072546722953,2.3525475878664537
cs_ctrl,GTM,Guatemala,Upper middle income,dd_bar,-0.014658254757422284,-0.017485100407277285
cs_ctrl,GTM,Guatemala,Upper middle income,d_inf_bar,0.004271707890694325,0.005095507112913878
cs_ctrl,GTM,Guatemala,Upper middle income,d_gov_bar,0.03694762623747021,0.04407297903221371
cs_ctrl,GTM,Guatemala,Upper middle income,d_log_gdp_bar,-0.049383643380336524,-0.05890728311602933
cs_ctrl,GUY,Guyana,High income,dd,-0.00331639359821565,-0.003358212750584022
cs_ctrl,GUY,Guyana,High income,d_inf,0.001745854053230553,0.0017678689722993484
cs_ctrl,GUY,Guyana,High income,d_gov,0.017401557730068472,0.0176209883774296
cs_ctrl,GUY,Guyana,High income,d_log_gdp,-0.004738556665206333,-0.004798309049029245
cs_ctrl,GUY,Guyana,High income,dy_bar,1.0700247460685133,1.083517573915559
cs_ctrl,GUY,Guyana,High income,dd_bar,-0.019527862879546755,-0.019774105868807085
cs_ctrl,GUY,Guyana,High income,d_inf_bar,0.002690266288008573,0.002724190082780779
cs_ctrl,GUY,Guyana,High income,d_gov_bar,0.11589455977398462,0.11735597022190652
cs_ctrl,GUY,Guyana,High income,d_log_gdp_bar,-0.0681932971478002,-0.06905320288560524
cs_ctrl,HND,Honduras,Lower middle income,dd,8.313665630920182e-6,8.363892621003064e-6
cs_ctrl,HND,Honduras,Lower middle income,d_inf,0.006367302796178647,0.006405770840071215
cs_ctrl,HND,Honduras,Lower middle income,d_gov,0.12143571025768268,0.12216936379699939
cs_ctrl,HND,Honduras,Lower middle income,d_log_gdp,0.006891257940712624,0.006932891458298348
cs_ctrl,HND,Honduras,Lower middle income,dy_bar,2.0669942735107916,2.0794820142362394
cs_ctrl,HND,Honduras,Lower middle income,dd_bar,-0.00480487182325846,-0.00483390044434213
cs_ctrl,HND,Honduras,Lower middle income,d_inf_bar,0.004953041083154948,0.004982964868451109
cs_ctrl,HND,Honduras,Lower middle income,d_gov_bar,0.06385069223904229,0.06423644603625393
cs_ctrl,HND,Honduras,Lower middle income,d_log_gdp_bar,-0.01440243656911034,-0.014489448853563493
cs_ctrl,HTI,Haiti,Lower middle income,dd,0.003140783572276886,0.003514359981462815
cs_ctrl,HTI,Haiti,Lower middle income,d_inf,5.995569360178209e-4,6.708704544777009e-4
cs_ctrl,HTI,Haiti,Lower middle income,d_gov,-0.044466480840083575,-0.04975548845843751
cs_ctrl,HTI,Haiti,Lower middle income,d_log_gdp,0.016064559698558453,0.017975337817851097
cs_ctrl,HTI,Haiti,Lower middle income,dy_bar,0.6411242732503264,0.7173819644700895
cs_ctrl,HTI,Haiti,Lower middle income,dd_bar,-0.025963709688289063,-0.02905192930332781
cs_ctrl,HTI,Haiti,Lower middle income,d_inf_bar,0.004263686617016966,0.004770825265581854
cs_ctrl,HTI,Haiti,Lower middle income,d_gov_bar,0.011851264728088024,0.013260897967547884
cs_ctrl,HTI,Haiti,Lower middle income,d_log_gdp_bar,-0.0689975726091048,-0.07720439897096354
cs_ctrl,HUN,Hungary,High income,dd,-0.006467976938994698,-0.00839673295755999
cs_ctrl,HUN,Hungary,High income,d_inf,0.1413737061075921,0.18353146101206155
cs_ctrl,HUN,Hungary,High income,d_gov,-0.535593103330768,-0.6953074052360934
cs_ctrl,HUN,Hungary,High income,d_log_gdp,-0.0057920604567707895,-0.007519257626961543
cs_ctrl,HUN,Hungary,High income,dy_bar,4.380277229950794,5.6864794860715815
cs_ctrl,HUN,Hungary,High income,dd_bar,0.003099760226792564,0.004024111264207476
cs_ctrl,HUN,Hungary,High income,d_inf_bar,-0.0027567065942171363,-0.0035787587575387544
cs_ctrl,HUN,Hungary,High income,d_gov_bar,0.7634469402749321,0.9911074429018014
cs_ctrl,HUN,Hungary,High income,d_log_gdp_bar,0.14466135877189465,0.18779949439247273
cs_ctrl,IDN,Indonesia,Upper middle income,dd,-0.005810798638552623,-0.003092645654285036
cs_ctrl,IDN,Indonesia,Upper middle income,d_inf,0.04498767593320259,0.023943514330047027
cs_ctrl,IDN,Indonesia,Upper middle income,d_gov,1.7078711323580449,0.9089697585668866
cs_ctrl,IDN,Indonesia,Upper middle income,d_log_gdp,0.1029700116071679,0.05480309656675838
cs_ctrl,IDN,Indonesia,Upper middle income,dy_bar,6.608866266784605,3.5173962842418125
cs_ctrl,IDN,Indonesia,Upper middle income,dd_bar,-0.34237873441261374,-0.18222213003142793
cs_ctrl,IDN,Indonesia,Upper middle income,d_inf_bar,0.006193949118143567,0.00329656747972611
cs_ctrl,IDN,Indonesia,Upper middle income,d_gov_bar,2.6955472761512214,1.4346345636897508
cs_ctrl,IDN,Indonesia,Upper middle income,d_log_gdp_bar,-0.7214273789435386,-0.3839608610026994
cs_ctrl,IND,India,Lower middle income,dd,-0.012497365659748216,-0.012290473372712185
cs_ctrl,IND,India,Lower middle income,d_inf,-0.008150890991473118,-0.008015954035596193
cs_ctrl,IND,India,Lower middle income,d_gov,-0.3341786744961275,-0.3286463893628008
cs_ctrl,IND,India,Lower middle income,d_log_gdp,0.11248704066998777,0.11062483212622355
cs_ctrl,IND,India,Lower middle income,dy_bar,0.5576052242841945,0.5483741412498744
cs_ctrl,IND,India,Lower middle income,dd_bar,0.015247995393206204,0.014995566783409181
cs_ctrl,IND,India,Lower middle income,d_inf_bar,-6.634242048324105e-4,-6.52441302135171e-4
cs_ctrl,IND,India,Lower middle income,d_gov_bar,0.25393622556613177,0.24973234389226126
cs_ctrl,IND,India,Lower middle income,d_log_gdp_bar,-0.015915005843784205,-0.01565153496145118
cs_ctrl,IRL,Ireland,High income,dd,-0.047116134813930656,-0.036998004119312346
cs_ctrl,IRL,Ireland,High income,d_inf,0.06595466920025439,0.051790986938882184
cs_ctrl,IRL,Ireland,High income,d_gov,0.08497027722066451,0.06672301705231903
cs_ctrl,IRL,Ireland,High income,d_log_gdp,-0.004541395900227282,-0.0035661368422428095
cs_ctrl,IRL,Ireland,High income,dy_bar,-0.302583842293421,-0.23760434271232628
cs_ctrl,IRL,Ireland,High income,dd_bar,0.06511940074048346,0.05113509133035278
cs_ctrl,IRL,Ireland,High income,d_inf_bar,4.647779129151566e-4,3.649674406550879e-4
cs_ctrl,IRL,Ireland,High income,d_gov_bar,-0.2397993859381377,-0.18830276939704757
cs_ctrl,IRL,Ireland,High income,d_log_gdp_bar,-0.0057474370655967956,-0.004513182184154187
cs_ctrl,IRN,Iran,Lower middle income,dd,-0.013564581860829735,-0.008750125296802816
cs_ctrl,IRN,Iran,Lower middle income,d_inf,0.010802618904109253,0.006968461683107474
cs_ctrl,IRN,Iran,Lower middle income,d_gov,-0.15698456317716936,-0.10126626913806433
cs_ctrl,IRN,Iran,Lower middle income,d_log_gdp,-0.015587145222908608,-0.010054823297853498
cs_ctrl,IRN,Iran,Lower middle income,dy_bar,-0.21748475674911916,-0.14029322033101493
cs_ctrl,IRN,Iran,Lower middle income,dd_bar,-0.08773413132658027,-0.05659478853016201
cs_ctrl,IRN,Iran,Lower middle income,d_inf_bar,0.006187279463534504,0.003991237703286649
cs_ctrl,IRN,Iran,Lower middle income,d_gov_bar,-0.30597919481846503,-0.19737846107942145
cs_ctrl,IRN,Iran,Lower middle income,d_log_gdp_bar,-0.19540735867152176,-0.12605171982710228
cs_ctrl,ISL,Iceland,High income,dd,-0.026646890066091566,-0.023601587231465052
cs_ctrl,ISL,Iceland,High income,d_inf,-0.0019405660782713962,-0.001718791178300612
cs_ctrl,ISL,Iceland,High income,d_gov,0.1625926696586734,0.14401099215060553
cs_ctrl,ISL,Iceland,High income,d_log_gdp,-0.09352820126276103,-0.08283946063612244
cs_ctrl,ISL,Iceland,High income,dy_bar,3.295201512459458,2.9186139826700868
cs_ctrl,ISL,Iceland,High income,dd_bar,-0.04342557996481051,-0.03846274785066374
cs_ctrl,ISL,Iceland,High income,d_inf_bar,-0.0022276897649772406,-0.0019731013331141783
cs_ctrl,ISL,Iceland,High income,d_gov_bar,0.09481063330329209,0.08397533171143172
cs_ctrl,ISL,Iceland,High income,d_log_gdp_bar,-0.09047426355795088,-0.08013453796181544
cs_ctrl,ISR,Israel,High income,dd,-0.002416003088564469,-0.012725883955197864
cs_ctrl,ISR,Israel,High income,d_inf,2.1080034912198162e-4,0.0011103548639234079
cs_ctrl,ISR,Israel,High income,d_gov,0.011638118736719551,0.06130180429045213
cs_ctrl,ISR,Israel,High income,d_log_gdp,-0.01334142339268767,-0.07027367088068812
cs_ctrl,ISR,Israel,High income,dy_bar,-0.03256179920764837,-0.1715137203467733
cs_ctrl,ISR,Israel,High income,dd_bar,-0.008794315534700942,-0.04632255624577678
cs_ctrl,ISR,Israel,High income,d_inf_bar,-2.758552323711008e-4,-0.0014530203592060082
cs_ctrl,ISR,Israel,High income,d_gov_bar,-0.10663969168130816,-0.5617063768576361
cs_ctrl,ISR,Israel,High income,d_log_gdp_bar,-0.04767815529675556,-0.25113654629677146
cs_ctrl,ITA,Italy,High income,dd,-0.02914175440663217,-0.041941854161315115
cs_ctrl,ITA,Italy,High income,d_inf,-0.06822806994068203,-0.09819627601105714
cs_ctrl,ITA,Italy,High income,d_gov,-0.004523739132776483,-0.006510726990670304
cs_ctrl,ITA,Italy,High income,d_log_gdp,-0.014298362538589248,-0.020578714238379554
cs_ctrl,ITA,Italy,High income,dy_bar,0.3900248384188574,0.5613376828311791
cs_ctrl,ITA,Italy,High income,dd_bar,0.004762427116807366,0.00685425526548149
cs_ctrl,ITA,Italy,High income,d_inf_bar,-5.065029991820739e-4,-7.289772135039526e-4
cs_ctrl,ITA,Italy,High income,d_gov_bar,-0.23731851154737982,-0.34155728108240846
cs_ctrl,ITA,Italy,High income,d_log_gdp_bar,-0.06717612392680543,-0.09668227772241779
cs_ctrl,JAM,Jamaica,Upper middle income,dd,-0.0021386928616883975,-0.0024891484484226866
cs_ctrl,JAM,Jamaica,Upper middle income,d_inf,0.008396086687264942,0.00977190625395787
cs_ctrl,JAM,Jamaica,Upper middle income,d_gov,0.011583190697757428,0.013481263097472197
cs_ctrl,JAM,Jamaica,Upper middle income,d_log_gdp,0.024319234150809773,0.028304290455959755
cs_ctrl,JAM,Jamaica,Upper middle income,dy_bar,1.9147340771737533,2.2284907958109117
cs_ctrl,JAM,Jamaica,Upper middle income,dd_bar,-0.010661202650935005,-0.01240819404799656
cs_ctrl,JAM,Jamaica,Upper middle income,d_inf_bar,0.003805177295416035,0.004428710326073018
cs_ctrl,JAM,Jamaica,Upper middle income,d_gov_bar,0.26925276344829796,0.31337370146817256
cs_ctrl,JAM,Jamaica,Upper middle income,d_log_gdp_bar,-0.02643236903492406,-0.030763692884576123
cs_ctrl,JOR,Jordan,Lower middle income,dd,0.020556373525314718,0.0500405353383935
cs_ctrl,JOR,Jordan,Lower middle income,d_inf,0.13287866309151306,0.3234675332183886
cs_ctrl,JOR,Jordan,Lower middle income,d_gov,-0.18540775680396046,-0.4513395028036107
cs_ctrl,JOR,Jordan,Lower middle income,d_log_gdp,0.0025607878003195937,0.006233745084375611
cs_ctrl,JOR,Jordan,Lower middle income,dy_bar,-1.429224920956033,-3.4791730202576217
cs_ctrl,JOR,Jordan,Lower middle income,dd_bar,-0.05076053230674987,-0.12356674719709312
cs_ctrl,JOR,Jordan,Lower middle income,d_inf_bar,4.7513464370095256e-4,0.0011566238519324877
cs_ctrl,JOR,Jordan,Lower middle income,d_gov_bar,-0.3677615306851679,-0.8952446719111211
cs_ctrl,JOR,Jordan,Lower middle income,d_log_gdp_bar,-0.14028378400847882,-0.3414938749986725
cs_ctrl,JPN,Japan,High income,dd,0.001345227284130869,0.0019135132533283639
cs_ctrl,JPN,Japan,High income,d_inf,-0.029005573192447336,-0.04125886337489299
cs_ctrl,JPN,Japan,High income,d_gov,0.051382648213070994,0.07308904562573176
cs_ctrl,JPN,Japan,High income,d_log_gdp,2.3076833784478612e-4,3.2825551349105497e-4
cs_ctrl,JPN,Japan,High income,dy_bar,1.2303602980548602,1.7501211612862102
cs_ctrl,JPN,Japan,High income,dd_bar,0.027194813937190566,0.038683156002321036
cs_ctrl,JPN,Japan,High income,d_inf_bar,3.736743347114748e-4,5.315315860256556e-4
cs_ctrl,JPN,Japan,High income,d_gov_bar,-0.002496069148931912,-0.003550523732345448
cs_ctrl,JPN,Japan,High income,d_log_gdp_bar,0.07210504372466167,0.10256553552443308
cs_ctrl,KAZ,Kazakhstan,Upper middle income,dd,0.06101041465905459,0.04508580098229817
cs_ctrl,KAZ,Kazakhstan,Upper middle income,d_inf,-0.1495578079242031,-0.11052102499386429
cs_ctrl,KAZ,Kazakhstan,Upper middle income,d_gov,-0.5268085228766332,-0.3893037664294807
cs_ctrl,KAZ,Kazakhstan,Upper middle income,d_log_gdp,-0.2891164780721994,-0.21365283392860235
cs_ctrl,KAZ,Kazakhstan,Upper middle income,dy_bar,-10.082309439197754,-7.450678697364883
cs_ctrl,KAZ,Kazakhstan,Upper middle income,dd_bar,-0.5077955743296089,-0.3752534765065521
cs_ctrl,KAZ,Kazakhstan,Upper middle income,d_inf_bar,0.0029188625722633213,0.002156996600714175
cs_ctrl,KAZ,Kazakhstan,Upper middle income,d_gov_bar,-5.996792672977712,-4.431541770317262
cs_ctrl,KAZ,Kazakhstan,Upper middle income,d_log_gdp_bar,-0.2214588433969325,-0.1636548349156681
cs_ctrl,KEN,Kenya,Lower middle income,dd,-0.12753830458325605,-0.14547460127620712
cs_ctrl,KEN,Kenya,Lower middle income,d_inf,0.012098244695134349,0.013799676331887813
cs_ctrl,KEN,Kenya,Lower middle income,d_gov,-0.4687391639680135,-0.5346601023402797
cs_ctrl,KEN,Kenya,Lower middle income,d_log_gdp,-0.16792599300810662,-0.19154219555128563
cs_ctrl,KEN,Kenya,Lower middle income,dy_bar,-0.4316841888620552,-0.4923939161427036
cs_ctrl,KEN,Kenya,Lower middle income,dd_bar,0.04862259535265291,0.05546061393127672
cs_ctrl,KEN,Kenya,Lower middle income,d_inf_bar,9.194953696897644e-4,0.0010488082205422256
cs_ctrl,KEN,Kenya,Lower middle income,d_gov_bar,1.7557856895709416,2.0027098835241723
cs_ctrl,KEN,Kenya,Lower middle income,d_log_gdp_bar,0.03720405595278445,0.0424362329676097
cs_ctrl,KNA,Saint Kitts and Nevis,High income,dd,3.7665141209826755e-4,0.008408775787383633
cs_ctrl,KNA,Saint Kitts and Nevis,High income,d_inf,-0.014043397190095295,-0.31352007312765845
cs_ctrl,KNA,Saint Kitts and Nevis,High income,d_gov,8.127521169225049e-5,0.0018144762245414627
cs_ctrl,KNA,Saint Kitts and Nevis,High income,d_log_gdp,-0.0017623114596754478,-0.039343757798208916
cs_ctrl,KNA,Saint Kitts and Nevis,High income,dy_bar,-0.22589170382815316,-5.043052086647801
cs_ctrl,KNA,Saint Kitts and Nevis,High income,dd_bar,-0.018257504696656324,-0.4076003925646581
cs_ctrl,KNA,Saint Kitts and Nevis,High income,d_inf_bar,-4.4773775575891576e-4,-0.009995784640097928
cs_ctrl,KNA,Saint Kitts and Nevis,High income,d_gov_bar,-0.011797895141436516,-0.26338904308028926
cs_ctrl,KNA,Saint Kitts and Nevis,High income,d_log_gdp_bar,-0.04889246788193649,-1.0915286307324334
cs_ctrl,KWT,Kuwait,High income,dd,-0.04768105601092866,-0.022388408845580913
cs_ctrl,KWT,Kuwait,High income,d_inf,0.3177654273082819,0.1492052168881898
cs_ctrl,KWT,Kuwait,High income,d_gov,0.5237175741197778,0.24590904963014984
cs_ctrl,KWT,Kuwait,High income,d_log_gdp,-0.13559262824484258,-0.06366686167555946
cs_ctrl,KWT,Kuwait,High income,dy_bar,16.226542846560648,7.619094579530067
cs_ctrl,KWT,Kuwait,High income,dd_bar,-0.09312724393148687,-0.043727446206778424
cs_ctrl,KWT,Kuwait,High income,d_inf_bar,-0.010656916468138844,-0.005003903497171091
cs_ctrl,KWT,Kuwait,High income,d_gov_bar,5.433683283909847,2.551359660945626
cs_ctrl,KWT,Kuwait,High income,d_log_gdp_bar,0.8513665037530137,0.39975501715160167
cs_ctrl,LAO,Lao PDR,Lower middle income,dd,-0.004102955475786627,-0.010116351416208005
cs_ctrl,LAO,Lao PDR,Lower middle income,d_inf,-0.0011928802918423705,-0.00294119599907005
cs_ctrl,LAO,Lao PDR,Lower middle income,d_gov,0.09594580633399147,0.23656642133071257
cs_ctrl,LAO,Lao PDR,Lower middle income,d_log_gdp,-0.011775005014167964,-0.029032751964752062
cs_ctrl,LAO,Lao PDR,Lower middle income,dy_bar,-0.8875407906112367,-2.18834315581281
cs_ctrl,LAO,Lao PDR,Lower middle income,dd_bar,-0.03598260300993402,-0.08871962151834152
cs_ctrl,LAO,Lao PDR,Lower middle income,d_inf_bar,2.135076806668792e-4,5.264299699161531e-4
cs_ctrl,LAO,Lao PDR,Lower middle income,d_gov_bar,-0.2319162153835262,-0.571818521498074
cs_ctrl,LAO,Lao PDR,Lower middle income,d_log_gdp_bar,-0.09663221412839451,-0.23825884585347054
cs_ctrl,LBN,Lebanon,Lower middle income,dd,0.20840076322319245,0.5211109267744902
cs_ctrl,LBN,Lebanon,Lower middle income,d_inf,-0.11264051309837377,-0.281660207310197
cs_ctrl,LBN,Lebanon,Lower middle income,d_gov,-0.15371499325443838,-0.3843678946039506
cs_ctrl,LBN,Lebanon,Lower middle income,d_log_gdp,-0.1526759860234773,-0.3817698330005405
cs_ctrl,LBN,Lebanon,Lower middle income,dy_bar,-1.255814995498525,-3.1401944313451047
cs_ctrl,LBN,Lebanon,Lower middle income,dd_bar,-0.1387090961731964,-0.3468453020080979
cs_ctrl,LBN,Lebanon,Lower middle income,d_inf_bar,0.0340319697427486,0.08509772717872421
cs_ctrl,LBN,Lebanon,Lower middle income,d_gov_bar,5.7064887569782154,14.269207073835654
cs_ctrl,LBN,Lebanon,Lower middle income,d_log_gdp_bar,0.7639595735660515,1.91029857684775
cs_ctrl,LCA,Saint Lucia,Upper middle income,dd,-0.0026781104414552405,-0.008476669336909977
cs_ctrl,LCA,Saint Lucia,Upper middle income,d_inf,0.003025242428240763,0.009575400376040148
cs_ctrl,LCA,Saint Lucia,Upper middle income,d_gov,-0.019624925038708413,-0.062116183761406964
cs_ctrl,LCA,Saint Lucia,Upper middle income,d_log_gdp,0.00586490697042659,0.018563415574837323
cs_ctrl,LCA,Saint Lucia,Upper middle income,dy_bar,0.667472357167516,2.112662112680639
cs_ctrl,LCA,Saint Lucia,Upper middle income,dd_bar,-0.0015929294995250408,-0.005041889399134005
cs_ctrl,LCA,Saint Lucia,Upper middle income,d_inf_bar,-0.0011112632134213792,-0.003517334707573331
cs_ctrl,LCA,Saint Lucia,Upper middle income,d_gov_bar,0.020670461573004072,0.06542548249072573
cs_ctrl,LCA,Saint Lucia,Upper middle income,d_log_gdp_bar,-0.0049369519119207205,-0.01562628196424844
cs_ctrl,LKA,Sri Lanka,Lower middle income,dd,0.004159908533665295,0.010191960455767748
cs_ctrl,LKA,Sri Lanka,Lower middle income,d_inf,0.009488539866060807,0.02324734361711054
cs_ctrl,LKA,Sri Lanka,Lower middle income,d_gov,-0.002070233461523907,-0.005072163823628081
cs_ctrl,LKA,Sri Lanka,Lower middle income,d_log_gdp,-0.0014155266420480654,-0.003468103070797081
cs_ctrl,LKA,Sri Lanka,Lower middle income,dy_bar,0.6611430914676909,1.6198299047468698
cs_ctrl,LKA,Sri Lanka,Lower middle income,dd_bar,0.0370040140860093,0.09066147613995217
cs_ctrl,LKA,Sri Lanka,Lower middle income,d_inf_bar,3.295782664128735e-4,8.074813739716621e-4
cs_ctrl,LKA,Sri Lanka,Lower middle income,d_gov_bar,-0.004522590045444019,-0.011080546249463048
cs_ctrl,LKA,Sri Lanka,Lower middle income,d_log_gdp_bar,0.07512101030511707,0.1840498078818281
cs_ctrl,LSO,Lesotho,Lower middle income,dd,-7.95938509168288e-5,-4.5750737418008547e-4
cs_ctrl,LSO,Lesotho,Lower middle income,d_inf,-0.006624400311957342,-0.03807721271594548
cs_ctrl,LSO,Lesotho,Lower middle income,d_gov,-0.010192169187342792,-0.05858483423515903
cs_ctrl,LSO,Lesotho,Lower middle income,d_log_gdp,-0.005778805764118107,-0.03321671486659304
cs_ctrl,LSO,Lesotho,Lower middle income,dy_bar,-0.3620426598889923,-2.081029938356273
cs_ctrl,LSO,Lesotho,Lower middle income,dd_bar,0.0023886620487046433,0.01373008704966961
cs_ctrl,LSO,Lesotho,Lower middle income,d_inf_bar,7.110967458840325e-4,0.004087401240798882
cs_ctrl,LSO,Lesotho,Lower middle income,d_gov_bar,-0.106758574812384,-0.6136508621081809
cs_ctrl,LSO,Lesotho,Lower middle income,d_log_gdp_bar,-0.016719761035813713,-0.09610558956880796
cs_ctrl,LUX,Luxembourg,High income,dd,-0.025260134921937696,-0.022321684381721336
cs_ctrl,LUX,Luxembourg,High income,d_inf,-0.13597170239913825,-0.12015444237247498
cs_ctrl,LUX,Luxembourg,High income,d_gov,0.11112766595445522,0.09820045273623686
cs_ctrl,LUX,Luxembourg,High income,d_log_gdp,-0.049925041791810724,-0.04411738215432938
cs_ctrl,LUX,Luxembourg,High income,dy_bar,3.3328685134178464,2.945163961799738
cs_ctrl,LUX,Luxembourg,High income,dd_bar,0.011543819744746081,0.010200955050240825
cs_ctrl,LUX,Luxembourg,High income,d_inf_bar,-0.004473379393130384,-0.003953001963043071
cs_ctrl,LUX,Luxembourg,High income,d_gov_bar,-0.17134669423818774,-0.15141434677431015
cs_ctrl,LUX,Luxembourg,High income,d_log_gdp_bar,0.15665157285348222,0.13842867339947776
cs_ctrl,MAR,Morocco,Lower middle income,dd,0,0
cs_ctrl,MAR,Morocco,Lower middle income,d_inf,0,0
cs_ctrl,MAR,Morocco,Lower middle income,d_gov,0,0
cs_ctrl,MAR,Morocco,Lower middle income,d_log_gdp,0,0
cs_ctrl,MAR,Morocco,Lower middle income,dy_bar,0,0
cs_ctrl,MAR,Morocco,Lower middle income,dd_bar,0,0
cs_ctrl,MAR,Morocco,Lower middle income,d_inf_bar,0,0
cs_ctrl,MAR,Morocco,Lower middle income,d_gov_bar,0,0
cs_ctrl,MAR,Morocco,Lower middle income,d_log_gdp_bar,0,0
cs_ctrl,MDG,Madagascar,Low income,dd,-0.020730769673895498,-0.04724416507165082
cs_ctrl,MDG,Madagascar,Low income,d_inf,8.687593985817074e-5,1.9798499081211284e-4
cs_ctrl,MDG,Madagascar,Low income,d_gov,0.13974797876469752,0.31847715647058733
cs_ctrl,MDG,Madagascar,Low income,d_log_gdp,0.07900333847057814,0.18004381036635844
cs_ctrl,MDG,Madagascar,Low income,dy_bar,-0.14861845928047598,-0.33869244284656835
cs_ctrl,MDG,Madagascar,Low income,dd_bar,0.10335643031204898,0.2355430276680827
cs_ctrl,MDG,Madagascar,Low income,d_inf_bar,0.0014595165956954922,0.003326149682646813
cs_ctrl,MDG,Madagascar,Low income,d_gov_bar,-1.1231389518756711,-2.5595654611720122
cs_ctrl,MDG,Madagascar,Low income,d_log_gdp_bar,0.0047125838771560815,0.010739692452746532
cs_ctrl,MDV,Maldives,Upper middle income,dd,-0.019909859914797743,-0.1303677466680777
cs_ctrl,MDV,Maldives,Upper middle income,d_inf,-0.006391547154401511,-0.04185120356486214
cs_ctrl,MDV,Maldives,Upper middle income,d_gov,-0.01491204653127711,-0.09764257070674975
cs_ctrl,MDV,Maldives,Upper middle income,d_log_gdp,-0.0407074298263011,-0.26654812850588977
cs_ctrl,MDV,Maldives,Upper middle income,dy_bar,-1.5880059001591658,-10.398101834232113
cs_ctrl,MDV,Maldives,Upper middle income,dd_bar,-0.011343993610809025,-0.07427932148126652
cs_ctrl,MDV,Maldives,Upper middle income,d_inf_bar,0.002132044144923678,0.013960409172140175
cs_ctrl,MDV,Maldives,Upper middle income,d_gov_bar,-0.43887996776726923,-2.8737415883600756
cs_ctrl,MDV,Maldives,Upper middle income,d_log_gdp_bar,-0.03963550761869851,-0.2595292904323603
cs_ctrl,MEX,Mexico,Upper middle income,dd,0.010351516259688883,0.012746558448288293
cs_ctrl,MEX,Mexico,Upper middle income,d_inf,0.0018958919590276126,0.0023345466558839733
cs_ctrl,MEX,Mexico,Upper middle income,d_gov,-0.17439938641025066,-0.21475037245323206
cs_ctrl,MEX,Mexico,Upper middle income,d_log_gdp,0.006922992955603715,0.008524773775348644
cs_ctrl,MEX,Mexico,Upper middle income,dy_bar,0.5936019957956804,0.7309443703330116
cs_ctrl,MEX,Mexico,Upper middle income,dd_bar,-0.0694924034398949,-0.0855709405208695
cs_ctrl,MEX,Mexico,Upper middle income,d_inf_bar,0.0034644787055383816,0.004266059116862402
cs_ctrl,MEX,Mexico,Upper middle income,d_gov_bar,-0.10571164440176026,-0.13017026880197388
cs_ctrl,MEX,Mexico,Upper middle income,d_log_gdp_bar,0.04848678256494485,0.059705225053869604
cs_ctrl,MLI,Mali,Low income,dd,-0.008770146564244935,-0.03011843200471074
cs_ctrl,MLI,Mali,Low income,d_inf,-0.0237400684980416,-0.08152812881833525
cs_ctrl,MLI,Mali,Low income,d_gov,-0.009228911033326464,-0.03169392066581715
cs_ctrl,MLI,Mali,Low income,d_log_gdp,-0.02527868145043847,-0.08681203248503777
cs_ctrl,MLI,Mali,Low income,dy_bar,-1.485022860905919,-5.0998646070502325
cs_ctrl,MLI,Mali,Low income,dd_bar,0.05188065506341584,0.17816851411101484
cs_ctrl,MLI,Mali,Low income,d_inf_bar,5.985227632689694e-4,0.0020554465101279675
cs_ctrl,MLI,Mali,Low income,d_gov_bar,0.03121149157401995,0.10718648540837183
cs_ctrl,MLI,Mali,Low income,d_log_gdp_bar,0.05578336595201594,0.19157120147448037
cs_ctrl,MLT,Malta,High income,dd,0.008257454740010248,0.005465069763684331
cs_ctrl,MLT,Malta,High income,d_inf,0.013953692788000086,0.009235037544673814
cs_ctrl,MLT,Malta,High income,d_gov,0.0328467750459477,0.021739134247792075
cs_ctrl,MLT,Malta,High income,d_log_gdp,-1.1930174953199771e-4,-7.895803303199854e-5
cs_ctrl,MLT,Malta,High income,dy_bar,-1.2865585502119823,-0.8514890427318682
cs_ctrl,MLT,Malta,High income,dd_bar,-0.0040439310529603026,-0.0026764137400443156
cs_ctrl,MLT,Malta,High income,d_inf_bar,-0.002372768654994055,-0.0015703805398768502
cs_ctrl,MLT,Malta,High income,d_gov_bar,0.31108014327926414,0.2058836213634501
cs_ctrl,MLT,Malta,High income,d_log_gdp_bar,-0.01200658778969485,-0.00794637596698488
cs_ctrl,MUS,Mauritius,Upper middle income,dd,-0.0033609214421620654,-0.01007448106536784
cs_ctrl,MUS,Mauritius,Upper middle income,d_inf,-0.0031867749580600413,-0.009552470811073528
cs_ctrl,MUS,Mauritius,Upper middle income,d_gov,-0.14640393577093055,-0.4388509830419436
cs_ctrl,MUS,Mauritius,Upper middle income,d_log_gdp,-0.04466409148192422,-0.1338821962012419
cs_ctrl,MUS,Mauritius,Upper middle income,dy_bar,-0.07612151443517784,-0.2281769357129009
cs_ctrl,MUS,Mauritius,Upper middle income,dd_bar,6.494287787115298e-4,0.001946685766694209
cs_ctrl,MUS,Mauritius,Upper middle income,d_inf_bar,4.0377007596334734e-4,0.0012103151040739877
cs_ctrl,MUS,Mauritius,Upper middle income,d_gov_bar,3.5769729361750924e-4,0.0010722103071128994
cs_ctrl,MUS,Mauritius,Upper middle income,d_log_gdp_bar,0.030350837688160794,0.0909777109847378
cs_ctrl,MWI,Malawi,Low income,dd,-1.4151294137670564e-4,-1.7431053567335778e-4
cs_ctrl,MWI,Malawi,Low income,d_inf,0.009214009703645595,0.011349484729220385
cs_ctrl,MWI,Malawi,Low income,d_gov,0.6116387744382745,0.7533945756036807
cs_ctrl,MWI,Malawi,Low income,d_log_gdp,0.5845906603856345,0.7200776845575175
cs_ctrl,MWI,Malawi,Low income,dy_bar,-14.03108599321598,-17.282985511875037
cs_ctrl,MWI,Malawi,Low income,dd_bar,0.39123743612232775,0.4819121587220424
cs_ctrl,MWI,Malawi,Low income,d_inf_bar,0.038823982779099694,0.04782198129274464
cs_ctrl,MWI,Malawi,Low income,d_gov_bar,-8.075924001611163,-9.947631821395332
cs_ctrl,MWI,Malawi,Low income,d_log_gdp_bar,0.5688493070918273,0.7006880534879258
cs_ctrl,MYS,Malaysia,Upper middle income,dd,0.0034486029915559236,0.0034532355401282215
cs_ctrl,MYS,Malaysia,Upper middle income,d_inf,-0.0055832878080408445,-0.005590787903594668
cs_ctrl,MYS,Malaysia,Upper middle income,d_gov,0.08147014543166713,0.081579585227094
cs_ctrl,MYS,Malaysia,Upper middle income,d_log_gdp,0.016016035693628285,0.016037550220950814
cs_ctrl,MYS,Malaysia,Upper middle income,dy_bar,1.7238498496417223,1.7261655172263553
cs_ctrl,MYS,Malaysia,Upper middle income,dd_bar,-0.03287921994827985,-0.03292338698745561
cs_ctrl,MYS,Malaysia,Upper middle income,d_inf_bar,-4.654525981816851e-4,-4.660778460790101e-4
cs_ctrl,MYS,Malaysia,Upper middle income,d_gov_bar,0.0032542716585469153,0.003258643159575762
cs_ctrl,MYS,Malaysia,Upper middle income,d_log_gdp_bar,-0.008943571727843113,-0.008955585731931294
cs_ctrl,NAM,Namibia,Upper middle income,dd,-0.013680584326226635,-0.058608016792119175
cs_ctrl,NAM,Namibia,Upper middle income,d_inf,-0.006892896592328612,-0.02952936728404798
cs_ctrl,NAM,Namibia,Upper middle income,d_gov,-0.11247648314638617,-0.48185248932127417
cs_ctrl,NAM,Namibia,Upper middle income,d_log_gdp,-0.0473568259134689,-0.20287800448970902
cs_ctrl,NAM,Namibia,Upper middle income,dy_bar,1.2996139693459214,5.5675836296465375
cs_ctrl,NAM,Namibia,Upper middle income,dd_bar,-0.04010850836543217,-0.17182600360729353
cs_ctrl,NAM,Namibia,Upper middle income,d_inf_bar,0.0038522990609146652,0.016503359993002932
cs_ctrl,NAM,Namibia,Upper middle income,d_gov_bar,0.5507868424069733,2.359586676921553
cs_ctrl,NAM,Namibia,Upper middle income,d_log_gdp_bar,-0.007672378472345115,-0.03286869008077828
cs_ctrl,NER,Niger,Low income,dd,0.041647867172002084,0.12553346965972065
cs_ctrl,NER,Niger,Low income,d_inf,-0.007031415374082262,-0.021193833645354883
cs_ctrl,NER,Niger,Low income,d_gov,0.0029640009380526773,0.00893398262849225
cs_ctrl,NER,Niger,Low income,d_log_gdp,0.004307552112663842,0.012983665170884609
cs_ctrl,NER,Niger,Low income,dy_bar,-0.8616968887906488,-2.5972950739142635
cs_ctrl,NER,Niger,Low income,dd_bar,-0.05578730395099654,-0.16815204003142672
cs_ctrl,NER,Niger,Low income,d_inf_bar,-5.954048881115503e-4,-0.0017946475181626362
cs_ctrl,NER,Niger,Low income,d_gov_bar,-0.4521958129194583,-1.3629919901285716
cs_ctrl,NER,Niger,Low income,d_log_gdp_bar,-0.026447730458605913,-0.07971777655221217
cs_ctrl,NGA,Nigeria,Lower middle income,dd,0.0024644330267381697,0.018561452259144275
cs_ctrl,NGA,Nigeria,Lower middle income,d_inf,7.732262081473984e-4,0.005823733569681591
cs_ctrl,NGA,Nigeria,Lower middle income,d_gov,-0.027363656010342016,-0.20609575880577244
cs_ctrl,NGA,Nigeria,Lower middle income,d_log_gdp,-0.002582021570060458,-0.0194470978049629
cs_ctrl,NGA,Nigeria,Lower middle income,dy_bar,0.5180737342337167,3.9019931888444828
cs_ctrl,NGA,Nigeria,Lower middle income,dd_bar,-1.715589933980081e-4,-0.0012921365811262094
cs_ctrl,NGA,Nigeria,Lower middle income,d_inf_bar,8.810515204274368e-5,6.635845063278244e-4
cs_ctrl,NGA,Nigeria,Lower middle income,d_gov_bar,0.13494750849205459,1.0163886416020909
cs_ctrl,NGA,Nigeria,Lower middle income,d_log_gdp_bar,0.038244569955149306,0.2880479005483751
cs_ctrl,NLD,Netherlands,High income,dd,-0.058924269145489115,-0.034054499765586145
cs_ctrl,NLD,Netherlands,High income,d_inf,-0.01987707530422749,-0.011487692017308168
cs_ctrl,NLD,Netherlands,High income,d_gov,-0.2477924782553896,-0.1432083760229069
cs_ctrl,NLD,Netherlands,High income,d_log_gdp,-0.10863067256682635,-0.06278165630410121
cs_ctrl,NLD,Netherlands,High income,dy_bar,2.0341449952938038,1.1756071185942591
cs_ctrl,NLD,Netherlands,High income,dd_bar,0.053212714493805616,0.030753582514213187
cs_ctrl,NLD,Netherlands,High income,d_inf_bar,-0.004709505585534991,-0.0027217962850355644
cs_ctrl,NLD,Netherlands,High income,d_gov_bar,0.4763681483008368,0.2753106526376907
cs_ctrl,NLD,Netherlands,High income,d_log_gdp_bar,0.21078568529488112,0.12182079089924468
cs_ctrl,NOR,Norway,High income,dd,0.019649919168027642,0.017707990966710878
cs_ctrl,NOR,Norway,High income,d_inf,0.02226513182660598,0.020064751915096064
cs_ctrl,NOR,Norway,High income,d_gov,-0.44216272282170815,-0.3984654305490972
cs_ctrl,NOR,Norway,High income,d_log_gdp,-0.03300054052602823,-0.029739220224494208
cs_ctrl,NOR,Norway,High income,dy_bar,0.9358068651154182,0.8433245639510275
cs_ctrl,NOR,Norway,High income,dd_bar,8.596681926192895e-4,7.747103923989857e-4
cs_ctrl,NOR,Norway,High income,d_inf_bar,-0.0022242214985493626,-0.002004409985989253
cs_ctrl,NOR,Norway,High income,d_gov_bar,-0.70540889438671,-0.6356959650990354
cs_ctrl,NOR,Norway,High income,d_log_gdp_bar,0.10657250405387506,0.0960403410796933
cs_ctrl,NPL,Nepal,Lower middle income,dd,0.014171745011555836,0.08804501515033449
cs_ctrl,NPL,Nepal,Lower middle income,d_inf,0.0030352491138719976,0.018857138199846902
cs_ctrl,NPL,Nepal,Lower middle income,d_gov,-0.17862798300627808,-1.1097647789483358
cs_ctrl,NPL,Nepal,Lower middle income,d_log_gdp,-0.007042846935635248,-0.04375520196305143
cs_ctrl,NPL,Nepal,Lower middle income,dy_bar,-0.17765860474563672,-1.103742307927655
cs_ctrl,NPL,Nepal,Lower middle income,dd_bar,0.01094119840624699,0.06797454926371657
cs_ctrl,NPL,Nepal,Lower middle income,d_inf_bar,0.0016521157199750139,0.010264124388118424
cs_ctrl,NPL,Nepal,Lower middle income,d_gov_bar,0.2690193138036041,1.671340370593542
cs_ctrl,NPL,Nepal,Lower middle income,d_log_gdp_bar,0.010100987952193156,0.06275456103387488
cs_ctrl,NZL,New Zealand,High income,dd,0.0358906050301952,0.03485053648327431
cs_ctrl,NZL,New Zealand,High income,d_inf,-0.03876062803796981,-0.03763738951782573
cs_ctrl,NZL,New Zealand,High income,d_gov,-0.19502400654234275,-0.18937243463575232
cs_ctrl,NZL,New Zealand,High income,d_log_gdp,0.0032612364499458603,0.0031667295601119617
cs_ctrl,NZL,New Zealand,High income,dy_bar,0.9560143015911069,0.928310104220934
cs_ctrl,NZL,New Zealand,High income,dd_bar,-0.0298417859982979,-0.028977005285499617
cs_ctrl,NZL,New Zealand,High income,d_inf_bar,-8.498191416062203e-4,-8.251923581064067e-4
cs_ctrl,NZL,New Zealand,High income,d_gov_bar,-0.08577858049232076,-0.08329281566627432
cs_ctrl,NZL,New Zealand,High income,d_log_gdp_bar,-0.2811667570441946,-0.2730188670825908
cs_ctrl,OMN,Oman,High income,dd,0,0
cs_ctrl,OMN,Oman,High income,d_inf,0,0
cs_ctrl,OMN,Oman,High income,d_gov,0,0
cs_ctrl,OMN,Oman,High income,d_log_gdp,0,0
cs_ctrl,OMN,Oman,High income,dy_bar,0,0
cs_ctrl,OMN,Oman,High income,dd_bar,0,0
cs_ctrl,OMN,Oman,High income,d_inf_bar,0,0
cs_ctrl,OMN,Oman,High income,d_gov_bar,0,0
cs_ctrl,OMN,Oman,High income,d_log_gdp_bar,0,0
cs_ctrl,PAK,Pakistan,Lower middle income,dd,-0.03943779484705352,-0.057242818174382294
cs_ctrl,PAK,Pakistan,Lower middle income,d_inf,0.0020574983201131275,0.0029863992824419325
cs_ctrl,PAK,Pakistan,Lower middle income,d_gov,-0.11149899408953065,-0.1618375639420514
cs_ctrl,PAK,Pakistan,Lower middle income,d_log_gdp,0.009924222867247376,0.01440472235618244
cs_ctrl,PAK,Pakistan,Lower middle income,dy_bar,1.1344504630323236,1.6466220242548586
cs_ctrl,PAK,Pakistan,Lower middle income,dd_bar,0.05474119050428302,0.0794552542006544
cs_ctrl,PAK,Pakistan,Lower middle income,d_inf_bar,-4.2127993937343347e-4,-6.114756431892628e-4
cs_ctrl,PAK,Pakistan,Lower middle income,d_gov_bar,0.3315662648870246,0.4812588403406902
cs_ctrl,PAK,Pakistan,Lower middle income,d_log_gdp_bar,0.061073655176514245,0.08864664345641836
cs_ctrl,PAN,Panama,High income,dd,0.007659646969026914,0.0062505790414707696
cs_ctrl,PAN,Panama,High income,d_inf,0.0567515181529606,0.0463115142738241
cs_ctrl,PAN,Panama,High income,d_gov,0.13084403217109106,0.10677397646357181
cs_ctrl,PAN,Panama,High income,d_log_gdp,0.011934580595023229,0.009739096284416998
cs_ctrl,PAN,Panama,High income,dy_bar,1.9251160633295035,1.5709718955069283
cs_ctrl,PAN,Panama,High income,dd_bar,-0.006050242019389837,-0.004937240073223408
cs_ctrl,PAN,Panama,High income,d_inf_bar,1.1937711067949917e-5,9.741650875841978e-6
cs_ctrl,PAN,Panama,High income,d_gov_bar,-0.014015578080720192,-0.011437273670665816
cs_ctrl,PAN,Panama,High income,d_log_gdp_bar,-0.03263141499416086,-0.02662854299692989
cs_ctrl,PHL,Philippines,Lower middle income,dd,0.022711972480408692,0.04562803763191181
cs_ctrl,PHL,Philippines,Lower middle income,d_inf,0.0339849622051127,0.06827531759963101
cs_ctrl,PHL,Philippines,Lower middle income,d_gov,0.04470858264655498,0.08981892229862995
cs_ctrl,PHL,Philippines,Lower middle income,d_log_gdp,0.10467496260424983,0.21029054772523784
cs_ctrl,PHL,Philippines,Lower middle income,dy_bar,1.9944592375629324,4.0068409393034825
cs_ctrl,PHL,Philippines,Lower middle income,dd_bar,-0.007998758879763087,-0.01606939562335413
cs_ctrl,PHL,Philippines,Lower middle income,d_inf_bar,-7.933634033642947e-4,-0.0015938560710970124
cs_ctrl,PHL,Philippines,Lower middle income,d_gov_bar,0.25083414097499224,0.5039223094184231
cs_ctrl,PHL,Philippines,Lower middle income,d_log_gdp_bar,0.034927343052386234,0.07016854764823559
cs_ctrl,POL,Poland,High income,dd,-0.003501448289179126,-0.003748152532111058
cs_ctrl,POL,Poland,High income,d_inf,0.010081932233672309,0.01079228270969841
cs_ctrl,POL,Poland,High income,d_gov,0.2781168913566947,0.29771238769481745
cs_ctrl,POL,Poland,High income,d_log_gdp,-0.016951658873354803,-0.018146034978155652
cs_ctrl,POL,Poland,High income,dy_bar,2.7701540563317657,2.9653329374205297
cs_ctrl,POL,Poland,High income,dd_bar,0.0365521877011874,0.03912757338436177
cs_ctrl,POL,Poland,High income,d_inf_bar,6.694651852378368e-5,7.166342101821138e-5
cs_ctrl,POL,Poland,High income,d_gov_bar,-0.2397266860145469,-0.25661729404282224
cs_ctrl,POL,Poland,High income,d_log_gdp_bar,0.08638721684444588,0.09247386761591908
cs_ctrl,PRT,Portugal,High income,dd,-0.007192196279880829,-0.005462405335176449
cs_ctrl,PRT,Portugal,High income,d_inf,0.08133824471253788,0.06177563077839366
cs_ctrl,PRT,Portugal,High income,d_gov,-0.16449547065366496,-0.12493276066790392
cs_ctrl,PRT,Portugal,High income,d_log_gdp,-0.018413019643483023,-0.013984514996987397
cs_ctrl,PRT,Portugal,High income,dy_bar,3.7188509324168773,2.8244322573321723
cs_ctrl,PRT,Portugal,High income,dd_bar,-0.0018548553674725746,-0.001408745181719477
cs_ctrl,PRT,Portugal,High income,d_inf_bar,-9.728258995942816e-5,-7.388521082227308e-5
cs_ctrl,PRT,Portugal,High income,d_gov_bar,0.12255972881164282,0.09308295970887898
cs_ctrl,PRT,Portugal,High income,d_log_gdp_bar,-0.0020340141670087838,-0.0015448146025677373
cs_ctrl,PRY,Paraguay,Upper middle income,dd,0.008099773301973026,0.008580524291128818
cs_ctrl,PRY,Paraguay,Upper middle income,d_inf,4.439860010917802e-4,4.703381842009302e-4
cs_ctrl,PRY,Paraguay,Upper middle income,d_gov,0.3025634782835823,0.3205217205756002
cs_ctrl,PRY,Paraguay,Upper middle income,d_log_gdp,0.005893704591146704,0.0062435173829807206
cs_ctrl,PRY,Paraguay,Upper middle income,dy_bar,2.7212871732749733,2.8828054592262893
cs_ctrl,PRY,Paraguay,Upper middle income,dd_bar,-0.03248546865126997,-0.0344135993044431
cs_ctrl,PRY,Paraguay,Upper middle income,d_inf_bar,0.00375284976624619,0.0039755950419487155
cs_ctrl,PRY,Paraguay,Upper middle income,d_gov_bar,0.11562386313798945,0.12248655972235707
cs_ctrl,PRY,Paraguay,Upper middle income,d_log_gdp_bar,-0.06026099550334026,-0.06383770464267959
cs_ctrl,QAT,Qatar,High income,dd,0.009188587821402493,0.01116642774120541
cs_ctrl,QAT,Qatar,High income,d_inf,-0.012331687745243777,-0.014986078689222892
cs_ctrl,QAT,Qatar,High income,d_gov,-0.04564954599727558,-0.055475592844647405
cs_ctrl,QAT,Qatar,High income,d_log_gdp,0.009395353306446932,0.011417699415699959
cs_ctrl,QAT,Qatar,High income,dy_bar,-0.33569073553392853,-0.40794803451740463
cs_ctrl,QAT,Qatar,High income,dd_bar,-0.02925348760944766,-0.03555028932827744
cs_ctrl,QAT,Qatar,High income,d_inf_bar,-0.001041089355540912,-0.0012651834304404888
cs_ctrl,QAT,Qatar,High income,d_gov_bar,0.4833479390045045,0.5873883930436823
cs_ctrl,QAT,Qatar,High income,d_log_gdp_bar,-0.006504607087111057,-0.00790472120797251
cs_ctrl,RUS,Russian Federation,Upper middle income,dd,-0.016144526252140537,-0.017552213189538018
cs_ctrl,RUS,Russian Federation,Upper middle income,d_inf,0.025289096952530593,0.02749412489095869
cs_ctrl,RUS,Russian Federation,Upper middle income,d_gov,0.8417454609078661,0.9151396300168246
cs_ctrl,RUS,Russian Federation,Upper middle income,d_log_gdp,0.7017945311579039,0.7629859826021349
cs_ctrl,RUS,Russian Federation,Upper middle income,dy_bar,5.029336195688799,5.467858253002979
cs_ctrl,RUS,Russian Federation,Upper middle income,dd_bar,0.19275798511695535,0.20956509939769924
cs_ctrl,RUS,Russian Federation,Upper middle income,d_inf_bar,0.011694264324611323,0.012713920329075753
cs_ctrl,RUS,Russian Federation,Upper middle income,d_gov_bar,-0.34074580050366077,-0.37045639125440855
cs_ctrl,RUS,Russian Federation,Upper middle income,d_log_gdp_bar,-1.1973325499792011,-1.3017313637940733
cs_ctrl,RWA,Rwanda,Low income,dd,0.005457364654518783,0.035376432564182984
cs_ctrl,RWA,Rwanda,Low income,d_inf,-0.0011842295173285931,-0.007676565212771921
cs_ctrl,RWA,Rwanda,Low income,d_gov,0.021344604600367342,0.13836274705022947
cs_ctrl,RWA,Rwanda,Low income,d_log_gdp,-0.0017815955817574744,-0.011548888510226769
cs_ctrl,RWA,Rwanda,Low income,dy_bar,0.5640622517508127,3.6564370303789735
cs_ctrl,RWA,Rwanda,Low income,dd_bar,0.002280803938574032,0.014784921263833331
cs_ctrl,RWA,Rwanda,Low income,d_inf_bar,1.0923736958789058e-4,7.08112556765826e-4
cs_ctrl,RWA,Rwanda,Low income,d_gov_bar,0.10738497961285745,0.6961047557148065
cs_ctrl,RWA,Rwanda,Low income,d_log_gdp_bar,0.028790584640165248,0.18663003857784505
cs_ctrl,SAU,Saudi Arabia,High income,dd,0,0
cs_ctrl,SAU,Saudi Arabia,High income,d_inf,0,0
cs_ctrl,SAU,Saudi Arabia,High income,d_gov,0,0
cs_ctrl,SAU,Saudi Arabia,High income,d_log_gdp,0,0
cs_ctrl,SAU,Saudi Arabia,High income,dy_bar,0,0
cs_ctrl,SAU,Saudi Arabia,High income,dd_bar,0,0
cs_ctrl,SAU,Saudi Arabia,High income,d_inf_bar,0,0
cs_ctrl,SAU,Saudi Arabia,High income,d_gov_bar,0,0
cs_ctrl,SAU,Saudi Arabia,High income,d_log_gdp_bar,0,0
cs_ctrl,SDN,Sudan,Low income,dd,0.01698862692570053,-0.9530579247321305
cs_ctrl,SDN,Sudan,Low income,d_inf,-0.001968214009220583,0.11041633719195497
cs_ctrl,SDN,Sudan,Low income,d_gov,0.08620853777027022,-4.8362784385611715
cs_ctrl,SDN,Sudan,Low income,d_log_gdp,-0.011072680588179616,0.62117474406526
cs_ctrl,SDN,Sudan,Low income,dy_bar,2.1652168452814275,-121.46814937922805
cs_ctrl,SDN,Sudan,Low income,dd_bar,-0.04247848010806363,2.383032617916932
cs_ctrl,SDN,Sudan,Low income,d_inf_bar,0.0035509772859890656,-0.1992089800874899
cs_ctrl,SDN,Sudan,Low income,d_gov_bar,0.10481949641952074,-5.880348786630151
cs_ctrl,SDN,Sudan,Low income,d_log_gdp_bar,0.015457112015593865,-0.8671403030016512
cs_ctrl,SEN,Senegal,Lower middle income,dd,-0.021751086457515514,-0.04689015608337736
cs_ctrl,SEN,Senegal,Lower middle income,d_inf,-0.028013349829197266,-0.06039010274153224
cs_ctrl,SEN,Senegal,Lower middle income,d_gov,-0.3796099281831782,-0.8183484911466841
cs_ctrl,SEN,Senegal,Lower middle income,d_log_gdp,0.060689774711848235,0.13083268343684493
cs_ctrl,SEN,Senegal,Lower middle income,dy_bar,0.10275360901921865,0.2215122805222778
cs_ctrl,SEN,Senegal,Lower middle income,dd_bar,-0.01529951615438127,-0.032982108819268365
cs_ctrl,SEN,Senegal,Lower middle income,d_inf_bar,8.54732515522084e-4,0.0018425995014387062
cs_ctrl,SEN,Senegal,Lower middle income,d_gov_bar,1.511082704863903,3.257534009823147
cs_ctrl,SEN,Senegal,Lower middle income,d_log_gdp_bar,0.0429797384993261,0.09265406813551609
cs_ctrl,SGP,Singapore,High income,dd,-0.005086083803471637,-0.005629501147171238
cs_ctrl,SGP,Singapore,High income,d_inf,-0.12380195098633406,-0.13702944191047117
cs_ctrl,SGP,Singapore,High income,d_gov,0.10170762306773735,0.1125744684633528
cs_ctrl,SGP,Singapore,High income,d_log_gdp,0.050081891731393956,0.05543283945929976
cs_ctrl,SGP,Singapore,High income,dy_bar,-0.2624664799915679,-0.2905094385582056
cs_ctrl,SGP,Singapore,High income,dd_bar,0.036722155237444584,0.040645695789496714
cs_ctrl,SGP,Singapore,High income,d_inf_bar,4.0789703090179073e-4,4.514783656970032e-4
cs_ctrl,SGP,Singapore,High income,d_gov_bar,-0.3568054562999983,-0.3949279648492522
cs_ctrl,SGP,Singapore,High income,d_log_gdp_bar,0.0662504948973256,0.07332896024453729
cs_ctrl,SLE,Sierra Leone,Low income,dd,-2.912384256786691e-4,-8.592621987432534e-4
cs_ctrl,SLE,Sierra Leone,Low income,d_inf,3.052566762642726e-5,9.00621276937178e-5
cs_ctrl,SLE,Sierra Leone,Low income,d_gov,0.030513645625174543,0.09002665829710355
cs_ctrl,SLE,Sierra Leone,Low income,d_log_gdp,0.008552275493614479,0.025232408902694632
cs_ctrl,SLE,Sierra Leone,Low income,dy_bar,-0.2461103684327293,-0.7261175643983983
cs_ctrl,SLE,Sierra Leone,Low income,dd_bar,9.431211588621731e-4,0.002782559886308816
cs_ctrl,SLE,Sierra Leone,Low income,d_inf_bar,6.322583795493771e-4,0.001865398510239354
cs_ctrl,SLE,Sierra Leone,Low income,d_gov_bar,-0.17819571610879767,-0.525743958660221
cs_ctrl,SLE,Sierra Leone,Low income,d_log_gdp_bar,-0.048015668189583735,-0.1416641658001176
cs_ctrl,SLV,El Salvador,Upper middle income,dd,-0.003220773633127731,-0.00249720062475175
cs_ctrl,SLV,El Salvador,Upper middle income,d_inf,-0.15983487669613142,-0.12392667085860644
cs_ctrl,SLV,El Salvador,Upper middle income,d_gov,-0.7447793385267087,-0.5774585988723949
cs_ctrl,SLV,El Salvador,Upper middle income,d_log_gdp,-0.16388932983012,-0.12707025809959818
cs_ctrl,SLV,El Salvador,Upper middle income,dy_bar,3.2737432967452498,2.5382702223533995
cs_ctrl,SLV,El Salvador,Upper middle income,dd_bar,-0.03369464896894979,-0.026124871860162602
cs_ctrl,SLV,El Salvador,Upper middle income,d_inf_bar,-0.0018357022248809305,-0.0014232967805251028
cs_ctrl,SLV,El Salvador,Upper middle income,d_gov_bar,0.9165311225697416,0.7106249468587887
cs_ctrl,SLV,El Salvador,Upper middle income,d_log_gdp_bar,0.01700723655544538,0.013186422452892296
cs_ctrl,STP,Sao Tome and Principe,Lower middle income,dd,-0.0014744059389599502,-0.013529001972056762
cs_ctrl,STP,Sao Tome and Principe,Lower middle income,d_inf,-6.917392174333559e-4,-0.006347330127689537
cs_ctrl,STP,Sao Tome and Principe,Lower middle income,d_gov,-0.029216394080153522,-0.26808672067992895
cs_ctrl,STP,Sao Tome and Principe,Lower middle income,d_log_gdp,0.0012681748145207145,0.011636645725034285
cs_ctrl,STP,Sao Tome and Principe,Lower middle income,dy_bar,-0.07736672301304931,-0.7099093408111571
cs_ctrl,STP,Sao Tome and Principe,Lower middle income,dd_bar,0.03789568075189789,0.34772699029313014
cs_ctrl,STP,Sao Tome and Principe,Lower middle income,d_inf_bar,-0.0023402824980831727,-0.021474198994390518
cs_ctrl,STP,Sao Tome and Principe,Lower middle income,d_gov_bar,0.009874567808598954,0.09060805021579088
cs_ctrl,STP,Sao Tome and Principe,Lower middle income,d_log_gdp_bar,0.12380595967063734,1.1360311487336803
cs_ctrl,SUR,Suriname,Upper middle income,dd,0.011664478654209304,0.004590378316077076
cs_ctrl,SUR,Suriname,Upper middle income,d_inf,0.015338616747363313,0.006036279528901595
cs_ctrl,SUR,Suriname,Upper middle income,d_gov,0.3285204428550481,0.12928422795181288
cs_ctrl,SUR,Suriname,Upper middle income,d_log_gdp,-0.06228810969444093,-0.024512539014129982
cs_ctrl,SUR,Suriname,Upper middle income,dy_bar,12.503306419052988,4.920486235754423
cs_ctrl,SUR,Suriname,Upper middle income,dd_bar,0.01799540534302238,0.007081818307054638
cs_ctrl,SUR,Suriname,Upper middle income,d_inf_bar,0.0028855127107324185,0.0011355496778530266
cs_ctrl,SUR,Suriname,Upper middle income,d_gov_bar,2.3174355663165596,0.911991550405597
cs_ctrl,SUR,Suriname,Upper middle income,d_log_gdp_bar,0.2681886451624299,0.10554156579706638
cs_ctrl,SVK,Slovakia,High income,dd,0.2614612738389453,0.09459403172339874
cs_ctrl,SVK,Slovakia,High income,d_inf,-0.8371046670784184,-0.3028559613084323
cs_ctrl,SVK,Slovakia,High income,d_gov,3.36970130245985,1.2191236859788677
cs_ctrl,SVK,Slovakia,High income,d_log_gdp,-1.197239903281878,-0.43314922982179577
cs_ctrl,SVK,Slovakia,High income,dy_bar,-13.289614700930851,-4.808047540478051
cs_ctrl,SVK,Slovakia,High income,dd_bar,-1.044352789547037,-0.3778362258178421
cs_ctrl,SVK,Slovakia,High income,d_inf_bar,-0.05411612075095991,-0.0195786625219948
cs_ctrl,SVK,Slovakia,High income,d_gov_bar,-3.5001111868136348,-1.266304656822012
cs_ctrl,SVK,Slovakia,High income,d_log_gdp_bar,-0.1688531905990383,-0.06108936835502933
cs_ctrl,SVN,Slovenia,High income,dd,-0.24154856990871693,0.044693107666971786
cs_ctrl,SVN,Slovenia,High income,d_inf,0.6004388503637236,-0.11109764879535405
cs_ctrl,SVN,Slovenia,High income,d_gov,3.0541791416538895,-0.5651068738007492
cs_ctrl,SVN,Slovenia,High income,d_log_gdp,-1.6464041863508878,0.3046299118713096
cs_ctrl,SVN,Slovenia,High income,dy_bar,-7.27288622061037,1.345683342402784
cs_ctrl,SVN,Slovenia,High income,dd_bar,0.274370447545133,-0.050766054865917634
cs_ctrl,SVN,Slovenia,High income,d_inf_bar,0.030680571860125273,-0.005676746924840145
cs_ctrl,SVN,Slovenia,High income,d_gov_bar,-7.444569850597526,1.37744952078493
cs_ctrl,SVN,Slovenia,High income,d_log_gdp_bar,0.1818002561606825,-0.0336380315790858
cs_ctrl,SWE,Sweden,High income,dd,0.0175541352392972,0.016545964612986148
cs_ctrl,SWE,Sweden,High income,d_inf,-0.07645589404959402,-0.07206487247328784
cs_ctrl,SWE,Sweden,High income,d_gov,-0.4576720393553216,-0.4313869788683212
cs_ctrl,SWE,Sweden,High income,d_log_gdp,-0.031005217023633833,-0.0292245226949465
cs_ctrl,SWE,Sweden,High income,dy_bar,0.20497618833930858,0.19320397801052647
cs_ctrl,SWE,Sweden,High income,dd_bar,-0.03457528503145657,-0.03258955424552682
cs_ctrl,SWE,Sweden,High income,d_inf_bar,-3.397606550709736e-4,-3.2024749149160546e-4
cs_ctrl,SWE,Sweden,High income,d_gov_bar,0.29066146080793975,0.27396816643641037
cs_ctrl,SWE,Sweden,High income,d_log_gdp_bar,-0.0844539344245184,-0.07960356869573026
cs_ctrl,SWZ,Swaziland,Lower middle income,dd,4.798292031828645e-4,0.0020773681315030307
cs_ctrl,SWZ,Swaziland,Lower middle income,d_inf,-0.001182007283430741,-0.005117371442829223
cs_ctrl,SWZ,Swaziland,Lower middle income,d_gov,-0.025644300875081072,-0.11102419994279988
cs_ctrl,SWZ,Swaziland,Lower middle income,d_log_gdp,0.001328014418628125,0.005749493388761528
cs_ctrl,SWZ,Swaziland,Lower middle income,dy_bar,-0.9141854057319693,-3.957865873013585
cs_ctrl,SWZ,Swaziland,Lower middle income,dd_bar,0.012033003232314553,0.05209557333165647
cs_ctrl,SWZ,Swaziland,Lower middle income,d_inf_bar,3.5740051275511307e-4,0.0015473264871237176
cs_ctrl,SWZ,Swaziland,Lower middle income,d_gov_bar,-0.001487791915089145,-0.006441232609879686
cs_ctrl,SWZ,Swaziland,Lower middle income,d_log_gdp_bar,0.014126607065697811,0.06115960247913933
cs_ctrl,SYC,Seychelles,High income,dd,0.017398481953630432,0.034359908253497766
cs_ctrl,SYC,Seychelles,High income,d_inf,-0.04614593390011593,-0.0911326665915876
cs_ctrl,SYC,Seychelles,High income,d_gov,0.02244946584862737,0.04433499364798966
cs_ctrl,SYC,Seychelles,High income,d_log_gdp,0.01283584262213543,0.02534924460814128
cs_ctrl,SYC,Seychelles,High income,dy_bar,3.005414539053711,5.935332065224574
cs_ctrl,SYC,Seychelles,High income,dd_bar,0.06306658427162194,0.12454891496911596
cs_ctrl,SYC,Seychelles,High income,d_inf_bar,-0.00931232211153366,-0.018390715594158426
cs_ctrl,SYC,Seychelles,High income,d_gov_bar,0.36993348336191256,0.7305741145743959
cs_ctrl,SYC,Seychelles,High income,d_log_gdp_bar,0.4789532634401383,0.9458750615930928
cs_ctrl,SYR,Syrian Arab Republic,Low income,dd,0.011982757064671813,0.009890550875791534
cs_ctrl,SYR,Syrian Arab Republic,Low income,d_inf,0.0070010884487833516,0.0057786885868494125
cs_ctrl,SYR,Syrian Arab Republic,Low income,d_gov,0.012790176654351578,0.010556993872736092
cs_ctrl,SYR,Syrian Arab Republic,Low income,d_log_gdp,0.006855579963764057,0.005658586087384937
cs_ctrl,SYR,Syrian Arab Republic,Low income,dy_bar,-0.5040112836625337,-0.41601020667724076
cs_ctrl,SYR,Syrian Arab Republic,Low income,dd_bar,-0.01216866502658936,-0.010043999046829004
cs_ctrl,SYR,Syrian Arab Republic,Low income,d_inf_bar,-0.0036868100575464966,-0.003043087850879521
cs_ctrl,SYR,Syrian Arab Republic,Low income,d_gov_bar,-0.11985519237050196,-0.09892830768998805
cs_ctrl,SYR,Syrian Arab Republic,Low income,d_log_gdp_bar,0.020774741565424682,0.017147442552268872
cs_ctrl,TCD,Chad,Low income,dd,-0.0015971450142550833,0.008810850549177294
cs_ctrl,TCD,Chad,Low income,d_inf,-0.007991947859462143,0.04408858153646157
cs_ctrl,TCD,Chad,Low income,d_gov,-0.0026222643413727417,0.014466049736284
cs_ctrl,TCD,Chad,Low income,d_log_gdp,-0.006486517750775787,0.035783687753191885
cs_ctrl,TCD,Chad,Low income,dy_bar,0.11678845427406132,-0.6442781383618531
cs_ctrl,TCD,Chad,Low income,dd_bar,-0.02236366110245383,0.1233719380190859
cs_ctrl,TCD,Chad,Low income,d_inf_bar,7.546924459245219e-4,-0.004163355420005729
cs_ctrl,TCD,Chad,Low income,d_gov_bar,0.11462000144567083,-0.6323155966869505
cs_ctrl,TCD,Chad,Low income,d_log_gdp_bar,-0.06425037532698169,0.35444524428398005
cs_ctrl,TGO,Togo,Low income,dd,-0.007142809550987856,-0.01335944162693445
cs_ctrl,TGO,Togo,Low income,d_inf,0.01735941114596631,0.03246790191268904
cs_ctrl,TGO,Togo,Low income,d_gov,0.15953141429596418,0.2983770744180735
cs_ctrl,TGO,Togo,Low income,d_log_gdp,-0.0070811439411950575,-0.013244106322452999
cs_ctrl,TGO,Togo,Low income,dy_bar,-0.8374185740518386,-1.566252673754824
cs_ctrl,TGO,Togo,Low income,dd_bar,-0.016497066094535835,-0.030855028393575276
cs_ctrl,TGO,Togo,Low income,d_inf_bar,3.288308023246143e-4,6.150235250478085e-4
cs_ctrl,TGO,Togo,Low income,d_gov_bar,-0.44906290639187074,-0.8398977519894855
cs_ctrl,TGO,Togo,Low income,d_log_gdp_bar,-0.04110713157014619,-0.07688407772066833
cs_ctrl,THA,Thailand,Upper middle income,dd,-0.0065444880772817056,-0.005118308707952128
cs_ctrl,THA,Thailand,Upper middle income,d_inf,-0.005342092489732027,-0.0041779399986680045
cs_ctrl,THA,Thailand,Upper middle income,d_gov,-0.04158407478793549,-0.03252204444195844
cs_ctrl,THA,Thailand,Upper middle income,d_log_gdp,-0.04758962034747165,-0.037218857358476805
cs_ctrl,THA,Thailand,Upper middle income,dy_bar,-0.2696121489317728,-0.21085808291675479
cs_ctrl,THA,Thailand,Upper middle income,dd_bar,0.020515118963665195,0.016044450046582552
cs_ctrl,THA,Thailand,Upper middle income,d_inf_bar,-0.010011578667129383,-0.007829848517899649
cs_ctrl,THA,Thailand,Upper middle income,d_gov_bar,0.12662736407845157,0.09903264129666856
cs_ctrl,THA,Thailand,Upper middle income,d_log_gdp_bar,0.08804176046927976,0.06885563911983165
cs_ctrl,TTO,Trinidad and Tobago,High income,dd,0.014128418592072825,0.039757152626728104
cs_ctrl,TTO,Trinidad and Tobago,High income,d_inf,-0.01457034023314525,-0.04100071332806721
cs_ctrl,TTO,Trinidad and Tobago,High income,d_gov,-0.22212155425275865,-0.6250466374961348
cs_ctrl,TTO,Trinidad and Tobago,High income,d_log_gdp,-0.010235218803661598,-0.028801748298528478
cs_ctrl,TTO,Trinidad and Tobago,High income,dy_bar,0.4851343708515259,1.3651606583370695
cs_ctrl,TTO,Trinidad and Tobago,High income,dd_bar,-0.05533382767355187,-0.15570854005364776
cs_ctrl,TTO,Trinidad and Tobago,High income,d_inf_bar,0.002384913962626314,0.006711111211480487
cs_ctrl,TTO,Trinidad and Tobago,High income,d_gov_bar,-0.06927125289450592,-0.19492824027147548
cs_ctrl,TTO,Trinidad and Tobago,High income,d_log_gdp_bar,-0.038465806685384935,-0.10824218841867568
cs_ctrl,TUN,Tunisia,Lower middle income,dd,0.0030636464373564273,0.005053053341038946
cs_ctrl,TUN,Tunisia,Lower middle income,d_inf,0.019230006882484114,0.0317171881653501
cs_ctrl,TUN,Tunisia,Lower middle income,d_gov,-0.018674857453384524,-0.030801547364478803
cs_ctrl,TUN,Tunisia,Lower middle income,d_log_gdp,-0.020890242119374194,-0.03445551237547566
cs_ctrl,TUN,Tunisia,Lower middle income,dy_bar,0.8406572550346261,1.386545751306336
cs_ctrl,TUN,Tunisia,Lower middle income,dd_bar,0.004539003026632436,0.007486446258629597
cs_ctrl,TUN,Tunisia,Lower middle income,d_inf_bar,1.825954645949224e-4,3.011655036885014e-4
cs_ctrl,TUN,Tunisia,Lower middle income,d_gov_bar,0.04029069934700627,0.06645383438039974
cs_ctrl,TUN,Tunisia,Lower middle income,d_log_gdp_bar,-0.044458232331664835,-0.07332759311941084
cs_ctrl,TUR,Turkey,Upper middle income,dd,-0.0034235727647709082,-0.010820702228013875
cs_ctrl,TUR,Turkey,Upper middle income,d_inf,1.807276043445974e-4,5.712160147780753e-4
cs_ctrl,TUR,Turkey,Upper middle income,d_gov,0.22881971860955388,0.7232181726792043
cs_ctrl,TUR,Turkey,Upper middle income,d_log_gdp,-0.02296640083640534,-0.07258866738781888
cs_ctrl,TUR,Turkey,Upper middle income,dy_bar,-3.7621044911528796,-11.890681240468107
cs_ctrl,TUR,Turkey,Upper middle income,dd_bar,-0.006322109230548373,-0.019981950476031306
cs_ctrl,TUR,Turkey,Upper middle income,d_inf_bar,-0.012160577242496593,-0.038435282175351373
cs_ctrl,TUR,Turkey,Upper middle income,d_gov_bar,-0.2656331154511744,-0.8395722952858369
cs_ctrl,TUR,Turkey,Upper middle income,d_log_gdp_bar,-0.07355054788507683,-0.23246725922150754
cs_ctrl,TWN,Taiwan,High income,dd,0.0098867230627202,0.0077540857097417185
cs_ctrl,TWN,Taiwan,High income,d_inf,0.2566618463498957,0.20129803802455046
cs_ctrl,TWN,Taiwan,High income,d_gov,2.2763879000677743,1.785354639122254
cs_ctrl,TWN,Taiwan,High income,d_log_gdp,-0.3796401308943156,-0.29774902110003587
cs_ctrl,TWN,Taiwan,High income,dy_bar,6.5599331678948145,5.144908349444424
cs_ctrl,TWN,Taiwan,High income,dd_bar,0.1295550040334555,0.10160905681573232
cs_ctrl,TWN,Taiwan,High income,d_inf_bar,-0.007868753919280219,-0.006171407040724515
cs_ctrl,TWN,Taiwan,High income,d_gov_bar,0.3685619780859839,0.28906050561958047
cs_ctrl,TWN,Taiwan,High income,d_log_gdp_bar,0.2685285080350903,0.21060497533955103
cs_ctrl,TZA,Tanzania,Lower middle income,dd,0.0026593173207549183,-0.006319571512872096
cs_ctrl,TZA,Tanzania,Lower middle income,d_inf,-0.00405255813861357,0.009630453187049554
cs_ctrl,TZA,Tanzania,Lower middle income,d_gov,-0.016838978991727094,0.04001595864902706
cs_ctrl,TZA,Tanzania,Lower middle income,d_log_gdp,0.01436724607788483,-0.034142160592723014
cs_ctrl,TZA,Tanzania,Lower middle income,dy_bar,-0.4345985762868515,1.0327751264589577
cs_ctrl,TZA,Tanzania,Lower middle income,dd_bar,0.06855900004347903,-0.1629228299474895
cs_ctrl,TZA,Tanzania,Lower middle income,d_inf_bar,-0.0022517944333266065,0.005351138746261057
cs_ctrl,TZA,Tanzania,Lower middle income,d_gov_bar,-0.3518336839478747,0.8360935752167593
cs_ctrl,TZA,Tanzania,Lower middle income,d_log_gdp_bar,0.09964185573994314,-0.2367877756104338
cs_ctrl,UGA,Uganda,Low income,dd,-0.05868657835451186,-0.11223466319872455
cs_ctrl,UGA,Uganda,Low income,d_inf,0.033174103049630525,0.06344354002381218
cs_ctrl,UGA,Uganda,Low income,d_gov,0.30340974234689144,0.580253461665603
cs_ctrl,UGA,Uganda,Low income,d_log_gdp,-0.01541948614271821,-0.029488869217612665
cs_ctrl,UGA,Uganda,Low income,dy_bar,-0.25712239699011796,-0.49173160944415517
cs_ctrl,UGA,Uganda,Low income,dd_bar,0.1775993546810415,0.3396484224472608
cs_ctrl,UGA,Uganda,Low income,d_inf_bar,0.0028705602715516526,0.005489779338012298
cs_ctrl,UGA,Uganda,Low income,d_gov_bar,-1.7682284776305783,-3.381633981903529
cs_ctrl,UGA,Uganda,Low income,d_log_gdp_bar,-0.023549774244002064,-0.04503757170362219
cs_ctrl,URY,Uruguay,High income,dd,0.09425073534149543,0.03001854819849834
cs_ctrl,URY,Uruguay,High income,d_inf,0.03285815935516884,0.010465215329548905
cs_ctrl,URY,Uruguay,High income,d_gov,1.5682059702860038,0.49946842678348424
cs_ctrl,URY,Uruguay,High income,d_log_gdp,-0.4825533729586934,-0.1536916569618633
cs_ctrl,URY,Uruguay,High income,dy_bar,-25.283239063683162,-8.052628212367715
cs_ctrl,URY,Uruguay,High income,dd_bar,-1.4079703196203768,-0.4484339007907075
cs_ctrl,URY,Uruguay,High income,d_inf_bar,-0.031185130692345554,-0.00993236122108532
cs_ctrl,URY,Uruguay,High income,d_gov_bar,2.141820438561636,0.6821627421211713
cs_ctrl,URY,Uruguay,High income,d_log_gdp_bar,-1.1652756164084768,-0.3711364386596171
cs_ctrl,USA,United States,High income,dd,0.027536349310955346,0.031360741213709374
cs_ctrl,USA,United States,High income,d_inf,0.14531750485300343,0.16549995832976622
cs_ctrl,USA,United States,High income,d_gov,-0.23863049880845227,-0.27177274788030414
cs_ctrl,USA,United States,High income,d_log_gdp,-0.013102815586127164,-0.014922602997486286
cs_ctrl,USA,United States,High income,dy_bar,0.045739895473303524,0.05209249087022939
cs_ctrl,USA,United States,High income,dd_bar,0.007354658095734922,0.008376111395561513
cs_ctrl,USA,United States,High income,d_inf_bar,2.176185862361896e-4,2.478425912301758e-4
cs_ctrl,USA,United States,High income,d_gov_bar,-0.3926988828354742,-0.44723895315405615
cs_ctrl,USA,United States,High income,d_log_gdp_bar,0.018657490158575624,0.021248739764048254
cs_ctrl,VCT,Saint Vincent and the Grenadines,Upper middle income,dd,-7.624944489372514e-4,-0.004316891657225644
cs_ctrl,VCT,Saint Vincent and the Grenadines,Upper middle income,d_inf,0.0066201229228481425,0.03748008061604029
cs_ctrl,VCT,Saint Vincent and the Grenadines,Upper middle income,d_gov,-0.0015050632818084887,-0.008520973672518362
cs_ctrl,VCT,Saint Vincent and the Grenadines,Upper middle income,d_log_gdp,0.01654562444002805,0.0936736893078991
cs_ctrl,VCT,Saint Vincent and the Grenadines,Upper middle income,dy_bar,0.5613954480132969,3.178361926845309
cs_ctrl,VCT,Saint Vincent and the Grenadines,Upper middle income,dd_bar,-1.572269550705256e-4,-8.901464549426493e-4
cs_ctrl,VCT,Saint Vincent and the Grenadines,Upper middle income,d_inf_bar,-0.0011673738763553754,-0.006609132112011474
cs_ctrl,VCT,Saint Vincent and the Grenadines,Upper middle income,d_gov_bar,0.127126530187568,0.7197317414489381
cs_ctrl,VCT,Saint Vincent and the Grenadines,Upper middle income,d_log_gdp_bar,-0.009756878555809681,-0.055238943308825034
cs_ctrl,VEN,Venezuela,Upper middle income,dd,0.005125865667491451,0.005853420128626296
cs_ctrl,VEN,Venezuela,Upper middle income,d_inf,4.029194852300541e-6,4.601090192469968e-6
cs_ctrl,VEN,Venezuela,Upper middle income,d_gov,-0.050709749701999846,-0.0579073836261009
cs_ctrl,VEN,Venezuela,Upper middle income,d_log_gdp,-6.158602486640717e-4,-7.032741413442602e-4
cs_ctrl,VEN,Venezuela,Upper middle income,dy_bar,1.8009155796518033,2.056533703320687
cs_ctrl,VEN,Venezuela,Upper middle income,dd_bar,-0.026391522205956124,-0.03013747868680156
cs_ctrl,VEN,Venezuela,Upper middle income,d_inf_bar,-9.51361777794595e-4,-0.0010863960433192268
cs_ctrl,VEN,Venezuela,Upper middle income,d_gov_bar,0.11025577395828631,0.12590524380646587
cs_ctrl,VEN,Venezuela,Upper middle income,d_log_gdp_bar,-0.04240694554400601,-0.04842609712055197
cs_ctrl,YEM,Yemen,Low income,dd,-0.05900974630267133,-0.035317375620494196
cs_ctrl,YEM,Yemen,Low income,d_inf,-0.08793190288777876,-0.052627307146580905
cs_ctrl,YEM,Yemen,Low income,d_gov,-0.22782237528672095,-0.1363518555305173
cs_ctrl,YEM,Yemen,Low income,d_log_gdp,-0.15249219357459864,-0.09126668757468305
cs_ctrl,YEM,Yemen,Low income,dy_bar,7.916457276795475,4.738005376164846
cs_ctrl,YEM,Yemen,Low income,dd_bar,0.16929952659672526,0.10132588848153917
cs_ctrl,YEM,Yemen,Low income,d_inf_bar,-0.01977819570234096,-0.01183726435854205
cs_ctrl,YEM,Yemen,Low income,d_gov_bar,0.16461961196992092,0.09852495621013214
cs_ctrl,YEM,Yemen,Low income,d_log_gdp_bar,1.2840916950145544,0.7685298033883108
cs_ctrl,ZAF,South Africa,Upper middle income,dd,0.007288540879775871,0.007055188759857209
cs_ctrl,ZAF,South Africa,Upper middle income,d_inf,0.00890163425284068,0.008616636849669797
cs_ctrl,ZAF,South Africa,Upper middle income,d_gov,-0.1442286818800874,-0.139611012963229
cs_ctrl,ZAF,South Africa,Upper middle income,d_log_gdp,0.032986534147123936,0.031930427335216005
cs_ctrl,ZAF,South Africa,Upper middle income,dy_bar,2.804540370881759,2.7147493617157576
cs_ctrl,ZAF,South Africa,Upper middle income,dd_bar,0.026897677057462883,0.02603651292793693
cs_ctrl,ZAF,South Africa,Upper middle income,d_inf_bar,-4.8125952826220557e-4,-4.6585137826298456e-4
cs_ctrl,ZAF,South Africa,Upper middle income,d_gov_bar,0.8189028383932102,0.7926845984877847
cs_ctrl,ZAF,South Africa,Upper middle income,d_log_gdp_bar,0.32211955647155055,0.31180647973784265
cs_ctrl,ZMB,Zambia,Lower middle income,dd,0.002407357104741314,0.0050919790203416086
cs_ctrl,ZMB,Zambia,Lower middle income,d_inf,-0.007187058354789358,-0.015201878561548435
cs_ctrl,ZMB,Zambia,Lower middle income,d_gov,0.05404365283778016,0.11431172628714455
cs_ctrl,ZMB,Zambia,Lower middle income,d_log_gdp,0.054126842504708214,0.1144876869029886
cs_ctrl,ZMB,Zambia,Lower middle income,dy_bar,-0.37966434623875134,-0.8030561323917806
cs_ctrl,ZMB,Zambia,Lower middle income,dd_bar,-0.016163496481388526,-0.0341886065912269
cs_ctrl,ZMB,Zambia,Lower middle income,d_inf_bar,-5.81973833378921e-4,-0.0012309758880877314
cs_ctrl,ZMB,Zambia,Lower middle income,d_gov_bar,-0.7355254572398582,-1.5557642818409285
cs_ctrl,ZMB,Zambia,Lower middle income,d_log_gdp_bar,-0.18512931537675384,-0.3915807040393088
